name,mission,habitability_class,pl_rade,pl_eqt,pl_insol,pl_orbper,pl_orbsmax,pl_orbeccen,st_teff,st_rad,st_mass,st_lum,stellar_type,hz_position,n_imputed
K00752.01,kepler,NON_HABITABLE,2.26,793.0,93.59,9.48803557,0.0853,0.0,5455.0,0.927,0.919,0.6855406284862429,G,-1.1679530439977164,1
K00752.02,kepler,NON_HABITABLE,2.83,443.0,9.11,54.4183827,0.2734,0.0,5455.0,0.927,0.919,0.6855406284862429,G,-0.8548418971836359,1
K00753.01,kepler,NON_HABITABLE,14.6,638.0,39.3,19.89913995,0.1419,0.0,5853.0,0.868,0.961,0.796614591599909,G,-1.0908220708937402,1
K00755.01,kepler,NON_HABITABLE,2.75,1406.0,926.16,2.525591777,0.0374,0.0,6031.0,1.046,1.095,1.3041135077208115,F,-1.2648055882471536,1
K00756.01,kepler,NON_HABITABLE,3.9,835.0,114.81,11.09432054,0.0992,0.0,6046.0,0.972,1.053,1.137364874046011,F,-1.1817433509262805,1
K00756.02,kepler,NON_HABITABLE,2.77,1160.0,427.65,4.13443512,0.0514,0.0,6046.0,0.972,1.053,1.137364874046011,F,-1.2435171517261379,1
K00756.03,kepler,NON_HABITABLE,1.59,1360.0,807.74,2.56658897,0.0374,0.0,6046.0,0.972,1.053,1.137364874046011,F,-1.2616098967302802,1
K00757.01,kepler,NON_HABITABLE,5.76,600.0,30.75,16.06864674,0.1158,0.0,5031.0,0.848,0.801,0.4150531212254443,K,-1.0622108359280389,1
K00001.01,kepler,NON_HABITABLE,13.04,1339.0,761.46,2.470613377,0.0354,0.0,5820.0,0.964,0.971,0.9605958735931772,G,-1.260162874763841,1
K00002.01,kepler,NON_HABITABLE,16.1,2048.0,4148.92,2.204735417,0.0376,0.0,6440.0,1.952,1.449,5.9046995798490975,F,-1.2886170844562048,1
K00010.01,kepler,NON_HABITABLE,14.59,1521.0,1264.67,3.522498429,0.0473,0.0,6225.0,1.451,1.132,2.8483080563706022,F,-1.2713161045559924,1
K00112.02,kepler,NON_HABITABLE,1.16,1206.0,500.46,3.709214104,0.0465,0.0,5833.0,1.022,0.974,1.0893423995360552,G,-1.2485393134977063,1
K00746.01,kepler,NON_HABITABLE,2.47,649.0,41.85,9.27358173,0.0759,0.0,4856.0,0.696,0.676,0.24267660007577785,K,-1.0975924475075074,1
K00747.01,kepler,NON_HABITABLE,2.85,678.0,50.04,6.02930329,0.0585,0.0,4537.0,0.672,0.761,0.17238853283599673,K,-1.1157528584340504,1
K00749.01,kepler,NON_HABITABLE,2.55,919.0,168.99,5.349553819,0.0563,0.0,5185.0,0.91,0.831,0.5392281273041383,K,-1.2042741632057157,1
K00749.02,kepler,NON_HABITABLE,1.7,1018.0,253.15,3.94105221,0.046,0.0,5185.0,0.91,0.831,0.5392281273041383,K,-1.2236061855410847,1
K00749.03,kepler,NON_HABITABLE,1.3,800.0,97.03,8.10904807,0.0743,0.0,5185.0,0.91,0.831,0.5392281273041383,K,-1.1704900465031285,1
K00750.01,kepler,NON_HABITABLE,2.95,530.0,18.64,21.67699193,0.1408,0.0,4954.0,0.828,0.791,0.37203122555357415,K,-0.9917879785489339,1
K00751.01,kepler,NON_HABITABLE,2.78,917.0,166.95,4.99677968,0.0559,0.0,5339.0,0.847,0.931,0.5251715781630232,G,-1.2036300887936375,1
K00769.01,kepler,NON_HABITABLE,2.3,1012.0,247.87,4.280963604,0.0503,0.0,5644.0,0.831,0.928,0.6313130665748952,G,-1.2226920682583209,1
K00773.01,kepler,NON_HABITABLE,2.82,529.0,18.53,38.3775486,0.2163,0.0,5481.0,1.036,0.915,0.8726767979180788,G,-0.9908218193838974,1
K00757.02,kepler,NON_HABITABLE,3.86,439.0,8.76,41.19725502,0.217,0.0,5031.0,0.848,0.801,0.4150531212254443,K,-0.8457122805024939,1
K00757.03,kepler,NON_HABITABLE,2.65,823.0,108.3,6.252962249,0.0617,0.0,5031.0,0.848,0.801,0.4150531212254443,K,-1.1779477119015764,1
K00758.01,kepler,NON_HABITABLE,3.1,593.0,29.31,16.01308419,0.1148,0.0,5015.0,0.826,0.785,0.38881100999313445,K,-1.0561975254682041,1
K00759.01,kepler,NON_HABITABLE,3.36,506.0,15.55,32.62876672,0.1889,0.0,5586.0,0.798,0.844,0.5586042279766418,G,-0.9616010998534165,1
K00759.02,kepler,HABITABILITY_ZONE,2.12,359.0,3.92,91.7732862,0.3764,0.0,5586.0,0.798,0.844,0.5586042279766418,G,-0.6158405061366664,1
K00760.01,kepler,NON_HABITABLE,12.21,1103.0,349.4,4.959319244,0.0565,0.0,5712.0,1.082,0.976,1.1227990252366906,G,-1.236454130854365,1
K00762.01,kepler,NON_HABITABLE,2.1,1133.0,389.62,4.49876511,0.0542,0.0,6075.0,0.969,1.048,1.1521987334575932,F,-1.2403509553341956,1
K00115.01,kepler,NON_HABITABLE,2.94,1093.0,337.68,5.412203927,0.0591,0.0,5779.0,1.087,0.941,1.1873112322490365,G,-1.2351898737403657,1
K00764.01,kepler,NON_HABITABLE,5.5,516.0,16.72,41.43958662,0.2288,0.0,5468.0,1.046,0.93,0.8811951597048204,G,-0.9740152978087684,1
K00765.01,kepler,NON_HABITABLE,2.52,790.0,91.9,8.35389523,0.0768,0.0,5592.0,0.787,0.862,0.5456483245150097,G,-1.1666483387862383,1
K00766.01,kepler,NON_HABITABLE,4.43,1243.0,565.35,4.125543472,0.0529,0.0,6174.0,1.103,1.162,1.5926202585979068,F,-1.2521702440719118,1
K00767.01,kepler,NON_HABITABLE,12.21,1219.0,521.13,2.816504904,0.0383,0.0,5532.0,0.955,0.941,0.7695381221773845,G,-1.2497692126222348,1
K00786.01,kepler,NON_HABITABLE,1.89,1147.0,408.99,3.689920099,0.0469,0.0,5880.0,0.917,1.01,0.9056130788398433,G,-1.2420186565251736,1
K00787.01,kepler,NON_HABITABLE,3.25,1104.0,351.23,4.431238488,0.0529,0.0,5714.0,1.015,1.007,0.9894360709796721,G,-1.236646046029288,1
K00787.02,kepler,NON_HABITABLE,3.95,806.0,99.68,11.37936986,0.0993,0.0,5714.0,1.015,1.007,0.9894360709796721,G,-1.1723550071611364,1
K00788.01,kepler,NON_HABITABLE,3.07,489.0,13.49,26.39432897,0.1635,0.0,5129.0,0.763,0.846,0.3629732185953229,K,-0.9359130618077963,1
K00116.01,kepler,NON_HABITABLE,2.64,785.0,89.61,13.57078281,0.1096,0.0,5854.0,1.012,0.951,1.0835940401448974,G,-1.1648312874819942,1
K00115.02,kepler,NON_HABITABLE,1.79,997.0,233.31,7.12594387,0.0711,0.0,5779.0,1.087,0.941,1.1873112322490365,G,-1.220011498323198,1
K00775.01,kepler,NON_HABITABLE,2.0,433.0,8.35,16.38489988,0.1084,0.0,4126.0,0.615,0.633,0.09875562375532045,K,-0.8345263844452928,1
K00775.02,kepler,NON_HABITABLE,2.16,553.0,22.18,7.8774163,0.0665,0.0,4126.0,0.615,0.633,0.09875562375532045,K,-1.0182899619970622,1
K00775.03,kepler,HABITABILITY_ZONE,1.99,332.0,2.88,36.4454001,0.1847,0.0,4126.0,0.615,0.633,0.09875562375532045,K,-0.499892471146963,1
K00776.01,kepler,NON_HABITABLE,6.02,1023.0,258.34,3.728732147,0.0455,0.0,5497.0,0.809,0.907,0.5383871693658498,G,-1.2244779630598912,1
K00777.01,kepler,NON_HABITABLE,7.51,467.0,11.29,40.4195037,0.2062,0.0,5446.0,0.781,0.714,0.483400756902331,G,-0.9011900176335206,1
K00778.01,kepler,NON_HABITABLE,1.99,822.0,107.6,2.243380573,0.028,0.0,4149.0,0.564,0.578,0.08492326005096455,K,-1.177518051469652,1
K00780.01,kepler,NON_HABITABLE,2.34,1070.0,311.16,2.337437946,0.0325,0.0,5005.0,0.765,0.85,0.3308521093855985,K,-1.232069326644893,1
K00780.02,kepler,NON_HABITABLE,19.45,734.0,68.63,7.2406612,0.0692,0.0,5005.0,0.765,0.85,0.3308521093855985,K,-1.1441315577489422,1
K00115.03,kepler,NON_HABITABLE,0.55,1272.0,617.61,3.43591631,0.0437,0.0,5779.0,1.087,0.941,1.1873112322490365,G,-1.2546687888590649,1
K00781.01,kepler,NON_HABITABLE,2.65,396.0,5.82,11.59822233,0.0798,0.0,3688.0,0.473,0.503,0.03728899180173254,M,-0.7403841309587026,1
K00782.01,kepler,NON_HABITABLE,5.31,1015.0,251.38,6.575315881,0.067,0.0,5992.0,0.989,0.927,1.13599001028186,G,-1.2233042832841492,1
K00783.01,kepler,NON_HABITABLE,4.86,833.0,113.64,7.275040844,0.0732,0.0,5485.0,0.867,0.986,0.6129703008112423,G,-1.181083500241294,1
K00784.01,kepler,NON_HABITABLE,1.93,393.0,5.66,19.27153892,0.1171,0.0,4077.0,0.56,0.576,0.07806091006201914,K,-0.7322911849613494,1
K00784.02,kepler,NON_HABITABLE,1.91,488.0,13.43,10.06524317,0.076,0.0,4077.0,0.56,0.576,0.07806091006201914,K,-0.9350367435849375,1
K00785.01,kepler,NON_HABITABLE,2.66,677.0,49.68,12.3935651,0.0983,0.0,5557.0,0.75,0.832,0.4832577463347645,G,-1.1150529766196864,1
K00116.02,kepler,NON_HABITABLE,2.87,531.0,18.77,43.84439721,0.2395,0.0,5854.0,1.012,0.951,1.0835940401448974,G,-0.9928416901652857,1
K00800.01,kepler,NON_HABITABLE,3.12,1420.0,960.79,2.711504086,0.0401,0.0,6214.0,1.076,1.169,1.555264462808422,F,-1.265626553571116,1
K00800.02,kepler,NON_HABITABLE,3.32,1025.0,260.58,7.21203748,0.077,0.0,6214.0,1.076,1.169,1.555264462808422,F,-1.2248462387395498,1
K00790.01,kepler,NON_HABITABLE,2.59,751.0,75.44,8.47237911,0.0778,0.0,5354.0,0.788,0.884,0.45968529657783663,G,-1.1517910322925453,1
K00790.02,kepler,NON_HABITABLE,2.36,390.0,5.49,60.4189369,0.2884,0.0,5354.0,0.788,0.884,0.45968529657783663,G,-0.7236819978005835,1
K00791.01,kepler,NON_HABITABLE,7.4,753.0,76.15,12.611904345,0.1058,0.0,5795.0,0.919,0.992,0.8581031461749491,G,-1.1525297720172536,1
K00794.01,kepler,NON_HABITABLE,2.06,1332.0,743.09,2.539183147,0.0355,0.0,5519.0,1.062,0.921,0.9427256421681605,G,-1.2595513227604982,1
K00795.01,kepler,NON_HABITABLE,2.77,812.0,102.87,6.770300385,0.064,0.0,5653.0,0.679,0.767,0.42418001264657584,G,-1.1745082809851355,1
K00797.01,kepler,NON_HABITABLE,7.73,812.0,102.91,10.181584004,0.0884,0.0,5988.0,0.836,0.885,0.8095327665134194,G,-1.1745300540785284,1
K00812.02,kepler,HABITABILITY_ZONE,1.96,361.0,4.0,20.06036336,0.115,0.0,3950.0,0.493,0.502,0.05330610266298585,K,-0.6234510145639225,1
K00812.03,kepler,POTENTIALLY_HABITABLE,1.83,273.0,1.32,46.1842039,0.2005,0.0,3950.0,0.493,0.502,0.05330610266298585,K,-0.11305887005903024,1
K00116.04,kepler,NON_HABITABLE,1.31,649.0,41.94,23.9800854,0.1602,0.0,5854.0,1.012,0.951,1.0835940401448974,G,-1.0978361094664018,1
K00812.04,kepler,NON_HABITABLE,1.2,494.0,14.05,7.82502168,0.0614,0.0,3950.0,0.493,0.502,0.05330610266298585,K,-0.9434161484289776,1
K00813.01,kepler,NON_HABITABLE,7.34,1005.0,241.62,3.895936525,0.046,0.0,5557.0,0.774,0.866,0.5146810980324362,G,-1.2215712972096644,1
K00814.01,kepler,NON_HABITABLE,2.32,536.0,19.45,22.36646466,0.1449,0.0,5395.0,0.734,0.821,0.41119954574754225,G,-0.9985076652279526,1
K00801.01,kepler,NON_HABITABLE,9.73,1579.0,1467.41,1.625522174,0.0265,0.0,5539.0,1.106,0.935,1.037362214246416,G,-1.2740836444299954,1
K00802.01,kepler,NON_HABITABLE,13.6,643.0,40.39,19.620346923,0.1389,0.0,5710.0,0.905,0.928,0.7843976821961027,G,-1.0937907908316404,1
K00804.01,kepler,NON_HABITABLE,2.57,757.0,77.75,9.02930689,0.0796,0.0,5349.0,0.82,0.824,0.4959213512304779,G,-1.15415573319032,1
K00806.01,kepler,HABITABILITY_ZONE,8.9,308.0,2.14,143.2063047,0.5336,0.0,5485.0,0.867,0.986,0.6129703008112423,G,-0.37060419332683403,1
K00116.03,kepler,NON_HABITABLE,0.79,1021.0,256.35,6.164876,0.0648,0.0,5854.0,1.012,0.951,1.0835940401448974,G,-1.2241471763179337,1
K00806.02,kepler,NON_HABITABLE,12.19,411.0,6.77,60.32494216,0.2998,0.0,5485.0,0.867,0.986,0.6129703008112423,G,-0.7821812175592422,1
K00806.03,kepler,NON_HABITABLE,1.91,524.0,17.85,29.1598615,0.1847,0.0,5485.0,0.867,0.986,0.6129703008112423,G,-0.9848010442878573,1
K00809.01,kepler,NON_HABITABLE,11.3,1539.0,1329.42,1.594745374,0.0258,0.0,5934.0,0.893,0.901,0.8908155634948758,G,-1.2722684698796145,1
K00810.01,kepler,NON_HABITABLE,2.5,886.0,145.48,4.783002698,0.0535,0.0,5170.0,0.807,0.891,0.41918328053547,K,-1.1960553275427677,1
K00811.01,kepler,NON_HABITABLE,3.41,518.0,17.06,20.50588921,0.1326,0.0,4905.0,0.761,0.739,0.3020091289303032,K,-0.9773911758031594,1
K00812.01,kepler,NON_HABITABLE,2.03,656.0,43.73,3.340218842,0.0348,0.0,3950.0,0.493,0.502,0.05330610266298585,K,-1.1022048156082775,1
K00829.01,kepler,NON_HABITABLE,3.12,701.0,57.13,18.64932728,0.139,0.0,5775.0,1.053,1.026,1.1111160140450191,G,-1.1281988089591692,1
K00117.02,kepler,NON_HABITABLE,1.7,1262.0,598.74,4.90144976,0.0586,0.0,5847.0,1.402,1.113,2.0697748854071785,G,-1.25380466743171,1
K00829.02,kepler,NON_HABITABLE,2.76,870.0,135.66,9.75192101,0.0902,0.0,5775.0,1.053,1.026,1.1111160140450191,G,-1.192005533484957,1
K00829.03,kepler,NON_HABITABLE,4.02,550.0,21.71,38.5576546,0.2255,0.0,5775.0,1.053,1.026,1.1111160140450191,G,-1.015098774707516,1
K00830.01,kepler,NON_HABITABLE,11.58,975.0,213.12,3.525632539,0.0431,0.0,5150.0,0.793,0.855,0.39853824233853746,K,-1.2158479273280873,1
K00815.01,kepler,NON_HABITABLE,7.61,511.0,16.1,34.84398644,0.1971,0.0,5509.0,0.871,0.84,0.6295382316743464,G,-0.9675684857496427,1
K00816.01,kepler,NON_HABITABLE,5.52,964.0,204.39,7.748094239,0.081,0.0,5973.0,1.085,1.181,1.3499703987242617,G,-1.2138597810936067,1
K00817.01,kepler,HABITABILITY_ZONE,1.8,329.0,2.77,23.96793669,0.1322,0.0,3747.0,0.524,0.536,0.04876318416349009,K,-0.4848335462141449,1
K00817.02,kepler,NON_HABITABLE,1.82,469.0,11.39,8.29561738,0.0652,0.0,3747.0,0.524,0.536,0.04876318416349009,K,-0.9030056972923356,1
K00818.01,kepler,NON_HABITABLE,2.1,460.0,10.55,8.11437482,0.0649,0.0,3692.0,0.517,0.553,0.04474273892743223,M,-0.8870705776200996,1
K00820.01,kepler,NON_HABITABLE,30.09,1155.0,421.08,4.64090031,0.0503,0.0,6463.0,0.826,0.786,1.0724854985404504,F,-1.2430013850433455,1
K00117.01,kepler,NON_HABITABLE,2.89,874.0,137.91,14.74914825,0.1221,0.0,5847.0,1.402,1.113,2.0697748854071785,G,-1.1929717701172693,1
K00821.01,kepler,NON_HABITABLE,3.38,639.0,39.33,21.81295996,0.1495,0.0,5601.0,0.999,0.934,0.8848873312481216,G,-1.0909033194071565,1
K00823.01,kepler,NON_HABITABLE,72.77,1947.0,3400.48,1.028436523,0.0197,0.0,6228.0,0.99,0.959,1.3284937485132162,F,-1.286386762171347,1
K00824.01,kepler,NON_HABITABLE,11.01,600.0,30.54,15.37562369,0.1121,0.0,4986.0,0.833,0.793,0.3863614700251004,K,-1.0613811978594292,1
K00825.01,kepler,NON_HABITABLE,2.11,687.0,52.82,8.10363271,0.0712,0.0,4861.0,0.732,0.733,0.2695375998125789,K,-1.1209282085447065,1
K00825.02,kepler,NON_HABITABLE,1.46,823.0,108.84,4.71510843,0.0496,0.0,4861.0,0.732,0.733,0.2695375998125789,K,-1.1782698875489843,1
K00826.01,kepler,NON_HABITABLE,2.44,914.0,165.33,6.365839713,0.0659,0.0,5776.0,0.849,0.939,0.7228011403177084,G,-1.2031111331652955,1
K00840.01,kepler,NON_HABITABLE,8.99,1021.0,257.29,3.04033046,0.0374,0.0,5035.0,0.791,0.754,0.3622810158642613,K,-1.2243036709048623,1
K00841.01,kepler,NON_HABITABLE,5.0,610.0,32.67,15.33528675,0.1179,0.0,5251.0,0.817,0.926,0.4572007103949878,G,-1.0696251578145686,1
K00117.04,kepler,NON_HABITABLE,1.06,1074.0,314.15,7.95825328,0.0809,0.0,5847.0,1.402,1.113,2.0697748854071785,G,-1.232441303492938,1
K00841.02,kepler,NON_HABITABLE,6.5,481.0,12.61,31.33046135,0.1898,0.0,5251.0,0.817,0.926,0.4572007103949878,G,-0.9230697748790334,1
K00834.01,kepler,NON_HABITABLE,7.89,731.0,67.65,23.65369415,0.1658,0.0,5739.0,1.384,1.083,1.8720256263464943,G,-1.1429285703309586,1
K00834.02,kepler,NON_HABITABLE,3.06,888.0,146.67,13.23352214,0.1126,0.0,5739.0,1.384,1.083,1.8720256263464943,G,-1.1965183621550395,1
K00834.03,kepler,NON_HABITABLE,2.32,1146.0,406.94,6.15560285,0.0676,0.0,5739.0,1.384,1.083,1.8720256263464943,G,-1.2418480732844315,1
K00834.04,kepler,NON_HABITABLE,1.62,1642.0,1718.04,2.090811305,0.0329,0.0,5739.0,1.384,1.083,1.8720256263464943,G,-1.2768023171997624,1
K00117.03,kepler,NON_HABITABLE,1.53,1458.0,1066.86,3.180027898,0.0439,0.0,5847.0,1.402,1.113,2.0697748854071785,G,-1.2678872436604074,1
K00834.05,kepler,NON_HABITABLE,2.67,568.0,24.64,50.4467417,0.2747,0.0,5739.0,1.384,1.083,1.8720256263464943,G,-1.0332306693978306,1
K00835.01,kepler,NON_HABITABLE,2.35,616.0,33.99,11.76307164,0.0954,0.0,4959.0,0.756,0.849,0.31139722243603074,K,-1.0743205578374837,1
K00835.02,kepler,NON_HABITABLE,2.37,366.0,4.22,56.2279271,0.2707,0.0,4959.0,0.756,0.849,0.31139722243603074,K,-0.6413574609808196,1
K00837.01,kepler,NON_HABITABLE,2.25,696.0,55.37,7.953547,0.0712,0.0,4768.0,0.779,0.759,0.2825625573913409,K,-1.12533600921115,1
K00837.02,kepler,NON_HABITABLE,1.48,864.0,132.08,4.14451656,0.0461,0.0,4768.0,0.779,0.759,0.2825625573913409,K,-1.190415290430463,1
K00850.01,kepler,NON_HABITABLE,8.24,713.0,61.16,10.526294577,0.088,0.0,5386.0,0.793,0.82,0.47676732241482556,G,-1.1342902948455893,1
K00851.01,kepler,NON_HABITABLE,5.39,1038.0,274.98,4.583520948,0.0535,0.0,5815.0,0.877,0.973,0.7923056871712397,G,-1.227104586263798,1
K00852.01,kepler,NON_HABITABLE,2.66,1121.0,372.62,3.76181843,0.047,0.0,5653.0,0.949,0.974,0.8285964666255685,G,-1.2387806342456482,1
K00853.01,kepler,NON_HABITABLE,3.01,742.0,71.5,8.20396958,0.0735,0.0,5015.0,0.826,0.785,0.38881100999313445,K,-1.1474841412297963,1
K00853.02,kepler,NON_HABITABLE,3.01,613.0,33.48,14.49645186,0.1074,0.0,5015.0,0.826,0.785,0.38881100999313445,K,-1.0725539650961893,1
K00841.03,kepler,NON_HABITABLE,2.19,810.0,101.78,6.54626149,0.0668,0.0,5251.0,0.817,0.926,0.4572007103949878,G,-1.1737834341428837,1
K00842.01,kepler,NON_HABITABLE,2.31,562.0,23.6,12.71809866,0.0934,0.0,4702.0,0.686,0.67,0.20723993189018297,K,-1.027171317520497,1
K00842.02,kepler,NON_HABITABLE,2.64,397.0,5.88,36.06588163,0.1871,0.0,4702.0,0.686,0.67,0.20723993189018297,K,-0.7434910009519666,1
K00843.01,kepler,NON_HABITABLE,6.21,1234.0,547.9,4.190425659,0.0535,0.0,6073.0,1.135,1.163,1.5786998142287674,F,-1.2512579366633167,1
K00844.01,kepler,NON_HABITABLE,4.35,1151.0,415.1,3.709870784,0.0471,0.0,5727.0,0.978,1.013,0.9270030271438604,G,-1.242520591447477,1
K00845.01,kepler,NON_HABITABLE,3.75,727.0,66.08,16.3297527,0.1255,0.0,5878.0,0.987,0.989,1.047725086289065,G,-1.1409590610229465,1
K00846.01,kepler,NON_HABITABLE,13.84,554.0,22.24,27.807566216,0.1711,0.0,5862.0,0.785,0.865,0.6555672963548049,G,-1.0186921870946872,1
K00847.01,kepler,NON_HABITABLE,7.59,452.0,9.88,80.8723469,0.3577,0.0,5510.0,1.238,0.932,1.2727479174483458,G,-0.8729507803807093,1
K00118.01,kepler,NON_HABITABLE,2.29,712.0,60.88,24.99324319,0.1651,0.0,5718.0,1.317,0.961,1.6704860925800888,G,-1.1338869092699901,1
K00849.01,kepler,NON_HABITABLE,2.47,777.0,86.22,10.35533116,0.0895,0.0,5501.0,0.918,0.891,0.6952590529589388,G,-1.162006633573052,1
K00867.01,kepler,NON_HABITABLE,3.68,613.0,33.43,16.08518937,0.1173,0.0,5239.0,0.826,0.83,0.4630718687478494,G,-1.0723686969199535,1
K00868.01,kepler,HABITABILITY_ZONE,10.59,188.0,0.29,235.9986399,0.6534,0.0,4245.0,0.657,0.666,0.12628048109034234,K,1.2242359832350234,1
K00869.01,kepler,NON_HABITABLE,2.56,753.0,76.06,7.49018305,0.0703,0.0,5103.0,0.787,0.823,0.37839592289659413,K,-1.1524332632162189,1
K00869.02,kepler,NON_HABITABLE,3.03,445.0,9.29,36.2761238,0.2012,0.0,5103.0,0.787,0.823,0.37839592289659413,K,-0.859146302654495,1
K00869.03,kepler,NON_HABITABLE,2.32,568.0,24.6,17.46087931,0.1236,0.0,5103.0,0.787,0.823,0.37839592289659413,K,-1.0330123694198867,1
K00854.01,kepler,POTENTIALLY_HABITABLE,1.94,233.0,0.69,56.0560754,0.228,0.0,3593.0,0.491,0.503,0.0361981656713585,M,0.34170615602736615,1
K00855.01,kepler,NON_HABITABLE,11.38,453.0,9.93,41.408316686,0.2162,0.0,5522.0,0.747,0.786,0.46743531787454184,G,-0.874109218764828,1
K00856.01,kepler,NON_HABITABLE,14.21,552.0,21.87,39.74893077,0.2311,0.0,6122.0,0.964,1.041,1.1760399614256234,F,-1.0162357362541539,1
K00857.01,kepler,NON_HABITABLE,2.47,850.0,123.03,5.715425977,0.0611,0.0,5237.0,0.826,0.927,0.46236515866097716,G,-1.1860993664804016,1
K00119.01,kepler,NON_HABITABLE,8.2,669.0,47.4,49.18394185,0.2829,0.0,5626.0,2.057,1.247,3.819110331443652,G,-1.1104271667928813,1
K00857.02,kepler,NON_HABITABLE,2.28,559.0,23.14,20.0261412,0.1409,0.0,5237.0,0.826,0.927,0.46236515866097716,G,-1.0243522029137333,1
K00858.01,kepler,NON_HABITABLE,19.02,733.0,68.29,13.61014819,0.1061,0.0,5697.0,0.903,0.857,0.7738469741282915,G,-1.1437115480135482,1
K00861.01,kepler,NON_HABITABLE,1.41,1160.0,427.17,2.237489571,0.0325,0.0,5265.0,0.81,0.91,0.4542116301109621,G,-1.243480276588695,1
K00863.01,kepler,NON_HABITABLE,2.62,1221.0,526.23,3.167893418,0.0426,0.0,5895.0,0.94,1.026,0.9613591302135456,G,-1.2500618129277574,1
K00864.01,kepler,NON_HABITABLE,3.11,1038.0,274.84,4.311780262,0.0511,0.0,5527.0,0.927,0.956,0.722457055819232,G,-1.2270840814289417,1
K00864.02,kepler,NON_HABITABLE,2.69,622.0,35.44,20.0504494,0.1423,0.0,5527.0,0.927,0.956,0.722457055819232,G,-1.0792021369832077,1
K00864.03,kepler,NON_HABITABLE,2.67,791.0,92.46,9.76734503,0.0881,0.0,5527.0,0.927,0.956,0.722457055819232,G,-1.1670881171252996,1
K00865.01,kepler,NON_HABITABLE,8.98,366.0,4.25,119.0207044,0.4582,0.0,5453.0,1.062,0.904,0.8984330808888531,G,-0.6436913353892558,1
K00119.02,kepler,NON_HABITABLE,7.78,426.0,7.8,190.3200468,0.6972,0.0,5626.0,2.057,1.247,3.819110331443652,G,-0.8182406553229049,1
K00880.01,kepler,NON_HABITABLE,3.91,562.0,23.54,26.44439337,0.1687,0.0,5427.0,0.929,0.915,0.6744743288001965,G,-1.0268310956489164,1
K00880.02,kepler,NON_HABITABLE,5.51,450.0,9.67,51.53997972,0.2632,0.0,5427.0,0.929,0.915,0.6744743288001965,G,-0.8682412309276084,1
K00880.03,kepler,NON_HABITABLE,2.43,926.0,173.74,5.902245782,0.0621,0.0,5427.0,0.929,0.915,0.6744743288001965,G,-1.205727175853058,1
K00880.04,kepler,NON_HABITABLE,1.86,1253.0,583.01,2.382951591,0.0339,0.0,5427.0,0.929,0.915,0.6744743288001965,G,-1.2530524053254484,1
K00881.01,kepler,NON_HABITABLE,3.07,521.0,17.48,21.02250608,0.1378,0.0,5067.0,0.75,0.789,0.33405721356550433,K,-0.981345215967365,1
K00869.04,kepler,NON_HABITABLE,1.69,998.0,234.93,3.219814777,0.04,0.0,5103.0,0.787,0.823,0.37839592289659413,K,-1.2203216887702315,1
K00870.01,kepler,NON_HABITABLE,1.73,585.0,27.72,5.912273234,0.0537,0.0,4072.0,0.57,0.586,0.08047768942581157,K,-1.0490501071881884,1
K00870.02,kepler,NON_HABITABLE,1.65,509.0,15.9,8.98581901,0.0709,0.0,4072.0,0.57,0.586,0.08047768942581157,K,-0.965486528672625,1
K00871.01,kepler,NON_HABITABLE,22.94,723.0,64.64,12.940668656,0.1039,0.0,5875.0,0.809,0.895,0.7024626493499084,G,-1.1390873621632274,1
K00872.01,kepler,NON_HABITABLE,8.46,495.0,14.22,33.60123371,0.1956,0.0,5149.0,0.93,0.882,0.5477118973410836,K,-0.9456769878891367,1
K00872.02,kepler,NON_HABITABLE,1.97,845.0,120.48,6.76652928,0.0672,0.0,5149.0,0.93,0.882,0.5477118973410836,K,-1.1847966392482996,1
K00873.01,kepler,NON_HABITABLE,2.36,1174.0,449.79,4.347288783,0.0524,0.0,5754.0,1.122,1.014,1.2432539690312674,G,-1.2451728066573982,1
K00874.01,kepler,NON_HABITABLE,2.35,896.0,152.91,4.601811819,0.0501,0.0,4986.0,0.833,0.793,0.3863614700251004,K,-1.198855371260413,1
K00874.02,kepler,NON_HABITABLE,1.55,667.0,46.65,11.18719905,0.0907,0.0,4986.0,0.833,0.793,0.3863614700251004,K,-1.108831960936543,1
K00875.01,kepler,NON_HABITABLE,2.62,595.0,29.68,4.220965778,0.0418,0.0,3837.0,0.517,0.544,0.05219669357709537,K,-1.057780514974627,1
K00877.01,kepler,NON_HABITABLE,2.33,635.0,38.52,5.95489993,0.0554,0.0,4261.0,0.633,0.64,0.11900035778823317,K,-1.0886023238003149,1
K00877.02,kepler,NON_HABITABLE,2.18,502.0,15.06,12.03987488,0.0886,0.0,4261.0,0.633,0.64,0.11900035778823317,K,-0.9559575075102279,1
K00877.03,kepler,NON_HABITABLE,1.42,418.0,7.24,20.83762895,0.1278,0.0,4261.0,0.633,0.64,0.11900035778823317,K,-0.7993407364689203,1
K00878.01,kepler,NON_HABITABLE,3.16,487.0,13.34,23.58917143,0.1429,0.0,4919.0,0.721,0.697,0.274203207080014,K,-0.933826950459254,1
K00123.01,kepler,NON_HABITABLE,2.54,1145.0,406.25,6.481633073,0.0683,0.0,5945.0,1.302,1.009,1.9077616512555295,G,-1.2417903724801793,1
K00892.01,kepler,NON_HABITABLE,3.2,720.0,63.68,10.37168928,0.0873,0.0,5121.0,0.888,0.822,0.4885845675458093,K,-1.1378077703347296,1
K00892.02,kepler,NON_HABITABLE,1.78,992.0,229.37,3.96996298,0.046,0.0,5121.0,0.888,0.822,0.4885845675458093,K,-1.2192419098128886,1
K00893.01,kepler,NON_HABITABLE,2.66,1139.0,398.0,4.40841331,0.052,0.0,6007.0,0.961,0.968,1.083358046754287,F,-1.241087074694536,1
K00881.02,kepler,HABITABILITY_ZONE,4.53,236.0,0.73,226.8904775,0.6732,0.0,5067.0,0.75,0.789,0.33405721356550433,K,0.2953706991164284,1
K00883.01,kepler,NON_HABITABLE,12.04,929.0,175.76,2.688899233,0.0335,0.0,4820.0,0.639,0.699,0.19855671523323984,K,-1.206326889066894,1
K00884.01,kepler,NON_HABITABLE,4.16,686.0,52.32,9.439459486,0.0837,0.0,5097.0,0.779,0.891,0.36900152415910653,K,-1.1200377993899302,1
K00122.01,kepler,NON_HABITABLE,3.13,927.0,174.81,11.523067458,0.1017,0.0,5644.0,1.411,1.053,1.8201063219880027,G,-1.2060473538241558,1
K00884.02,kepler,NON_HABITABLE,2.92,530.0,18.65,20.47748843,0.1402,0.0,5097.0,0.779,0.891,0.36900152415910653,K,-0.9918458652164617,1
K00884.03,kepler,NON_HABITABLE,1.74,970.0,209.79,3.336123113,0.0418,0.0,5097.0,0.779,0.891,0.36900152415910653,K,-1.2151040302194582,1
K00886.01,kepler,NON_HABITABLE,1.72,453.0,9.9,8.01078456,0.0616,0.0,3713.0,0.47,0.484,0.037825983004520385,K,-0.8734155461547795,1
K00886.02,kepler,NON_HABITABLE,1.29,395.0,5.74,12.07134205,0.0809,0.0,3713.0,0.47,0.484,0.037825983004520385,K,-0.7366462758342898,1
K00886.03,kepler,HABITABILITY_ZONE,1.3,328.0,2.74,20.99587872,0.117,0.0,3713.0,0.47,0.484,0.037825983004520385,K,-0.48082396191876225,1
K00887.01,kepler,NON_HABITABLE,2.45,905.0,158.11,7.41113177,0.0748,0.0,5849.0,0.919,1.014,0.890537513277674,G,-1.2006983092703467,1
K00889.01,kepler,NON_HABITABLE,10.51,770.0,83.21,8.884922995,0.0786,0.0,5332.0,0.843,0.821,0.5175000815069812,G,-1.1593542277657731,1
K00890.01,kepler,NON_HABITABLE,8.95,986.0,223.19,8.09888906,0.0832,0.0,6214.0,1.076,1.169,1.555264462808422,F,-1.21799426172178,1
K00891.01,kepler,NON_HABITABLE,3.52,876.0,139.21,10.00653012,0.0933,0.0,6063.0,1.001,1.079,1.2198688407429246,F,-1.1935169892453266,1
K00012.01,kepler,NON_HABITABLE,13.16,911.0,163.04,17.855221681,0.1491,0.0,6823.0,1.367,1.386,3.64865856341264,F,-1.202361930064845,1
K00901.01,kepler,NON_HABITABLE,4.87,432.0,8.22,12.732624065,0.0881,0.0,3950.0,0.541,0.563,0.0641915146061303,K,-0.830691929491824,1
K00902.01,kepler,HABITABILITY_ZONE,4.78,226.0,0.62,83.92494032,0.3031,0.0,3960.0,0.509,0.526,0.05739988452351061,K,0.43369637069365485,1
K00903.01,kepler,NON_HABITABLE,6.96,998.0,234.28,5.007316661,0.0556,0.0,5865.0,0.827,0.914,0.7290843821366766,G,-1.220197966708415,1
K00904.01,kepler,NON_HABITABLE,1.85,931.0,177.19,2.211116989,0.0294,0.0,4500.0,0.646,0.71,0.15417352473178475,K,-1.206745971116209,1
K00904.02,kepler,NON_HABITABLE,1.9,400.0,6.04,27.9541337,0.1593,0.0,4500.0,0.646,0.71,0.15417352473178475,K,-0.7507819418023728,1
K00124.01,kepler,NON_HABITABLE,2.57,1008.0,244.3,12.69104387,0.1072,0.0,5869.0,1.626,1.019,2.826130622567676,G,-1.2220562993777124,1
K00896.01,kepler,NON_HABITABLE,4.14,598.0,30.14,16.23947096,0.1229,0.0,5191.0,0.837,0.937,0.45829987819102824,K,-1.059734132278678,1
K00896.02,kepler,NON_HABITABLE,2.96,819.0,106.44,6.308201629,0.0654,0.0,5191.0,0.837,0.937,0.45829987819102824,K,-1.1767970397033836,1
K00897.01,kepler,NON_HABITABLE,13.12,1497.0,1183.18,2.052349884,0.0322,0.0,5855.0,1.08,1.049,1.2349512638411577,G,-1.270008041090583,1
K00898.01,kepler,NON_HABITABLE,2.23,460.0,10.59,9.7704486,0.0714,0.0,3906.0,0.509,0.508,0.0543324427168755,K,-0.887766023324649,1
K00898.02,kepler,NON_HABITABLE,1.66,569.0,24.75,5.169804269,0.0467,0.0,3906.0,0.509,0.508,0.0543324427168755,K,-1.0338133696667802,1
K00123.02,kepler,NON_HABITABLE,2.48,771.0,83.56,21.22261195,0.1506,0.0,5945.0,1.302,1.009,1.9077616512555295,G,-1.1596675040231443,1
K00898.03,kepler,NON_HABITABLE,2.25,362.0,4.05,20.09017037,0.1154,0.0,3906.0,0.509,0.508,0.0543324427168755,K,-0.6276007100026345,1
K00899.01,kepler,NON_HABITABLE,1.16,429.0,8.01,7.11373257,0.0551,0.0,3561.0,0.411,0.44,0.024471818827059073,M,-0.8244930356543645,1
K00899.02,kepler,NON_HABITABLE,0.91,554.0,22.19,3.306551643,0.0331,0.0,3561.0,0.411,0.44,0.024471818827059073,M,-1.0183207564228252,1
K00899.03,kepler,HABITABILITY_ZONE,1.11,332.0,2.86,15.36845737,0.0922,0.0,3561.0,0.411,0.44,0.024471818827059073,M,-0.4976290156311881,1
K00900.01,kepler,NON_HABITABLE,4.56,833.0,113.75,13.81020318,0.1131,0.0,5942.0,1.142,1.009,1.4647297683390008,G,-1.1811450570881874,1
K00911.01,kepler,NON_HABITABLE,2.85,1182.0,461.07,4.093578461,0.0514,0.0,6077.0,0.999,1.077,1.2262601980300782,F,-1.2459701637888652,1
K00911.02,kepler,NON_HABITABLE,3.43,401.0,6.09,105.145959,0.4471,0.0,6077.0,0.999,1.077,1.2262601980300782,F,-0.7534760246014578,1
K00912.01,kepler,NON_HABITABLE,2.34,499.0,14.66,10.8484518,0.0815,0.0,4201.0,0.591,0.609,0.09801225882833801,K,-0.9511505538869642,1
K00912.02,kepler,NON_HABITABLE,1.18,587.0,28.06,6.66833241,0.0589,0.0,4201.0,0.591,0.609,0.09801225882833801,K,-1.050644022653771,1
K00913.01,kepler,NON_HABITABLE,10.55,1016.0,251.48,4.082274889,0.0479,0.0,5655.0,0.794,0.886,0.5808528869353491,G,-1.2233212603959798,1
K00914.01,kepler,NON_HABITABLE,1.87,1010.0,246.29,3.886655224,0.0451,0.0,5662.0,0.738,0.813,0.5042975915942504,G,-1.2224128690416594,1
K00904.03,kepler,HABITABILITY_ZONE,1.85,349.0,3.49,42.1406089,0.2095,0.0,4500.0,0.646,0.71,0.15417352473178475,K,-0.5745741337072645,1
K00904.04,kepler,NON_HABITABLE,1.62,728.0,66.47,4.617490562,0.048,0.0,4500.0,0.646,0.71,0.15417352473178475,K,-1.141457819112842,1
K00904.05,kepler,NON_HABITABLE,1.75,559.0,23.11,10.19849255,0.0814,0.0,4500.0,0.646,0.71,0.15417352473178475,K,-1.0242199547627102,1
K00906.01,kepler,NON_HABITABLE,2.47,782.0,88.23,7.15681552,0.0675,0.0,5029.0,0.838,0.798,0.40467771589425056,K,-1.16370024715301,1
K00906.02,kepler,NON_HABITABLE,2.43,579.0,26.49,17.64830851,0.1232,0.0,5029.0,0.838,0.798,0.40467771589425056,K,-1.04302258654128,1
K00906.03,kepler,NON_HABITABLE,1.08,938.0,182.76,4.14810719,0.0469,0.0,5029.0,0.838,0.798,0.40467771589425056,K,-1.2083314824959481,1
K00907.01,kepler,NON_HABITABLE,2.72,655.0,43.57,16.51410989,0.1199,0.0,5527.0,0.866,0.841,0.6305047353853621,G,-1.1018293522203144,1
K00907.02,kepler,NON_HABITABLE,3.14,536.0,19.55,30.1329298,0.179,0.0,5527.0,0.866,0.841,0.6305047353853621,G,-0.9992477124490753,1
K00907.03,kepler,NON_HABITABLE,1.36,990.0,227.24,4.79090809,0.0525,0.0,5527.0,0.866,0.841,0.6305047353853621,G,-1.2188175505381067,1
K00124.02,kepler,NON_HABITABLE,3.09,743.0,71.97,31.71981013,0.1975,0.0,5869.0,1.626,1.019,2.826130622567676,G,-1.1480245576026546,1
K00907.04,kepler,HABITABILITY_ZONE,2.64,360.0,3.97,99.6415962,0.3973,0.0,5527.0,0.866,0.841,0.6305047353853621,G,-0.6203378653752761,1
K00908.01,kepler,NON_HABITABLE,10.6,1162.0,431.02,4.708326451,0.0539,0.0,5560.0,1.21,0.94,1.2605631790721823,G,-1.24377769132888,1
K00910.01,kepler,NON_HABITABLE,2.68,850.0,123.33,5.392026903,0.0583,0.0,5198.0,0.801,0.915,0.421992607616139,K,-1.1862511294769504,1
K00928.01,kepler,NON_HABITABLE,2.42,1194.0,480.19,2.494170338,0.0351,0.0,5569.0,0.829,0.928,0.5955423399333997,G,-1.2472564244819087,1
K00929.01,kepler,NON_HABITABLE,9.66,1062.0,301.54,6.491682808,0.0715,0.0,6123.0,1.107,1.159,1.55184017089899,F,-1.2308374720483135,1
K00931.01,kepler,NON_HABITABLE,13.61,1212.0,508.65,3.855603916,0.0505,0.0,6033.0,1.046,1.153,1.30584424870076,F,-1.2490356978727852,1
K00125.01,kepler,NON_HABITABLE,13.26,484.0,13.01,38.47876629,0.2213,0.0,5510.0,0.879,0.973,0.641621422642967,G,-0.929168467666236,1
K00916.01,kepler,NON_HABITABLE,3.94,1155.0,421.03,3.314947362,0.0433,0.0,5609.0,0.944,0.983,0.7946583642313991,G,-1.2429974703765128,1
K00918.01,kepler,NON_HABITABLE,10.98,472.0,11.74,39.6431552,0.215,0.0,5231.0,0.9,0.844,0.5464099627754011,G,-0.9090715896825166,1
K00920.01,kepler,NON_HABITABLE,2.6,543.0,20.48,21.80451611,0.1406,0.0,5481.0,0.708,0.806,0.40756833383484875,G,-1.0064065133817937,1
K00921.01,kepler,NON_HABITABLE,2.53,680.0,50.6,10.28194593,0.088,0.0,5196.0,0.775,0.869,0.39443430978939015,K,-1.116825858661261,1
K00921.02,kepler,NON_HABITABLE,2.95,563.0,23.77,18.11993039,0.1284,0.0,5196.0,0.775,0.869,0.39443430978939015,K,-1.0281673635936501,1
K00921.03,kepler,NON_HABITABLE,1.7,949.0,191.78,3.78402867,0.0452,0.0,5196.0,0.775,0.869,0.39443430978939015,K,-1.210751195020017,1
K00922.01,kepler,NON_HABITABLE,2.94,964.0,204.1,5.15448142,0.0546,0.0,5431.0,0.884,0.816,0.6125174298166383,G,-1.2137910566816996,1
K00923.01,kepler,NON_HABITABLE,3.13,982.0,219.95,5.743469797,0.0625,0.0,5897.0,0.891,0.983,0.8649173907831287,G,-1.2173203317979557,1
K00924.01,kepler,NON_HABITABLE,4.06,577.0,26.13,39.4759093,0.2338,0.0,6225.0,1.031,1.091,1.4380350251129126,F,-1.0412319629753748,1
K00926.01,kepler,NON_HABITABLE,3.82,1273.0,621.92,3.166353562,0.0432,0.0,6007.0,0.998,1.072,1.1683859359987014,F,-1.2548604571907371,1
K00939.01,kepler,NON_HABITABLE,2.11,1315.0,705.93,3.388012244,0.0434,0.0,5553.0,1.25,0.949,1.3385217428261862,G,-1.2582418484407396,1
K00939.02,kepler,NON_HABITABLE,2.06,1097.0,341.48,5.83909761,0.0624,0.0,5553.0,1.25,0.949,1.3385217428261862,G,-1.2356075405984726,1
K00939.03,kepler,NON_HABITABLE,1.57,1681.0,1893.42,1.620467654,0.0265,0.0,5553.0,1.25,0.949,1.3385217428261862,G,-1.278374469626756,1
K00939.04,kepler,NON_HABITABLE,2.3,897.0,152.75,10.6816951,0.0933,0.0,5553.0,1.25,0.949,1.3385217428261862,G,-1.198797008370786,1
K00940.01,kepler,NON_HABITABLE,3.18,784.0,89.25,6.104849417,0.0583,0.0,5085.0,0.712,0.71,0.30536448569819336,K,-1.1645362690052965,1
K00127.01,kepler,NON_HABITABLE,10.43,1145.0,406.6,3.578780566,0.045,0.0,5524.0,0.994,0.95,0.8288618650741832,G,-1.2418197449651354,1
K00934.01,kepler,NON_HABITABLE,4.09,1013.0,248.57,5.826657508,0.0622,0.0,5561.0,1.06,0.943,0.9680950982116139,G,-1.2228153803866146,1
K00934.02,kepler,NON_HABITABLE,2.58,787.0,90.65,12.41216347,0.103,0.0,5561.0,1.06,0.943,0.9680950982116139,G,-1.1656638999178242,1
K00934.03,kepler,NON_HABITABLE,3.05,686.0,52.38,18.74649011,0.1355,0.0,5561.0,1.06,0.943,0.9680950982116139,G,-1.1201388235640084,1
K00935.01,kepler,NON_HABITABLE,5.5,781.0,87.76,20.86021229,0.1462,0.0,6035.0,1.257,0.958,1.8883146539490039,F,-1.163308750875887,1
K00935.02,kepler,NON_HABITABLE,5.22,615.0,33.82,42.63427848,0.2355,0.0,6035.0,1.257,0.958,1.8883146539490039,F,-1.073743280792392,1
K00935.03,kepler,NON_HABITABLE,4.0,484.0,12.94,87.6476068,0.3807,0.0,6035.0,1.257,0.958,1.8883146539490039,F,-0.9281116317876498,1
K00935.04,kepler,NON_HABITABLE,1.94,1010.0,246.13,9.61731426,0.0873,0.0,6035.0,1.257,0.958,1.8883146539490039,F,-1.2223838481650007,1
K00936.01,kepler,NON_HABITABLE,2.13,407.0,6.47,9.467821474,0.0691,0.0,3582.0,0.458,0.491,0.031112004458361403,M,-0.7700097363186374,1
K00936.02,kepler,NON_HABITABLE,1.24,893.0,151.14,0.893040969,0.0143,0.0,3582.0,0.458,0.491,0.031112004458361403,M,-1.1982060210082202,1
K00128.01,kepler,NON_HABITABLE,10.62,1008.0,244.42,4.942783419,0.0569,0.0,5514.0,0.978,1.003,0.7965984682192339,G,-1.2220777754296872,1
K00937.01,kepler,NON_HABITABLE,2.74,595.0,29.62,20.83426731,0.1483,0.0,5537.0,0.88,0.999,0.6557799716942168,G,-1.0575439197966103,1
K00938.01,kepler,NON_HABITABLE,3.12,807.0,100.34,9.94602357,0.0864,0.0,5344.0,1.013,0.867,0.754013981399435,G,-1.1728077207324425,1
K00938.02,kepler,NON_HABITABLE,1.45,1710.0,2031.84,1.04562195,0.0192,0.0,5344.0,1.013,0.867,0.754013981399435,G,-1.279468783350479,1
K00938.03,kepler,NON_HABITABLE,1.78,971.0,210.16,5.71462396,0.0597,0.0,5344.0,1.013,0.867,0.754013981399435,G,-1.2151864465047875,1
K01102.02,kepler,NON_HABITABLE,3.43,1050.0,287.91,8.14515981,0.076,0.0,5896.0,1.24,0.884,1.6740482839925792,G,-1.2289860877514225,1
K01102.03,kepler,NON_HABITABLE,43.17,792.0,93.03,18.9985279,0.1337,0.0,5896.0,1.24,0.884,1.6740482839925792,G,-1.167522464859354,1
K01102.04,kepler,NON_HABITABLE,2.07,1305.0,686.99,4.24439049,0.0492,0.0,5896.0,1.24,0.884,1.6740482839925792,G,-1.2575341829595237,1
K01103.01,kepler,NON_HABITABLE,7.12,485.0,13.09,90.1240507,0.427,0.0,6520.0,1.215,1.279,2.403464152884163,F,-0.9303353494282616,1
K00150.02,kepler,NON_HABITABLE,2.32,538.0,19.83,28.5742692,0.1681,0.0,5551.0,0.812,0.776,0.5640163297446168,G,-1.0014483177405185,1
K01168.01,kepler,HABITABILITY_ZONE,3.87,242.0,0.81,856.672115,1.8045,0.0,6449.0,1.309,1.063,2.670198275980938,F,0.21204545082694787,1
K01169.01,kepler,NON_HABITABLE,1.32,1943.0,3362.71,0.689210173,0.0156,0.0,5630.0,0.954,1.064,0.8238061677085333,G,-1.2862548263074167,1
K01170.01,kepler,NON_HABITABLE,1.84,839.0,117.5,7.34373964,0.0697,0.0,5757.0,0.762,0.865,0.5746316871758378,G,-1.1832177817103364,1
K00970.01,kepler,NON_HABITABLE,34.39,3145.0,23135.72,3.9886021,0.0622,0.0,4813.0,13.652,2.016,90.1053786901322,K,-1.3009122579503307,1
K00971.01,kepler,NON_HABITABLE,133.56,5862.0,277887.7,0.533059312,0.0167,0.0,8523.0,4.051,2.166,78.01698278126634,A,-1.3073375297772352,1
K00139.01,kepler,HABITABILITY_ZONE,7.67,333.0,2.92,224.7789355,0.7456,0.0,5873.0,1.235,1.092,1.6348150565232693,G,-0.5062360646024602,1
K01106.01,kepler,NON_HABITABLE,2.47,1037.0,273.78,7.42608123,0.0778,0.0,6049.0,1.176,1.14,1.6681830027636066,F,-1.2269231137443155,1
K01106.02,kepler,NON_HABITABLE,1.62,803.0,98.51,15.9868932,0.1297,0.0,6049.0,1.176,1.14,1.6681830027636066,F,-1.1715407045124548,1
K01108.01,kepler,NON_HABITABLE,13.92,1171.0,443.58,18.92537246,0.1694,0.0,4941.0,4.885,1.808,12.813956990914193,K,-1.2447207726468907,1
K01174.01,kepler,NON_HABITABLE,2.99,25.0,9.620584658884844e-05,129995.7784,44.9892,0.0,4500.0,0.726,0.717,0.19472333848098367,K,3.0,2
K01175.01,kepler,NON_HABITABLE,1.78,688.0,53.09,31.5925809,0.1967,0.0,5676.0,1.487,1.016,2.06769365232817,G,-1.1214102785092788,1
K01175.02,kepler,NON_HABITABLE,1.55,844.0,119.87,17.157236,0.1309,0.0,5676.0,1.487,1.016,2.06769365232817,G,-1.1844782886555425,1
K01176.01,kepler,NON_HABITABLE,8.78,753.0,76.1,1.97376085,0.025,0.0,3807.0,0.503,0.534,0.047880887056199674,K,-1.1524779340352524,1
K00972.01,kepler,NON_HABITABLE,8.25,1768.0,2310.43,13.118962443,0.1376,0.0,7221.0,4.24,2.018,44.036805139974,F,-1.2813650414985267,1
K00972.02,kepler,NON_HABITABLE,2.78,2101.0,4601.71,7.82187328,0.0975,0.0,7221.0,4.24,2.018,44.036805139974,F,-1.2896934650448406,1
K00974.01,kepler,NON_HABITABLE,2.52,675.0,49.16,53.5057611,0.2934,0.0,6247.0,1.762,1.174,4.259832692407174,F,-1.1140182303834851,1
K00975.01,kepler,NON_HABITABLE,1.69,1784.0,2388.98,2.785821236,0.0408,0.0,6202.0,1.733,1.162,4.003306883836486,F,-1.2818387956227644,1
K01050.01,kepler,NON_HABITABLE,1.41,1331.0,740.47,1.269091415,0.0214,0.0,5041.0,0.766,0.807,0.34136503795599027,K,-1.2594620661886569,1
K01050.02,kepler,NON_HABITABLE,1.36,1016.0,251.77,2.853133997,0.0367,0.0,5041.0,0.766,0.807,0.34136503795599027,K,-1.22337029099411,1
K01051.01,kepler,NON_HABITABLE,2.01,985.0,222.91,6.79685353,0.0714,0.0,6061.0,0.97,1.05,1.1439717896545434,F,-1.2179372165748086,1
K01108.02,kepler,NON_HABITABLE,5.88,2740.0,13331.51,1.475323222,0.0309,0.0,4941.0,4.885,1.808,12.813956990914193,K,-1.2980462159951154,1
K01108.03,kepler,NON_HABITABLE,7.62,1941.0,3354.56,4.15246118,0.0616,0.0,4941.0,4.885,1.808,12.813956990914193,K,-1.2862260635706353,1
K01110.01,kepler,NON_HABITABLE,1.59,890.0,148.62,8.7348852,0.0843,0.0,5982.0,0.96,1.047,1.0632192012752566,G,-1.1972644978755005,1
K00151.01,kepler,NON_HABITABLE,5.24,848.0,122.34,13.4471791,0.1109,0.0,6276.0,1.041,1.001,1.5147044767804232,F,-1.1857512860098103,1
K00134.01,kepler,NON_HABITABLE,12.1,588.0,28.2,67.5923754,0.3582,0.0,6038.0,1.744,1.341,3.6421691062114987,F,-1.0512580068181676,1
K01052.01,kepler,NON_HABITABLE,2.54,755.0,76.66,17.02902786,0.1243,0.0,5839.0,1.067,0.881,1.192277779751185,G,-1.1530485054359418,1
K01052.02,kepler,NON_HABITABLE,1.67,1022.0,258.41,6.84619236,0.0677,0.0,5839.0,1.067,0.881,1.192277779751185,G,-1.2244905769197958,1
K01052.03,kepler,NON_HABITABLE,2.39,476.0,12.14,67.8321638,0.3123,0.0,5839.0,1.067,0.881,1.192277779751185,G,-0.9157497520973455,1
K01052.04,kepler,NON_HABITABLE,2.39,554.0,22.21,43.1312147,0.2309,0.0,5839.0,1.067,0.881,1.192277779751185,G,-1.0184950633833123,1
K01053.01,kepler,NON_HABITABLE,1.54,1741.0,2174.33,1.224866441,0.0219,0.0,5553.0,1.107,0.933,1.0497856839837485,G,-1.2804842286019265,1
K01112.01,kepler,NON_HABITABLE,2.33,566.0,24.27,37.8102649,0.2188,0.0,6085.0,0.973,0.976,1.1693990080682923,F,-1.031079477332753,1
K01113.01,kepler,NON_HABITABLE,2.48,695.0,55.1,25.93406406,0.1749,0.0,5952.0,1.225,1.059,1.6967528129903962,G,-1.1248858035759965,1
K01113.02,kepler,NON_HABITABLE,2.73,471.0,11.59,83.4463485,0.3813,0.0,5952.0,1.225,1.059,1.6967528129903962,G,-0.9064988266692763,1
K01115.01,kepler,NON_HABITABLE,2.03,866.0,132.94,12.99204853,0.1071,0.0,5765.0,1.242,0.968,1.5350946160501482,G,-1.1908059422185169,1
K00152.01,kepler,NON_HABITABLE,7.14,592.0,29.07,52.09081627,0.2822,0.0,6198.0,1.324,1.101,2.3306495110659315,F,-1.0551753843753782,1
K00984.01,kepler,NON_HABITABLE,2.29,942.0,186.31,4.28746668,0.0501,0.0,5296.0,0.815,0.911,0.4707624707350094,G,-1.2093051075269106,1
K00986.01,kepler,NON_HABITABLE,1.92,782.0,88.36,8.18739443,0.0745,0.0,5251.0,0.849,0.821,0.4937170938448687,G,-1.1638119800072622,1
K00986.02,kepler,NON_HABITABLE,1.75,372.0,4.53,76.0498163,0.329,0.0,5251.0,0.849,0.821,0.4937170938448687,G,-0.6646114507100024,1
K00139.02,kepler,NON_HABITABLE,1.67,1356.0,798.41,3.341799486,0.0451,0.0,5873.0,1.235,1.092,1.6348150565232693,G,-1.2613285663477045,1
K01116.01,kepler,NON_HABITABLE,1.68,1160.0,428.25,3.749105745,0.047,0.0,5751.0,0.983,0.987,0.9523031401117372,G,-1.2435634744446065,1
K01117.01,kepler,NON_HABITABLE,3.51,1422.0,965.62,11.08956602,0.1114,0.0,6353.0,2.867,1.497,12.063283033994784,F,-1.2657376225417865,1
K01118.01,kepler,NON_HABITABLE,2.67,1004.0,240.11,7.37290344,0.0737,0.0,5973.0,1.07,0.982,1.312902044638372,G,-1.221293593523686,1
K01193.01,kepler,NON_HABITABLE,10.4,366.0,4.26,119.0624882,0.4328,0.0,5697.0,0.92,0.76,0.8032583389466954,G,-0.6443852881999449,1
K01194.01,kepler,NON_HABITABLE,2.01,543.0,20.59,8.70798309,0.0695,0.0,4362.0,0.554,0.59,0.10010525695585203,K,-1.0071943884522159,1
K01194.02,kepler,NON_HABITABLE,1.57,454.0,10.08,14.8623076,0.0993,0.0,4362.0,0.554,0.59,0.10010525695585203,K,-0.8773825937804529,1
K01194.03,kepler,NON_HABITABLE,1.23,694.0,54.8,4.17634276,0.0426,0.0,4362.0,0.554,0.59,0.10010525695585203,K,-1.1243734916961898,1
K00152.02,kepler,NON_HABITABLE,3.63,734.0,68.46,27.40229859,0.1839,0.0,6198.0,1.324,1.101,2.3306495110659315,F,-1.1439198678954112,1
K00987.01,kepler,NON_HABITABLE,1.21,1101.0,347.01,3.179267286,0.0418,0.0,5511.0,0.857,0.96,0.6103486639791923,G,-1.2362015929112273,1
K00988.01,kepler,NON_HABITABLE,2.18,672.0,48.37,10.38122447,0.0871,0.0,5095.0,0.78,0.816,0.3693691917261199,K,-1.1124219736769492,1
K00988.02,kepler,NON_HABITABLE,2.82,505.0,15.33,24.5709023,0.1547,0.0,5095.0,0.78,0.816,0.3693691917261199,K,-0.9591217834137498,1
K00135.01,kepler,NON_HABITABLE,12.14,1489.0,1162.54,3.024092505,0.0438,0.0,6063.0,1.358,1.227,2.245145664345481,F,-1.2696551432613157,1
K01059.01,kepler,NON_HABITABLE,1.14,1734.0,2138.47,1.022678654,0.019,0.0,5366.0,1.02,0.875,0.7771372517459253,G,-1.2802382691759904,1
K01060.01,kepler,NON_HABITABLE,2.98,1005.0,240.8,12.10968709,0.1019,0.0,6021.0,1.458,0.96,2.5170060944257684,F,-1.2214199121350222,1
K01060.02,kepler,NON_HABITABLE,1.7,1372.0,835.65,4.75796103,0.0547,0.0,6021.0,1.458,0.96,2.5170060944257684,F,-1.2624239095564853,1
K01060.03,kepler,NON_HABITABLE,2.96,843.0,119.42,20.4972755,0.1447,0.0,6021.0,1.458,0.96,2.5170060944257684,F,-1.1842383212528482,1
K01199.01,kepler,HABITABILITY_ZONE,2.28,348.0,3.48,53.5292702,0.2548,0.0,4736.0,0.708,0.791,0.2271998291998801,K,-0.5731906391743113,1
K01201.01,kepler,NON_HABITABLE,1.01,615.0,33.79,2.757584622,0.0296,0.0,3683.0,0.424,0.454,0.029801168903358394,M,-1.073622874183786,1
K01202.01,kepler,NON_HABITABLE,1.16,1115.0,365.72,0.928310036,0.0159,0.0,4109.0,0.602,0.621,0.09307483133292498,K,-1.2381131309611328,1
K00152.03,kepler,NON_HABITABLE,3.39,929.0,176.29,13.48457668,0.1146,0.0,6198.0,1.324,1.101,2.3306495110659315,F,-1.2064833745885777,1
K01203.01,kepler,NON_HABITABLE,3.7,563.0,23.82,31.8841473,0.1994,0.0,5779.0,0.974,1.037,0.953286410328205,G,-1.0284684001130022,1
K00989.03,kepler,NON_HABITABLE,86.13,660.0,44.83,16.15811112,0.1233,0.0,5619.0,0.874,0.956,0.6860467384131955,G,-1.1047739874702611,1
K00991.01,kepler,NON_HABITABLE,1.62,750.0,74.8,12.06222962,0.0993,0.0,5547.0,0.933,0.897,0.7424900896822176,G,-1.1511142085600883,1
K00992.01,kepler,NON_HABITABLE,2.41,931.0,177.83,9.93146307,0.0915,0.0,5782.0,1.22,1.035,1.4987414584395589,G,-1.2069322628910495,1
K00993.01,kepler,NON_HABITABLE,1.75,618.0,34.57,21.85362905,0.1515,0.0,5830.0,0.876,0.97,0.7986879674917623,G,-1.0763016528175913,1
K01060.04,kepler,NON_HABITABLE,1.74,1144.0,405.75,8.19345065,0.0785,0.0,6021.0,1.458,0.96,2.5170060944257684,F,-1.241748165093968,1
K01061.01,kepler,NON_HABITABLE,2.02,533.0,19.02,41.8059544,0.2329,0.0,5907.0,0.973,0.961,1.0384564168636747,G,-0.9949498060992308,1
K00148.01,kepler,NON_HABITABLE,1.85,932.0,177.79,4.77800306,0.0528,0.0,5192.0,0.873,0.856,0.4989556363343928,K,-1.2069215359192929,1
K01127.01,kepler,NON_HABITABLE,2.26,1007.0,242.97,5.32667299,0.0601,0.0,5831.0,0.921,1.016,0.8834584650635623,G,-1.2218166263102241,1
K01191.01,kepler,NON_HABITABLE,3.29,858.0,127.95,8.17242644,0.0779,0.0,5705.0,0.905,0.943,0.7816538363507723,G,-1.188504826798438,1
K01192.01,kepler,NON_HABITABLE,57.82,169.0,0.19,1295.362215,2.2372,0.0,5609.0,1.048,0.889,0.979397600443482,G,1.8057278661706075,1
K00993.02,kepler,NON_HABITABLE,1.45,734.0,68.66,13.0607936,0.1075,0.0,5830.0,0.876,0.97,0.7986879674917623,G,-1.144157993896815,1
K00994.01,kepler,NON_HABITABLE,2.12,1046.0,283.62,4.2989201,0.0492,0.0,5300.0,0.986,0.861,0.6911177046272563,G,-1.2283761967828533,1
K01066.01,kepler,NON_HABITABLE,9.29,943.0,187.27,5.714817603,0.0597,0.0,5695.0,0.842,0.869,0.6718832386735215,G,-1.2095618543999938,1
K01069.01,kepler,NON_HABITABLE,2.86,748.0,74.13,8.70420525,0.0772,0.0,5074.0,0.863,0.809,0.44475224941804686,K,-1.1503978738554785,1
K01127.02,kepler,NON_HABITABLE,1.39,875.0,138.51,8.1280933,0.0796,0.0,5831.0,0.921,1.016,0.8834584650635623,G,-1.1932230896377778,1
K01127.03,kepler,NON_HABITABLE,1.19,1242.0,562.48,2.83668931,0.0395,0.0,5831.0,0.921,1.016,0.8834584650635623,G,-1.2520231317180395,1
K01128.01,kepler,NON_HABITABLE,1.16,1612.0,1605.87,0.974868896,0.0187,0.0,5487.0,0.832,0.924,0.5653028873562039,G,-1.275664436357224,1
K01129.01,kepler,NON_HABITABLE,1.48,904.0,157.93,4.89721006,0.0523,0.0,5093.0,0.847,0.794,0.43486678303328774,K,-1.2006358872862817,1
K01198.01,kepler,NON_HABITABLE,3.42,875.0,138.64,16.08832318,0.1281,0.0,6157.0,1.33,1.08,2.290206308456236,F,-1.1932790244979015,1
K01198.02,kepler,NON_HABITABLE,2.2,1015.0,251.55,10.30067919,0.0951,0.0,6157.0,1.33,1.08,2.290206308456236,F,-1.22333307203636,1
K01198.03,kepler,NON_HABITABLE,3.02,671.0,47.96,35.6757453,0.2178,0.0,6157.0,1.33,1.08,2.290206308456236,F,-1.111586658916091,1
K00999.01,kepler,NON_HABITABLE,2.54,548.0,21.27,16.56806842,0.1155,0.0,4987.0,0.716,0.749,0.2856789413468455,K,-1.0121128505960624,1
K00999.02,kepler,NON_HABITABLE,2.18,386.0,5.25,47.3329299,0.2326,0.0,4987.0,0.716,0.749,0.2856789413468455,K,-0.7101565377402307,1
K01001.01,kepler,NON_HABITABLE,3.71,772.0,83.75,40.8065333,0.2641,0.0,6207.0,2.097,1.472,5.880558203184679,F,-1.1598417257822098,1
K01069.02,kepler,NON_HABITABLE,1.56,1139.0,398.42,2.46697039,0.0333,0.0,5074.0,0.863,0.809,0.44475224941804686,K,-1.2411238764196482,1
K00141.01,kepler,NON_HABITABLE,5.11,1164.0,434.31,2.624234833,0.0368,0.0,5340.0,0.899,0.963,0.5920782695384886,G,-1.2440283220124424,1
K01070.01,kepler,NON_HABITABLE,2.98,1066.0,304.65,6.61836309,0.0678,0.0,5529.0,1.294,0.947,1.4097744089455715,G,-1.2312421979276245,1
K01070.02,kepler,NON_HABITABLE,4.75,421.0,7.39,107.7214092,0.4352,0.0,5529.0,1.294,0.947,1.4097744089455715,G,-0.8047700504303003,1
K01070.03,kepler,NON_HABITABLE,1.92,410.0,6.7,92.77779,0.4083,0.0,5888.0,1.019,1.053,1.1243830334837948,G,-0.7792440045243254,1
K00148.02,kepler,NON_HABITABLE,2.63,736.0,69.42,9.673958488,0.0845,0.0,5192.0,0.873,0.856,0.4989556363343928,K,-1.1450694104459058,1
K01203.02,kepler,NON_HABITABLE,2.73,739.0,70.5,14.12847677,0.1159,0.0,5779.0,0.974,1.037,0.953286410328205,G,-1.1463378093833256,1
K01203.03,kepler,NON_HABITABLE,4.14,489.0,13.57,48.6478543,0.2642,0.0,5779.0,0.974,1.037,0.953286410328205,G,-0.936996092080464,1
K01204.01,kepler,NON_HABITABLE,2.0,984.0,221.66,8.39842977,0.0835,0.0,6309.0,1.044,1.096,1.5557428627983905,F,-1.2176769039575432,1
K01205.01,kepler,NON_HABITABLE,5.99,1419.0,958.35,8.63847391,0.0951,0.0,5684.0,3.046,1.536,8.725107476523918,G,-1.2655701003853925,1
K01206.01,kepler,HABITABILITY_ZONE,5.89,292.0,1.73,422.917678,1.1043,0.0,5796.0,1.444,1.004,2.1200329163180744,G,-0.2646405993571477,1
K01001.02,kepler,NON_HABITABLE,3.42,511.0,16.17,140.10765,0.601,0.0,6207.0,2.097,1.472,5.880558203184679,F,-0.9683640853563521,1
K01002.01,kepler,NON_HABITABLE,1.17,1156.0,421.61,3.4815917,0.0435,0.0,5405.0,1.022,0.902,0.8031178804728066,G,-1.2430433997649264,1
K01005.01,kepler,NON_HABITABLE,5.17,456.0,10.19,35.61760233,0.1916,0.0,5123.0,0.779,0.737,0.3765884960693332,K,-0.8796265618608529,1
K01072.01,kepler,NON_HABITABLE,1.95,767.0,81.77,10.12805158,0.0874,0.0,5676.0,0.82,0.865,0.6287702169420162,G,-1.1580314767353237,1
K01074.01,kepler,NON_HABITABLE,12.05,1302.0,679.75,3.770551475,0.0493,0.0,6322.0,1.075,1.124,1.6631430482250567,F,-1.2572557686585886,1
K01141.01,kepler,NON_HABITABLE,1.38,569.0,24.74,5.72812616,0.0519,0.0,3968.0,0.548,0.567,0.06707218912314342,K,-1.033744151447522,1
K01142.01,kepler,NON_HABITABLE,1.58,977.0,215.46,3.75574267,0.0453,0.0,5311.0,0.788,0.884,0.4450946262628533,G,-1.2163600719243544,1
K00941.01,kepler,NON_HABITABLE,4.56,881.0,142.63,6.581477136,0.0656,0.0,5188.0,0.973,0.868,0.6179029384262542,K,-1.1949242523915153,1
K00129.01,kepler,NON_HABITABLE,77.76,1485.0,1150.61,24.669192732,0.2322,0.0,5313.0,9.327,2.736,62.45078869518501,G,-1.2694466773972612,1
K00941.02,kepler,NON_HABITABLE,2.74,1237.0,553.53,2.382652873,0.0333,0.0,5188.0,0.973,0.868,0.6179029384262542,K,-1.2515571424066434,1
K00941.03,kepler,NON_HABITABLE,5.34,567.0,24.53,24.66461416,0.1582,0.0,5188.0,0.973,0.868,0.6179029384262542,K,-1.0325649454131602,1
K00942.01,kepler,NON_HABITABLE,2.9,657.0,43.96,11.51517167,0.0965,0.0,5177.0,0.798,0.91,0.4121099999772584,K,-1.1027637349438237,1
K00137.01,kepler,NON_HABITABLE,4.91,899.0,154.25,7.641567589,0.0729,0.0,5356.0,1.055,0.882,0.8252050991826194,G,-1.1993388440230197,1
K01007.01,kepler,NON_HABITABLE,2.01,938.0,183.15,7.40742502,0.0745,0.0,5922.0,0.961,1.002,1.023328566776899,G,-1.2084412659594828,1
K00142.01,kepler,NON_HABITABLE,3.93,758.0,78.19,10.916108342,0.098,0.0,5575.0,0.932,1.051,0.7559725425391258,G,-1.1545976151534671,1
K01078.01,kepler,NON_HABITABLE,1.65,615.0,33.76,3.353732008,0.034,0.0,3789.0,0.46,0.467,0.03929242155319752,K,-1.0735415328783393,1
K01078.02,kepler,NON_HABITABLE,2.05,484.0,12.95,6.877446033,0.0549,0.0,3789.0,0.46,0.467,0.03929242155319752,K,-0.9282239313593983,1
K01078.03,kepler,POTENTIALLY_HABITABLE,1.87,301.0,1.95,28.46464804,0.1415,0.0,3789.0,0.46,0.467,0.03929242155319752,K,-0.32609453941967137,1
K00148.03,kepler,NON_HABITABLE,2.0,448.0,9.54,42.89645024,0.2279,0.0,5192.0,0.873,0.856,0.4989556363343928,K,-0.8652714674527303,1
K01145.01,kepler,NON_HABITABLE,2.32,621.0,35.08,30.5872153,0.1931,0.0,5944.0,1.082,1.024,1.3166320870024328,G,-1.0780029796132933,1
K01146.01,kepler,NON_HABITABLE,0.74,425.0,7.73,7.09712124,0.0533,0.0,3569.0,0.389,0.4,0.022119744426691575,M,-0.8160155515026876,1
K00943.01,kepler,NON_HABITABLE,2.31,996.0,232.65,3.601465336,0.0428,0.0,5052.0,0.855,0.805,0.42902273514417527,K,-1.219883786334458,1
K00945.01,kepler,NON_HABITABLE,2.4,672.0,48.23,25.8474958,0.1761,0.0,6297.0,1.031,1.084,1.5057289972044647,F,-1.1121497515653862,1
K00945.02,kepler,NON_HABITABLE,2.7,578.0,26.34,40.715561,0.2383,0.0,6297.0,1.031,1.084,1.5057289972044647,F,-1.0422873822712249,1
K01014.01,kepler,NON_HABITABLE,2.04,454.0,10.07,17.31711739,0.1054,0.0,4719.0,0.502,0.52,0.11259057938026168,K,-0.8770151321853009,1
K01015.01,kepler,NON_HABITABLE,4.39,1163.0,432.9,9.42889884,0.093,0.0,5897.0,1.86,1.204,3.769164654593462,G,-1.243921669136383,1
K01081.01,kepler,NON_HABITABLE,28.15,905.0,158.42,9.95639775,0.095,0.0,6161.0,1.053,1.15,1.4393164462560242,F,-1.2008064273879415,1
K01082.01,kepler,NON_HABITABLE,1.67,804.0,98.81,6.50327035,0.0634,0.0,4999.0,0.843,0.8,0.3998364718330709,K,-1.1717540821713592,1
K01082.02,kepler,NON_HABITABLE,1.42,938.0,182.9,4.09667624,0.0466,0.0,4999.0,0.843,0.8,0.3998364718330709,K,-1.2083720645116713,1
K01082.03,kepler,NON_HABITABLE,1.25,1414.0,945.12,1.196548464,0.0205,0.0,4999.0,0.843,0.8,0.3998364718330709,K,-1.2652607156475135,1
K01148.01,kepler,NON_HABITABLE,2.07,984.0,221.34,11.47609015,0.1045,0.0,6071.0,1.41,1.156,2.4331779218819123,F,-1.2176106399449886,1
K01148.02,kepler,NON_HABITABLE,1.71,756.0,77.24,25.2630467,0.1769,0.0,6071.0,1.41,1.156,2.4331779218819123,F,-1.1536404021527888,1
K01150.01,kepler,NON_HABITABLE,0.9,2099.0,4572.56,0.677374687,0.015,0.0,5718.0,1.037,0.974,1.0356877206438075,G,-1.289629011107301,1
K01151.01,kepler,NON_HABITABLE,1.22,759.0,78.35,10.43547031,0.0881,0.0,5528.0,0.853,0.838,0.6121599461080746,G,-1.1547512098006754,1
K01151.02,kepler,NON_HABITABLE,0.94,850.0,123.4,7.41084314,0.0702,0.0,5528.0,0.853,0.838,0.6121599461080746,G,-1.186282875128251,1
K00947.01,kepler,POTENTIALLY_HABITABLE,1.83,298.0,1.87,28.59914031,0.1422,0.0,3755.0,0.461,0.47,0.03806591964136796,K,-0.3054252747687401,1
K00948.01,kepler,NON_HABITABLE,2.37,530.0,18.72,24.58716355,0.1552,0.0,5474.0,0.749,0.831,0.45381361172367235,G,-0.992417374184823,1
K00949.01,kepler,NON_HABITABLE,3.24,775.0,85.15,12.53248222,0.1054,0.0,5997.0,0.904,0.991,0.9522868047380803,G,-1.1610816432954307,1
K00950.01,kepler,HABITABILITY_ZONE,8.31,286.0,1.59,31.201692472,0.1498,0.0,3748.0,0.449,0.461,0.03584146238261194,K,-0.21939411811674403,1
K00951.01,kepler,NON_HABITABLE,4.18,642.0,40.03,13.19720694,0.1027,0.0,4954.0,0.885,0.827,0.42501598146135,K,-1.0928262146037075,1
K00137.02,kepler,NON_HABITABLE,5.94,720.0,63.52,14.85890852,0.1136,0.0,5356.0,1.055,0.882,0.8252050991826194,G,-1.1375884418840791,1
K01015.02,kepler,NON_HABITABLE,2.36,1537.0,1317.96,4.08897299,0.0533,0.0,5897.0,1.86,1.204,3.769164654593462,G,-1.272105127526505,1
K01017.01,kepler,NON_HABITABLE,3.24,679.0,50.32,17.44486016,0.1263,0.0,5568.0,0.966,0.882,0.8080642057490958,G,-1.1162981673658172,1
K01083.01,kepler,NON_HABITABLE,1.52,875.0,138.46,7.33685101,0.0724,0.0,5795.0,0.848,0.938,0.7306345010330698,G,-1.1932046839774597,1
K01085.01,kepler,NON_HABITABLE,0.9,502.0,15.01,7.71790675,0.0621,0.0,3975.0,0.509,0.535,0.05827453368390377,K,-0.9553925240874541,1
K01086.01,kepler,NON_HABITABLE,2.21,641.0,39.94,27.6652847,0.1754,0.0,6036.0,1.017,0.939,1.2368970125313208,F,-1.092578605056851,1
K00149.01,kepler,NON_HABITABLE,4.32,879.0,141.0,14.55730897,0.1186,0.0,5774.0,1.412,1.048,1.9965087685223493,G,-1.1942588096290188,1
K01154.01,kepler,NON_HABITABLE,26.06,1626.0,1656.16,6.810823723,0.0798,0.0,7226.0,2.079,1.461,10.616846001272956,F,-1.276188889332454,1
K00951.02,kepler,NON_HABITABLE,3.05,470.0,11.5,33.6528474,0.1916,0.0,4954.0,0.885,0.827,0.42501598146135,K,-0.904883513999169,1
K00952.01,kepler,NON_HABITABLE,1.94,514.0,16.54,5.90127815,0.051,0.0,3731.0,0.498,0.509,0.043296659679696696,K,-0.9721358532170763,1
K00952.02,kepler,NON_HABITABLE,1.83,451.0,9.76,8.75209691,0.0664,0.0,3731.0,0.498,0.509,0.043296659679696696,K,-0.8701312296960223,1
K00952.03,kepler,HABITABILITY_ZONE,2.17,328.0,2.73,22.78078241,0.1256,0.0,3731.0,0.498,0.509,0.043296659679696696,K,-0.47800956005664563,1
K00952.04,kepler,NON_HABITABLE,1.23,652.0,42.53,2.896005211,0.0318,0.0,3731.0,0.498,0.509,0.043296659679696696,K,-1.099310448775793,1
K00952.05,kepler,NON_HABITABLE,1.47,1026.0,262.51,0.742957911,0.0128,0.0,3731.0,0.498,0.509,0.043296659679696696,K,-1.2251603089641065,1
K01022.01,kepler,NON_HABITABLE,2.7,632.0,37.82,18.82744023,0.1353,0.0,5687.0,0.86,0.93,0.6969867560138341,G,-1.0865800475554943,1
K01024.01,kepler,NON_HABITABLE,1.86,641.0,40.07,5.747711909,0.054,0.0,4252.0,0.632,0.637,0.11762561043749897,K,-1.09293866916664,1
K00137.03,kepler,NON_HABITABLE,2.03,1165.0,435.21,3.504691252,0.0434,0.0,5356.0,1.055,0.882,0.8252050991826194,G,-1.2440965065070182,1
K01089.01,kepler,NON_HABITABLE,9.83,434.0,8.41,86.67856052,0.3779,0.0,5822.0,1.081,0.957,1.2095808503912462,G,-0.8363716384162846,1
K01089.02,kepler,NON_HABITABLE,5.1,835.0,114.59,12.21828097,0.1024,0.0,5822.0,1.081,0.957,1.2095808503912462,G,-1.181619092205319,1
K01159.01,kepler,NON_HABITABLE,5.4,383.0,5.09,64.617518,0.297,0.0,5043.0,0.881,0.834,0.4522748099155296,K,-0.7012738141185519,1
K01160.01,kepler,NON_HABITABLE,2.77,629.0,36.95,13.21409607,0.1019,0.0,5333.0,0.728,0.813,0.3862280430943994,G,-1.083958892347874,1
K01161.01,kepler,NON_HABITABLE,1.94,947.0,189.98,6.05729966,0.062,0.0,5334.0,1.004,0.865,0.7351469865457084,G,-1.2102810667701203,1
K00953.01,kepler,NON_HABITABLE,4.66,1131.0,386.66,3.584101048,0.0462,0.0,5739.0,0.922,1.021,0.8308094952570738,G,-1.2400851419304098,1
K00013.01,kepler,NON_HABITABLE,21.42,3559.0,37958.27,1.763587535,0.0386,0.0,9107.0,3.031,2.466,56.93350607850643,A,-1.3028927142932916,1
K00131.01,kepler,NON_HABITABLE,10.63,1308.0,692.13,5.014234733,0.0626,0.0,6490.0,1.307,1.304,2.7303899245458116,F,-1.2577292086203544,1
K00954.01,kepler,NON_HABITABLE,3.1,879.0,140.92,8.11528727,0.0785,0.0,5926.0,0.887,0.978,0.8741551863056912,G,-1.1942251592518882,1
K00954.02,kepler,NON_HABITABLE,3.01,530.0,18.7,36.9250409,0.2155,0.0,5926.0,0.887,0.978,0.8741551863056912,G,-0.9922710797834797,1
K01029.01,kepler,NON_HABITABLE,4.84,699.0,56.49,32.3122867,0.2015,0.0,5821.0,1.494,1.043,2.308799939730341,G,-1.1271719755110632,1
K01030.01,kepler,NON_HABITABLE,2.79,1021.0,257.11,9.22961384,0.0933,0.0,6320.0,1.252,1.273,2.2530544171279594,F,-1.2242746807656453,1
K01031.01,kepler,NON_HABITABLE,1.64,758.0,78.26,14.5598556,0.116,0.0,5959.0,0.966,0.983,1.0600894314670584,G,-1.15466424976943,1
K00144.01,kepler,NON_HABITABLE,3.07,876.0,139.48,4.176254191,0.0483,0.0,4957.0,0.776,0.867,0.32756223707524024,K,-1.1936308302188925,1
K01094.01,kepler,NON_HABITABLE,2.59,990.0,227.15,6.10027621,0.066,0.0,5957.0,0.937,1.026,0.9960572306586023,G,-1.218799364824521,1
K01095.01,kepler,NON_HABITABLE,6.57,449.0,9.61,51.59809554,0.2675,0.0,5681.0,0.859,0.957,0.6924368867491927,G,-0.8668859454564181,1
K01096.01,kepler,NON_HABITABLE,9.8,139.0,0.09,1500.0,2.4144,0.0,5606.0,0.76,0.832,0.5139658558300532,G,3.0,1
K00150.01,kepler,NON_HABITABLE,2.28,809.0,101.22,8.408878137,0.0744,0.0,5551.0,0.812,0.776,0.5640163297446168,G,-1.1734054066571438,1
K01161.02,kepler,NON_HABITABLE,2.41,777.0,86.28,10.93725572,0.092,0.0,5334.0,1.004,0.865,0.7351469865457084,G,-1.1620573703669925,1
K01161.03,kepler,NON_HABITABLE,1.52,1200.0,490.13,2.97136658,0.0386,0.0,5334.0,1.004,0.865,0.7351469865457084,G,-1.24789554996456,1
K01162.01,kepler,HABITABILITY_ZONE,3.08,350.0,3.53,158.6850022,0.5444,0.0,5751.0,1.034,0.852,1.053681265200478,G,-0.578989754995032,1
K01163.01,kepler,NON_HABITABLE,1.92,1209.0,505.22,2.936527336,0.0383,0.0,5359.0,1.002,0.867,0.746045270524576,G,-1.2488291185577458,1
K00955.01,kepler,NON_HABITABLE,2.45,1051.0,288.92,7.03902016,0.0744,0.0,6321.0,1.058,1.108,1.6099382064717687,F,-1.2291278726209873,1
K00956.01,kepler,NON_HABITABLE,3.67,690.0,53.68,8.360870704,0.0744,0.0,4743.0,0.81,0.786,0.2991418992623217,K,-1.1224609121090656,1
K00958.01,kepler,NON_HABITABLE,2.53,486.0,13.18,21.76129812,0.1401,0.0,4859.0,0.72,0.781,0.2603438358903977,K,-0.9315087890056184,1
K01032.01,kepler,HABITABILITY_ZONE,18.35,206.0,0.42,1500.1406772,2.634,0.0,5009.0,2.283,1.083,2.9560424066804782,K,0.8015356594501838,1
K01099.01,kepler,NON_HABITABLE,8.19,366.0,4.25,161.5278347,0.5874,0.0,5778.0,1.213,1.033,1.4774965044687183,G,-0.643908385325826,1
K01101.01,kepler,NON_HABITABLE,1.67,618.0,34.55,11.39102358,0.092,0.0,4983.0,0.728,0.836,0.294388619925081,K,-1.0762460962670268,1
K01102.01,kepler,NON_HABITABLE,4.12,915.0,165.3,12.33343853,0.1003,0.0,5896.0,1.24,0.884,1.6740482839925792,G,-1.2031010611261665,1
K01163.02,kepler,NON_HABITABLE,2.0,865.0,132.46,8.01500821,0.0748,0.0,5359.0,1.002,0.867,0.746045270524576,G,-1.1905870748216032,1
K01165.01,kepler,NON_HABITABLE,2.36,840.0,117.33,7.053934488,0.0684,0.0,5357.0,0.863,0.854,0.5525898292939818,G,-1.1831253461699023,1
K01165.02,kepler,NON_HABITABLE,0.68,991.0,227.69,4.29263699,0.0491,0.0,5357.0,0.863,0.854,0.5525898292939818,G,-1.2189087951677136,1
K01166.01,kepler,NON_HABITABLE,2.8,957.0,198.67,7.6746614,0.0781,0.0,6063.0,1.001,1.079,1.2198688407429246,F,-1.2124846315610154,1
K00961.01,kepler,NON_HABITABLE,0.78,525.0,18.03,1.213770423,0.0113,0.0,3292.0,0.148,0.132,0.0023177012087562186,M,-0.9864420562288161,1
K00961.02,kepler,NON_HABITABLE,0.76,729.0,66.14,0.453287416,0.0059,0.0,3292.0,0.148,0.132,0.0023177012087562186,M,-1.1410356056785462,1
K00961.03,kepler,NON_HABITABLE,0.66,455.0,10.1,1.865114193,0.0151,0.0,3292.0,0.148,0.132,0.0023177012087562186,M,-0.8776540029123391,1
K01360.01,kepler,NON_HABITABLE,2.83,437.0,8.6,36.7704935,0.2036,0.0,5142.0,0.755,0.84,0.35901856176922087,K,-0.8416201919354104,1
K01360.02,kepler,NON_HABITABLE,2.32,594.0,29.53,14.58932429,0.1099,0.0,5142.0,0.755,0.84,0.35901856176922087,K,-1.057150064405073,1
K01360.03,kepler,NON_HABITABLE,0.86,1589.0,1503.79,0.764017553,0.0154,0.0,5142.0,0.755,0.84,0.35901856176922087,K,-1.2745201065436338,1
K01361.01,kepler,HABITABILITY_ZONE,2.19,273.0,1.31,59.8780258,0.2522,0.0,4016.0,0.599,0.595,0.08408589897311836,K,-0.11124523976200767,1
K01362.01,kepler,NON_HABITABLE,2.58,540.0,20.15,20.51360192,0.1323,0.0,5310.0,0.704,0.733,0.3549916296344174,G,-1.0039041288725916,1
K01426.02,kepler,NON_HABITABLE,6.39,409.0,6.62,74.92768653,0.3292,0.0,5618.0,0.897,0.846,0.7221152817907189,G,-0.7760151334973892,1
K01426.03,kepler,HABITABILITY_ZONE,32.6,325.0,2.62,150.0189511,0.523,0.0,5618.0,0.897,0.846,0.7221152817907189,G,-0.46169164397237067,1
K01427.01,kepler,NON_HABITABLE,1.5,713.0,61.24,2.613020421,0.0298,0.0,3883.0,0.517,0.516,0.05474511327085923,K,-1.134405869301805,1
K01428.01,kepler,NON_HABITABLE,1.79,1361.0,813.3,0.927859786,0.017,0.0,4815.0,0.699,0.799,0.2366106167866026,K,-1.2617754252627011,1
K01429.01,kepler,HABITABILITY_ZONE,4.68,298.0,1.85,205.912735,0.6785,0.0,5644.0,0.969,0.981,0.8584011380663404,G,-0.30061834561950274,1
K00168.03,kepler,NON_HABITABLE,1.72,1157.0,422.8,7.10695741,0.0733,0.0,5761.0,1.518,1.036,2.286808271127434,G,-1.2431373787127802,1
K01239.01,kepler,NON_HABITABLE,1.98,2149.0,5056.88,0.783276173,0.0165,0.0,5640.0,1.233,0.979,1.385917183416581,G,-1.2906262856181254,1
K01239.02,kepler,NON_HABITABLE,2.09,1348.0,780.46,3.17405898,0.042,0.0,5640.0,1.233,0.979,1.385917183416581,G,-1.2607726056289918,1
K01240.01,kepler,NON_HABITABLE,1.76,1425.0,974.3,2.1395563,0.0317,0.0,5534.0,1.08,0.926,0.9855957917804199,G,-1.2659349123684662,1
K01240.02,kepler,NON_HABITABLE,2.96,1088.0,330.84,4.807103254,0.0544,0.0,5534.0,1.08,0.926,0.9855957917804199,G,-1.2344209676100135,1
K01241.01,kepler,NON_HABITABLE,11.64,1087.0,330.0,21.4054422,0.1681,0.0,4838.0,4.361,1.381,9.387076123915266,K,-1.2343247302854303,1
K01241.02,kepler,NON_HABITABLE,5.68,1378.0,852.28,10.5007712,0.1046,0.0,4838.0,4.361,1.381,9.387076123915266,K,-1.262889773660891,1
K01305.01,kepler,NON_HABITABLE,1.38,1131.0,387.43,2.633852528,0.0349,0.0,5114.0,0.878,0.817,0.47503612421296615,K,-1.2401541371604605,1
K01305.02,kepler,NON_HABITABLE,1.21,851.0,123.96,6.18670882,0.0617,0.0,5114.0,0.878,0.817,0.47503612421296615,K,-1.1865624033021953,1
K01306.01,kepler,NON_HABITABLE,1.2,1367.0,827.82,1.796320953,0.0268,0.0,5576.0,0.829,0.8,0.5985422774245223,G,-1.2621999323284119,1
K01306.02,kepler,NON_HABITABLE,1.29,1098.0,343.57,3.468073,0.0416,0.0,5576.0,0.829,0.8,0.5985422774245223,G,-1.2358341518413118,1
K01306.03,kepler,NON_HABITABLE,1.31,919.0,168.51,5.9142668,0.0594,0.0,5576.0,0.829,0.8,0.5985422774245223,G,-1.20412395639061,1
K00162.01,kepler,NON_HABITABLE,3.11,807.0,100.09,14.00640392,0.1126,0.0,5788.0,1.124,0.969,1.277442681493212,G,-1.1726359511410855,1
K01363.01,kepler,NON_HABITABLE,2.18,1212.0,510.26,3.546531809,0.0469,0.0,5993.0,0.986,1.093,1.1298626464235861,G,-1.2491317839427123,1
K01363.02,kepler,NON_HABITABLE,2.03,1035.0,270.62,5.70070626,0.0644,0.0,5993.0,0.986,1.093,1.1298626464235861,G,-1.2264408926265906,1
K01364.01,kepler,NON_HABITABLE,2.26,563.0,23.82,20.8341497,0.1389,0.0,5296.0,0.808,0.821,0.46271048168006507,G,-1.0285110924749492,1
K01364.02,kepler,NON_HABITABLE,2.13,808.0,100.88,7.0556584,0.0675,0.0,5296.0,0.808,0.821,0.46271048168006507,G,-1.17317822570692,1
K01430.01,kepler,NON_HABITABLE,2.11,540.0,20.15,10.47548084,0.0811,0.0,4463.0,0.611,0.662,0.1334395836268369,K,-1.0039550537885769,1
K01430.02,kepler,NON_HABITABLE,2.08,416.0,7.09,22.92886314,0.1367,0.0,4463.0,0.611,0.662,0.1334395836268369,K,-0.794177611990765,1
K01430.03,kepler,HABITABILITY_ZONE,2.63,277.0,1.4,77.4740991,0.3078,0.0,4463.0,0.611,0.662,0.1334395836268369,K,-0.14862149163814548,1
K01431.01,kepler,HABITABILITY_ZONE,7.79,241.0,0.8,345.1589354,0.9746,0.0,5597.0,0.931,1.032,0.7663290690583189,G,0.22447959158178035,1
K01432.01,kepler,NON_HABITABLE,2.68,946.0,189.35,6.88595222,0.0685,0.0,5616.0,0.999,0.903,0.8944047216946679,G,-1.2101159491688926,1
K01242.01,kepler,NON_HABITABLE,8.48,415.0,6.98,99.6442783,0.4283,0.0,6102.0,1.016,1.049,1.2893503409397211,F,-0.7900803385945221,1
K00155.01,kepler,NON_HABITABLE,3.24,1115.0,365.53,5.660669429,0.0606,0.0,5746.0,1.173,0.927,1.351304494245696,G,-1.2380941049785998,1
K01245.01,kepler,NON_HABITABLE,1.98,864.0,131.94,13.71938426,0.1174,0.0,6387.0,1.105,1.145,1.8306567909297113,F,-1.1903544471477105,1
K01306.04,kepler,NON_HABITABLE,1.81,539.0,20.03,29.2214959,0.1723,0.0,5576.0,0.829,0.8,0.5985422774245223,G,-1.0029958065937439,1
K01307.01,kepler,NON_HABITABLE,3.35,513.0,16.35,44.8520997,0.2409,0.0,5514.0,1.071,0.926,0.9553020265730093,G,-0.9702455345881705,1
K01307.02,kepler,NON_HABITABLE,2.88,667.0,46.93,20.34237838,0.1422,0.0,5514.0,1.071,0.926,0.9553020265730093,G,-1.1094243499417136,1
K00157.05,kepler,NON_HABITABLE,3.4,376.0,4.75,118.3786735,0.4596,0.0,5657.0,1.046,0.921,1.009491797151578,G,-0.6794871214205785,1
K01308.01,kepler,NON_HABITABLE,3.0,730.0,66.96,23.58444746,0.1583,0.0,5655.0,1.354,0.947,1.6891276692079233,G,-1.1420722444249316,1
K01364.03,kepler,NON_HABITABLE,2.11,678.0,49.87,11.97884409,0.096,0.0,5296.0,0.808,0.821,0.46271048168006507,G,-1.1154329414336546,1
K01364.04,kepler,NON_HABITABLE,1.46,1001.0,237.42,3.71545593,0.044,0.0,5296.0,0.808,0.821,0.46271048168006507,G,-1.220792758353297,1
K01364.05,kepler,NON_HABITABLE,1.31,1130.0,386.18,2.58083264,0.0345,0.0,5296.0,0.808,0.821,0.46271048168006507,G,-1.2400411864443857,1
K01366.01,kepler,NON_HABITABLE,3.04,657.0,44.17,19.25404023,0.1424,0.0,5798.0,0.941,1.038,0.9015437381417805,G,-1.1032422092177228,1
K01432.02,kepler,NON_HABITABLE,1.6,729.0,66.72,15.0549356,0.1154,0.0,5616.0,0.999,0.903,0.8944047216946679,G,-1.1417669541003077,1
K01432.03,kepler,NON_HABITABLE,1.29,1258.0,593.23,2.92721119,0.0387,0.0,5616.0,0.999,0.903,0.8944047216946679,G,-1.2535445217284629,1
K01432.04,kepler,NON_HABITABLE,1.77,534.0,19.24,38.2856338,0.2149,0.0,5616.0,0.999,0.903,0.8944047216946679,G,-0.9967621564601323,1
K01433.01,kepler,NON_HABITABLE,2.08,624.0,35.89,19.80787763,0.1399,0.0,5775.0,0.84,0.934,0.7070680879305322,G,-1.0806384233749553,1
K01434.01,kepler,NON_HABITABLE,1.18,1054.0,292.31,2.343230566,0.0315,0.0,4798.0,0.782,0.761,0.29197736908523403,K,-1.2295977370632984,1
K01246.01,kepler,NON_HABITABLE,5.74,1051.0,288.04,19.03723442,0.1404,0.0,5248.0,2.892,1.017,5.71566271705712,G,-1.2290039422783376,1
K01251.01,kepler,NON_HABITABLE,23.23,1982.0,3647.63,0.576078683,0.0131,0.0,5693.0,0.816,0.911,0.630143938548157,G,-1.2871988018353375,1
K01309.01,kepler,NON_HABITABLE,3.07,1163.0,433.41,10.1171684,0.1024,0.0,6306.0,1.792,1.399,4.574952471591975,F,-1.2439602300994952,1
K01310.01,kepler,NON_HABITABLE,4.23,817.0,105.25,19.12947603,0.1439,0.0,5372.0,1.71,1.084,2.1939713249881914,G,-1.1760461241051656,1
K01311.01,kepler,NON_HABITABLE,6.63,655.0,43.62,83.5781976,0.4256,0.0,6056.0,2.562,1.468,7.954198542730688,F,-1.1019594628075327,1
K01312.01,kepler,NON_HABITABLE,2.04,1164.0,433.72,6.1469956,0.0695,0.0,6110.0,1.296,1.185,2.1089658839341983,F,-1.243984023785701,1
K01366.02,kepler,NON_HABITABLE,3.88,466.0,11.12,54.1558384,0.2838,0.0,5798.0,0.941,1.038,0.9015437381417805,G,-0.8979925988796579,1
K00018.01,kepler,NON_HABITABLE,14.92,1640.0,1708.28,3.548465446,0.05,0.0,6290.0,1.746,1.319,4.299181406682187,F,-1.2767077781872243,1
K00163.01,kepler,NON_HABITABLE,2.08,649.0,42.07,11.1199028,0.0911,0.0,5078.0,0.766,0.816,0.35149814363912085,K,-1.0981642272140697,1
K01367.01,kepler,NON_HABITABLE,1.55,1848.0,2760.23,0.567856484,0.0125,0.0,5073.0,0.853,0.806,0.4341624126068124,K,-1.2837970729961967,1
K01435.01,kepler,NON_HABITABLE,2.2,516.0,16.76,40.7150498,0.2293,0.0,5968.0,0.881,0.97,0.8870779516900553,G,-0.9743993593323852,1
K01435.02,kepler,NON_HABITABLE,2.18,812.0,102.77,10.44635944,0.0926,0.0,5968.0,0.881,0.97,0.8870779516900553,G,-1.1744380275541066,1
K01436.01,kepler,NON_HABITABLE,1.28,1278.0,629.8,2.508553286,0.0355,0.0,5814.0,0.881,0.944,0.7989997379473679,G,-1.2552063252857473,1
K01436.02,kepler,NON_HABITABLE,1.66,725.0,65.24,13.75129636,0.1103,0.0,5814.0,0.881,0.944,0.7989997379473679,G,-1.1398730536143118,1
K00156.01,kepler,NON_HABITABLE,1.29,507.0,15.59,8.041347775,0.0648,0.0,3980.0,0.54,0.56,0.06591959314777329,K,-0.9620917134856668,1
K01255.01,kepler,NON_HABITABLE,11.9,398.0,5.94,78.9257421,0.3578,0.0,5750.0,0.882,0.98,0.7661313947311633,G,-0.7465457124737707,1
K01314.01,kepler,NON_HABITABLE,4.26,1374.0,841.68,8.57504983,0.0888,0.0,4986.0,3.464,1.268,6.681278478007732,K,-1.2625945143849775,1
K01315.01,kepler,NON_HABITABLE,1.9,1132.0,387.84,6.84639884,0.0732,0.0,6065.0,1.31,1.115,2.0919944230722463,F,-1.2401912943500697,1
K01316.01,kepler,NON_HABITABLE,1.43,1144.0,404.99,7.64970832,0.0822,0.0,5855.0,1.613,1.266,2.7546792822125727,G,-1.241683947188926,1
K00157.06,kepler,NON_HABITABLE,1.84,849.0,122.98,10.30401132,0.0903,0.0,5657.0,1.046,0.921,1.009491797151578,G,-1.1860743572482133,1
K01369.01,kepler,NON_HABITABLE,2.25,1449.0,1044.49,3.016182013,0.0408,0.0,5611.0,1.4,0.995,1.7502974355614118,G,-1.2674392978586337,1
K01370.01,kepler,NON_HABITABLE,1.69,857.0,127.67,6.8833761,0.0678,0.0,5679.0,0.794,0.886,0.5907764705526514,G,-1.1883683298029755,1
K01436.03,kepler,NON_HABITABLE,1.38,989.0,225.71,5.41908491,0.0593,0.0,5814.0,0.881,0.944,0.7989997379473679,G,-1.2185093752084724,1
K01437.01,kepler,NON_HABITABLE,1.61,984.0,221.46,7.01733571,0.0712,0.0,6052.0,0.967,0.974,1.130168857526941,F,-1.2176363680726747,1
K01438.01,kepler,NON_HABITABLE,1.9,1086.0,328.65,6.91134223,0.072,0.0,5685.0,1.35,1.039,1.7150789766187582,G,-1.2341699739899652,1
K01439.01,kepler,HABITABILITY_ZONE,7.79,325.0,2.65,394.6249514,1.1088,0.0,5910.0,1.727,1.164,3.27815367635024,G,-0.4658997453217736,1
K01440.01,kepler,NON_HABITABLE,1.59,995.0,232.36,7.19304935,0.0744,0.0,6185.0,0.991,1.06,1.2947944677937355,F,-1.2198280067704428,1
K01257.01,kepler,NON_HABITABLE,9.4,419.0,7.28,86.64764448,0.3786,0.0,5522.0,1.12,0.963,1.0507910495024728,G,-0.8009070654752533,1
K01258.01,kepler,NON_HABITABLE,5.3,513.0,16.36,36.33750453,0.2137,0.0,5717.0,0.884,0.984,0.7520938011734467,G,-0.9703221274225499,1
K01258.02,kepler,NON_HABITABLE,2.22,694.0,54.95,14.64613058,0.1166,0.0,5717.0,0.884,0.984,0.7520938011734467,G,-1.124637630059515,1
K01258.03,kepler,HABITABILITY_ZONE,4.3,321.0,2.51,148.272013,0.5456,0.0,5717.0,0.884,0.984,0.7520938011734467,G,-0.4428523506438818,1
K01320.01,kepler,NON_HABITABLE,9.01,668.0,47.21,10.50682978,0.0895,0.0,5127.0,0.782,0.872,0.380681249570484,K,-1.110017672952731,1
K01375.01,kepler,HABITABILITY_ZONE,7.25,310.0,2.17,321.2124365,0.9453,0.0,6018.0,1.286,1.09,1.9542736713823898,F,-0.377970438945265,1
K01377.01,kepler,NON_HABITABLE,1.74,907.0,160.18,11.29689442,0.1033,0.0,6096.0,1.176,1.155,1.7206367208152882,F,-1.2014053112593954,1
K00171.01,kepler,NON_HABITABLE,3.26,1251.0,579.9,5.968724048,0.067,0.0,6122.0,1.439,1.123,2.6205327957542366,F,-1.252899850208315,1
K01450.01,kepler,NON_HABITABLE,59.19,1736.0,2146.82,2.144632238,0.0334,0.0,6296.0,1.305,1.076,2.410874542453098,F,-1.2802960490685587,1
K01261.01,kepler,NON_HABITABLE,11.21,433.0,8.29,133.460999,0.5167,0.0,5588.0,1.593,1.031,2.229214461034367,G,-0.8329757843468236,1
K00156.02,kepler,NON_HABITABLE,1.0,586.0,27.95,5.188563677,0.0484,0.0,3980.0,0.54,0.56,0.06591959314777329,K,-1.0501282445137798,1
K01261.02,kepler,NON_HABITABLE,3.69,893.0,150.25,15.19423359,0.1214,0.0,5588.0,1.593,1.031,2.229214461034367,G,-1.197878605450209,1
K01323.01,kepler,NON_HABITABLE,7.45,1124.0,378.53,3.990105908,0.0493,0.0,5926.0,0.913,1.004,0.9261532476414917,G,-1.2393389632353757,1
K01325.01,kepler,NON_HABITABLE,4.42,786.0,90.33,10.035381809,0.0886,0.0,5813.0,0.833,0.925,0.7138155506777374,G,-1.1654103611358932,1
K01379.01,kepler,NON_HABITABLE,1.37,992.0,229.04,5.62154315,0.0603,0.0,5637.0,0.96,0.924,0.8383576192185265,G,-1.2191761625780844,1
K01441.01,kepler,NON_HABITABLE,1.9,900.0,155.42,8.50698069,0.0802,0.0,5822.0,0.986,0.951,1.0063228743959176,G,-1.1997559490912326,1
K01442.01,kepler,NON_HABITABLE,1.13,1983.0,3643.96,0.669310092,0.0149,0.0,5475.0,1.003,0.977,0.8143911966354227,G,-1.2871873653043953,1
K01444.01,kepler,NON_HABITABLE,2.49,565.0,24.17,44.9306706,0.2654,0.0,6121.0,1.164,1.233,1.7135239893653207,F,-1.030507500988699,1
K01264.01,kepler,NON_HABITABLE,3.02,675.0,49.18,14.13175309,0.1106,0.0,5616.0,0.822,0.907,0.6055454453187321,G,-1.1140552570506488,1
K01266.01,kepler,NON_HABITABLE,1.48,419.0,7.32,11.41926141,0.0795,0.0,3823.0,0.492,0.513,0.0465845718071217,K,-0.8022840018872845,1
K01268.01,kepler,HABITABILITY_ZONE,13.57,321.0,2.52,268.9410974,0.8272,0.0,5798.0,1.306,1.041,1.736576454321656,G,-0.44479637681670203,1
K01328.01,kepler,NON_HABITABLE,5.04,364.0,4.14,80.9669561,0.3412,0.0,5611.0,0.737,0.824,0.48505474886553906,G,-0.6347316486744434,1
K01329.01,kepler,NON_HABITABLE,2.85,485.0,13.09,33.1996355,0.1894,0.0,5102.0,0.88,0.819,0.4727394784303567,K,-0.9302829112096332,1
K01331.01,kepler,NON_HABITABLE,1.88,697.0,55.83,6.80082032,0.0636,0.0,4805.0,0.688,0.769,0.22732392960072495,K,-1.1260945425407374,1
K01332.01,kepler,NON_HABITABLE,4.0,815.0,104.41,19.30581662,0.1428,0.0,5661.0,1.522,1.04,2.1433674680513852,G,-1.1755102698705377,1
K00165.01,kepler,NON_HABITABLE,2.38,640.0,39.56,13.22175358,0.1032,0.0,5211.0,0.799,0.838,0.42410418848812853,G,-1.0915347656764693,1
K01445.01,kepler,NON_HABITABLE,1.61,1187.0,469.56,7.16893064,0.0779,0.0,6221.0,1.458,1.225,2.868471661075857,F,-1.2465507808582041,1
K01445.02,kepler,NON_HABITABLE,0.76,545.0,20.85,54.325574,0.2997,0.0,6343.0,1.137,1.213,1.8853608529363741,F,-1.0091170514670238,1
K01270.01,kepler,NON_HABITABLE,2.41,850.0,123.03,5.729317577,0.06,0.0,5320.0,0.786,0.882,0.44584749569571724,G,-1.186096678909499,1
K00156.03,kepler,NON_HABITABLE,2.08,446.0,9.37,11.776132317,0.0836,0.0,3980.0,0.54,0.56,0.06591959314777329,K,-0.8611717876729519,1
K01270.02,kepler,NON_HABITABLE,1.71,671.0,48.06,11.60908533,0.096,0.0,5320.0,0.786,0.882,0.44584749569571724,G,-1.1117886626532483,1
K01271.01,kepler,NON_HABITABLE,11.52,437.0,8.65,162.0479502,0.6344,0.0,6309.0,1.567,1.294,3.504893394135029,F,-0.842905499070491,1
K01273.01,kepler,NON_HABITABLE,3.43,489.0,13.57,40.05881661,0.2265,0.0,5668.0,0.868,0.963,0.7005732118397854,G,-0.9369786329536212,1
K01332.02,kepler,NON_HABITABLE,2.22,1197.0,485.84,6.09747233,0.0662,0.0,5661.0,1.522,1.04,2.1433674680513852,G,-1.2476221443413535,1
K01332.03,kepler,NON_HABITABLE,3.68,570.0,24.87,56.637918,0.2926,0.0,5661.0,1.522,1.04,2.1433674680513852,G,-1.034487309090796,1
K00159.01,kepler,NON_HABITABLE,2.78,960.0,200.35,8.99088621,0.0856,0.0,5881.0,1.171,1.032,1.477791683147554,G,-1.212893831137191,1
K01393.01,kepler,NON_HABITABLE,2.12,797.0,95.14,1.694740233,0.0229,0.0,3764.0,0.527,0.555,0.05022435866327124,K,-1.1691103129161524,1
K01455.01,kepler,NON_HABITABLE,16.43,742.0,71.78,15.068060768,0.1213,0.0,5982.0,0.96,1.047,1.0632192012752566,G,-1.1478087639799677,1
K01456.01,kepler,NON_HABITABLE,8.99,996.0,232.07,7.886632468,0.0762,0.0,5847.0,1.135,0.946,1.3564969097303745,G,-1.2197713317520193,1
K01457.01,kepler,NON_HABITABLE,8.43,824.0,109.35,8.027681123,0.0787,0.0,5569.0,0.887,1.009,0.6817903053616723,G,-1.178579587454329,1
K01274.01,kepler,NON_HABITABLE,4.53,178.0,0.24,704.962626,1.4108,0.0,5305.0,0.818,0.753,0.47746646106215257,G,1.5040323621179121,1
K01275.01,kepler,NON_HABITABLE,3.88,543.0,20.59,50.28635977,0.2678,0.0,5900.0,1.167,1.012,1.486772326699034,G,-1.0072418046503884,1
K01276.01,kepler,NON_HABITABLE,2.57,634.0,38.27,22.79020351,0.1528,0.0,5478.0,1.053,0.914,0.899579529760866,G,-1.0879040445458288,1
K01276.02,kepler,NON_HABITABLE,1.47,760.0,78.79,13.26079792,0.1065,0.0,5478.0,1.053,0.914,0.899579529760866,G,-1.1551842859865704,1
K01335.01,kepler,NON_HABITABLE,9.46,554.0,22.21,127.8334997,0.5829,0.0,6505.0,2.17,1.613,7.59632227751318,F,-1.018456703891549,1
K01336.01,kepler,NON_HABITABLE,2.33,920.0,169.13,10.21864532,0.0927,0.0,6100.0,1.083,1.017,1.4630897359597783,F,-1.2043174331828246,1
K01336.02,kepler,NON_HABITABLE,2.94,799.0,96.38,15.573637,0.1228,0.0,6100.0,1.083,1.017,1.4630897359597783,F,-1.170020337405462,1
K01336.03,kepler,NON_HABITABLE,2.92,583.0,27.31,40.1015561,0.2307,0.0,6100.0,1.083,1.017,1.4630897359597783,F,-1.0470749342699996,1
K01336.04,kepler,NON_HABITABLE,1.61,1212.0,511.6,4.45814897,0.0533,0.0,6100.0,1.083,1.017,1.4630897359597783,F,-1.249211306060834,1
K01395.01,kepler,NON_HABITABLE,3.7,875.0,138.33,6.230335,0.066,0.0,5477.0,0.865,0.983,0.6065936908996322,G,-1.1931491599577644,1
K00166.01,kepler,NON_HABITABLE,2.2,649.0,42.08,12.49340725,0.0994,0.0,5207.0,0.795,0.84,0.41858077556300705,G,-1.0981935390857949,1
K01396.01,kepler,NON_HABITABLE,2.54,895.0,151.59,6.62643441,0.0692,0.0,5616.0,0.903,1.006,0.7307664618696048,G,-1.1983744798703335,1
K01396.02,kepler,NON_HABITABLE,1.62,1087.0,330.02,3.70122061,0.0469,0.0,5616.0,0.903,1.006,0.7307664618696048,G,-1.2343280392551705,1
K01397.01,kepler,NON_HABITABLE,1.89,512.0,16.23,6.247030799,0.0528,0.0,3821.0,0.487,0.503,0.04554710555752914,K,-0.9689626214421163,1
K01207.01,kepler,NON_HABITABLE,2.71,634.0,38.11,13.73474071,0.101,0.0,5196.0,0.772,0.726,0.39138653516839944,K,-1.0874358154244572,1
K01208.01,kepler,HABITABILITY_ZONE,6.43,238.0,0.76,700.00298217,1.6115,0.0,6487.0,1.118,1.136,1.994132029510336,F,0.26287903464215073,1
K01209.01,kepler,HABITABILITY_ZONE,5.95,251.0,0.93,272.0868353,0.7652,0.0,5587.0,0.791,0.806,0.5492402583412291,G,0.11310647266630011,1
K01210.01,kepler,NON_HABITABLE,3.45,939.0,183.48,14.55387488,0.1256,0.0,6143.0,1.507,1.246,2.9136895490603565,F,-1.2085302083853728,1
K00152.04,kepler,NON_HABITABLE,3.01,511.0,16.12,81.0637895,0.379,0.0,6198.0,1.324,1.101,2.3306495110659315,F,-0.9677850893119074,1
K01278.01,kepler,NON_HABITABLE,2.16,588.0,28.22,24.8056775,0.154,0.0,5600.0,0.872,0.793,0.6737205402047809,G,-1.0513560919439748,1
K00157.01,kepler,NON_HABITABLE,2.88,786.0,90.1,13.02493307,0.1055,0.0,5657.0,1.046,0.921,1.009491797151578,G,-1.1652237588605068,1
K01278.02,kepler,NON_HABITABLE,2.45,484.0,13.0,44.3471936,0.2269,0.0,5600.0,0.872,0.793,0.6737205402047809,G,-0.9289469181457851,1
K01278.03,kepler,NON_HABITABLE,1.02,817.0,105.63,9.2207691,0.0796,0.0,5600.0,0.872,0.793,0.6737205402047809,G,-1.176283973021963,1
K01278.04,kepler,NON_HABITABLE,1.1,717.0,62.6,13.6396648,0.1034,0.0,5600.0,0.872,0.793,0.6737205402047809,G,-1.136320484182499,1
K01337.01,kepler,NON_HABITABLE,1.28,1215.0,514.44,1.922799706,0.029,0.0,5194.0,0.815,0.879,0.4355296326557613,K,-1.2493792436626325,1
K01338.01,kepler,NON_HABITABLE,1.47,1239.0,558.65,3.222975318,0.0412,0.0,5823.0,0.96,0.899,0.9546063892959423,G,-1.2518252763907582,1
K01338.02,kepler,NON_HABITABLE,1.66,527.0,18.16,42.0370662,0.2285,0.0,5823.0,0.96,0.899,0.9546063892959423,G,-0.9876136396653556,1
K01338.03,kepler,NON_HABITABLE,1.4,663.0,45.79,21.0112068,0.1439,0.0,5823.0,0.96,0.899,0.9546063892959423,G,-1.1069532257143095,1
K01339.01,kepler,NON_HABITABLE,2.28,1277.0,628.73,4.16811839,0.0507,0.0,5689.0,1.313,1.0,1.626926366626869,G,-1.2551598010125118,1
K01398.01,kepler,NON_HABITABLE,3.0,955.0,196.33,5.82348911,0.0615,0.0,5774.0,0.864,0.916,0.7475311823718891,G,-1.2119070998989951,1
K01399.01,kepler,NON_HABITABLE,2.27,682.0,51.0,8.75059775,0.0797,0.0,4942.0,0.779,0.884,0.3261223701130495,K,-1.1175924123462704,1
K01402.01,kepler,NON_HABITABLE,2.24,965.0,205.23,7.13969705,0.075,0.0,6014.0,0.993,1.101,1.1621091010197324,F,-1.214055398212513,1
K01403.01,kepler,NON_HABITABLE,1.67,382.0,5.03,18.75470238,0.1139,0.0,3976.0,0.54,0.559,0.06565498899322561,K,-0.6972880794193246,1
K01212.01,kepler,NON_HABITABLE,1.85,852.0,124.42,11.30123036,0.0988,0.0,5730.0,1.122,1.005,1.2226408781292917,G,-1.1867935414309667,1
K01214.01,kepler,NON_HABITABLE,1.44,1177.0,452.95,4.24153629,0.0491,0.0,5776.0,1.047,0.875,1.0992508545722532,G,-1.2453988462498153,1
K01215.01,kepler,NON_HABITABLE,3.14,964.0,204.1,17.32419108,0.1385,0.0,5968.0,1.857,1.179,3.94124811144546,G,-1.2137911743274508,1
K01279.01,kepler,NON_HABITABLE,1.94,779.0,87.24,14.37457572,0.1137,0.0,5768.0,1.067,0.946,1.135336384376533,G,-1.1628732281654721,1
K01279.02,kepler,NON_HABITABLE,1.08,890.0,148.32,9.65188331,0.0872,0.0,5768.0,1.067,0.946,1.135336384376533,G,-1.1971507904290413,1
K01281.01,kepler,NON_HABITABLE,1.88,462.0,10.73,49.4781446,0.2587,0.0,5776.0,0.849,0.939,0.7228011403177084,G,-0.8905579347359907,1
K01282.01,kepler,NON_HABITABLE,3.01,743.0,72.05,30.8639476,0.1978,0.0,5977.0,1.571,1.081,2.8377890182399894,G,-1.148112055902753,1
K00159.02,kepler,NON_HABITABLE,1.24,1489.0,1164.85,2.403640701,0.0355,0.0,5881.0,1.171,1.032,1.477791683147554,G,-1.2696950230856676,1
K01341.01,kepler,NON_HABITABLE,1.84,1231.0,543.73,4.51436096,0.055,0.0,5940.0,1.215,1.091,1.6557434516107585,G,-1.2510329011433792,1
K01342.01,kepler,NON_HABITABLE,1.29,1270.0,614.52,3.77359871,0.0453,0.0,6224.0,0.969,0.868,1.2694646163702692,F,-1.2545300445930327,1
K01342.02,kepler,NON_HABITABLE,1.77,981.0,218.9,8.18182189,0.0759,0.0,6224.0,0.969,0.868,1.2694646163702692,F,-1.217098524964938,1
K01404.01,kepler,NON_HABITABLE,1.26,378.0,4.83,13.32389352,0.0862,0.0,3751.0,0.45,0.479,0.036116694403729756,K,-0.6848000437708696,1
K00167.01,kepler,NON_HABITABLE,2.86,1312.0,702.13,4.919584997,0.0605,0.0,6236.0,1.378,1.224,2.587125946283339,F,-1.2581024262699299,1
K01405.01,kepler,NON_HABITABLE,3.32,921.0,170.33,11.41911886,0.107,0.0,6311.0,1.172,1.253,1.96310104562528,F,-1.2046893306201287,1
K01406.01,kepler,NON_HABITABLE,2.6,869.0,134.97,11.36113254,0.1013,0.0,6244.0,1.009,1.069,1.3942113706382988,F,-1.1917014541662951,1
K01408.01,kepler,NON_HABITABLE,1.36,420.0,7.34,14.53410833,0.0956,0.0,3957.0,0.553,0.551,0.06754748351370742,K,-0.8029764345245117,1
K01215.02,kepler,NON_HABITABLE,3.13,778.0,86.38,33.0063185,0.2129,0.0,5968.0,1.857,1.179,3.94124811144546,G,-1.1621397407052156,1
K01216.01,kepler,NON_HABITABLE,2.06,952.0,194.31,11.13127159,0.1036,0.0,5800.0,1.435,1.195,2.099473932442423,G,-1.2113992234189963,1
K01218.01,kepler,NON_HABITABLE,1.74,580.0,26.79,29.6193891,0.1817,0.0,5618.0,0.996,0.911,0.8903081041610296,G,-1.0445371528065317,1
K00153.01,kepler,NON_HABITABLE,2.36,628.0,36.89,8.925079516,0.0763,0.0,4728.0,0.693,0.768,0.21620764733706874,K,-1.0837836073140905,1
K01283.01,kepler,NON_HABITABLE,1.44,1089.0,331.65,8.0922105,0.0764,0.0,5774.0,1.395,0.907,1.9487235955386977,G,-1.2345132925218922,1
K00157.02,kepler,NON_HABITABLE,3.2,653.0,42.95,22.687155,0.1528,0.0,5657.0,1.046,0.921,1.009491797151578,G,-1.1003399888777095,1
K01344.01,kepler,NON_HABITABLE,1.37,1305.0,684.07,4.48758768,0.0528,0.0,6060.0,1.257,0.972,1.9197990054427143,F,-1.25742244676027,1
K01409.01,kepler,NON_HABITABLE,2.94,701.0,57.28,16.56062577,0.1144,0.0,5818.0,0.855,0.727,0.7546086990840083,G,-1.1284371774000266,1
K01410.01,kepler,NON_HABITABLE,2.77,777.0,86.18,15.74958583,0.1266,0.0,6191.0,1.025,1.088,1.3905469510122734,F,-1.161975575109028,1
K01412.01,kepler,NON_HABITABLE,3.04,626.0,36.25,37.8145252,0.2341,0.0,5988.0,1.314,1.196,1.999919925898852,G,-1.0817928634517846,1
K01413.01,kepler,NON_HABITABLE,1.55,741.0,71.28,12.64504291,0.0987,0.0,5607.0,0.886,0.8,0.699011592950921,G,-1.1472382240601715,1
K01413.02,kepler,NON_HABITABLE,1.36,621.0,35.03,21.5262958,0.1408,0.0,5607.0,0.886,0.8,0.699011592950921,G,-1.0778371424343323,1
K01413.03,kepler,NON_HABITABLE,1.74,533.0,19.13,33.8845825,0.1905,0.0,5607.0,0.886,0.8,0.699011592950921,G,-0.995907599517368,1
K01220.01,kepler,NON_HABITABLE,1.91,1109.0,357.44,6.40087137,0.0662,0.0,5426.0,1.421,0.943,1.5768922686374969,G,-1.2372853942931492,1
K01221.01,kepler,NON_HABITABLE,4.54,836.0,115.69,30.1599411,0.213,0.0,5010.0,3.051,1.414,5.283601186919078,K,-1.1822286627316387,1
K01221.02,kepler,NON_HABITABLE,3.66,702.0,57.28,51.0771048,0.3027,0.0,5010.0,3.051,1.414,5.283601186919078,K,-1.1284445806590395,1
K01288.01,kepler,NON_HABITABLE,10.36,418.0,7.2,117.93110803,0.4884,0.0,6392.0,1.072,1.116,1.7283486161767128,F,-0.7979240926314239,1
K01353.01,kepler,NON_HABITABLE,12.37,394.0,5.71,125.86540191,0.4913,0.0,5933.0,1.115,0.998,1.3878477908266198,G,-0.7351626721179072,1
K01353.02,kepler,NON_HABITABLE,2.67,607.0,32.02,34.5439452,0.2075,0.0,5933.0,1.115,0.998,1.3878477908266198,G,-1.0671853930962518,1
K00168.01,kepler,NON_HABITABLE,3.06,1008.0,243.94,10.74241765,0.0965,0.0,5761.0,1.518,1.036,2.286808271127434,G,-1.2219927803525399,1
K01416.01,kepler,NON_HABITABLE,15.75,1408.0,929.47,2.495780169,0.0355,0.0,6039.0,0.992,0.959,1.1791747557315033,F,-1.2648860275035327,1
K01225.01,kepler,NON_HABITABLE,25.0,827.0,110.02,1.714274727,0.0229,0.0,3874.0,0.535,0.541,0.05808188998798853,K,-1.1789825348362908,1
K00153.02,kepler,NON_HABITABLE,2.0,775.0,85.23,4.75400072,0.0502,0.0,4728.0,0.693,0.768,0.21620764733706874,K,-1.161146253130435,1
K00017.01,kepler,NON_HABITABLE,13.06,1356.0,797.62,3.234699282,0.0435,0.0,5640.0,1.291,1.047,1.5193702231443695,G,-1.2613044682469245,1
K00157.03,kepler,NON_HABITABLE,4.12,582.0,27.17,31.99552485,0.1921,0.0,5657.0,1.046,0.921,1.009491797151578,G,-1.0464302180463363,1
K01355.01,kepler,NON_HABITABLE,8.49,574.0,25.6,51.92920654,0.2742,0.0,5671.0,1.442,1.017,1.93759863668553,G,-1.0384483495387478,1
K01357.01,kepler,NON_HABITABLE,2.87,1124.0,377.79,3.014330766,0.0398,0.0,5209.0,0.953,0.925,0.6024180019365499,G,-1.2392692487158656,1
K01358.01,kepler,NON_HABITABLE,2.66,744.0,72.38,5.644914154,0.0571,0.0,4769.0,0.714,0.799,0.2375748280474358,K,-1.1484843836160588,1
K00161.01,kepler,NON_HABITABLE,2.68,980.0,217.91,3.105507835,0.0399,0.0,4989.0,0.791,0.878,0.3492220786782729,K,-1.2168865153524662,1
K01420.01,kepler,NON_HABITABLE,4.44,585.0,27.77,13.35151248,0.1004,0.0,4843.0,0.754,0.755,0.2817703414365159,K,-1.0492605552458034,1
K01421.01,kepler,NON_HABITABLE,10.23,157.0,0.14,1693.6636225,2.8364,0.0,5923.0,1.021,1.059,1.15588100014213,G,2.326168582788086,1
K01422.01,kepler,NON_HABITABLE,1.38,446.0,9.38,5.841636615,0.0465,0.0,3526.0,0.383,0.394,0.020427794962128258,M,-0.8615403409191335,1
K01422.02,kepler,POTENTIALLY_HABITABLE,1.52,297.0,1.83,19.85029495,0.1052,0.0,3526.0,0.383,0.394,0.020427794962128258,M,-0.2954917825584656,1
K00168.02,kepler,NON_HABITABLE,2.17,896.0,152.62,15.27443889,0.122,0.0,5761.0,1.518,1.036,2.286808271127434,G,-1.1987519502583104,1
K01298.01,kepler,NON_HABITABLE,2.15,488.0,13.39,11.00817635,0.0816,0.0,4141.0,0.582,0.596,0.08973494513664095,K,-0.9345075660847377,1
K01298.02,kepler,POTENTIALLY_HABITABLE,1.87,240.0,0.78,92.7495777,0.3378,0.0,4141.0,0.582,0.596,0.08973494513664095,K,0.24425044429667533,1
K01299.01,kepler,NON_HABITABLE,12.41,812.0,102.94,52.5008645,0.3035,0.0,4976.0,4.157,1.352,9.545006886379278,K,-1.174550156463389,1
K01300.01,kepler,NON_HABITABLE,1.2,1322.0,726.72,0.63133171,0.0116,0.0,4441.0,0.53,0.526,0.09843953242889913,K,-1.2589868773407171,1
K01301.01,kepler,NON_HABITABLE,2.62,686.0,52.55,12.69905011,0.1019,0.0,5291.0,0.882,0.875,0.5492662656249999,G,-1.1204434430059997,1
K01358.02,kepler,NON_HABITABLE,1.92,643.0,40.33,8.74292005,0.0765,0.0,4769.0,0.714,0.799,0.2375748280474358,K,-1.0936279144804217,1
K01358.03,kepler,NON_HABITABLE,1.33,860.0,129.44,3.64830183,0.0427,0.0,4769.0,0.714,0.799,0.2375748280474358,K,-1.189202587510552,1
K01358.04,kepler,NON_HABITABLE,1.23,997.0,233.38,2.345863002,0.0318,0.0,4769.0,0.714,0.799,0.2375748280474358,K,-1.220024005736245,1
K01359.01,kepler,NON_HABITABLE,3.19,532.0,18.95,37.1011418,0.2093,0.0,5986.0,0.85,0.886,0.8357558241630602,G,-0.9944023309901563,1
K01359.02,kepler,NON_HABITABLE,6.45,376.0,4.74,104.8205868,0.4183,0.0,5986.0,0.85,0.886,0.8357558241630602,G,-0.6793135698288082,1
K01422.03,kepler,NON_HABITABLE,1.14,363.0,4.09,10.8644095,0.0704,0.0,3526.0,0.383,0.394,0.020427794962128258,M,-0.6310708256751818,1
K01423.01,kepler,NON_HABITABLE,10.3,416.0,7.07,124.4197175,0.479,0.0,5066.0,1.659,0.945,1.6332332925084967,K,-0.7933631992023701,1
K01424.01,kepler,NON_HABITABLE,1.51,1252.0,578.96,1.219568047,0.0204,0.0,4838.0,0.701,0.778,0.24254604780138508,K,-1.2528534573662038,1
K01425.01,kepler,NON_HABITABLE,2.74,1523.0,1271.11,2.05388477,0.0313,0.0,5632.0,1.176,0.965,1.2536027562553205,G,-1.2714141097527158,1
K01426.01,kepler,NON_HABITABLE,2.81,509.0,15.89,38.86848956,0.2125,0.0,5618.0,0.897,0.846,0.7221152817907189,G,-0.9652904236293275,1
K01236.01,kepler,NON_HABITABLE,5.47,774.0,84.66,35.7353616,0.2236,0.0,6366.0,1.697,1.164,4.261131452938129,F,-1.160651671912829,1
K01236.02,kepler,NON_HABITABLE,3.82,1104.0,350.46,12.30971679,0.1099,0.0,6366.0,1.697,1.164,4.261131452938129,F,-1.2365661011439606,1
K01236.03,kepler,NON_HABITABLE,3.2,574.0,25.6,54.4205407,0.2901,0.0,6781.0,1.067,1.097,2.1686952421101875,F,-1.0384402694001071,1
K01238.01,kepler,NON_HABITABLE,2.18,605.0,31.58,27.07237655,0.181,0.0,5936.0,0.965,1.075,1.0416574062987272,G,-1.0655201565301473,1
K01301.02,kepler,NON_HABITABLE,2.68,478.0,12.38,37.5142128,0.2099,0.0,5291.0,0.882,0.875,0.5492662656249999,G,-0.9195995528813367,1
K01302.01,kepler,NON_HABITABLE,3.13,478.0,12.33,55.6391882,0.2901,0.0,5949.0,0.962,1.05,1.044289064189797,G,-0.9186849532026546,1
K00157.04,kepler,NON_HABITABLE,2.52,513.0,16.41,46.6856205,0.2472,0.0,5657.0,1.046,0.921,1.009491797151578,G,-0.9708467988908999,1
K01303.01,kepler,NON_HABITABLE,3.29,584.0,27.6,34.2966363,0.2003,0.0,5490.0,1.167,0.911,1.114617353225227,G,-1.04845981715166,1
K01304.01,kepler,NON_HABITABLE,1.69,1105.0,352.4,4.59726613,0.055,0.0,5999.0,0.959,1.045,1.0731177351511214,G,-1.2367679338083428,1
K01602.01,kepler,NON_HABITABLE,2.53,1028.0,263.89,9.97716876,0.0919,0.0,5557.0,1.616,1.035,2.2435668288220425,G,-1.2253819387653075,1
K01603.01,kepler,NON_HABITABLE,1.31,1332.0,744.35,3.02168007,0.0417,0.0,6201.0,0.989,1.058,1.3029694071738156,F,-1.2595938592368832,1
K01713.02,kepler,NON_HABITABLE,1.22,837.0,115.98,2.240486703,0.0281,0.0,4198.0,0.574,0.587,0.09219093765024503,K,-1.1823910015427044,1
K01715.01,kepler,NON_HABITABLE,2.29,406.0,6.44,105.0145774,0.4229,0.0,5868.0,1.042,0.915,1.1598199344409423,G,-0.7687297330214651,1
K01716.01,kepler,NON_HABITABLE,1.55,879.0,141.0,4.88084456,0.0527,0.0,4929.0,0.861,0.817,0.39421785072669996,K,-1.1942605692190067,1
K01717.01,kepler,NON_HABITABLE,2.43,867.0,133.56,10.56137217,0.0954,0.0,5610.0,1.171,1.034,1.22365769462443,G,-1.1910809071519708,1
K01718.01,kepler,NON_HABITABLE,3.39,495.0,14.24,67.6690554,0.3214,0.0,6127.0,1.08,0.964,1.4809273118071262,F,-0.9459400620605846,1
K01488.01,kepler,NON_HABITABLE,2.32,966.0,206.05,3.949627144,0.0463,0.0,5155.0,0.836,0.849,0.4446537339955399,K,-1.2142468071292614,1
K01489.01,kepler,NON_HABITABLE,2.24,583.0,27.41,16.00460392,0.1179,0.0,5180.0,0.769,0.86,0.38358925108744946,K,-1.0475777538956041,1
K01491.01,kepler,NON_HABITABLE,2.15,1097.0,342.76,3.148661555,0.039,0.0,5258.0,0.873,0.797,0.5248141365450747,G,-1.235746059812904,1
K01557.01,kepler,NON_HABITABLE,2.81,875.0,138.38,3.295701024,0.0392,0.0,4723.0,0.691,0.76,0.2140536251754338,K,-1.1931680419871176,1
K01557.02,kepler,NON_HABITABLE,2.41,611.0,32.98,9.65349016,0.0803,0.0,4723.0,0.691,0.76,0.2140536251754338,K,-1.0707326825212222,1
K01557.03,kepler,NON_HABITABLE,2.33,746.0,73.19,5.315954488,0.0539,0.0,4723.0,0.691,0.76,0.2140536251754338,K,-1.1493772929810675,1
K00180.01,kepler,NON_HABITABLE,2.19,766.0,81.61,10.04556377,0.0896,0.0,5632.0,0.853,0.952,0.6595433672574054,G,-1.1578841858914222,1
K01557.04,kepler,NON_HABITABLE,1.09,1137.0,395.06,1.499144441,0.0232,0.0,4723.0,0.691,0.76,0.2140536251754338,K,-1.2408314422658115,1
K01606.01,kepler,NON_HABITABLE,1.4,928.0,175.06,5.082748362,0.0572,0.0,5430.0,0.858,0.961,0.5765919893093883,G,-1.2061216910230372,1
K01608.01,kepler,NON_HABITABLE,1.66,960.0,200.99,9.17617167,0.085,0.0,5903.0,1.156,0.974,1.4618456217707154,G,-1.2130499042053253,1
K01608.02,kepler,NON_HABITABLE,1.61,744.0,72.32,19.7383992,0.1417,0.0,5903.0,1.156,0.974,1.4618456217707154,G,-1.14841626112365,1
K01609.01,kepler,NON_HABITABLE,2.03,537.0,19.61,41.6980186,0.2359,0.0,5997.0,0.971,1.004,1.0986753113816374,G,-0.9997592309340058,1
K01720.01,kepler,NON_HABITABLE,3.59,393.0,5.66,59.6585348,0.2873,0.0,5243.0,0.831,0.887,0.4701280768152216,G,-0.7324408787129318,1
K01721.01,kepler,NON_HABITABLE,3.68,544.0,20.65,52.6298542,0.2689,0.0,5339.0,1.433,0.933,1.5032346386376647,G,-1.007667316420048,1
K00192.01,kepler,NON_HABITABLE,13.43,996.0,233.08,10.290994129,0.0906,0.0,5803.0,1.373,0.937,1.9259546959727283,G,-1.2199663752138328,1
K01722.01,kepler,NON_HABITABLE,1.63,692.0,54.19,14.8783945,0.1153,0.0,5822.0,0.837,0.92,0.7251609858430539,G,-1.123331863815386,1
K01723.01,kepler,NON_HABITABLE,3.63,486.0,13.23,59.6222627,0.3059,0.0,6108.0,0.997,1.072,1.2464680199033136,F,-0.9323144590373103,1
K01494.01,kepler,NON_HABITABLE,2.04,672.0,48.2,8.19596647,0.0718,0.0,4723.0,0.747,0.734,0.25015414085695276,K,-1.1120884187921514,1
K01495.01,kepler,NON_HABITABLE,2.74,718.0,62.88,15.59466045,0.122,0.0,5900.0,0.929,0.995,0.9421806590747565,G,-1.1367149820067197,1
K00174.01,kepler,HABITABILITY_ZONE,2.59,352.0,3.63,56.35407916,0.2537,0.0,4802.0,0.701,0.686,0.23540699803063628,K,-0.5892722584533268,1
K01560.01,kepler,NON_HABITABLE,11.18,575.0,25.83,31.56904354,0.1878,0.0,5654.0,0.998,0.886,0.917020426240573,G,-1.039651855735969,1
K01612.01,kepler,NON_HABITABLE,0.69,1561.0,1406.11,2.465024332,0.0359,0.0,6139.0,1.194,1.016,1.824290083613262,F,-1.2733102591034189,1
K01613.01,kepler,NON_HABITABLE,1.31,879.0,141.18,15.86624787,0.1225,0.0,6099.0,1.308,0.974,2.1327734793055333,F,-1.1943347957474688,1
K00188.01,kepler,NON_HABITABLE,10.07,982.0,219.64,3.797018259,0.0457,0.0,5167.0,0.848,0.883,0.46178546703862644,K,-1.217255609383483,1
K01615.01,kepler,NON_HABITABLE,1.16,1783.0,2393.35,1.340596782,0.0247,0.0,5992.0,1.125,1.122,1.4698972384428706,G,-1.2818644915124733,1
K01724.01,kepler,NON_HABITABLE,3.29,722.0,64.13,17.42393582,0.1311,0.0,6018.0,0.969,0.986,1.1095605266640385,F,-1.1384080652747688,1
K01725.01,kepler,NON_HABITABLE,1.6,393.0,5.65,9.8786461,0.0692,0.0,3609.0,0.422,0.452,0.027218685057044143,M,-0.7318488471609668,1
K01726.01,kepler,NON_HABITABLE,2.0,379.0,4.89,44.96407458,0.2298,0.0,4827.0,0.729,0.817,0.25993152945989106,K,-0.6887213036803911,1
K01727.01,kepler,NON_HABITABLE,5.12,455.0,10.16,49.7700907,0.2559,0.0,5774.0,0.818,0.907,0.6700518889229251,G,-0.8790771985272255,1
K01498.01,kepler,NON_HABITABLE,2.98,1143.0,403.49,5.83376197,0.0687,0.0,6213.0,1.195,1.27,1.9170610140644908,F,-1.2415577033591285,1
K01498.02,kepler,NON_HABITABLE,1.62,1532.0,1305.04,2.42150341,0.0382,0.0,6213.0,1.195,1.27,1.9170610140644908,F,-1.271918153344268,1
K01499.01,kepler,NON_HABITABLE,2.35,694.0,54.95,14.16400071,0.1057,0.0,5440.0,0.885,0.782,0.6179834584631614,G,-1.124627382476553,1
K01499.02,kepler,NON_HABITABLE,0.62,1780.0,2368.31,0.840594032,0.0161,0.0,5440.0,0.885,0.782,0.6179834584631614,G,-1.2817164337662927,1
K01499.03,kepler,NON_HABITABLE,0.89,914.0,164.98,6.20920207,0.061,0.0,5440.0,0.885,0.782,0.6179834584631614,G,-1.202996585519537,1
K01563.01,kepler,NON_HABITABLE,3.24,836.0,115.29,5.48711441,0.0571,0.0,5103.0,0.787,0.823,0.37839592289659413,K,-1.1820084189031155,1
K01563.02,kepler,NON_HABITABLE,3.21,728.0,66.47,8.29084167,0.0752,0.0,5103.0,0.787,0.823,0.37839592289659413,K,-1.1414546069385074,1
K01563.03,kepler,NON_HABITABLE,1.7,1000.0,236.11,3.20539622,0.0399,0.0,5103.0,0.787,0.823,0.37839592289659413,K,-1.2205457429799806,1
K01563.04,kepler,NON_HABITABLE,2.56,576.0,26.06,16.73869035,0.1201,0.0,5103.0,0.787,0.823,0.37839592289659413,K,-1.0408542667611094,1
K01616.01,kepler,NON_HABITABLE,1.66,852.0,124.53,13.93291548,0.1175,0.0,6026.0,1.207,1.113,1.7307158056343892,F,-1.1868452813381125,1
K01618.01,kepler,NON_HABITABLE,0.82,1752.0,2228.09,2.36436762,0.0382,0.0,6250.0,1.543,1.326,3.2730047215996465,F,-1.2808418053438149,1
K01619.01,kepler,NON_HABITABLE,0.66,487.0,13.35,20.6654374,0.1291,0.0,4830.0,0.676,0.671,0.22406634255274765,K,-0.934050351982378,1
K01621.01,kepler,NON_HABITABLE,2.41,931.0,177.81,20.31047472,0.1549,0.0,6065.0,1.877,1.197,4.294834927897034,F,-1.2069274131499792,1
K01622.01,kepler,NON_HABITABLE,3.51,765.0,80.97,69.8347983,0.4019,0.0,7732.0,2.022,1.774,13.165107031702437,A,-1.1572809530217856,1
K01626.01,kepler,NON_HABITABLE,2.02,1218.0,519.95,2.53475568,0.0339,0.0,5662.0,0.806,0.808,0.6015119421363725,G,-1.2497007454265572,1
K01731.01,kepler,NON_HABITABLE,2.36,1014.0,249.92,2.59488443,0.034,0.0,4748.0,0.797,0.776,0.2908400390189882,K,-1.223051701024236,1
K01732.01,kepler,NON_HABITABLE,2.42,459.0,10.47,43.3167427,0.2288,0.0,5654.0,0.774,0.865,0.5515689985888587,G,-0.8853409884994841,1
K01733.01,kepler,NON_HABITABLE,1.72,513.0,16.42,19.18109525,0.1178,0.0,5214.0,0.587,0.591,0.2294325437023836,G,-0.9709867585155252,1
K01736.01,kepler,NON_HABITABLE,2.72,616.0,34.03,31.0033072,0.2037,0.0,6090.0,1.071,1.173,1.42148677167215,F,-1.0744677520487471,1
K01501.01,kepler,NON_HABITABLE,1.57,996.0,233.23,2.617028373,0.0331,0.0,4831.0,0.724,0.706,0.2572290374790153,K,-1.2199947888824738,1
K01503.01,kepler,HABITABILITY_ZONE,4.6,327.0,2.72,150.2412582,0.5375,0.0,5604.0,0.943,0.916,0.7901519245566417,G,-0.47655104124112463,1
K01564.01,kepler,NON_HABITABLE,5.82,486.0,13.23,53.44944498,0.2881,0.0,5919.0,1.0,1.114,1.1058292424561642,G,-0.9323489632239685,1
K01567.01,kepler,NON_HABITABLE,2.14,716.0,62.1,7.24022418,0.0672,0.0,4955.0,0.721,0.774,0.2823188491819094,K,-1.1356320220356193,1
K01567.02,kepler,NON_HABITABLE,1.82,830.0,112.18,4.64622383,0.05,0.0,4955.0,0.721,0.774,0.2823188491819094,K,-1.1802474272574932,1
K01627.01,kepler,NON_HABITABLE,5.75,1129.0,384.86,10.29674097,0.1009,0.0,6068.0,1.797,1.294,3.944329184556252,F,-1.2399219513156767,1
K01627.02,kepler,NON_HABITABLE,3.7,1357.0,801.92,5.93919041,0.0699,0.0,6068.0,1.797,1.294,3.944329184556252,F,-1.2614349747248093,1
K01628.01,kepler,NON_HABITABLE,2.62,754.0,76.57,19.74733983,0.1531,0.0,6243.0,1.149,1.226,1.8067917855955402,F,-1.152962235983849,1
K00189.01,kepler,NON_HABITABLE,10.99,459.0,10.47,30.360445359,0.1725,0.0,4939.0,0.765,0.74,0.3137427401638824,K,-0.8854913678512529,1
K01629.01,kepler,NON_HABITABLE,1.51,1192.0,476.94,4.4096675,0.0544,0.0,5836.0,1.166,1.1,1.420865417406245,G,-1.247043645724399,1
K01738.01,kepler,NON_HABITABLE,1.07,962.0,202.48,4.16787814,0.0491,0.0,5251.0,0.847,0.91,0.49139372250892194,G,-1.2134065451555769,1
K01746.01,kepler,NON_HABITABLE,2.41,857.0,127.75,11.79161234,0.1002,0.0,5619.0,1.199,0.962,1.2911277186212795,G,-1.1884061097644087,1
K01749.01,kepler,NON_HABITABLE,2.2,573.0,25.56,26.964501,0.1773,0.0,5754.0,0.905,1.021,0.8088561630665204,G,-1.0382372540074782,1
K01750.01,kepler,NON_HABITABLE,1.35,841.0,118.09,7.76845639,0.0749,0.0,5447.0,0.917,0.928,0.6669033250731108,G,-1.1835347472531248,1
K01505.01,kepler,NON_HABITABLE,2.53,1047.0,283.49,5.03257009,0.0575,0.0,5970.0,0.908,0.996,0.9435474209198913,G,-1.2283579982079569,1
K01506.01,kepler,NON_HABITABLE,2.92,494.0,14.08,40.4286676,0.2244,0.0,5813.0,0.833,0.925,0.7138155506777374,G,-0.9438800793489786,1
K01507.01,kepler,NON_HABITABLE,2.52,691.0,53.89,21.3588236,0.1539,0.0,6170.0,0.992,1.063,1.2848685849913202,F,-1.12281674243666,1
K01508.01,kepler,NON_HABITABLE,3.05,640.0,39.69,22.0459163,0.1572,0.0,5900.0,0.951,1.065,0.9873333135365164,G,-1.0918979476782387,1
K01567.03,kepler,NON_HABITABLE,2.23,535.0,19.38,17.32670445,0.1203,0.0,4955.0,0.721,0.774,0.2823188491819094,K,-0.9978949280076245,1
K01567.04,kepler,NON_HABITABLE,2.75,390.0,5.45,44.8411168,0.2268,0.0,4955.0,0.721,0.774,0.2823188491819094,K,-0.7216425642791606,1
K01569.01,kepler,NON_HABITABLE,2.81,556.0,22.57,13.75207851,0.1015,0.0,4802.0,0.699,0.738,0.23406565034415258,K,-1.0207931491500757,1
K01570.01,kepler,NON_HABITABLE,3.31,1034.0,270.47,6.33855946,0.0699,0.0,6108.0,1.03,1.132,1.3303480374075336,F,-1.2264175288929031,1
K01630.01,kepler,NON_HABITABLE,1.4,744.0,72.67,11.30507984,0.0964,0.0,5705.0,0.844,0.936,0.6798329320481838,G,-1.148803777933081,1
K01632.01,kepler,NON_HABITABLE,1.85,1319.0,716.65,4.59489816,0.0566,0.0,6056.0,1.381,1.148,2.3111361645634485,F,-1.2586300665803993,1
K01633.01,kepler,NON_HABITABLE,1.9,503.0,15.14,32.2964275,0.1885,0.0,5246.0,0.891,0.854,0.5417055228914248,G,-0.9569585313743569,1
K01637.01,kepler,NON_HABITABLE,1.7,991.0,228.11,2.97041801,0.0378,0.0,5068.0,0.743,0.833,0.32810946801180507,K,-1.218992106182012,1
K01639.02,kepler,NON_HABITABLE,1.17,966.0,205.65,9.9824036,0.0935,0.0,6273.0,1.139,1.092,1.8098530275677727,F,-1.2141542293925645,1
K01764.01,kepler,NON_HABITABLE,7.25,601.0,30.84,12.681733929,0.0935,0.0,4976.0,0.701,0.677,0.2714264915035114,K,-1.0625934227111846,1
K01773.01,kepler,HABITABILITY_ZONE,13.83,329.0,2.78,83.09708021,0.3188,0.0,5286.0,0.636,0.626,0.2845231294284163,G,-0.48621152596522843,1
K00022.01,kepler,NON_HABITABLE,12.63,1028.0,263.54,7.891448838,0.0813,0.0,5972.0,1.237,1.148,1.7535304257402533,G,-1.2253258658351243,1
K01510.01,kepler,NON_HABITABLE,1.63,1455.0,1066.37,0.839961456,0.016,0.0,4932.0,0.718,0.808,0.27481211244187137,K,-1.2678776475235387,1
K01511.01,kepler,NON_HABITABLE,1.63,1230.0,540.56,2.578852119,0.0362,0.0,5743.0,0.853,0.949,0.713096061451972,G,-1.2508605978008702,1
K00176.01,kepler,NON_HABITABLE,3.49,755.0,76.88,30.22910274,0.2072,0.0,6325.0,1.518,1.296,3.3226176888533767,F,-1.1532769607204145,1
K01572.01,kepler,NON_HABITABLE,2.99,896.0,152.12,9.80321143,0.0916,0.0,6170.0,0.992,1.063,1.2848685849913202,F,-1.1985671587039244,1
K01573.01,kepler,NON_HABITABLE,4.22,631.0,37.43,24.81097206,0.1668,0.0,6086.0,0.921,1.003,1.0484356088102174,F,-1.085425200788816,1
K01573.02,kepler,NON_HABITABLE,1.38,956.0,197.05,7.136922,0.0727,0.0,6086.0,0.921,1.003,1.0484356088102174,F,-1.2120868313284547,1
K01641.01,kepler,NON_HABITABLE,1.72,1052.0,288.7,4.8538404,0.0569,0.0,5778.0,0.968,1.038,0.9409262289767529,G,-1.2290969493364003,1
K01643.01,kepler,NON_HABITABLE,1.8,869.0,134.66,11.04605365,0.0981,0.0,6093.0,1.025,1.025,1.3045692981916384,F,-1.1915678899430575,1
K01646.01,kepler,NON_HABITABLE,0.99,954.0,195.7,3.72020708,0.0429,0.0,5017.0,0.797,0.76,0.36256656932788606,K,-1.2117482886591304,1
K01751.01,kepler,NON_HABITABLE,2.92,782.0,88.24,8.689301216,0.0774,0.0,5211.0,0.895,0.817,0.5321389809597777,G,-1.1637072187695559,1
K01751.02,kepler,NON_HABITABLE,2.97,582.0,27.2,20.99757968,0.1394,0.0,5211.0,0.895,0.817,0.5321389809597777,G,-1.0465671471697824,1
K00194.01,kepler,NON_HABITABLE,14.16,1303.0,680.79,3.120828136,0.0428,0.0,6122.0,0.996,1.07,1.2554131927540864,F,-1.2572959933977215,1
K01754.01,kepler,NON_HABITABLE,2.57,933.0,179.16,15.13590453,0.1286,0.0,6050.0,1.572,1.24,2.98278048017632,F,-1.2073175492103743,1
K01515.01,kepler,NON_HABITABLE,0.87,802.0,97.94,1.937029968,0.0242,0.0,4042.0,0.49,0.505,0.05773937879436607,K,-1.171138201857168,1
K01515.02,kepler,NON_HABITABLE,1.23,521.0,17.41,7.06117322,0.0574,0.0,4042.0,0.49,0.505,0.05773937879436607,K,-0.9807112733041394,1
K01516.01,kepler,NON_HABITABLE,3.19,749.0,74.49,20.55331441,0.1542,0.0,6325.0,1.112,1.157,1.7829797230968867,F,-1.1507820630147736,1
K01517.01,kepler,NON_HABITABLE,3.1,560.0,23.27,40.0686713,0.2234,0.0,6026.0,0.992,0.924,1.1690539778355884,F,-1.0251746945688953,1
K01574.01,kepler,NON_HABITABLE,12.28,476.0,12.13,114.73658,0.4572,0.0,5597.0,1.699,0.969,2.5521294302268007,G,-0.9155031399723358,1
K01574.02,kepler,NON_HABITABLE,6.47,401.0,6.14,191.239133,0.6428,0.0,5597.0,1.699,0.969,2.5521294302268007,G,-0.7553804208370094,1
K01574.03,kepler,NON_HABITABLE,1.98,1285.0,642.83,5.83393857,0.0628,0.0,5597.0,1.699,0.969,2.5521294302268007,G,-1.2557639181349045,1
K01576.01,kepler,NON_HABITABLE,3.01,797.0,95.64,10.41572666,0.0917,0.0,5511.0,0.987,0.947,0.8095630161385552,G,-1.1694776563549953,1
K01647.01,kepler,NON_HABITABLE,2.53,883.0,143.33,14.97031664,0.1215,0.0,5726.0,1.483,1.066,2.1300136525928264,G,-1.195204278527747,1
K01647.02,kepler,NON_HABITABLE,2.31,683.0,51.5,32.2753853,0.2027,0.0,5726.0,1.483,1.066,2.1300136525928264,G,-1.1185226781627733,1
K01647.03,kepler,NON_HABITABLE,1.02,1046.0,283.31,6.33027476,0.0662,0.0,5900.0,1.07,0.964,1.2498857372647285,G,-1.2283322850331126,1
K01648.01,kepler,NON_HABITABLE,2.43,480.0,12.56,38.3262237,0.2084,0.0,5229.0,0.903,0.821,0.5492180201712429,G,-0.9223720295872507,1
K01649.01,kepler,NON_HABITABLE,1.75,613.0,33.34,4.04355245,0.0413,0.0,3871.0,0.532,0.573,0.05725463629285548,K,-1.0720561839290865,1
K01758.01,kepler,NON_HABITABLE,3.28,930.0,176.53,5.59728249,0.0608,0.0,5610.0,0.858,0.953,0.6569324743830579,G,-1.206555512635269,1
K01760.01,kepler,NON_HABITABLE,2.25,976.0,214.86,5.52418625,0.0583,0.0,5334.0,1.004,0.865,0.7351469865457084,G,-1.2162286559931728,1
K01760.02,kepler,NON_HABITABLE,1.91,837.0,115.84,8.77514782,0.0794,0.0,5334.0,1.004,0.865,0.7351469865457084,G,-1.1823113228563062,1
K01518.01,kepler,NON_HABITABLE,2.58,569.0,24.71,27.5071114,0.1771,0.0,5783.0,0.88,0.977,0.7803201537686664,G,-1.0336258149013255,1
K01519.01,kepler,NON_HABITABLE,1.55,923.0,171.63,5.1443645,0.0549,0.0,5157.0,0.904,0.83,0.5207389905708575,K,-1.2050884972815774,1
K01520.01,kepler,NON_HABITABLE,2.5,632.0,37.81,18.45848388,0.1301,0.0,5311.0,0.948,0.859,0.644193874167286,G,-1.086537114986163,1
K01521.01,kepler,NON_HABITABLE,1.95,501.0,14.85,25.9421582,0.165,0.0,5167.0,0.796,0.891,0.4068878221830867,K,-0.9534323756982445,1
K00177.01,kepler,NON_HABITABLE,1.78,669.0,47.39,21.06075303,0.1463,0.0,5706.0,1.034,0.94,1.0210872589079059,G,-1.1103991170613816,1
K01576.02,kepler,NON_HABITABLE,2.71,739.0,70.51,13.08424286,0.1068,0.0,5511.0,0.987,0.947,0.8095630161385552,G,-1.1463475329487212,1
K00183.01,kepler,NON_HABITABLE,12.73,1265.0,603.57,2.684328541,0.036,0.0,5561.0,0.956,0.859,0.7874483461010408,G,-1.2540297288443105,1
K01576.03,kepler,NON_HABITABLE,1.23,653.0,43.02,23.3397956,0.159,0.0,5671.0,1.084,0.983,1.0949438884337483,G,-1.1005188545364266,1
K01577.01,kepler,NON_HABITABLE,1.41,771.0,83.53,2.806243488,0.0328,0.0,4153.0,0.581,0.595,0.09046793962638926,K,-1.1596455024870076,1
K01650.01,kepler,NON_HABITABLE,3.09,907.0,159.66,6.53194024,0.065,0.0,5301.0,0.977,0.856,0.6790707975349776,G,-1.2012302021396422,1
K01651.01,kepler,NON_HABITABLE,2.07,492.0,13.86,51.3011844,0.2716,0.0,6032.0,0.929,1.014,1.0293699116984698,F,-0.9409909527436984,1
K01655.01,kepler,NON_HABITABLE,1.58,1876.0,2919.17,0.938466959,0.0182,0.0,5499.0,1.087,0.906,0.9733940275446274,G,-1.284518816409755,1
K01656.01,kepler,NON_HABITABLE,3.62,570.0,24.98,51.3901452,0.2853,0.0,6074.0,1.292,1.173,2.0470049269085275,F,-1.0351105108742973,1
K00195.01,kepler,NON_HABITABLE,11.38,1185.0,464.73,3.217518511,0.041,0.0,5720.0,0.903,0.882,0.7864195949251129,G,-1.2462223076169052,1
K01779.01,kepler,NON_HABITABLE,3.86,1039.0,274.98,4.66271902,0.0556,0.0,5729.0,0.939,1.051,0.8557387213606608,G,-1.2271051958219121,1
K01779.02,kepler,NON_HABITABLE,3.48,762.0,79.66,11.8150174,0.1033,0.0,5729.0,0.939,1.051,0.8557387213606608,G,-1.156037191583605,1
K01781.01,kepler,NON_HABITABLE,3.47,689.0,53.33,7.834433676,0.0714,0.0,4920.0,0.72,0.822,0.2736655398804527,K,-1.1218322449094784,1
K01781.02,kepler,NON_HABITABLE,2.2,949.0,191.27,3.005156911,0.0377,0.0,4920.0,0.72,0.822,0.2736655398804527,K,-1.2106185895247,1
K01522.01,kepler,NON_HABITABLE,2.48,580.0,26.73,33.3856176,0.2012,0.0,5833.0,1.022,0.974,1.0893423995360552,G,-1.0442552714774664,1
K01525.01,kepler,NON_HABITABLE,4.65,1622.0,1636.72,7.71467686,0.0915,0.0,6900.0,2.599,1.714,13.794425952550323,F,-1.2759890078654021,1
K01526.01,kepler,NON_HABITABLE,1.71,1217.0,518.45,4.4444826,0.0552,0.0,6240.0,1.079,1.135,1.5902886464930175,F,-1.2496141914759464,1
K01581.01,kepler,NON_HABITABLE,3.15,515.0,16.56,29.5422566,0.1792,0.0,5510.0,0.803,0.877,0.5354663652498236,G,-0.9724243617957392,1
K01581.02,kepler,HABITABILITY_ZONE,3.06,303.0,1.99,144.551628,0.5164,0.0,5510.0,0.803,0.877,0.5354663652498236,G,-0.3373160444588367,1
K01582.01,kepler,HABITABILITY_ZONE,11.32,353.0,3.66,186.4361811,0.6233,0.0,5393.0,1.37,0.926,1.4304000801264571,G,-0.5916618469793655,1
K01583.01,kepler,NON_HABITABLE,2.33,855.0,126.56,8.04727721,0.077,0.0,5840.0,0.849,0.942,0.7553730380465745,G,-1.187837565733827,1
K01584.01,kepler,NON_HABITABLE,1.44,616.0,33.99,5.87063416,0.0545,0.0,4166.0,0.612,0.624,0.10164233117054111,K,-1.0743378174674807,1
K00191.01,kepler,NON_HABITABLE,10.89,662.0,45.46,15.358767771,0.1157,0.0,5422.0,0.887,0.874,0.6126042464952763,G,-1.1062064744751303,1
K01659.01,kepler,NON_HABITABLE,2.51,714.0,61.49,29.5390897,0.204,0.0,6572.0,1.238,1.298,2.5758835090523187,F,-1.1347597953715092,1
K01660.01,kepler,NON_HABITABLE,1.99,537.0,19.62,35.6364022,0.2104,0.0,5926.0,0.887,0.978,0.8741551863056912,G,-0.9997890783622307,1
K01458.01,kepler,NON_HABITABLE,7.19,898.0,153.36,8.98128472,0.0882,0.0,5977.0,1.022,1.133,1.200962716959474,G,-1.1990181893908576,1
K00171.02,kepler,NON_HABITABLE,2.47,964.0,203.87,13.07141889,0.113,0.0,6122.0,1.439,1.123,2.6205327957542366,F,-1.2137356407570647,1
K01527.01,kepler,HABITABILITY_ZONE,3.64,283.0,1.52,192.667139,0.6219,0.0,5401.0,0.878,0.863,0.5909904339614229,G,-0.19499010765485386,1
K01528.01,kepler,NON_HABITABLE,0.93,903.0,157.1,3.989544192,0.0449,0.0,5229.0,0.688,0.765,0.31882043801323845,G,-1.2003461379672287,1
K01529.01,kepler,NON_HABITABLE,1.58,752.0,75.61,17.9776037,0.1372,0.0,6296.0,1.006,1.066,1.4326811576142826,F,-1.1519620777588742,1
K01529.02,kepler,NON_HABITABLE,1.09,864.0,131.58,11.8693144,0.104,0.0,6296.0,1.006,1.066,1.4326811576142826,F,-1.1901907876061528,1
K01530.01,kepler,NON_HABITABLE,1.64,818.0,105.74,12.98494603,0.1055,0.0,5948.0,1.025,0.93,1.1847488082135622,G,-1.1763559251331068,1
K01585.01,kepler,NON_HABITABLE,2.4,640.0,39.65,19.17893976,0.1392,0.0,5767.0,0.881,0.979,0.7734750919712754,G,-1.0917998101583468,1
K01586.01,kepler,NON_HABITABLE,1.95,716.0,62.05,6.99130452,0.0679,0.0,4847.0,0.761,0.86,0.2879758724892936,K,-1.1355547870415519,1
K01587.01,kepler,NON_HABITABLE,29.02,402.0,6.19,52.971584,0.257,0.0,5204.0,0.789,0.808,0.4113370871237238,G,-0.7576618397159408,1
K01588.01,kepler,NON_HABITABLE,1.42,704.0,58.08,3.517494725,0.0378,0.0,4132.0,0.564,0.578,0.08353994205066304,K,-1.1296951265974389,1
K01665.01,kepler,NON_HABITABLE,1.7,1104.0,351.27,6.93365167,0.0715,0.0,5861.0,1.304,1.01,1.8077433750904615,G,-1.2366501218004593,1
K01665.02,kepler,NON_HABITABLE,1.07,1112.0,361.0,5.91393977,0.0682,0.0,6194.0,1.129,1.208,1.6903140378622028,F,-1.237645252054285,1
K01669.01,kepler,NON_HABITABLE,3.38,610.0,32.74,61.0373591,0.3359,0.0,6309.0,1.614,1.358,3.718295326164432,F,-1.0698587215894166,1
K01672.01,kepler,NON_HABITABLE,2.31,394.0,5.69,33.8677783,0.1805,0.0,4564.0,0.691,0.683,0.18665230095053675,K,-0.7341232142469168,1
K01675.01,kepler,NON_HABITABLE,21.92,681.0,50.91,14.62399621,0.1131,0.0,5753.0,0.815,0.907,0.6555222298069604,G,-1.117414784803843,1
K01465.01,kepler,NON_HABITABLE,10.15,799.0,96.39,9.771462706,0.0878,0.0,5812.0,0.853,0.947,0.7479889724761575,G,-1.1700254815281501,1
K01466.01,kepler,HABITABILITY_ZONE,10.83,214.0,0.49,281.5628889,0.7659,0.0,4810.0,0.776,0.755,0.2904012345679013,K,0.6488975699034858,1
K01531.01,kepler,NON_HABITABLE,1.16,964.0,204.18,5.69919592,0.0622,0.0,5646.0,0.932,0.986,0.7952250100101066,G,-1.2138105483004697,1
K01532.01,kepler,NON_HABITABLE,2.49,830.0,112.43,18.11473813,0.1432,0.0,6109.0,1.36,1.194,2.3208818251799253,F,-1.1803917560791055,1
K01533.01,kepler,NON_HABITABLE,1.6,1111.0,360.09,6.24145791,0.067,0.0,5810.0,1.259,1.026,1.6272365857594495,G,-1.2375538379702202,1
K01534.01,kepler,NON_HABITABLE,1.78,785.0,89.74,20.4222447,0.1536,0.0,6119.0,1.299,1.157,2.1312521048285507,F,-1.1649326437752898,1
K01589.01,kepler,NON_HABITABLE,2.86,985.0,222.19,8.72585478,0.0827,0.0,6036.0,1.131,0.987,1.5297372585868911,F,-1.2177874143380316,1
K01589.02,kepler,NON_HABITABLE,3.15,865.0,132.23,12.88291395,0.1072,0.0,6036.0,1.131,0.987,1.5297372585868911,F,-1.1904860723896495,1
K01589.03,kepler,NON_HABITABLE,2.56,672.0,48.29,27.4345973,0.1774,0.0,6036.0,1.131,0.987,1.5297372585868911,F,-1.1122593701538768,1
K01589.04,kepler,NON_HABITABLE,1.6,1254.0,584.24,4.22453631,0.051,0.0,6036.0,1.131,0.987,1.5297372585868911,F,-1.253112007797775,1
K01589.05,kepler,NON_HABITABLE,2.29,572.0,25.3,44.5520266,0.2451,0.0,6036.0,1.131,0.987,1.5297372585868911,F,-1.036818519137327,1
K01677.01,kepler,NON_HABITABLE,2.92,524.0,17.76,52.069002,0.2739,0.0,5565.0,1.246,1.008,1.3415024483879912,G,-0.9840146535525406,1
K00191.02,kepler,NON_HABITABLE,2.25,1226.0,535.84,2.418406841,0.0337,0.0,5422.0,0.887,0.874,0.6126042464952763,G,-1.2506008189174174,1
K01681.01,kepler,NON_HABITABLE,1.41,445.0,9.28,6.93910337,0.0546,0.0,3638.0,0.42,0.45,0.02783838713196984,M,-0.858922189263143,1
K01683.01,kepler,NON_HABITABLE,1.78,906.0,159.34,9.11500269,0.0866,0.0,5962.0,1.028,1.039,1.2029534621840385,G,-1.2011205939199197,1
K00172.01,kepler,NON_HABITABLE,2.23,746.0,73.16,13.7223682,0.1048,0.0,5637.0,0.943,0.813,0.8089286833034456,G,-1.149348195974407,1
K01470.01,kepler,NON_HABITABLE,4.3,721.0,63.79,15.43400996,0.124,0.0,5900.0,0.951,1.065,0.9873333135365164,G,-1.1379482537197383,1
K01534.02,kepler,NON_HABITABLE,1.12,1089.0,333.3,7.63846084,0.0797,0.0,6119.0,1.299,1.157,2.1312521048285507,F,-1.2347001754505047,1
K01535.01,kepler,NON_HABITABLE,1.63,417.0,7.11,70.6981724,0.328,0.0,5811.0,0.866,0.94,0.7704314378798116,G,-0.7949126005264162,1
K01536.01,kepler,NON_HABITABLE,1.1,1328.0,736.89,3.74443645,0.0492,0.0,5876.0,1.293,1.132,1.7956385003281172,G,-1.259339706628468,1
K01537.01,kepler,NON_HABITABLE,1.39,1144.0,404.17,10.19154678,0.0967,0.0,6212.0,1.684,1.156,3.8045620614318194,F,-1.241615095570748,1
K01590.01,kepler,NON_HABITABLE,1.93,620.0,34.99,12.89006728,0.0992,0.0,4915.0,0.812,0.781,0.346657704972133,K,-1.0777298130374584,1
K00185.01,kepler,NON_HABITABLE,21.19,595.0,29.69,23.210509958,0.1533,0.0,5875.0,0.809,0.895,0.7024626493499084,G,-1.057852646869382,1
K01590.02,kepler,NON_HABITABLE,1.34,1093.0,338.4,2.35574505,0.0319,0.0,4915.0,0.812,0.781,0.346657704972133,K,-1.2352698590381086,1
K01590.03,kepler,NON_HABITABLE,1.3,865.0,132.4,4.74666128,0.051,0.0,4915.0,0.812,0.781,0.346657704972133,K,-1.190559385358875,1
K01591.01,kepler,NON_HABITABLE,2.83,549.0,21.5,19.65639342,0.1335,0.0,5288.0,0.74,0.828,0.38576598917590027,G,-1.013702055312648,1
K01685.01,kepler,NON_HABITABLE,3.46,511.0,16.17,70.468171,0.3512,0.0,6461.0,1.131,1.162,2.0082551267751834,F,-0.9683799179673145,1
K01687.01,kepler,NON_HABITABLE,1.65,894.0,151.31,3.93246069,0.0444,0.0,4841.0,0.779,0.756,0.3002686256805832,K,-1.198268793528425,1
K01688.01,kepler,NON_HABITABLE,1.62,2362.0,7380.64,0.921030497,0.0192,0.0,5843.0,1.615,1.115,2.7389449842069644,G,-1.2939538349922675,1
K01692.01,kepler,NON_HABITABLE,2.85,890.0,148.26,5.960400011,0.0639,0.0,5418.0,0.886,0.978,0.6094220403742866,G,-1.1971280442103744,1
K01472.01,kepler,NON_HABITABLE,6.31,390.0,5.44,85.3514875,0.3751,0.0,5584.0,0.938,0.966,0.7706940844687279,G,-0.7210558076398433,1
K01473.01,kepler,NON_HABITABLE,7.58,604.0,31.4,23.02028478,0.1608,0.0,5613.0,0.956,1.046,0.8173172474941579,G,-1.0648017564962398,1
K01474.01,kepler,NON_HABITABLE,11.65,613.0,33.3,69.72646639,0.371,0.0,6430.0,1.731,1.398,4.6145859320941645,F,-1.0719121797172033,1
K01475.01,kepler,NON_HABITABLE,1.57,958.0,199.28,1.609321941,0.0228,0.0,4224.0,0.603,0.609,0.10428575092697093,K,-1.2126353398136012,1
K01475.02,kepler,NON_HABITABLE,1.99,530.0,18.66,9.51220046,0.0745,0.0,4224.0,0.603,0.609,0.10428575092697093,K,-0.9919851074157249,1
K01475.03,kepler,NON_HABITABLE,1.22,669.0,47.3,4.72941177,0.0468,0.0,4224.0,0.603,0.609,0.10428575092697093,K,-1.110205831543794,1
K00003.01,kepler,NON_HABITABLE,4.82,800.0,96.67,4.887803076,0.053,0.0,4778.0,0.763,0.83,0.2733558470774613,K,-1.1702299866486372,1
K00020.01,kepler,NON_HABITABLE,18.05,1338.0,757.65,4.437962934,0.0545,0.0,5953.0,1.415,1.093,2.2654324666868817,G,-1.2600380032673162,1
K00179.01,kepler,NON_HABITABLE,4.24,798.0,95.68,20.74028645,0.154,0.0,6226.0,1.299,1.129,2.284280739156921,F,-1.169509357058509,1
K01593.01,kepler,NON_HABITABLE,2.08,833.0,114.06,9.69501146,0.089,0.0,5896.0,0.914,1.0,0.9095299429333147,G,-1.1813235701303986,1
K01593.02,kepler,NON_HABITABLE,2.14,714.0,61.61,15.3825394,0.1211,0.0,5896.0,0.914,1.0,0.9095299429333147,G,-1.1349337312369314,1
K01595.01,kepler,NON_HABITABLE,3.11,556.0,22.65,40.1097817,0.223,0.0,5509.0,1.169,0.918,1.1340046153781915,G,-1.0213251257491653,1
K00191.03,kepler,NON_HABITABLE,1.2,1846.0,2741.07,0.708621057,0.0149,0.0,5422.0,0.887,0.874,0.6126042464952763,G,-1.2837058637407708,1
K01692.02,kepler,NON_HABITABLE,0.84,1195.0,483.09,2.46106962,0.0354,0.0,5418.0,0.886,0.978,0.6094220403742866,G,-1.2474447400021895,1
K01700.01,kepler,NON_HABITABLE,1.54,744.0,72.44,8.03753796,0.0719,0.0,5044.0,0.804,0.764,0.37697028629189866,K,-1.148544066610196,1
K01476.01,kepler,NON_HABITABLE,5.04,419.0,7.29,56.3587987,0.2698,0.0,5446.0,0.821,0.824,0.5341848570370957,G,-0.8011722051571594,1
K00172.02,kepler,POTENTIALLY_HABITABLE,1.73,286.0,1.59,242.467406,0.7106,0.0,5637.0,0.943,0.813,0.8089286833034456,G,-0.22102226045779882,1
K01477.01,kepler,HABITABILITY_ZONE,9.06,272.0,1.29,169.4976085,0.5754,0.0,5270.0,0.787,0.9,0.4304142445697661,G,-0.10114776832673907,1
K01478.01,kepler,NON_HABITABLE,4.78,399.0,6.01,76.13622222,0.3403,0.0,5591.0,0.892,0.904,0.7004584650365364,G,-0.7495447135077838,1
K01546.01,kepler,NON_HABITABLE,11.92,1748.0,2197.57,0.917568975,0.0186,0.0,5713.0,0.893,1.01,0.7653401978854657,G,-1.280640377432366,1
K01596.01,kepler,NON_HABITABLE,0.99,531.0,18.87,5.92365747,0.0515,0.0,3883.0,0.496,0.518,0.050388058567482026,K,-0.9937376330666701,1
K01596.02,kepler,POTENTIALLY_HABITABLE,1.87,204.0,0.41,105.3582299,0.351,0.0,3883.0,0.496,0.518,0.050388058567482026,K,0.8451675904512477,1
K00186.01,kepler,NON_HABITABLE,12.91,1243.0,563.17,3.24325988,0.0433,0.0,5823.0,1.013,1.027,1.062920446937313,G,-1.2520586645039373,1
K01597.01,kepler,NON_HABITABLE,2.44,1116.0,366.42,7.79668781,0.0848,0.0,6521.0,1.276,1.334,2.6524845315588848,F,-1.2381811709461759,1
K01598.01,kepler,NON_HABITABLE,3.22,417.0,7.14,56.4758069,0.2838,0.0,5497.0,0.839,0.952,0.5790573517751902,G,-0.7959258387903305,1
K01598.02,kepler,HABITABILITY_ZONE,2.64,353.0,3.68,92.8747294,0.3953,0.0,5497.0,0.839,0.952,0.5790573517751902,G,-0.59397744193489,1
K01702.01,kepler,NON_HABITABLE,1.0,602.0,30.85,1.538180949,0.0167,0.0,3364.0,0.274,0.26,0.008662032013060374,M,-1.0626383644816892,1
K01704.01,kepler,NON_HABITABLE,3.17,855.0,126.48,10.4188915,0.0917,0.0,5692.0,1.064,0.946,1.0706253736552391,G,-1.1877980328258675,1
K01705.01,kepler,NON_HABITABLE,2.8,731.0,67.67,20.4998763,0.1528,0.0,6249.0,1.076,1.13,1.5906013680431499,F,-1.1429616216535539,1
K01706.01,kepler,NON_HABITABLE,1.77,1276.0,626.79,1.921437488,0.0279,0.0,5238.0,0.851,0.784,0.49115187557739604,G,-1.2550749301881876,1
K01707.01,kepler,NON_HABITABLE,4.01,409.0,6.59,96.109323,0.3928,0.0,5792.0,1.005,0.875,1.024096888389514,G,-0.7749760088667849,1
K01480.01,kepler,NON_HABITABLE,3.16,528.0,18.36,20.38174802,0.1345,0.0,4883.0,0.808,0.779,0.3343985064127921,K,-0.9893781151184871,1
K01480.02,kepler,NON_HABITABLE,1.19,754.0,76.26,7.00447892,0.066,0.0,4883.0,0.808,0.779,0.3343985064127921,K,-1.1526399749123386,1
K01481.01,kepler,NON_HABITABLE,2.84,1050.0,287.28,5.101375725,0.058,0.0,5869.0,0.954,1.001,0.9728545127263166,G,-1.228897598122438,1
K01547.01,kepler,NON_HABITABLE,13.72,614.0,33.69,30.69395532,0.1976,0.0,6137.0,1.018,1.086,1.3243865435644746,F,-1.0732937082358356,1
K01549.01,kepler,NON_HABITABLE,16.61,571.0,25.1,29.481061268,0.1706,0.0,5631.0,0.901,0.762,0.7353369706926558,G,-1.035746713844037,1
K00179.02,kepler,HABITABILITY_ZONE,5.8,264.0,1.15,572.376632,1.4062,0.0,6226.0,1.299,1.129,2.284280739156921,F,-0.027616666483142947,1
K01598.03,kepler,NON_HABITABLE,1.4,665.0,46.19,13.93068791,0.1116,0.0,5497.0,0.839,0.952,0.5790573517751902,G,-1.1078138561760422,1
K01599.01,kepler,NON_HABITABLE,2.9,660.0,44.8,20.4074846,0.1473,0.0,5823.0,0.972,1.02,0.9786207062766683,G,-1.1047223351074054,1
K01601.01,kepler,NON_HABITABLE,1.97,842.0,119.01,10.35078415,0.0907,0.0,5534.0,1.08,0.926,0.9855957917804199,G,-1.1840264215865848,1
K01601.02,kepler,NON_HABITABLE,2.75,462.0,10.73,62.9224936,0.302,0.0,5534.0,1.08,0.926,0.9855957917804199,G,-0.8906829622270671,1
K01708.01,kepler,NON_HABITABLE,5.0,686.0,52.22,32.7737631,0.202,0.0,5640.0,1.534,1.023,2.145170645620555,G,-1.1198588401093055,1
K00191.04,kepler,NON_HABITABLE,2.07,487.0,13.28,38.6520796,0.2141,0.0,5422.0,0.887,0.874,0.6126042464952763,G,-0.9329332611443859,1
K01710.01,kepler,NON_HABITABLE,1.9,602.0,31.1,14.20442616,0.1041,0.0,5350.0,0.678,0.758,0.339288567510879,G,-1.0636274715911895,1
K01711.01,kepler,NON_HABITABLE,2.19,384.0,5.16,55.673582,0.2658,0.0,4998.0,0.808,0.806,0.3670307397429816,K,-0.7052571278473739,1
K01713.01,kepler,NON_HABITABLE,1.34,577.0,26.31,6.82778157,0.059,0.0,4198.0,0.574,0.587,0.09219093765024503,K,-1.0421287856056616,1
K01486.01,kepler,NON_HABITABLE,12.04,392.0,5.61,127.2824442,0.4913,0.0,5733.0,1.183,0.974,1.3620466007060312,G,-0.7297441892229363,1
K00173.01,kepler,NON_HABITABLE,2.58,899.0,154.16,10.06083238,0.0894,0.0,5705.0,1.14,0.939,1.240300754826121,G,-1.1993063838310571,1
K01486.02,kepler,NON_HABITABLE,3.65,634.0,38.2,30.1837021,0.1882,0.0,5733.0,1.183,0.974,1.3620466007060312,G,-1.0876891770160977,1
K01552.01,kepler,HABITABILITY_ZONE,9.4,325.0,2.65,77.63424586,0.3215,0.0,4812.0,0.755,0.734,0.27535380883568655,K,-0.4655170445366837,1
K01553.01,kepler,NON_HABITABLE,8.76,540.0,20.08,52.75878505,0.2944,0.0,6228.0,1.137,1.221,1.7523064327840856,F,-1.003423165451191,1
K01952.04,kepler,NON_HABITABLE,2.03,539.0,19.93,42.4729078,0.2348,0.0,5616.0,1.111,0.957,1.1061938119169061,G,-1.002256609787755,1
K01955.01,kepler,NON_HABITABLE,2.47,905.0,158.23,15.17026921,0.1291,0.0,6297.0,1.369,1.247,2.654827941128336,F,-1.2007404190737707,1
K01955.02,kepler,NON_HABITABLE,2.8,658.0,44.26,39.4576228,0.2441,0.0,6297.0,1.369,1.247,2.654827941128336,F,-1.103464356613996,1
K01958.01,kepler,NON_HABITABLE,3.12,699.0,56.48,17.8159689,0.1321,0.0,5964.0,0.933,0.968,0.9922212797521522,G,-1.1271649683305702,1
K01959.01,kepler,NON_HABITABLE,2.55,425.0,7.71,36.5157639,0.1977,0.0,4847.0,0.781,0.772,0.30331148613060493,K,-0.815190216597362,1
K02032.01,kepler,NON_HABITABLE,2.08,931.0,177.81,14.07969236,0.1176,0.0,5821.0,1.547,1.092,2.475515984044213,G,-1.2069282967894845,1
K02033.01,kepler,NON_HABITABLE,1.57,570.0,24.87,16.54081386,0.1183,0.0,5064.0,0.769,0.806,0.3503661798636883,K,-1.0344887988248888,1
K02034.01,kepler,NON_HABITABLE,3.26,1092.0,336.16,3.609313059,0.0455,0.0,5668.0,0.868,0.963,0.7005732118397854,G,-1.2350210960381678,1
K02035.01,kepler,NON_HABITABLE,2.25,1290.0,655.43,1.93155546,0.0299,0.0,5461.0,0.858,0.957,0.5898722859800459,G,-1.2562873440847264,1
K02036.01,kepler,NON_HABITABLE,1.8,472.0,11.71,8.41100305,0.0665,0.0,3757.0,0.539,0.552,0.052147923642667855,K,-0.9085876429686939,1
K01825.01,kepler,NON_HABITABLE,2.11,652.0,42.82,13.52252364,0.1063,0.0,5338.0,0.816,0.875,0.48706767244862914,G,-1.1000179945259314,1
K01826.01,kepler,NON_HABITABLE,3.43,393.0,5.63,134.2520474,0.512,0.0,5818.0,1.2,0.991,1.4864560400546796,G,-0.73115438635474,1
K00199.01,kepler,NON_HABITABLE,16.91,1597.0,1539.0,3.268695042,0.0453,0.0,5927.0,1.691,1.161,3.17922770555726,G,-1.2749275997455514,1
K01828.01,kepler,NON_HABITABLE,3.94,391.0,5.55,99.7468804,0.3907,0.0,5620.0,0.974,0.797,0.8526246540934761,G,-0.7267792460119117,1
K00205.01,kepler,NON_HABITABLE,7.94,660.0,44.89,11.720123999,0.0935,0.0,5215.0,0.77,0.792,0.3950876112254485,G,-1.104925729122624,1
K01890.01,kepler,NON_HABITABLE,1.75,1453.0,1054.56,4.33643506,0.0564,0.0,6180.0,1.603,1.275,3.3768802134618476,F,-1.2676426673588765,1
K01891.01,kepler,NON_HABITABLE,2.18,573.0,25.54,15.95541913,0.114,0.0,4891.0,0.805,0.776,0.3341004975002149,K,-1.0381163535584057,1
K01891.02,kepler,NON_HABITABLE,1.35,714.0,61.43,8.25980352,0.0735,0.0,4891.0,0.805,0.776,0.3341004975002149,K,-1.1346864787690745,1
K01892.01,kepler,NON_HABITABLE,3.54,417.0,7.13,62.5613879,0.3017,0.0,5662.0,0.84,0.937,0.6533302131831122,G,-0.7955027308911056,1
K01960.01,kepler,NON_HABITABLE,2.17,1024.0,259.95,8.96847034,0.086,0.0,5808.0,1.374,1.054,1.9354172456116099,G,-1.2247437874592457,1
K01961.01,kepler,NON_HABITABLE,0.91,1268.0,609.28,1.907810683,0.0295,0.0,5435.0,0.824,0.937,0.5337616011503878,G,-1.2542921532790088,1
K01962.01,kepler,NON_HABITABLE,2.31,691.0,53.85,32.85862571,0.2006,0.0,5899.0,1.414,0.995,2.1812583856516095,G,-1.1227442951960205,1
K01964.01,kepler,NON_HABITABLE,0.6,1273.0,621.53,2.229326354,0.0324,0.0,5587.0,0.865,0.914,0.6568128044440636,G,-1.2548435073489552,1
K01965.01,kepler,NON_HABITABLE,1.27,1217.0,517.89,2.514628496,0.0354,0.0,5662.0,0.84,0.937,0.6533302131831122,G,-1.249581427960041,1
K00219.01,kepler,NON_HABITABLE,7.79,1093.0,336.73,8.025118521,0.0804,0.0,6002.0,1.369,1.073,2.191217919864851,F,-1.235085135500225,1
K02036.02,kepler,NON_HABITABLE,1.05,534.0,19.23,5.79529495,0.0519,0.0,3757.0,0.539,0.552,0.052147923642667855,K,-0.9967048407677596,1
K02037.01,kepler,NON_HABITABLE,4.28,375.0,4.66,73.7578875,0.3259,0.0,5029.0,0.93,0.847,0.4984104620002981,K,-0.673709015046744,1
K02037.03,kepler,NON_HABITABLE,2.26,768.0,82.22,8.56267266,0.0776,0.0,5029.0,0.93,0.847,0.4984104620002981,K,-1.158449705435925,1
K02038.01,kepler,NON_HABITABLE,1.69,809.0,101.43,8.30537702,0.0766,0.0,5435.0,0.873,0.87,0.5991304483857219,G,-1.1735496426525172,1
K01830.01,kepler,NON_HABITABLE,2.22,638.0,39.1,13.22714056,0.1027,0.0,5180.0,0.8,0.825,0.41513918012173223,K,-1.090258620570619,1
K01831.01,kepler,NON_HABITABLE,2.6,410.0,6.71,51.8098276,0.2571,0.0,5191.0,0.826,0.844,0.44633292037281397,K,-0.7795489497080818,1
K01831.02,kepler,NON_HABITABLE,1.15,935.0,180.22,4.38536428,0.0496,0.0,5191.0,0.826,0.844,0.44633292037281397,K,-1.2076191277111197,1
K01831.03,kepler,NON_HABITABLE,1.1,471.0,11.67,34.205785079,0.1949,0.0,5191.0,0.826,0.844,0.44633292037281397,K,-0.9078668536685105,1
K01831.04,kepler,NON_HABITABLE,1.97,635.0,38.44,13.97945055,0.1074,0.0,5191.0,0.826,0.844,0.44633292037281397,K,-1.0883783745131648,1
K01893.01,kepler,NON_HABITABLE,1.29,1157.0,425.04,3.554856338,0.0444,0.0,6068.0,0.831,0.931,0.8434882678749966,F,-1.2433133778661536,1
K01894.01,kepler,NON_HABITABLE,7.1,1661.0,1802.31,5.28790754,0.0671,0.0,4994.0,3.818,1.441,8.16884603239393,K,-1.2775863541582255,1
K01895.01,kepler,NON_HABITABLE,1.87,540.0,20.08,8.45746636,0.0661,0.0,4347.0,0.524,0.537,0.08833154872846706,K,-1.0034155718208917,1
K01895.02,kepler,NON_HABITABLE,2.04,425.0,7.75,17.28116957,0.1064,0.0,4347.0,0.524,0.537,0.08833154872846706,K,-0.8165309973244355,1
K01895.03,kepler,HABITABILITY_ZONE,1.84,346.0,3.39,32.1340014,0.161,0.0,4347.0,0.524,0.537,0.08833154872846706,K,-0.5633325415550432,1
K01897.01,kepler,NON_HABITABLE,3.17,522.0,17.53,59.7711433,0.3096,0.0,6214.0,1.122,1.101,1.6910849317986536,F,-0.9818144032117375,1
K01967.01,kepler,NON_HABITABLE,1.57,790.0,92.16,4.417692516,0.047,0.0,4766.0,0.664,0.723,0.2049495745406557,K,-1.1668562074064512,1
K01968.01,kepler,NON_HABITABLE,3.15,942.0,186.14,10.08744556,0.0956,0.0,6310.0,1.095,1.143,1.712538665173594,F,-1.2092585448060826,1
K01969.01,kepler,NON_HABITABLE,3.26,730.0,67.34,16.34355902,0.1264,0.0,5730.0,1.056,1.008,1.0830313660937667,G,-1.1425443611781054,1
K01970.01,kepler,NON_HABITABLE,2.57,643.0,40.41,21.96401646,0.1503,0.0,5774.0,0.958,0.937,0.9190366834629448,G,-1.0938612240029146,1
K01970.02,kepler,HABITABILITY_ZONE,2.89,360.0,3.95,125.602323,0.4806,0.0,5774.0,0.958,0.937,0.9190366834629448,G,-0.618998058968242,1
K02038.02,kepler,NON_HABITABLE,1.88,706.0,58.69,12.51353325,0.1007,0.0,5435.0,0.873,0.87,0.5991304483857219,G,-1.1306372550099668,1
K02038.03,kepler,NON_HABITABLE,1.39,626.0,36.38,17.9134215,0.1279,0.0,5435.0,0.873,0.87,0.5991304483857219,G,-1.0822050166748063,1
K02038.04,kepler,NON_HABITABLE,1.19,559.0,23.05,25.2149143,0.1607,0.0,5435.0,0.873,0.87,0.5991304483857219,G,-1.0238014351529952,1
K02039.01,kepler,NON_HABITABLE,1.48,973.0,211.66,5.42586901,0.0601,0.0,5594.0,0.934,0.981,0.7696234836222463,G,-1.2155238829508068,1
K02040.01,kepler,NON_HABITABLE,3.09,666.0,46.51,19.58561177,0.1379,0.0,5618.0,0.996,0.911,0.8903081041610296,G,-1.1085150968352402,1
K01832.01,kepler,NON_HABITABLE,3.0,1017.0,253.48,4.544436472,0.0522,0.0,5445.0,0.937,0.919,0.6952891118839756,G,-1.223662581018191,1
K01832.02,kepler,NON_HABITABLE,3.18,721.0,63.86,12.76220558,0.104,0.0,5445.0,0.937,0.919,0.6952891118839756,G,-1.1380429448580476,1
K01832.03,kepler,NON_HABITABLE,2.62,498.0,14.55,38.7149617,0.2179,0.0,5445.0,0.937,0.919,0.6952891118839756,G,-0.9497789186294698,1
K01833.01,kepler,NON_HABITABLE,1.74,745.0,72.66,3.69298623,0.0389,0.0,4402.0,0.572,0.575,0.11068452885586702,K,-1.148792569858508,1
K00206.01,kepler,NON_HABITABLE,13.08,1495.0,1180.64,5.334082429,0.0665,0.0,6332.0,1.905,1.373,5.2559145402560095,F,-1.2699651179999372,1
K01898.01,kepler,NON_HABITABLE,1.87,1026.0,262.18,6.4980147,0.0669,0.0,5727.0,1.104,0.946,1.1812493690760866,G,-1.2251070851230295,1
K01899.01,kepler,NON_HABITABLE,2.81,791.0,92.38,19.76169247,0.1464,0.0,6327.0,1.175,1.064,1.9932500394748587,F,-1.1670255081014194,1
K01900.01,kepler,NON_HABITABLE,1.15,652.0,42.62,5.18498961,0.048,0.0,4325.0,0.56,0.547,0.09885877201678356,K,-1.0995364793216713,1
K01901.01,kepler,NON_HABITABLE,3.56,522.0,17.51,85.6542476,0.3986,0.0,5818.0,1.647,1.149,2.800120855803253,G,-0.9816400798289143,1
K01971.01,kepler,NON_HABITABLE,2.26,529.0,18.57,19.32945602,0.1338,0.0,5026.0,0.763,0.875,0.3346830539684261,K,-0.9911820763930284,1
K01972.01,kepler,NON_HABITABLE,2.88,830.0,112.09,17.79108667,0.1298,0.0,5855.0,1.34,0.92,1.9011303921066385,G,-1.1801970455604922,1
K01973.01,kepler,NON_HABITABLE,1.49,802.0,97.96,3.290114076,0.0361,0.0,4484.0,0.594,0.58,0.1285079560155192,K,-1.171150064825325,1
K00214.01,kepler,NON_HABITABLE,9.06,1116.0,365.94,3.311864148,0.0437,0.0,5461.0,0.937,1.012,0.7034975644688073,G,-1.238134770913429,1
K02042.01,kepler,NON_HABITABLE,17.8,1077.0,317.78,63.0732241,0.4144,0.0,6234.0,6.354,2.382,54.93591002096829,F,-1.2328853398937223,1
K00220.01,kepler,NON_HABITABLE,3.55,1213.0,511.66,2.422084188,0.0344,0.0,5598.0,0.83,0.928,0.6095122964235017,G,-1.2492147349214224,1
K02043.01,kepler,NON_HABITABLE,3.55,501.0,14.85,78.5461106,0.3659,0.0,5808.0,1.397,1.058,2.0007551954105187,G,-0.9534169140952673,1
K02044.01,kepler,NON_HABITABLE,3.4,702.0,57.37,16.92342126,0.1309,0.0,5786.0,0.99,1.044,0.9896435916190354,G,-1.1285896099940913,1
K02045.01,kepler,NON_HABITABLE,2.01,741.0,71.0,5.47665801,0.0542,0.0,4650.0,0.706,0.704,0.20995002175600827,K,-1.1469133244488776,1
K01835.01,kepler,NON_HABITABLE,1.38,889.0,147.56,4.580346161,0.0506,0.0,5103.0,0.789,0.82,0.3803215987844253,K,-1.196859322587849,1
K01835.02,kepler,NON_HABITABLE,1.25,1127.0,380.75,2.248288213,0.0315,0.0,5103.0,0.789,0.82,0.3803215987844253,K,-1.2395451991998552,1
K01835.03,kepler,NON_HABITABLE,1.31,781.0,87.79,6.76690759,0.0656,0.0,5103.0,0.789,0.82,0.3803215987844253,K,-1.1633363828402,1
K01837.01,kepler,NON_HABITABLE,2.37,465.0,11.09,34.1732156,0.2027,0.0,5201.0,0.834,0.948,0.4585368325808158,G,-0.8973778159639704,1
K01838.01,kepler,NON_HABITABLE,2.73,464.0,10.99,16.7364755,0.1107,0.0,4334.0,0.653,0.646,0.13554287736487014,K,-0.8955282425492639,1
K01904.01,kepler,NON_HABITABLE,1.3,627.0,36.57,12.43929428,0.0951,0.0,4987.0,0.773,0.742,0.33297464994858,K,-1.0827993755726,1
K01905.01,kepler,NON_HABITABLE,1.21,703.0,57.89,7.62635494,0.0696,0.0,4955.0,0.721,0.774,0.2823188491819094,K,-1.129406616655823,1
K01906.01,kepler,NON_HABITABLE,3.61,760.0,78.75,8.710442022,0.08,0.0,5416.0,0.809,0.9,0.5073484947978522,G,-1.1551461617974959,1
K01907.01,kepler,NON_HABITABLE,1.75,403.0,6.25,11.35010642,0.0796,0.0,3597.0,0.514,0.522,0.03984581365460045,M,-0.7603416941681171,1
K01974.01,kepler,HABITABILITY_ZONE,3.04,340.0,3.14,109.4450597,0.4276,0.0,5403.0,0.868,0.868,0.5784609291436968,G,-0.5350766438565866,1
K01975.01,kepler,NON_HABITABLE,2.4,914.0,164.9,7.56052209,0.0761,0.0,5895.0,0.94,1.026,0.9613591302135456,G,-1.2029718539755891,1
K01976.01,kepler,NON_HABITABLE,2.37,675.0,48.98,12.12401737,0.0965,0.0,5094.0,0.87,0.813,0.45916521319466513,K,-1.113666487738749,1
K01977.01,kepler,NON_HABITABLE,1.69,575.0,25.83,9.38740646,0.077,0.0,4500.0,0.646,0.71,0.15417352473178475,K,-1.0396644638387753,1
K01977.02,kepler,NON_HABITABLE,0.79,622.0,35.37,7.41556471,0.0658,0.0,4500.0,0.646,0.71,0.15417352473178475,K,-1.0789777596687598,1
K02045.02,kepler,NON_HABITABLE,1.5,451.0,9.8,24.2101973,0.1459,0.0,4650.0,0.706,0.704,0.20995002175600827,K,-0.8710857336394792,1
K02046.01,kepler,NON_HABITABLE,3.26,823.0,108.3,23.8990075,0.1685,0.0,5511.0,1.93,1.115,3.0955011695244914,G,-1.1779473784814085,1
K02047.01,kepler,NON_HABITABLE,1.59,1101.0,348.15,6.22161107,0.0693,0.0,6277.0,1.097,1.148,1.6831254236384772,F,-1.2363224379640851,1
K02048.01,kepler,NON_HABITABLE,2.12,814.0,104.06,6.17998508,0.0615,0.0,5149.0,0.791,0.811,0.3962226010408909,K,-1.1752854762073062,1
K02049.01,kepler,NON_HABITABLE,1.68,1849.0,2763.39,1.569066598,0.0269,0.0,5821.0,1.395,1.054,2.0129524804769,G,-1.2838120224138339,1
K01839.01,kepler,NON_HABITABLE,3.93,1087.0,329.34,9.59068586,0.0827,0.0,5476.0,1.673,0.819,2.267463736299737,G,-1.23424933587476,1
K01840.01,kepler,NON_HABITABLE,4.67,1060.0,298.33,7.03932913,0.0734,0.0,5846.0,1.24,1.064,1.6179806548340758,G,-1.230412503270876,1
K01841.01,kepler,NON_HABITABLE,2.12,402.0,6.17,49.6075771,0.2508,0.0,5187.0,0.774,0.858,0.3906983918691568,K,-0.756933285920952,1
K01842.01,kepler,NON_HABITABLE,3.08,699.0,56.43,16.84183355,0.1261,0.0,5602.0,1.009,0.941,0.9033362964744273,G,-1.1270842260420824,1
K00200.01,kepler,NON_HABITABLE,14.31,1155.0,421.03,7.340714946,0.0801,0.0,6056.0,1.498,1.268,2.71932930561449,F,-1.2429968618410978,1
K01908.01,kepler,NON_HABITABLE,1.34,480.0,12.56,12.55111099,0.0896,0.0,4213.0,0.598,0.609,0.10149926907862969,K,-0.9223263113061025,1
K00208.01,kepler,NON_HABITABLE,10.96,1438.0,1011.87,3.003879547,0.0439,0.0,6311.0,1.172,1.253,1.96310104562528,F,-1.266759704950425,1
K01908.02,kepler,NON_HABITABLE,1.16,386.0,5.26,24.0884178,0.1384,0.0,4213.0,0.598,0.609,0.10149926907862969,K,-0.7112134475275959,1
K01909.01,kepler,NON_HABITABLE,1.49,822.0,107.96,12.75800092,0.1054,0.0,5782.0,1.095,0.957,1.2073558701998737,G,-1.177737942280965,1
K01909.02,kepler,NON_HABITABLE,1.15,1090.0,334.27,5.47033376,0.0599,0.0,5782.0,1.095,0.957,1.2073558701998737,G,-1.2348095464811297,1
K01978.01,kepler,NON_HABITABLE,3.09,1008.0,243.67,6.51112385,0.0698,0.0,6032.0,1.001,1.065,1.195110870621185,F,-1.2219443889284027,1
K01978.02,kepler,NON_HABITABLE,3.37,654.0,43.19,23.85163321,0.1658,0.0,6032.0,1.001,1.065,1.195110870621185,F,-1.1009142680231667,1
K01979.01,kepler,NON_HABITABLE,1.38,1301.0,675.86,2.714078374,0.0386,0.0,5815.0,0.992,1.038,1.0137174696838618,G,-1.2571043018759542,1
K01980.01,kepler,HABITABILITY_ZONE,2.7,326.0,2.66,122.8799543,0.4629,0.0,5413.0,0.861,0.875,0.5733939701784752,G,-0.4674103100201931,1
K01982.01,kepler,NON_HABITABLE,2.45,1003.0,239.11,4.88753111,0.0574,0.0,5568.0,0.957,1.053,0.7930772505037781,G,-1.2211091147679076,1
K02059.01,kepler,NON_HABITABLE,0.79,770.0,83.18,6.14728341,0.0611,0.0,4997.0,0.746,0.806,0.31261496428251756,K,-1.159330302603823,1
K02060.01,kepler,NON_HABITABLE,2.13,956.0,197.81,2.800111267,0.0343,0.0,4786.0,0.704,0.686,0.23427762122915072,K,-1.212274753073252,1
K02062.01,kepler,NON_HABITABLE,2.75,576.0,26.1,34.3511339,0.2101,0.0,6091.0,0.967,1.045,1.1595835786123143,F,-1.0410368376773014,1
K00221.01,kepler,NON_HABITABLE,6.62,1200.0,490.24,3.413036353,0.0427,0.0,5392.0,1.087,0.888,0.8998152154287762,G,-1.2479025509717956,1
K02063.01,kepler,NON_HABITABLE,1.56,1122.0,373.99,3.00725068,0.0388,0.0,5667.0,0.781,0.873,0.566773620599291,G,-1.2389115033926574,1
K01843.01,kepler,NON_HABITABLE,1.57,577.0,26.2,4.194496867,0.0419,0.0,3706.0,0.522,0.555,0.0463081441221043,K,-1.0415871517955593,1
K01843.02,kepler,NON_HABITABLE,0.86,503.0,15.1,6.35585682,0.0552,0.0,3706.0,0.522,0.555,0.0463081441221043,K,-0.9564048668879466,1
K01845.01,kepler,NON_HABITABLE,3.97,1599.0,1540.07,1.970340203,0.0303,0.0,4883.0,1.667,0.951,1.4233536097670223,K,-1.2749397851577826,1
K01845.02,kepler,NON_HABITABLE,10.69,1168.0,439.8,5.05821338,0.0567,0.0,4883.0,1.667,0.951,1.4233536097670223,K,-1.2444416098996844,1
K01847.01,kepler,NON_HABITABLE,2.65,544.0,20.77,26.85323647,0.162,0.0,5329.0,0.869,0.786,0.5486774911941571,G,-1.008515939764825,1
K01909.03,kepler,NON_HABITABLE,1.59,656.0,43.84,25.0985083,0.1654,0.0,5782.0,1.095,0.957,1.2073558701998737,G,-1.1024786839950336,1
K01910.01,kepler,NON_HABITABLE,2.44,477.0,12.2,34.2685741,0.193,0.0,5083.0,0.872,0.815,0.45730728410818733,K,-0.9165929855075245,1
K01911.01,kepler,NON_HABITABLE,3.14,920.0,169.44,5.75321539,0.0633,0.0,5445.0,0.929,1.017,0.6834671957773659,G,-1.204414522744228,1
K01913.01,kepler,NON_HABITABLE,1.49,934.0,179.62,5.50860699,0.0585,0.0,5448.0,0.883,0.877,0.6188202445397439,G,-1.207449018794677,1
K01914.01,kepler,NON_HABITABLE,4.41,766.0,81.42,18.93055119,0.137,0.0,5015.0,1.643,0.955,1.5383444414210041,K,-1.157706411509381,1
K01984.01,kepler,NON_HABITABLE,2.67,712.0,60.81,22.06402,0.1624,0.0,6232.0,1.09,1.174,1.6145722535483056,F,-1.1337929802851212,1
K01985.01,kepler,NON_HABITABLE,2.24,773.0,84.16,5.756245244,0.0582,0.0,4931.0,0.734,0.794,0.286963618687224,K,-1.160204038739776,1
K01986.01,kepler,HABITABILITY_ZONE,3.61,285.0,1.56,148.4601819,0.5238,0.0,5159.0,0.821,0.868,0.4301729879416079,K,-0.20924009803338164,1
K01988.01,kepler,NON_HABITABLE,3.21,2080.0,4435.29,0.934885365,0.0184,0.0,4777.0,1.795,0.953,1.5116267939099148,K,-1.289317047272382,1
K02051.01,kepler,NON_HABITABLE,2.66,633.0,37.99,25.7626846,0.1709,0.0,5739.0,1.069,1.002,1.1168504402029313,G,-1.0870634823735643,1
K02051.02,kepler,NON_HABITABLE,1.45,840.0,117.67,11.0317836,0.0971,0.0,5739.0,1.069,1.002,1.1168504402029313,G,-1.1833100353511588,1
K00220.02,kepler,NON_HABITABLE,0.88,1016.0,252.18,4.12511935,0.049,0.0,5598.0,0.83,0.928,0.6095122964235017,G,-1.22344037122584,1
K02052.01,kepler,NON_HABITABLE,4.31,1279.0,631.55,4.22464216,0.0546,0.0,6343.0,1.14,1.213,1.8953231122312737,F,-1.2552824012144277,1
K02053.01,kepler,NON_HABITABLE,1.99,913.0,164.48,13.12162167,0.1123,0.0,6140.0,1.277,1.094,2.0880937304821288,F,-1.202833107615712,1
K01848.01,kepler,NON_HABITABLE,3.33,546.0,20.99,49.6220669,0.2726,0.0,5938.0,1.184,1.097,1.570214155199149,G,-1.0101149915257028,1
K01849.01,kepler,NON_HABITABLE,2.94,792.0,92.93,8.08801663,0.0753,0.0,5269.0,0.874,0.87,0.53043279814918,G,-1.167446240601022,1
K01850.01,kepler,NON_HABITABLE,2.17,845.0,120.76,11.55103848,0.1005,0.0,5907.0,1.058,1.014,1.227817811228124,G,-1.1849389353278792,1
K01851.01,kepler,NON_HABITABLE,2.26,1103.0,350.69,4.469754641,0.0535,0.0,5988.0,0.934,1.021,1.0104518641751858,G,-1.2365896262268656,1
K01852.01,kepler,NON_HABITABLE,2.72,955.0,196.14,15.77382794,0.1291,0.0,6283.0,1.531,1.15,3.2908897317144143,F,-1.2118598829073852,1
K01915.01,kepler,NON_HABITABLE,3.07,1290.0,654.67,6.56226483,0.0732,0.0,5878.0,1.812,1.212,3.5312577958410545,G,-1.256255931962131,1
K01916.01,kepler,NON_HABITABLE,2.42,749.0,74.36,20.67876365,0.1518,0.0,5865.0,1.272,1.088,1.7248089567002258,G,-1.150639033770678,1
K00209.01,kepler,NON_HABITABLE,10.6,612.0,33.12,50.79034648,0.2776,0.0,6163.0,1.406,1.102,2.5694136241138947,F,-1.071256363340752,1
K01916.02,kepler,NON_HABITABLE,2.08,967.0,206.91,9.59993246,0.091,0.0,5865.0,1.272,1.088,1.7248089567002258,G,-1.214444724186184,1
K01916.03,kepler,NON_HABITABLE,1.01,1625.0,1652.5,2.0248205,0.0322,0.0,5865.0,1.272,1.088,1.7248089567002258,G,-1.2761515432064428,1
K01989.01,kepler,HABITABILITY_ZONE,2.28,300.0,1.92,201.118319,0.6559,0.0,5646.0,0.954,0.929,0.8332109234955033,G,-0.319598435164365,1
K01990.01,kepler,NON_HABITABLE,2.44,644.0,40.74,24.7577652,0.1688,0.0,6106.0,0.966,1.043,1.1686276645097171,F,-1.094734241967566,1
K01992.01,kepler,NON_HABITABLE,2.88,908.0,160.33,12.7983174,0.1072,0.0,5592.0,1.451,1.0,1.8548046932962834,G,-1.2014577902891954,1
K01996.01,kepler,NON_HABITABLE,1.67,574.0,25.66,10.13200555,0.0756,0.0,4777.0,0.561,0.561,0.14765270170346984,K,-1.0387822464689924,1
K01997.01,kepler,NON_HABITABLE,2.45,532.0,18.98,38.505224,0.2159,0.0,5974.0,0.881,0.904,0.890650672602125,G,-0.99464242600434,1
K02053.02,kepler,NON_HABITABLE,1.6,1294.0,663.8,4.6126736,0.0559,0.0,6140.0,1.277,1.094,2.0880937304821288,F,-1.2566266868593203,1
K02055.01,kepler,NON_HABITABLE,2.56,905.0,158.43,8.67890312,0.0805,0.0,5509.0,1.116,0.924,1.033508824158205,G,-1.2008081049080765,1
K02056.01,kepler,NON_HABITABLE,2.07,540.0,20.04,39.3135699,0.227,0.0,6060.0,0.925,1.008,1.039605748955838,F,-1.0030992187359913,1
K02057.01,kepler,NON_HABITABLE,1.12,568.0,24.71,5.94565516,0.0536,0.0,3974.0,0.564,0.581,0.07147667958771599,K,-1.0336255249459423,1
K02058.01,kepler,NON_HABITABLE,1.26,818.0,105.95,1.52373073,0.0208,0.0,3746.0,0.51,0.516,0.04614303482680748,K,-1.1764878378401773,1
K00201.01,kepler,NON_HABITABLE,9.0,1111.0,360.46,4.225384543,0.0516,0.0,5574.0,1.054,1.025,0.9661482900628651,G,-1.237590773147982,1
K01853.01,kepler,NON_HABITABLE,2.4,485.0,13.07,60.0853848,0.3148,0.0,6028.0,1.047,1.149,1.3040103794677278,F,-0.9299985490710723,1
K01854.01,kepler,NON_HABITABLE,2.5,484.0,13.01,43.0343364,0.2327,0.0,5550.0,0.911,0.906,0.7094199490235812,G,-0.9291661013372647,1
K01856.01,kepler,NON_HABITABLE,4.33,592.0,29.04,46.2991052,0.2436,0.0,5396.0,1.507,0.898,1.7346384907778734,G,-1.0550261800756755,1
K01857.01,kepler,NON_HABITABLE,2.51,391.0,5.51,88.6440015,0.3815,0.0,5661.0,0.934,0.941,0.8071626961202558,G,-0.724694839893657,1
K01917.01,kepler,NON_HABITABLE,2.97,603.0,31.35,35.01190875,0.2124,0.0,5872.0,1.153,1.041,1.4239590907571016,G,-1.0646238626484459,1
K01920.01,kepler,NON_HABITABLE,2.03,614.0,33.53,16.57099265,0.121,0.0,5483.0,0.779,0.865,0.4941315784206647,G,-1.0727020163911762,1
K01921.01,kepler,NON_HABITABLE,3.71,1040.0,276.53,16.00496657,0.1396,0.0,6384.0,1.904,1.412,5.425004612637271,F,-1.227337353295026,1
K01922.01,kepler,NON_HABITABLE,2.38,1540.0,1331.18,1.954525966,0.0307,0.0,5741.0,1.136,1.01,1.2629947943352868,G,-1.2722934639457184,1
K01923.01,kepler,NON_HABITABLE,1.78,831.0,112.48,7.23400381,0.0702,0.0,5411.0,0.85,0.879,0.5580109193862917,G,-1.1804218039355898,1
K01998.01,kepler,NON_HABITABLE,2.5,1058.0,295.82,6.77408984,0.0741,0.0,6246.0,1.092,1.18,1.6351135090624525,F,-1.2300757813271823,1
K00216.01,kepler,NON_HABITABLE,6.24,564.0,24.0,20.172024672,0.1353,0.0,5064.0,0.864,0.811,0.4422796765487136,K,-1.0295449040685538,1
K02000.01,kepler,NON_HABITABLE,2.45,512.0,16.27,26.41044199,0.1616,0.0,5448.0,0.734,0.815,0.42759756732139903,G,-0.9693391122388657,1
K02001.01,kepler,NON_HABITABLE,2.46,1088.0,331.35,8.27745764,0.077,0.0,5129.0,1.781,0.887,1.9776678136912798,K,-1.2344792747643656,1
K02002.01,kepler,NON_HABITABLE,2.05,786.0,90.16,14.37504582,0.1167,0.0,5931.0,1.053,1.023,1.2361271601000634,G,-1.1652776589207603,1
K02064.01,kepler,NON_HABITABLE,2.17,1096.0,342.04,6.31219171,0.0695,0.0,6322.0,1.075,1.124,1.6631430482250567,F,-1.2356677442969484,1
K02066.01,kepler,HABITABILITY_ZONE,3.33,329.0,2.78,147.97391,0.5302,0.0,5578.0,0.95,0.905,0.7871472102832289,G,-0.48630214825595297,1
K02067.01,kepler,NON_HABITABLE,1.77,887.0,146.31,13.24503482,0.1092,0.0,5636.0,1.39,0.988,1.7563386097624685,G,-1.1963782834228203,1
K02069.01,kepler,NON_HABITABLE,3.7,548.0,21.37,77.2550726,0.3781,0.0,6564.0,1.356,1.212,3.0753063069115387,F,-1.012784419076867,1
K02071.01,kepler,NON_HABITABLE,0.93,972.0,210.44,3.85690686,0.0466,0.0,5272.0,0.813,0.902,0.4600207353282753,G,-1.2152491365076217,1
K01858.01,kepler,HABITABILITY_ZONE,3.26,323.0,2.59,116.3311739,0.4451,0.0,5354.0,0.835,0.868,0.5161561765738651,G,-0.45607021285354316,1
K01858.02,kepler,NON_HABITABLE,2.06,410.0,6.68,86.049055,0.3792,0.0,5733.0,0.997,0.981,0.9674149489715184,G,-0.7785840996145583,1
K01860.01,kepler,NON_HABITABLE,2.71,986.0,223.15,6.31943553,0.0658,0.0,5670.0,1.022,0.949,0.9725876207166839,G,-1.2179857241332723,1
K01860.02,kepler,NON_HABITABLE,2.61,791.0,92.68,12.20951755,0.1021,0.0,5670.0,1.022,0.949,0.9725876207166839,G,-1.1672552888463383,1
K01860.03,kepler,NON_HABITABLE,1.61,1253.0,583.25,3.07644709,0.0407,0.0,5670.0,1.022,0.949,0.9725876207166839,G,-1.2530637937118407,1
K01925.01,kepler,NON_HABITABLE,1.11,402.0,6.17,68.958447,0.3183,0.0,5455.0,0.888,0.902,0.6290709953336334,G,-0.7568312968700477,1
K00209.02,kepler,NON_HABITABLE,7.39,852.0,124.64,18.79591276,0.1431,0.0,6163.0,1.406,1.102,2.5694136241138947,F,-1.1869026268665908,1
K01928.01,kepler,NON_HABITABLE,2.59,465.0,11.1,63.0380366,0.3076,0.0,5798.0,1.019,0.976,1.0571970008172251,G,-0.8976230867326456,1
K01929.01,kepler,NON_HABITABLE,1.89,1017.0,253.08,9.69315023,0.0894,0.0,5683.0,1.472,1.014,2.036202444532566,G,-1.22359515572324,1
K02004.01,kepler,NON_HABITABLE,2.56,503.0,15.13,56.1886436,0.2939,0.0,5700.0,1.176,1.071,1.3152514113161051,G,-0.9567426932772881,1
K02005.01,kepler,NON_HABITABLE,1.48,619.0,34.85,6.92101452,0.059,0.0,4461.0,0.585,0.571,0.12210553068174372,K,-1.0772357141422748,1
K02006.01,kepler,NON_HABITABLE,0.81,625.0,36.05,3.27344784,0.0349,0.0,3758.0,0.496,0.528,0.04420640175961615,K,-1.0811680501707615,1
K02007.01,kepler,NON_HABITABLE,2.94,1039.0,275.53,15.3789014,0.1313,0.0,5817.0,2.153,1.276,4.781663664102432,G,-1.2271869810772407,1
K01783.01,kepler,NON_HABITABLE,10.52,412.0,6.81,134.4785189,0.5135,0.0,5791.0,1.336,0.996,1.8085140469399126,G,-0.783676737241393,1
K01784.01,kepler,NON_HABITABLE,8.8,1114.0,363.75,5.007414194,0.058,0.0,5957.0,1.042,1.034,1.2318009895438298,G,-1.2379182425244237,1
K01787.01,kepler,HABITABILITY_ZONE,6.99,360.0,3.97,98.7179332,0.3982,0.0,5808.0,0.786,0.871,0.6333535850182268,G,-0.6203319101922212,1
K01788.01,kepler,HABITABILITY_ZONE,5.76,340.0,3.15,71.52543938,0.3091,0.0,4855.0,0.778,0.769,0.3029778233907496,K,-0.5359808760387028,1
K01861.01,kepler,NON_HABITABLE,3.56,824.0,108.78,17.50441726,0.1289,0.0,5815.0,1.329,0.933,1.819464341111852,G,-1.178236791783217,1
K00202.01,kepler,NON_HABITABLE,13.25,1647.0,1743.61,1.72086129,0.0287,0.0,5742.0,1.215,1.068,1.4457726965416169,G,-1.2770462268579954,1
K01862.01,kepler,NON_HABITABLE,2.37,465.0,11.04,56.4349933,0.276,0.0,5534.0,1.001,0.88,0.8466803574757992,G,-0.8965384228356296,1
K01863.01,kepler,NON_HABITABLE,2.71,611.0,33.01,33.7888028,0.2127,0.0,6202.0,1.062,1.122,1.5033870030801824,F,-1.0708550161830817,1
K01864.01,kepler,NON_HABITABLE,1.54,1155.0,421.21,3.215109385,0.0418,0.0,5541.0,0.934,0.942,0.7408683864324279,G,-1.2430116377283478,1
K01929.02,kepler,NON_HABITABLE,1.39,1458.0,1068.95,3.29276797,0.0435,0.0,5683.0,1.472,1.014,2.036202444532566,G,-1.267928300665662,1
K01930.01,kepler,NON_HABITABLE,2.38,1005.0,241.58,13.72710334,0.1154,0.0,5951.0,1.693,1.086,3.23868289513013,G,-1.2215646078698268,1
K01930.02,kepler,NON_HABITABLE,2.3,831.0,112.64,24.3110031,0.169,0.0,5951.0,1.693,1.086,3.23868289513013,G,-1.1805151989158849,1
K01930.03,kepler,NON_HABITABLE,2.61,680.0,50.42,44.4304059,0.2526,0.0,5951.0,1.693,1.086,3.23868289513013,G,-1.116490374502647,1
K01930.04,kepler,NON_HABITABLE,1.56,1143.0,403.44,9.34145925,0.0893,0.0,5951.0,1.693,1.086,3.23868289513013,G,-1.241553219319414,1
K01931.01,kepler,NON_HABITABLE,1.75,1023.0,258.91,4.97760447,0.0545,0.0,5353.0,1.023,0.87,0.7741675282370056,G,-1.2245733574014306,1
K02007.02,kepler,NON_HABITABLE,2.88,935.0,180.55,21.1285655,0.1622,0.0,5817.0,2.153,1.276,4.781663664102432,G,-1.2077111813802588,1
K00216.02,kepler,NON_HABITABLE,1.42,784.0,89.41,7.51854537,0.0701,0.0,5064.0,0.864,0.811,0.4422796765487136,K,-1.1646667085978144,1
K02009.01,kepler,NON_HABITABLE,2.23,398.0,5.94,86.7490807,0.3706,0.0,5579.0,0.97,0.901,0.8212277657957047,G,-0.7463058009509353,1
K02010.01,kepler,NON_HABITABLE,3.25,850.0,123.11,25.96190067,0.1891,0.0,6369.0,1.729,1.337,4.431693253581544,F,-1.186139846309159,1
K01790.01,kepler,NON_HABITABLE,7.7,369.0,4.36,130.3543929,0.5183,0.0,5970.0,1.015,1.089,1.1790280008795953,G,-0.6520651936690152,1
K00196.01,kepler,NON_HABITABLE,10.05,1436.0,1004.89,1.855557556,0.0286,0.0,5657.0,0.947,0.903,0.8274454711490457,G,-1.26660998182853,1
K01793.01,kepler,NON_HABITABLE,8.01,1262.0,599.54,3.261759866,0.0434,0.0,6131.0,0.945,1.023,1.1367987616823463,F,-1.253841899436484,1
K01797.01,kepler,NON_HABITABLE,2.25,545.0,20.82,16.78175788,0.118,0.0,4925.0,0.742,0.778,0.29182833693978566,K,-1.0088892286527498,1
K01866.01,kepler,HABITABILITY_ZONE,3.18,351.0,3.58,105.3035093,0.4238,0.0,5534.0,0.875,0.914,0.6469451115242489,G,-0.5837478498644891,1
K01867.01,kepler,NON_HABITABLE,1.11,682.0,50.9,2.549562652,0.0293,0.0,3716.0,0.506,0.513,0.04398438918665864,K,-1.1173928640389268,1
K01867.02,kepler,NON_HABITABLE,2.04,387.0,5.29,13.96950181,0.0909,0.0,3716.0,0.506,0.513,0.04398438918665864,K,-0.7125767776338392,1
K01867.03,kepler,NON_HABITABLE,1.04,537.0,19.7,5.21230171,0.0471,0.0,3716.0,0.506,0.513,0.04398438918665864,K,-1.0004167871231708,1
K01868.01,kepler,NON_HABITABLE,1.93,368.0,4.34,17.76076524,0.1085,0.0,3826.0,0.516,0.54,0.05140128501326722,K,-0.6503609364263142,1
K01931.02,kepler,NON_HABITABLE,1.41,796.0,94.94,10.55840479,0.09,0.0,5353.0,1.023,0.87,0.7741675282370056,G,-1.1689653658045258,1
K00210.01,kepler,NON_HABITABLE,17.36,735.0,69.08,20.92735802,0.1498,0.0,6126.0,1.109,1.021,1.5605071845641547,F,-1.1446690981148748,1
K01931.03,kepler,NON_HABITABLE,1.39,914.0,164.86,6.98800953,0.0683,0.0,5353.0,1.023,0.87,0.7741675282370056,G,-1.2029567296820702,1
K01932.01,kepler,NON_HABITABLE,3.36,946.0,189.46,22.8245144,0.177,0.0,6642.0,1.846,1.421,5.97521571642385,F,-1.2101451505648986,1
K01933.01,kepler,NON_HABITABLE,3.28,498.0,14.57,49.1011093,0.253,0.0,5393.0,1.11,0.895,0.9389929877584356,G,-0.9500982015600271,1
K02011.01,kepler,NON_HABITABLE,1.68,1196.0,483.95,7.05675145,0.0778,0.0,6388.0,1.402,1.259,2.948834286061881,F,-1.247500806069991,1
K02012.01,kepler,NON_HABITABLE,2.4,522.0,17.62,34.8536903,0.2046,0.0,5818.0,0.848,0.937,0.7423031140468612,G,-0.982646903219505,1
K02013.01,kepler,NON_HABITABLE,0.97,953.0,195.08,2.41434868,0.0315,0.0,4507.0,0.724,0.715,0.19485972037213478,K,-1.211593036492163,1
K02016.01,kepler,NON_HABITABLE,1.95,1177.0,453.2,4.30656389,0.054,0.0,6108.0,1.03,1.132,1.3303480374075336,F,-1.2454169697520525,1
K01800.01,kepler,NON_HABITABLE,16.51,882.0,142.82,7.794302043,0.0742,0.0,5494.0,0.982,0.893,0.7915389787346634,G,-1.1949973139802024,1
K01801.01,kepler,NON_HABITABLE,3.11,664.0,46.06,14.5324483,0.1083,0.0,5345.0,0.86,0.802,0.5438541551574859,G,-1.1075419487060374,1
K01802.01,kepler,NON_HABITABLE,2.84,1056.0,293.42,5.248667607,0.0596,0.0,5807.0,1.012,1.021,1.049211493664023,G,-1.22974952108356,1
K01870.01,kepler,NON_HABITABLE,2.44,805.0,99.42,7.96431492,0.0734,0.0,5185.0,0.91,0.831,0.5392281273041383,K,-1.172179252338258,1
K01871.01,kepler,HABITABILITY_ZONE,2.81,276.0,1.38,92.7297248,0.3608,0.0,4580.0,0.675,0.748,0.18061930548097657,K,-0.13987624755217232,1
K00203.01,kepler,NON_HABITABLE,14.48,1562.0,1404.81,1.485710994,0.0257,0.0,5624.0,1.018,1.021,0.9340529886277626,G,-1.2732933963304474,1
K01872.01,kepler,NON_HABITABLE,11.26,506.0,15.46,30.5231459,0.183,0.0,5518.0,0.79,0.885,0.5212855391820891,G,-0.9606103968598054,1
K01873.01,kepler,NON_HABITABLE,4.94,475.0,12.01,71.3116598,0.354,0.0,6194.0,1.069,1.161,1.5154266654073174,F,-0.9136086410852221,1
K01934.01,kepler,NON_HABITABLE,2.11,443.0,9.09,28.78270955,0.1685,0.0,4774.0,0.745,0.77,0.2597388506829372,K,-0.8542656675716579,1
K01937.01,kepler,NON_HABITABLE,1.71,1164.0,436.04,1.411230023,0.0221,0.0,4575.0,0.737,0.726,0.21438484405585032,K,-1.244159177410305,1
K01938.01,kepler,HABITABILITY_ZONE,2.37,325.0,2.64,96.9151707,0.3878,0.0,5162.0,0.791,0.826,0.40023925191708287,K,-0.4651037029093887,1
K01939.01,kepler,NON_HABITABLE,1.96,634.0,38.21,13.47472742,0.1034,0.0,5395.0,0.734,0.821,0.41119954574754225,G,-1.0877042274007722,1
K02017.01,kepler,NON_HABITABLE,1.18,1304.0,681.51,2.29503515,0.0331,0.0,5637.0,0.909,0.914,0.7516481900667353,G,-1.2573238361778627,1
K02018.01,kepler,NON_HABITABLE,2.11,590.0,28.66,27.495634,0.1629,0.0,5657.0,0.911,0.762,0.7657309113328337,G,-1.0533713327401242,1
K02019.01,kepler,NON_HABITABLE,2.66,724.0,64.97,14.08826442,0.1138,0.0,5853.0,0.895,0.99,0.8469443543560029,G,-1.1395152909271842,1
K00217.01,kepler,NON_HABITABLE,12.78,1046.0,282.59,3.905081685,0.0485,0.0,5543.0,0.887,0.997,0.6691468908009531,G,-1.2282273276761797,1
K02020.01,kepler,HABITABILITY_ZONE,2.11,239.0,0.77,110.9643706,0.3679,0.0,4441.0,0.546,0.538,0.10447276486142291,K,0.25880965163773023,1
K01803.01,kepler,NON_HABITABLE,2.34,830.0,112.09,4.539297295,0.0494,0.0,4914.0,0.724,0.783,0.27536735388315087,K,-1.180196453087521,1
K01805.01,kepler,NON_HABITABLE,2.96,876.0,139.05,6.94135824,0.0682,0.0,5527.0,0.88,0.875,0.6510553513571788,G,-1.1934498573865553,1
K00197.01,kepler,NON_HABITABLE,7.31,538.0,19.88,17.276296682,0.1209,0.0,4941.0,0.738,0.79,0.29246025176226054,K,-1.0018238555594747,1
K01805.02,kepler,NON_HABITABLE,2.08,528.0,18.32,31.7821117,0.1879,0.0,5527.0,0.88,0.875,0.6510553513571788,G,-0.9889883650197153,1
K01805.03,kepler,NON_HABITABLE,1.76,1023.0,258.7,4.36273233,0.05,0.0,5527.0,0.88,0.875,0.6510553513571788,G,-1.2245375696762502,1
K01874.01,kepler,NON_HABITABLE,1.93,402.0,6.16,18.6848377,0.1135,0.0,4156.0,0.545,0.559,0.07983436410511056,K,-0.7563036291526652,1
K01874.02,kepler,NON_HABITABLE,1.24,547.0,21.1,7.41634701,0.0613,0.0,4156.0,0.545,0.559,0.07983436410511056,K,-1.0109291323385736,1
K01875.01,kepler,NON_HABITABLE,2.85,903.0,157.41,9.91724268,0.0883,0.0,5539.0,1.207,0.932,1.2354771315287296,G,-1.2004545765602688,1
K01876.01,kepler,HABITABILITY_ZONE,2.45,260.0,1.08,82.5341188,0.3104,0.0,4316.0,0.58,0.584,0.10516626290344466,K,0.009254141576117068,1
K01877.01,kepler,NON_HABITABLE,1.75,510.0,16.03,20.16037858,0.1339,0.0,4975.0,0.724,0.818,0.28929716851988496,K,-0.9668322333345867,1
K01940.01,kepler,NON_HABITABLE,1.71,512.0,16.24,10.99470891,0.0805,0.0,4302.0,0.586,0.573,0.10596722624196517,K,-0.9691144596144678,1
K00211.01,kepler,NON_HABITABLE,11.13,413.0,6.88,124.03589939,0.4947,0.0,5822.0,1.28,1.047,1.695912549949055,G,-0.7863833042262376,1
K01942.01,kepler,NON_HABITABLE,2.67,676.0,49.3,10.84969477,0.0914,0.0,5251.0,0.778,0.869,0.4145930117061402,G,-1.114301622412463,1
K01944.01,kepler,NON_HABITABLE,2.59,819.0,106.52,12.18420006,0.1031,0.0,5771.0,1.068,0.984,1.1398337521730584,G,-1.17684760629771,1
K02021.01,kepler,NON_HABITABLE,1.7,908.0,160.99,3.76417012,0.044,0.0,5063.0,0.728,0.813,0.31375393296556014,K,-1.2016792851980183,1
K02022.01,kepler,NON_HABITABLE,1.92,972.0,210.95,5.92972237,0.0649,0.0,5741.0,0.956,1.035,0.8944595026684428,G,-1.215365250248734,1
K02022.02,kepler,NON_HABITABLE,1.9,763.0,80.29,12.2476121,0.1052,0.0,5741.0,0.956,1.035,0.8944595026684428,G,-1.1566364623662422,1
K02023.01,kepler,NON_HABITABLE,2.4,724.0,64.8,13.59051547,0.1072,0.0,5442.0,0.974,0.887,0.7496296811318711,G,-1.1392967368484002,1
K02024.01,kepler,NON_HABITABLE,2.62,484.0,13.01,46.8776724,0.2495,0.0,5504.0,0.993,0.943,0.8152802245814966,G,-0.9291026081539184,1
K01808.01,kepler,NON_HABITABLE,3.81,483.0,12.83,89.1935737,0.3987,0.0,6071.0,1.295,1.061,2.0524622526251264,F,-0.9263818987804622,1
K01809.01,kepler,NON_HABITABLE,2.2,752.0,75.58,13.09390911,0.1096,0.0,5772.0,0.956,1.022,0.913936,G,-1.1519354023816504,1
K01809.02,kepler,NON_HABITABLE,1.46,1042.0,279.43,4.915385452,0.057,0.0,5772.0,0.956,1.022,0.913936,G,-1.2277676946915306,1
K01813.01,kepler,NON_HABITABLE,2.54,749.0,74.48,9.76785911,0.0852,0.0,5371.0,0.852,0.864,0.5442450770680113,G,-1.1507706399052122,1
K01878.01,kepler,NON_HABITABLE,3.44,623.0,35.68,40.80957343,0.2489,0.0,6183.0,1.3,1.241,2.22524790545618,F,-1.079978221279681,1
K01879.01,kepler,HABITABILITY_ZONE,3.34,352.0,3.63,22.08551599,0.13,0.0,3828.0,0.565,0.6,0.061756023297294696,K,-0.5889520737747388,1
K01880.01,kepler,NON_HABITABLE,1.28,957.0,199.25,1.151166776,0.0177,0.0,3951.0,0.535,0.561,0.06283916319627006,K,-1.2126273384873505,1
K00204.01,kepler,NON_HABITABLE,12.4,1459.0,1072.7,3.246732048,0.0442,0.0,5763.0,1.457,1.093,2.109639712625089,G,-1.2680018246576128,1
K01945.01,kepler,NON_HABITABLE,5.14,524.0,17.88,62.1385979,0.301,0.0,5123.0,1.621,0.941,1.630640270515866,K,-0.9850702773690109,1
K01945.02,kepler,NON_HABITABLE,1.22,654.0,43.25,17.1181036,0.1314,0.0,5576.0,0.929,1.031,0.7516526599122247,G,-1.1010555618934275,1
K01946.01,kepler,NON_HABITABLE,2.76,876.0,139.38,8.29482811,0.0793,0.0,5773.0,0.939,0.967,0.8823321920748024,G,-1.193588799500947,1
K02025.01,kepler,NON_HABITABLE,3.29,888.0,146.82,17.84850835,0.1385,0.0,6188.0,1.465,1.111,2.8351182643644637,F,-1.1965753645969968,1
K02025.02,kepler,NON_HABITABLE,2.8,782.0,88.29,26.1363443,0.1786,0.0,6188.0,1.465,1.111,2.8351182643644637,F,-1.1637518474581943,1
K02025.03,kepler,NON_HABITABLE,1.81,1037.0,273.37,11.1895709,0.1015,0.0,6188.0,1.465,1.111,2.8351182643644637,F,-1.2268614028547447,1
K02026.01,kepler,NON_HABITABLE,1.69,1332.0,744.97,2.757977384,0.0384,0.0,5919.0,1.0,0.994,1.1058292424561642,G,-1.2596149265653558,1
K01814.01,kepler,NON_HABITABLE,17.38,1912.0,3158.09,14.80075082,0.1633,0.0,6327.0,7.663,2.646,84.77810392197419,F,-1.2854994631462413,1
K01815.01,kepler,NON_HABITABLE,5.12,1391.0,886.72,3.126861192,0.0414,0.0,4854.0,1.749,0.97,1.5299365403428735,K,-1.2638126811478043,1
K01816.01,kepler,NON_HABITABLE,3.9,656.0,43.85,10.240611361,0.079,0.0,5227.0,0.64,0.628,0.27546387892081364,G,-1.1024897159475093,1
K01818.01,kepler,NON_HABITABLE,2.54,642.0,40.09,16.87725775,0.1245,0.0,5497.0,0.872,0.901,0.6255047730813916,G,-1.0929830241310872,1
K01819.01,kepler,NON_HABITABLE,1.96,689.0,53.26,12.05705659,0.0984,0.0,5365.0,0.834,0.873,0.5191653710494522,G,-1.121722157690585,1
K01881.01,kepler,NON_HABITABLE,2.93,517.0,16.84,28.26727385,0.1701,0.0,5132.0,0.886,0.82,0.49057876423551605,K,-0.9752275262410915,1
K01882.01,kepler,NON_HABITABLE,2.13,1272.0,619.65,3.770590654,0.0474,0.0,5714.0,1.208,0.999,1.4014884502725915,G,-1.2547597874659326,1
K01883.01,kepler,NON_HABITABLE,1.36,1709.0,2012.12,2.7073064,0.0397,0.0,6045.0,1.629,1.133,3.192435266128803,F,-1.2793198046899008,1
K01884.01,kepler,NON_HABITABLE,4.37,548.0,21.26,23.11707222,0.1437,0.0,5275.0,0.796,0.739,0.4419882272352695,G,-1.0120384019360886,1
K01884.02,kepler,NON_HABITABLE,1.73,926.0,174.23,4.77502117,0.0502,0.0,5275.0,0.796,0.739,0.4419882272352695,G,-1.2058735777441125,1
K01950.01,kepler,NON_HABITABLE,3.44,376.0,4.71,66.4159789,0.3033,0.0,5383.0,0.759,0.851,0.43578851593550183,G,-0.6767142909546184,1
K01952.01,kepler,NON_HABITABLE,1.88,940.0,184.38,8.0103929,0.0772,0.0,5616.0,1.111,0.957,1.1061938119169061,G,-1.208778900376464,1
K00212.01,kepler,NON_HABITABLE,6.61,1043.0,279.61,5.69590202,0.0627,0.0,6106.0,0.94,1.013,1.1065667523552183,F,-1.2277938461611062,1
K01952.02,kepler,NON_HABITABLE,2.04,622.0,35.27,27.6666375,0.1765,0.0,5616.0,1.111,0.957,1.1061938119169061,G,-1.0786541322580707,1
K01952.03,kepler,NON_HABITABLE,1.18,1085.0,327.78,5.19559398,0.0579,0.0,5616.0,1.111,0.957,1.1061938119169061,G,-1.2340700184498274,1
K02028.01,kepler,NON_HABITABLE,3.19,431.0,8.17,57.2488518,0.2818,0.0,5642.0,0.846,0.91,0.6533828992665252,G,-0.8294543840343093,1
K02028.02,kepler,NON_HABITABLE,3.19,498.0,14.59,37.0551726,0.2109,0.0,5642.0,0.846,0.91,0.6533828992665252,G,-0.9503439131126082,1
K02029.01,kepler,NON_HABITABLE,1.61,591.0,28.76,16.33269981,0.1168,0.0,5208.0,0.772,0.796,0.3950146595692454,G,-1.0538121228937907,1
K02029.02,kepler,NON_HABITABLE,0.92,694.0,54.96,10.05550267,0.0845,0.0,5208.0,0.772,0.796,0.3950146595692454,G,-1.1246429393986614,1
K02031.01,kepler,NON_HABITABLE,1.67,583.0,27.35,9.30413878,0.0748,0.0,4458.0,0.658,0.645,0.15406598118007067,K,-1.0472950974065274,1
K01820.01,kepler,NON_HABITABLE,1.63,996.0,231.86,4.33722007,0.05,0.0,5390.0,0.876,0.883,0.5835230062254095,G,-1.2197307424724912,1
K01820.02,kepler,NON_HABITABLE,0.97,1373.0,838.03,1.653889476,0.0263,0.0,5390.0,0.876,0.883,0.5835230062254095,G,-1.2624915291860717,1
K01822.01,kepler,NON_HABITABLE,4.37,423.0,7.56,150.8783198,0.5726,0.0,5504.0,1.737,1.099,2.4946409558960356,G,-0.8102844444287993,1
K01824.01,kepler,NON_HABITABLE,1.62,1292.0,658.37,3.553831111,0.0456,0.0,6015.0,1.081,0.998,1.3781250437156962,F,-1.2564072563788233,1
K01824.02,kepler,NON_HABITABLE,1.57,1659.0,1797.15,1.6783263,0.0276,0.0,6015.0,1.081,0.998,1.3781250437156962,F,-1.27753993386215,1
K01885.01,kepler,NON_HABITABLE,1.82,1020.0,256.14,5.65378163,0.0626,0.0,5988.0,0.934,1.021,1.0104518641751858,G,-1.224112633841225,1
K01886.01,kepler,NON_HABITABLE,2.75,1355.0,796.76,5.99185827,0.0681,0.0,6157.0,1.695,1.173,3.719724110663394,F,-1.261278221195871,1
K01888.01,kepler,NON_HABITABLE,4.54,473.0,11.84,120.0183551,0.5337,0.0,6469.0,1.467,1.406,3.3954984969852333,F,-0.9107606242785233,1
K01889.01,kepler,NON_HABITABLE,3.05,693.0,54.59,14.30517579,0.1129,0.0,5741.0,0.846,0.938,0.7004636839033008,G,-1.124022793994374,1
K01889.02,kepler,NON_HABITABLE,2.17,804.0,98.61,9.18189122,0.084,0.0,5741.0,0.846,0.938,0.7004636839033008,G,-1.171614509882091,1
K02248.04,kepler,NON_HABITABLE,0.99,1082.0,324.38,2.64622742,0.0349,0.0,5167.0,0.787,0.812,0.3977388568750098,K,-1.233673547863234,1
K02250.01,kepler,NON_HABITABLE,3.15,1022.0,258.48,2.935362067,0.0371,0.0,4922.0,0.823,0.79,0.358146588114782,K,-1.2245016820720283,1
K02252.01,kepler,NON_HABITABLE,2.32,1079.0,320.19,13.53953595,0.1246,0.0,6109.0,1.997,1.406,5.004161768357465,F,-1.2331756416704414,1
K02253.01,kepler,NON_HABITABLE,1.72,677.0,49.67,22.7082375,0.1603,0.0,6170.0,0.992,1.063,1.2848685849913202,F,-1.115034998229429,1
K02255.01,kepler,NON_HABITABLE,1.81,839.0,116.77,7.97033985,0.0755,0.0,5774.0,0.818,0.907,0.6700518889229251,G,-1.1828218558751806,1
K02337.01,kepler,NON_HABITABLE,2.14,702.0,57.43,8.49640437,0.0726,0.0,5093.0,0.709,0.707,0.30470661695344786,K,-1.1286750106188328,1
K02338.01,kepler,NON_HABITABLE,2.72,436.0,8.57,66.1843646,0.3179,0.0,5640.0,0.978,0.977,0.8719444863858286,G,-0.8407277728897908,1
K02339.01,kepler,NON_HABITABLE,1.12,1011.0,247.21,2.032318856,0.0283,0.0,4670.0,0.682,0.761,0.1993108686361036,K,-1.222576402074994,1
K00239.02,kepler,NON_HABITABLE,1.62,1304.0,683.84,3.62275506,0.0467,0.0,5794.0,1.216,1.032,1.5013288273295218,G,-1.2574136266273535,1
K02101.01,kepler,NON_HABITABLE,1.31,794.0,93.66,2.892216772,0.034,0.0,4229.0,0.615,0.625,0.10899226614849834,K,-1.1680025205007678,1
K02102.01,kepler,HABITABILITY_ZONE,2.95,267.0,1.2,187.746606,0.5791,0.0,5303.0,0.753,0.734,0.40399051727380103,G,-0.054219034325055065,1
K02103.01,kepler,NON_HABITABLE,1.26,1319.0,716.3,2.543063763,0.0358,0.0,5579.0,1.029,0.945,0.9241679548973213,G,-1.2586177878737101,1
K00223.01,kepler,NON_HABITABLE,2.65,997.0,233.26,3.177414601,0.039,0.0,5303.0,0.708,0.785,0.35714759845211375,G,-1.2200004341237094,1
K02104.01,kepler,NON_HABITABLE,2.41,1558.0,1389.18,2.168451063,0.0337,0.0,6153.0,1.109,1.077,1.5882009920605489,F,-1.2730877713083213,1
K02173.01,kepler,NON_HABITABLE,1.21,401.0,6.09,37.8154157,0.2016,0.0,4856.0,0.705,0.79,0.24899329739864803,K,-0.7531128514938948,1
K02173.02,kepler,HABITABILITY_ZONE,1.16,357.0,3.82,53.5783052,0.2543,0.0,4856.0,0.705,0.79,0.24899329739864803,K,-0.6075524920396467,1
K02174.01,kepler,NON_HABITABLE,2.44,609.0,32.54,6.69332825,0.0602,0.0,4245.0,0.637,0.649,0.11870919319064129,K,-1.069129974002355,1
K02174.02,kepler,HABITABILITY_ZONE,2.05,357.0,3.86,33.1362861,0.1748,0.0,4245.0,0.637,0.649,0.11870919319064129,K,-0.6107044675687546,1
K02174.03,kepler,NON_HABITABLE,1.71,581.0,26.91,7.72513619,0.0662,0.0,4245.0,0.637,0.649,0.11870919319064129,K,-1.0451286385869831,1
K02256.01,kepler,NON_HABITABLE,2.02,485.0,13.09,10.71253475,0.0784,0.0,4175.0,0.544,0.561,0.08100623153908096,K,-0.9302935681086025,1
K02257.01,kepler,NON_HABITABLE,2.05,490.0,13.63,32.5635249,0.19,0.0,5225.0,0.859,0.861,0.4954801006108787,G,-0.9379229131566567,1
K02259.01,kepler,NON_HABITABLE,2.46,763.0,80.01,12.19140405,0.0984,0.0,5516.0,0.967,0.856,0.7799103584398859,G,-1.1563759531489777,1
K02260.01,kepler,NON_HABITABLE,1.05,1211.0,509.24,6.11784972,0.0685,0.0,6226.0,1.333,1.143,2.405423084566029,F,-1.2490708686991532,1
K02261.01,kepler,NON_HABITABLE,1.11,936.0,181.47,3.97599629,0.0457,0.0,5143.0,0.778,0.803,0.381522365015205,K,-1.2079709982975484,1
K02340.01,kepler,NON_HABITABLE,1.47,830.0,112.06,7.68478504,0.0732,0.0,5344.0,0.907,0.884,0.6044704603084521,G,-1.1801806729857878,1
K02342.01,kepler,NON_HABITABLE,1.51,931.0,177.24,15.0447098,0.1152,0.0,5798.0,1.525,0.899,2.3678121337623033,G,-1.2067610759212486,1
K02343.01,kepler,NON_HABITABLE,2.32,614.0,33.69,29.0726293,0.1806,0.0,5799.0,1.042,0.928,1.106222743721985,G,-1.0732845025051572,1
K02344.01,kepler,NON_HABITABLE,0.98,1174.0,447.97,1.118547814,0.0188,0.0,4496.0,0.658,0.725,0.15938656378892943,K,-1.2450413356478949,1
K02105.01,kepler,NON_HABITABLE,1.25,1000.0,236.21,6.42199919,0.0684,0.0,5985.0,0.981,1.03,1.1124726534189653,G,-1.220563905327027,1
K02106.01,kepler,NON_HABITABLE,1.87,813.0,103.3,9.75374033,0.0892,0.0,5806.0,0.899,0.996,0.827412770766893,G,-1.1747890075024434,1
K02107.01,kepler,NON_HABITABLE,2.55,393.0,5.64,81.3153052,0.3483,0.0,5325.0,0.975,0.852,0.6886243733213279,G,-0.7314630219406909,1
K02108.01,kepler,NON_HABITABLE,3.06,546.0,21.06,51.3283527,0.2731,0.0,6119.0,1.119,1.027,1.5815273114299584,F,-1.01064132744842,1
K02109.01,kepler,NON_HABITABLE,2.58,736.0,69.48,19.7919389,0.1473,0.0,6285.0,1.039,1.084,1.5175637132790876,F,-1.1451439778494406,1
K02175.01,kepler,NON_HABITABLE,3.2,800.0,96.89,26.8475962,0.1833,0.0,5508.0,1.988,1.136,3.2772018909527385,G,-1.1703910082693305,1
K02177.01,kepler,NON_HABITABLE,2.5,384.0,5.13,62.8917493,0.2881,0.0,5052.0,0.855,0.805,0.42902273514417527,K,-0.7037245216594931,1
K02179.01,kepler,NON_HABITABLE,1.59,391.0,5.51,14.87149773,0.0977,0.0,3825.0,0.524,0.561,0.05295208219802658,K,-0.7247769809097031,1
K02179.02,kepler,NON_HABITABLE,1.42,687.0,52.68,2.732767897,0.0316,0.0,3825.0,0.524,0.561,0.05295208219802658,K,-1.120677681988006,1
K00234.01,kepler,NON_HABITABLE,3.27,931.0,177.26,9.61375316,0.0897,0.0,5997.0,1.11,1.037,1.4357435147106625,G,-1.2067669790009958,1
K02261.02,kepler,NON_HABITABLE,0.9,828.0,111.18,6.6254781,0.0641,0.0,5211.0,0.832,0.799,0.45986002179195556,G,-1.1796652372472443,1
K02263.01,kepler,NON_HABITABLE,1.91,644.0,40.76,29.9685917,0.1969,0.0,6249.0,1.076,1.13,1.5906013680431499,F,-1.0947685901102184,1
K02264.01,kepler,NON_HABITABLE,1.51,486.0,13.17,33.2407985,0.1975,0.0,5382.0,0.827,0.928,0.5169880481989341,G,-0.9313672831888635,1
K02345.01,kepler,NON_HABITABLE,1.94,789.0,91.56,15.18727049,0.1183,0.0,6136.0,1.005,0.956,1.2899362204444784,F,-1.1663855184366305,1
K02346.01,kepler,NON_HABITABLE,2.69,547.0,21.09,28.6853212,0.179,0.0,5726.0,0.838,0.93,0.6801240343817463,G,-1.010795924663217,1
K02347.01,kepler,NON_HABITABLE,0.99,1188.0,473.45,0.588001053,0.0114,0.0,3814.0,0.57,0.576,0.06193942601684509,K,-1.2468116564693004,1
K02348.01,kepler,NON_HABITABLE,2.94,448.0,9.54,85.7357202,0.3877,0.0,6096.0,1.077,1.054,1.443131645768659,F,-0.8651388869312452,1
K02350.01,kepler,NON_HABITABLE,1.98,1667.0,1817.38,1.078389713,0.0196,0.0,5325.0,0.985,0.857,0.7028224406108459,G,-1.2777208458429208,1
K02110.01,kepler,NON_HABITABLE,1.55,1321.0,720.22,5.03728033,0.0628,0.0,6387.0,1.381,1.306,2.8593658901712082,F,-1.258757382357932,1
K02111.01,kepler,NON_HABITABLE,1.37,1116.0,367.18,3.289726319,0.0424,0.0,5463.0,0.91,0.937,0.6645111875458579,G,-1.2382562679545548,1
K02111.02,kepler,NON_HABITABLE,2.19,860.0,129.48,7.18644594,0.0714,0.0,5463.0,0.91,0.937,0.6645111875458579,G,-1.1892249935030093,1
K02113.01,kepler,NON_HABITABLE,2.62,616.0,34.06,15.94248453,0.1194,0.0,5376.0,0.806,0.897,0.4888795085200683,G,-1.074584951427752,1
K00223.02,kepler,NON_HABITABLE,2.64,425.0,7.72,41.0081117,0.2144,0.0,5303.0,0.708,0.785,0.35714759845211375,G,-0.8154878335851183,1
K02180.01,kepler,NON_HABITABLE,2.11,703.0,57.75,11.55562042,0.0983,0.0,5420.0,0.85,0.945,0.5617327023440029,G,-1.1291781017760019,1
K02181.01,kepler,NON_HABITABLE,3.22,913.0,164.61,12.2885046,0.1017,0.0,5109.0,1.671,0.929,1.713922660578522,K,-1.2028773486866382,1
K02182.01,kepler,NON_HABITABLE,2.31,611.0,32.91,17.13263125,0.1242,0.0,5477.0,0.794,0.876,0.5111009390437375,G,-1.0705045387201282,1
K02183.01,kepler,NON_HABITABLE,2.04,647.0,41.5,19.0231361,0.1374,0.0,5569.0,0.954,0.955,0.7886790983815372,G,-1.0967062078585088,1
K02183.02,kepler,NON_HABITABLE,1.35,1040.0,276.82,4.57948235,0.0532,0.0,5569.0,0.954,0.955,0.7886790983815372,G,-1.2273799289438119,1
K02266.01,kepler,NON_HABITABLE,1.6,1419.0,962.58,1.003931703,0.0175,0.0,4949.0,0.741,0.715,0.2967569791532496,K,-1.2656678282167702,1
K02271.01,kepler,NON_HABITABLE,2.13,379.0,4.85,55.8224775,0.2663,0.0,5162.0,0.736,0.817,0.34651523988498306,K,-0.686443557627468,1
K02272.01,kepler,NON_HABITABLE,1.31,3015.0,19568.74,1.34145255,0.0287,0.0,7495.0,2.389,1.754,16.226077970761505,F,-1.300123599637523,1
K02273.01,kepler,NON_HABITABLE,0.93,1125.0,378.84,6.11010439,0.0709,0.0,6213.0,1.195,1.27,1.9170610140644908,F,-1.23936776926184,1
K00240.01,kepler,NON_HABITABLE,4.14,1217.0,517.66,4.286866229,0.0535,0.0,6228.0,1.049,1.107,1.4915578505843197,F,-1.2495679667935538,1
K02351.01,kepler,NON_HABITABLE,1.68,799.0,96.27,10.27380957,0.0924,0.0,5806.0,0.899,0.996,0.827412770766893,G,-1.1699404204112336,1
K02352.01,kepler,NON_HABITABLE,1.58,1180.0,459.23,13.39155154,0.1173,0.0,6197.0,2.188,1.198,6.360852577239809,F,-1.2458420959641163,1
K02352.02,kepler,NON_HABITABLE,1.39,1576.0,1459.41,5.62904396,0.0658,0.0,6197.0,2.188,1.198,6.360852577239809,F,-1.2739854527445835,1
K02352.03,kepler,NON_HABITABLE,1.49,1387.0,874.56,8.2562857,0.085,0.0,6197.0,2.188,1.198,6.360852577239809,F,-1.2634931721584677,1
K02113.02,kepler,NON_HABITABLE,2.34,671.0,47.99,12.33087921,0.1006,0.0,5376.0,0.806,0.897,0.4888795085200683,G,-1.1116430613050778,1
K02114.01,kepler,NON_HABITABLE,2.19,729.0,66.94,4.421566535,0.0471,0.0,4299.0,0.697,0.713,0.14949616329891088,K,-1.1420505169772375,1
K02115.01,kepler,NON_HABITABLE,2.69,602.0,31.13,15.72585941,0.1151,0.0,5332.0,0.755,0.824,0.41509660037658114,G,-1.0637212518191395,1
K02116.01,kepler,NON_HABITABLE,2.44,2199.0,5545.35,1.252753881,0.0239,0.0,5907.0,1.705,1.165,3.1886831028025178,G,-1.2914966782620845,1
K02117.01,kepler,NON_HABITABLE,1.84,520.0,17.3,13.36019864,0.1002,0.0,4500.0,0.688,0.768,0.17487254955631204,K,-0.9797006675673665,1
K02185.01,kepler,NON_HABITABLE,2.09,451.0,9.81,76.957056,0.3436,0.0,5878.0,1.041,0.912,1.1655059535202006,G,-0.8712892256948247,1
K02186.01,kepler,NON_HABITABLE,3.79,620.0,34.95,14.97974335,0.1106,0.0,5062.0,0.853,0.803,0.43040899201024724,K,-1.0775943813461157,1
K02188.02,kepler,NON_HABITABLE,0.86,983.0,220.68,6.7445683,0.0693,0.0,6106.0,0.923,0.974,1.0669039234577058,F,-1.2174742129912983,1
K02189.01,kepler,NON_HABITABLE,4.44,459.0,10.46,33.35859852,0.1854,0.0,5009.0,0.799,0.763,0.3620698780215043,K,-0.8852848305936815,1
K02191.01,kepler,NON_HABITABLE,1.15,479.0,12.48,8.84784273,0.0699,0.0,3867.0,0.552,0.581,0.06138603095704975,K,-0.9211053453523682,1
K02274.01,kepler,NON_HABITABLE,2.48,705.0,58.26,9.98970266,0.088,0.0,5265.0,0.81,0.91,0.4542116301109621,G,-1.1299817586653753,1
K00235.01,kepler,NON_HABITABLE,2.04,844.0,119.75,5.63252508,0.0598,0.0,5216.0,0.804,0.896,0.43107926996580803,G,-1.184412962728858,1
K02276.01,kepler,NON_HABITABLE,2.67,2700.0,12557.23,1.442592305,0.0284,0.0,7216.0,2.043,1.462,10.195711585258382,F,-1.2976849130262222,1
K02278.01,kepler,NON_HABITABLE,2.39,873.0,137.33,14.17222858,0.1146,0.0,5845.0,1.314,0.998,1.8156139158544167,G,-1.1927240523894989,1
K02278.02,kepler,NON_HABITABLE,1.18,1242.0,562.99,4.92031063,0.0566,0.0,5845.0,1.314,0.998,1.8156139158544167,G,-1.252049711868245,1
K02358.01,kepler,NON_HABITABLE,4.43,681.0,50.79,56.4931698,0.3259,0.0,6160.0,2.046,1.443,5.430362451826216,F,-1.1171925305866002,1
K00241.01,kepler,NON_HABITABLE,2.2,560.0,23.15,13.82142084,0.1005,0.0,4983.0,0.651,0.715,0.2354074679855793,K,-1.0244590420290798,1
K02361.01,kepler,NON_HABITABLE,2.07,1051.0,288.69,5.78387049,0.0655,0.0,6063.0,1.012,1.117,1.2468264542987704,F,-1.229096238786433,1
K02362.02,kepler,NON_HABITABLE,2.5,665.0,46.17,11.08507658,0.0901,0.0,5080.0,0.793,0.792,0.37730793094156295,K,-1.1077796824689379,1
K02119.01,kepler,NON_HABITABLE,1.65,1897.0,3069.59,0.571038347,0.0126,0.0,5132.0,0.886,0.82,0.49057876423551605,K,-1.2851496062677827,1
K02120.01,kepler,NON_HABITABLE,1.75,771.0,83.63,8.77425786,0.0784,0.0,5146.0,0.905,0.832,0.5174531037236929,K,-1.1597305880653637,1
K02121.01,kepler,NON_HABITABLE,1.74,1063.0,301.74,4.51005082,0.0511,0.0,5362.0,1.032,0.873,0.793160985088554,G,-1.23086339084123,1
K02122.01,kepler,NON_HABITABLE,5.37,787.0,90.85,37.6468519,0.2466,0.0,5443.0,2.652,1.41,5.56154028075027,G,-1.1658241665356985,1
K02123.01,kepler,NON_HABITABLE,2.19,598.0,30.3,29.4557841,0.1879,0.0,6036.0,0.949,1.018,1.077020722818013,F,-1.0604028486370478,1
K00232.01,kepler,NON_HABITABLE,5.65,897.0,152.76,12.466004437,0.1051,0.0,6038.0,1.191,0.995,1.6985982332439904,F,-1.1987999633887492,1
K02193.01,kepler,NON_HABITABLE,1.53,922.0,170.59,2.361724472,0.0299,0.0,4478.0,0.651,0.637,0.15352992735329804,K,-1.2047711629954665,1
K02194.01,kepler,NON_HABITABLE,1.75,554.0,22.23,34.7630543,0.1938,0.0,5670.0,0.95,0.802,0.8403769973468308,G,-1.0185745850086991,1
K02195.01,kepler,NON_HABITABLE,2.63,755.0,76.97,20.0545282,0.1512,0.0,6056.0,1.209,1.147,1.7712945158564308,F,-1.1533646540592717,1
K02200.01,kepler,NON_HABITABLE,1.69,1080.0,321.28,3.17059731,0.0415,0.0,5431.0,0.843,0.945,0.5570177962441445,G,-1.2333061259550249,1
K02279.01,kepler,NON_HABITABLE,2.0,677.0,49.65,27.0142622,0.1779,0.0,5949.0,1.184,1.027,1.5818816593644263,G,-1.1149969432701554,1
K02279.02,kepler,NON_HABITABLE,1.54,875.0,138.54,12.50945798,0.1065,0.0,5949.0,1.184,1.027,1.5818816593644263,G,-1.1932385118994024,1
K02280.01,kepler,NON_HABITABLE,4.53,675.0,49.09,26.0203329,0.168,0.0,5624.0,1.244,0.931,1.394815352929251,G,-1.113888674211275,1
K02281.01,kepler,NON_HABITABLE,0.93,1650.0,1756.8,0.769854899,0.0157,0.0,5173.0,0.822,0.874,0.43592146961712963,K,-1.2771699457474943,1
K02282.01,kepler,NON_HABITABLE,2.13,1156.0,422.14,6.89226333,0.0732,0.0,5862.0,1.463,1.097,2.27701881379632,G,-1.2430852613476033,1
K02368.01,kepler,NON_HABITABLE,1.53,856.0,126.94,8.07127043,0.0753,0.0,5766.0,0.853,0.874,0.7245883128459258,G,-1.1880231783388822,1
K02369.01,kepler,NON_HABITABLE,2.64,840.0,117.97,11.01819178,0.0985,0.0,6075.0,0.969,1.048,1.1521987334575932,F,-1.1834700681022305,1
K00241.02,kepler,NON_HABITABLE,1.51,428.0,7.91,30.9505927,0.1719,0.0,4983.0,0.651,0.715,0.2354074679855793,K,-0.8216373384693201,1
K02369.02,kepler,NON_HABITABLE,1.34,1012.0,247.53,6.3143447,0.068,0.0,6075.0,0.969,1.048,1.1521987334575932,F,-1.2226318527653217,1
K02370.01,kepler,NON_HABITABLE,7.76,761.0,79.13,78.7327023,0.419,0.0,6715.0,2.763,1.581,13.984294075756095,F,-1.1555174939205706,1
K02124.01,kepler,HABITABILITY_ZONE,1.45,311.0,2.21,42.3375799,0.1997,0.0,4132.0,0.581,0.593,0.08865193645491884,K,-0.38554263348915085,1
K02125.01,kepler,NON_HABITABLE,2.98,684.0,51.68,23.3593589,0.1637,0.0,6244.0,1.009,1.069,1.3942113706382988,F,-1.1188653661640635,1
K02126.01,kepler,NON_HABITABLE,2.12,609.0,32.4,9.69310837,0.0754,0.0,4818.0,0.618,0.607,0.18541242887721265,K,-1.0686039570732335,1
K02202.01,kepler,NON_HABITABLE,1.14,1693.0,1945.44,0.813166357,0.0165,0.0,5237.0,0.887,0.907,0.5331780298801928,G,-1.2787993896536103,1
K02204.01,kepler,NON_HABITABLE,2.09,1108.0,356.24,10.86062378,0.0988,0.0,6455.0,1.496,1.087,3.5006031865202623,F,-1.23716340888407,1
K02205.01,kepler,NON_HABITABLE,2.78,500.0,14.78,24.08632177,0.1478,0.0,4973.0,0.768,0.741,0.3250057071370071,K,-0.9526250613440099,1
K02206.01,kepler,NON_HABITABLE,1.64,1459.0,1068.36,1.834277283,0.029,0.0,5751.0,0.958,0.962,0.9044804805617246,G,-1.2679167267606883,1
K02285.01,kepler,NON_HABITABLE,2.79,515.0,16.61,37.9456138,0.2181,0.0,5861.0,0.865,0.957,0.7954516934838655,G,-0.9729083033287779,1
K02286.01,kepler,NON_HABITABLE,2.21,595.0,29.69,24.1738244,0.1589,0.0,5468.0,0.968,0.913,0.7546741052386123,G,-1.0578447311508046,1
K02353.01,kepler,NON_HABITABLE,2.4,860.0,129.37,5.186737262,0.0559,0.0,5230.0,0.777,0.873,0.40695229627920737,G,-1.1891713364306604,1
K02354.01,kepler,NON_HABITABLE,40.32,1756.0,2253.09,1.151244686,0.0215,0.0,6086.0,0.921,1.003,1.0484356088102174,F,-1.281003680251191,1
K02355.01,kepler,NON_HABITABLE,1.58,1314.0,707.61,1.217000383,0.0201,0.0,4859.0,0.757,0.734,0.2877889174636507,K,-1.258303476890721,1
K02356.01,kepler,NON_HABITABLE,1.43,802.0,97.74,13.6823798,0.1156,0.0,6102.0,1.026,1.099,1.3148561592270345,F,-1.1709976941272466,1
K02357.01,kepler,NON_HABITABLE,2.27,1616.0,1615.12,2.42088277,0.0355,0.0,5583.0,1.53,1.017,2.049028897698115,G,-1.275762696968087,1
K02129.01,kepler,NON_HABITABLE,1.77,938.0,183.26,8.79618433,0.0872,0.0,6142.0,1.046,1.143,1.4028050731366177,F,-1.2084718555867289,1
K02130.01,kepler,NON_HABITABLE,1.7,408.0,6.52,16.85592593,0.1082,0.0,3967.0,0.587,0.593,0.07688112234043351,K,-0.7721149671184256,1
K02131.01,kepler,NON_HABITABLE,2.31,918.0,167.88,14.36270451,0.1239,0.0,6643.0,1.216,1.235,2.59429208081604,F,-1.2039232740542056,1
K02132.01,kepler,NON_HABITABLE,3.04,442.0,8.99,69.8956789,0.32,0.0,5390.0,1.104,0.893,0.9268040391615439,G,-0.8518201027977678,1
K02133.01,kepler,NON_HABITABLE,14.93,1902.0,3095.83,6.24667547,0.0709,0.0,4604.0,6.221,1.218,15.665936896112486,K,-1.2852548910354011,1
K02208.01,kepler,NON_HABITABLE,0.97,1471.0,1106.25,2.344512589,0.0345,0.0,5821.0,1.132,0.995,1.3254945950553718,G,-1.2686427644937879,1
K00232.02,kepler,NON_HABITABLE,2.27,1159.0,426.48,5.766165573,0.0629,0.0,6038.0,1.191,0.995,1.6985982332439904,F,-1.2434265273437,1
K02209.01,kepler,NON_HABITABLE,2.72,902.0,156.71,18.3027235,0.1343,0.0,5528.0,1.839,0.962,2.845314691134614,G,-1.200210387976697,1
K02210.01,kepler,NON_HABITABLE,1.68,976.0,215.06,2.888904439,0.0371,0.0,4895.0,0.759,0.817,0.2979813248021577,K,-1.2162722514324051,1
K02212.01,kepler,NON_HABITABLE,3.64,811.0,102.24,17.14648756,0.1291,0.0,5559.0,1.412,0.974,1.7153423100211929,G,-1.1740878884357018,1
K02287.01,kepler,NON_HABITABLE,0.98,503.0,15.15,16.09227518,0.1117,0.0,4657.0,0.67,0.748,0.19022573352418717,K,-0.9569676209128708,1
K02288.01,kepler,NON_HABITABLE,4.08,456.0,10.22,38.103908,0.1989,0.0,5250.0,0.771,0.721,0.40685595786123857,G,-0.8801687422161635,1
K02289.01,kepler,NON_HABITABLE,2.28,530.0,18.7,62.7843981,0.3194,0.0,6053.0,1.26,1.098,1.9200763404849044,F,-0.9922545054076364,1
K02290.01,kepler,POTENTIALLY_HABITABLE,1.82,310.0,2.18,91.500873,0.3648,0.0,5051.0,0.706,0.786,0.2922897504417797,K,-0.3799617450423792,1
K02291.01,kepler,NON_HABITABLE,2.68,463.0,10.85,44.2993483,0.2348,0.0,5316.0,0.915,0.878,0.6023886598307902,G,-0.8929914015669547,1
K02363.01,kepler,NON_HABITABLE,0.97,1022.0,257.32,3.13877646,0.037,0.0,5242.0,0.722,0.684,0.35461505703344615,G,-1.2243087338054393,1
K02364.01,kepler,NON_HABITABLE,3.86,1367.0,825.0,5.24242029,0.0552,0.0,5383.0,1.829,0.813,2.530577489687377,G,-1.2621183053616316,1
K02365.01,kepler,NON_HABITABLE,2.95,674.0,48.68,35.9682692,0.2269,0.0,5883.0,1.529,1.205,2.522929266460519,G,-1.1130603397126866,1
K02366.01,kepler,NON_HABITABLE,1.67,755.0,76.9,25.3690868,0.18,0.0,6126.0,1.406,1.212,2.508264442417653,F,-1.1532999453658137,1
K02367.01,kepler,NON_HABITABLE,1.35,1177.0,454.45,6.89213244,0.0771,0.0,6164.0,1.446,1.286,2.719454622195817,F,-1.2455057065410968,1
K02134.01,kepler,NON_HABITABLE,2.54,558.0,22.94,42.3006282,0.2415,0.0,5852.0,1.129,1.048,1.3467899408089465,G,-1.0231338705762436,1
K02135.01,kepler,NON_HABITABLE,2.47,568.0,24.56,55.1866213,0.2919,0.0,6178.0,1.267,1.085,2.1068788134701197,F,-1.0327769289673552,1
K02137.01,kepler,NON_HABITABLE,1.28,631.0,37.53,14.97436238,0.1102,0.0,5311.0,0.8,0.796,0.4587540274295687,G,-1.0857008440600135,1
K02213.01,kepler,NON_HABITABLE,1.6,958.0,198.43,3.97076603,0.0443,0.0,5178.0,0.778,0.732,0.3920144616387396,K,-1.2124266685933418,1
K02214.01,kepler,NON_HABITABLE,1.29,1019.0,255.03,2.352273912,0.0325,0.0,4816.0,0.748,0.836,0.2711713598851573,K,-1.2239256809881887,1
K02216.01,kepler,NON_HABITABLE,2.21,601.0,30.94,23.34036251,0.1467,0.0,5530.0,0.892,0.773,0.6703860125854456,G,-1.0630019339096488,1
K02217.01,kepler,NON_HABITABLE,2.95,460.0,10.57,37.8034121,0.214,0.0,5329.0,0.819,0.912,0.4873549649291793,G,-0.8874524247536961,1
K02293.01,kepler,NON_HABITABLE,1.7,669.0,47.32,15.03366411,0.1182,0.0,5523.0,0.891,0.972,0.665503419450285,G,-1.1102476956849574,1
K02294.01,kepler,NON_HABITABLE,3.03,400.0,6.08,131.485184,0.501,0.0,5765.0,1.242,0.968,1.5350946160501482,G,-0.7526338240597212,1
K02295.01,kepler,NON_HABITABLE,0.52,622.0,35.48,16.2908527,0.1178,0.0,5425.0,0.797,0.822,0.49569018901995676,G,-1.079339571724025,1
K02296.01,kepler,NON_HABITABLE,2.01,377.0,4.75,106.247882,0.4301,0.0,5679.0,0.972,0.938,0.8853494358739286,G,-0.6799464652498368,1
K00237.01,kepler,NON_HABITABLE,2.6,909.0,161.66,8.508333104,0.0806,0.0,5767.0,1.03,0.963,1.057228751602214,G,-1.2019052841965394,1
K02371.01,kepler,NON_HABITABLE,1.7,795.0,94.29,12.94123564,0.1082,0.0,6119.0,0.938,1.01,1.1112766775181306,F,-1.1684804933898951,1
K02372.01,kepler,NON_HABITABLE,1.29,1156.0,422.79,5.349791,0.0635,0.0,6074.0,1.183,1.197,1.7161820288188616,F,-1.2431369244814763,1
K02373.01,kepler,HABITABILITY_ZONE,2.28,353.0,3.69,147.281212,0.5348,0.0,5708.0,1.054,0.939,1.0624580461391957,G,-0.5948515098746623,1
K02374.01,kepler,NON_HABITABLE,1.95,1166.0,436.61,5.26211833,0.0585,0.0,5587.0,1.309,0.963,1.5041414828047959,G,-1.2442021383164854,1
K02374.02,kepler,NON_HABITABLE,3.14,882.0,142.77,12.1628195,0.1023,0.0,5587.0,1.309,0.963,1.5041414828047959,G,-1.1949804961851975,1
K02138.01,kepler,NON_HABITABLE,2.33,1381.0,859.63,23.5541012,0.2134,0.0,9565.0,2.286,2.335,39.40824185904375,A,-1.2630914715978725,1
K02140.01,kepler,NON_HABITABLE,2.26,488.0,13.45,41.6977582,0.233,0.0,5730.0,0.87,0.968,0.735108938278714,G,-0.9353963046179622,1
K02143.01,kepler,NON_HABITABLE,1.01,938.0,183.02,4.79029482,0.0546,0.0,5412.0,0.843,0.945,0.5492638431114247,G,-1.208405404303491,1
K02144.01,kepler,NON_HABITABLE,2.45,502.0,15.03,38.6715843,0.2079,0.0,5432.0,0.913,0.801,0.6538457579882041,G,-0.9555846181757185,1
K02145.01,kepler,NON_HABITABLE,1.8,938.0,182.69,8.32651854,0.0812,0.0,6057.0,1.0,1.024,1.212620776494423,F,-1.2083138562226758,1
K02218.01,kepler,NON_HABITABLE,1.75,1054.0,292.33,5.53533152,0.0601,0.0,5588.0,1.1,0.946,1.0629324614442677,G,-1.2296003865363407,1
K02218.02,kepler,NON_HABITABLE,1.56,729.0,66.83,16.7261969,0.1257,0.0,5588.0,1.1,0.946,1.0629324614442677,G,-1.1419048808730685,1
K00232.03,kepler,NON_HABITABLE,2.18,747.0,73.42,21.58752788,0.1516,0.0,6038.0,1.191,0.995,1.6985982332439904,F,-1.1496261429170616,1
K02219.01,kepler,NON_HABITABLE,1.23,877.0,139.89,3.757294695,0.0435,0.0,4901.0,0.716,0.807,0.26647689848847367,K,-1.193802306928022,1
K02220.01,kepler,NON_HABITABLE,1.79,1467.0,1093.39,3.2828024,0.0436,0.0,5640.0,1.515,1.024,2.092359917954627,G,-1.2684006816248177,1
K02297.01,kepler,NON_HABITABLE,1.38,1209.0,504.23,4.64495172,0.055,0.0,6047.0,1.129,1.021,1.535474005670074,F,-1.2487692446429908,1
K02298.01,kepler,NON_HABITABLE,0.7,469.0,11.47,16.6671415,0.1037,0.0,4729.0,0.525,0.534,0.12419112842547413,K,-0.9043789949449192,1
K02299.01,kepler,NON_HABITABLE,27.45,760.0,78.99,16.48686712,0.1337,0.0,6090.0,1.071,1.173,1.42148677167215,F,-1.1553872093068813,1
K02300.01,kepler,NON_HABITABLE,1.46,1137.0,395.08,2.685054445,0.0346,0.0,5266.0,0.829,0.765,0.4761318025129636,G,-1.240833699997966,1
K02302.01,kepler,NON_HABITABLE,1.71,765.0,80.9,16.8600805,0.1246,0.0,6205.0,0.973,0.906,1.264408871097169,F,-1.1572217226108106,1
K02072.01,kepler,NON_HABITABLE,1.23,1827.0,2636.85,1.54320541,0.0257,0.0,5866.0,1.282,0.95,1.7532304112866979,G,-1.2831923765630697,1
K02073.01,kepler,NON_HABITABLE,2.49,402.0,6.2,49.5004725,0.2441,0.0,4954.0,0.828,0.791,0.37203122555357415,K,-0.7583685736292063,1
K02073.02,kepler,NON_HABITABLE,1.92,793.0,93.41,6.47539108,0.0629,0.0,4954.0,0.828,0.791,0.37203122555357415,K,-1.1678128734496775,1
K02073.03,kepler,NON_HABITABLE,2.51,576.0,26.05,16.85825609,0.1191,0.0,4954.0,0.828,0.791,0.37203122555357415,K,-1.0408218709667278,1
K02146.01,kepler,NON_HABITABLE,1.48,1027.0,263.92,2.949029106,0.0369,0.0,4983.0,0.807,0.771,0.3617473250845103,K,-1.2253862815182273,1
K02147.01,kepler,NON_HABITABLE,2.01,543.0,20.61,37.8658964,0.2221,0.0,5757.0,1.017,1.016,1.0235793930487698,G,-1.007381552605026,1
K00226.01,kepler,NON_HABITABLE,2.42,747.0,73.53,8.30865307,0.0747,0.0,5022.0,0.849,0.804,0.4130635986258416,K,-1.1497522400231197,1
K02148.01,kepler,NON_HABITABLE,1.83,905.0,158.22,11.93205399,0.1079,0.0,5711.0,1.391,1.173,1.8543752019489927,G,-1.2007367511662406,1
K02148.02,kepler,NON_HABITABLE,1.59,1054.0,292.19,7.54235832,0.0794,0.0,5711.0,1.391,1.173,1.8543752019489927,G,-1.2295818736208726,1
K02220.02,kepler,NON_HABITABLE,2.03,1272.0,620.0,5.02818253,0.0579,0.0,5640.0,1.515,1.024,2.092359917954627,G,-1.2547754412132368,1
K02220.03,kepler,NON_HABITABLE,1.73,1761.0,2278.95,1.897828815,0.0302,0.0,5640.0,1.515,1.024,2.092359917954627,G,-1.2811683894230823,1
K02221.01,kepler,NON_HABITABLE,1.87,872.0,136.34,10.62788695,0.0961,0.0,6082.0,1.014,1.041,1.2675242693450715,F,-1.1922988861939416,1
K02222.01,kepler,NON_HABITABLE,13.98,1526.0,1281.86,34.135676,0.2837,0.0,7818.0,5.555,2.607,103.8593263250515,A,-1.2715759242776123,1
K02223.01,kepler,NON_HABITABLE,1.6,1397.0,898.79,1.104462494,0.0188,0.0,5002.0,0.753,0.723,0.3197859746448454,K,-1.2641234369517746,1
K02303.01,kepler,NON_HABITABLE,1.6,1374.0,842.45,4.89336495,0.0621,0.0,6688.0,1.347,1.336,3.2705060697933903,F,-1.2626162117210111,1
K02304.01,kepler,NON_HABITABLE,1.64,796.0,94.84,11.17392077,0.0981,0.0,5911.0,0.914,1.006,0.9188210562280292,G,-1.1688911707264629,1
K02305.01,kepler,NON_HABITABLE,2.64,561.0,23.41,31.0325991,0.1964,0.0,5841.0,0.931,1.047,0.9089560763457134,G,-1.0260231236246766,1
K00221.02,kepler,NON_HABITABLE,1.28,1000.0,237.1,5.89661966,0.0614,0.0,5392.0,1.087,0.888,0.8998152154287762,G,-1.2207324487292923,1
K02074.01,kepler,NON_HABITABLE,3.13,448.0,9.56,33.4178173,0.1899,0.0,5136.0,0.744,0.827,0.34700892240125036,K,-0.8656386020859882,1
K02075.01,kepler,NON_HABITABLE,1.44,1737.0,2154.14,2.053341891,0.0324,0.0,6084.0,1.358,1.076,2.276413076744207,F,-1.2803465011791875,1
K02076.01,kepler,NON_HABITABLE,3.21,491.0,13.74,56.7769831,0.3002,0.0,6063.0,1.012,1.117,1.2468264542987704,F,-0.939404294932176,1
K02078.01,kepler,NON_HABITABLE,2.14,433.0,8.3,18.78429232,0.1198,0.0,4243.0,0.641,0.651,0.11997835315004622,K,-0.8332581353219719,1
K02148.03,kepler,NON_HABITABLE,1.14,1347.0,776.7,3.61460279,0.0487,0.0,5711.0,1.391,1.173,1.8543752019489927,G,-1.2606536371070904,1
K02149.01,kepler,NON_HABITABLE,1.87,1008.0,243.84,13.15140223,0.1187,0.0,6154.0,1.636,1.287,3.458527845379278,F,-1.22197401657572,1
K02150.01,kepler,NON_HABITABLE,29.33,683.0,51.32,18.5084526,0.1383,0.0,5942.0,0.938,1.028,0.988168434563797,G,-1.1181944095908767,1
K02152.01,kepler,NON_HABITABLE,2.35,526.0,18.08,42.1918331,0.2315,0.0,5520.0,1.08,0.928,0.9756600719044138,G,-0.9869243775843811,1
K02224.01,kepler,NON_HABITABLE,1.48,1128.0,383.51,3.73090026,0.0473,0.0,5709.0,0.95,1.014,0.8637381316444624,G,-1.2397984199654366,1
K02224.02,kepler,NON_HABITABLE,1.47,391.0,5.55,86.130534,0.3781,0.0,5830.0,0.876,0.97,0.7986879674917623,G,-0.7268414962595897,1
K02225.01,kepler,NON_HABITABLE,2.33,1432.0,993.06,2.787874175,0.0382,0.0,4827.0,1.727,0.952,1.4587759029289793,K,-1.2663525159071671,1
K00232.04,kepler,NON_HABITABLE,2.39,618.0,34.55,37.9962369,0.221,0.0,6038.0,1.191,0.995,1.6985982332439904,F,-1.0762355377399622,1
K02226.01,kepler,NON_HABITABLE,2.51,805.0,99.37,8.46354384,0.0784,0.0,5427.0,0.887,0.896,0.6148670725907597,G,-1.1721425605731906,1
K00238.01,kepler,NON_HABITABLE,2.79,817.0,105.47,17.23232894,0.1312,0.0,6086.0,1.216,1.013,1.827635782261033,F,-1.1761867355311715,1
K02308.01,kepler,NON_HABITABLE,2.55,555.0,22.43,28.5057217,0.1793,0.0,5712.0,0.87,0.944,0.7259154012403018,G,-1.0198995524228216,1
K02309.01,kepler,NON_HABITABLE,2.49,529.0,18.54,53.5991459,0.2863,0.0,6319.0,1.032,1.084,1.529845334354753,F,-0.9909189603651917,1
K02310.01,kepler,NON_HABITABLE,1.82,644.0,40.61,16.4581861,0.1244,0.0,5475.0,0.884,0.946,0.6326095362545773,G,-1.0943780762579574,1
K02312.01,kepler,NON_HABITABLE,2.38,505.0,15.4,176.331289,0.6481,0.0,6146.0,2.251,1.166,6.513522594591558,F,-0.9599495397539226,1
K02079.01,kepler,NON_HABITABLE,0.83,2161.0,5182.78,0.693842661,0.0148,0.0,5457.0,1.196,0.903,1.1428069812177102,G,-1.2908623518471745,1
K02080.01,kepler,NON_HABITABLE,2.95,411.0,6.76,83.4887405,0.3779,0.0,5910.0,0.94,1.032,0.9711813660229528,G,-0.7814335615455763,1
K02080.02,kepler,NON_HABITABLE,2.96,554.0,22.32,34.0607677,0.2079,0.0,5910.0,0.94,1.032,0.9711813660229528,G,-1.0191860566266508,1
K02081.01,kepler,NON_HABITABLE,4.27,1506.0,1216.48,6.2141496,0.0758,0.0,5295.0,3.152,1.501,7.036083515584782,G,-1.2705584456350372,1
K02082.01,kepler,NON_HABITABLE,2.59,682.0,51.02,31.5888979,0.197,0.0,5866.0,1.367,1.02,1.9934253372855695,G,-1.1176374891062923,1
K02153.01,kepler,NON_HABITABLE,2.81,568.0,24.58,59.9809868,0.3108,0.0,6103.0,1.383,1.109,2.3906310194469236,F,-1.032897893709882,1
K02153.02,kepler,NON_HABITABLE,1.73,753.0,75.97,25.7457957,0.1768,0.0,6103.0,1.383,1.109,2.3906310194469236,F,-1.1523447861829992,1
K02154.01,kepler,NON_HABITABLE,2.43,770.0,83.04,11.92979348,0.1028,0.0,5831.0,0.921,1.016,0.8834584650635623,G,-1.1592041126736363,1
K00227.01,kepler,HABITABILITY_ZONE,2.45,350.0,3.55,17.65737838,0.1047,0.0,3745.0,0.47,0.49,0.03914693045573278,K,-0.5806132401269627,1
K02155.01,kepler,NON_HABITABLE,2.11,1061.0,300.07,4.3394569,0.0497,0.0,5330.0,1.013,0.869,0.7461436325339913,G,-1.2306436802870706,1
K02156.01,kepler,NON_HABITABLE,1.66,621.0,34.95,2.852348262,0.0305,0.0,3731.0,0.433,0.463,0.03273192136694027,K,-1.0775945788932932,1
K02227.01,kepler,NON_HABITABLE,3.93,485.0,13.04,65.6480892,0.3197,0.0,5565.0,1.246,1.008,1.3415024483879912,G,-0.9295147070918764,1
K02229.01,kepler,NON_HABITABLE,2.54,694.0,54.74,14.83340944,0.1134,0.0,5570.0,0.904,0.882,0.7086835499147522,G,-1.1242855678953658,1
K02232.01,kepler,NON_HABITABLE,3.87,380.0,4.91,101.1323475,0.4137,0.0,5492.0,1.016,0.921,0.8460659953664739,G,-0.6900603627880292,1
K02313.01,kepler,NON_HABITABLE,2.14,724.0,64.75,16.07673148,0.1281,0.0,5957.0,0.971,1.083,1.0696546181145201,G,-1.1392354502144568,1
K02314.01,kepler,NON_HABITABLE,2.67,701.0,56.97,18.87058705,0.1401,0.0,6103.0,0.949,1.028,1.1256428445737485,F,-1.1279464015780072,1
K02315.01,kepler,NON_HABITABLE,1.76,507.0,15.65,22.1334224,0.1416,0.0,5165.0,0.702,0.782,0.3159731923678719,K,-0.9627555639386739,1
K02316.01,kepler,NON_HABITABLE,2.05,775.0,85.15,17.1369408,0.135,0.0,6218.0,1.077,1.114,1.5621724977957496,F,-1.1610773425187155,1
K00238.02,kepler,NON_HABITABLE,1.4,706.0,58.81,26.6951944,0.1757,0.0,6086.0,1.216,1.013,1.827635782261033,F,-1.130819583452862,1
K02083.01,kepler,NON_HABITABLE,2.53,1021.0,257.14,7.72085047,0.0761,0.0,5887.0,1.177,0.985,1.4990764419157758,G,-1.2242792247147818,1
K00222.01,kepler,NON_HABITABLE,2.0,575.0,25.94,6.312508525,0.0561,0.0,4090.0,0.571,0.591,0.08219779335747461,K,-1.0402569302572657,1
K02084.01,kepler,NON_HABITABLE,3.02,1047.0,283.78,4.19577385,0.0488,0.0,5229.0,1.005,0.878,0.6803014570889694,G,-1.228398726262712,1
K02086.01,kepler,NON_HABITABLE,1.64,1102.0,349.21,7.1329472,0.0719,0.0,5862.0,1.307,0.973,1.8173105252639847,G,-1.2364343494556902,1
K02086.02,kepler,NON_HABITABLE,1.84,1023.0,258.92,8.91901228,0.0835,0.0,5862.0,1.307,0.973,1.8173105252639847,G,-1.2245747573933115,1
K02158.01,kepler,NON_HABITABLE,2.82,1533.0,1306.97,4.5620407,0.0592,0.0,5343.0,2.506,1.33,4.6110256740236775,G,-1.2719463761573173,1
K02159.01,kepler,NON_HABITABLE,1.32,964.0,204.34,7.5966998,0.0746,0.0,5716.0,1.091,0.955,1.1447564309611706,G,-1.2138466417207614,1
K02160.01,kepler,NON_HABITABLE,2.89,778.0,86.37,17.6700291,0.1348,0.0,5795.0,1.247,1.042,1.5799428522396386,G,-1.1621361912365737,1
K02162.01,kepler,NON_HABITABLE,1.68,374.0,4.64,108.593113,0.4126,0.0,5678.0,0.921,0.794,0.7943200471506442,G,-0.6718888456392408,1
K02236.01,kepler,NON_HABITABLE,4.22,720.0,63.67,19.9865916,0.1404,0.0,5500.0,1.238,0.922,1.2635334907570352,G,-1.1377961337506695,1
K02236.02,kepler,NON_HABITABLE,2.5,851.0,123.78,12.12580644,0.1007,0.0,5500.0,1.238,0.922,1.2635334907570352,G,-1.186473095182964,1
K02237.01,kepler,NON_HABITABLE,2.81,455.0,10.11,76.421501,0.3462,0.0,5561.0,1.19,0.946,1.2201134465801586,G,-0.8779736682171051,1
K00232.05,kepler,NON_HABITABLE,2.22,543.0,20.49,56.2590881,0.287,0.0,6038.0,1.191,0.995,1.6985982332439904,F,-1.0064404377156317,1
K02238.01,kepler,NON_HABITABLE,0.86,806.0,99.8,1.646801683,0.0223,0.0,3810.0,0.513,0.543,0.04996079532006821,K,-1.1724389953029608,1
K02317.01,kepler,NON_HABITABLE,1.23,1158.0,424.17,3.78861833,0.0467,0.0,5560.0,1.04,0.943,0.9312377122358257,G,-1.2432453536257833,1
K02318.01,kepler,NON_HABITABLE,1.25,609.0,32.45,10.45839865,0.0845,0.0,4641.0,0.747,0.734,0.2332288052895923,K,-1.068790773257831,1
K02319.01,kepler,NON_HABITABLE,1.56,718.0,62.99,21.1033014,0.1528,0.0,6000.0,1.126,1.068,1.4803911933795293,F,-1.1368575724546093,1
K02321.01,kepler,NON_HABITABLE,2.37,421.0,7.45,95.6114617,0.4267,0.0,6002.0,1.081,1.135,1.366249646457903,F,-0.8068090510239684,1
K02324.01,kepler,NON_HABITABLE,1.55,1711.0,2026.81,1.204686597,0.0222,0.0,5780.0,1.0,1.0,1.0055555421967817,G,-1.2794309792869272,1
K02086.03,kepler,NON_HABITABLE,1.69,929.0,176.27,11.8984948,0.1012,0.0,5862.0,1.307,0.973,1.8173105252639847,G,-1.206478655711923,1
K02087.01,kepler,NON_HABITABLE,1.44,667.0,46.89,23.1274171,0.1602,0.0,5865.0,1.066,1.024,1.2113821933962523,G,-1.1093353711485292,1
K02090.01,kepler,NON_HABITABLE,1.69,584.0,27.41,5.132486123,0.0497,0.0,3879.0,0.578,0.619,0.06814429542986081,K,-1.0475408726623534,1
K02091.01,kepler,NON_HABITABLE,2.12,713.0,61.24,8.77997349,0.0787,0.0,5191.0,0.764,0.85,0.3818436238266187,K,-1.134410567489189,1
K02092.01,kepler,NON_HABITABLE,5.14,512.0,16.19,57.6896212,0.3025,0.0,6228.0,1.049,1.107,1.4915578505843197,F,-0.9685684142101042,1
K02163.01,kepler,NON_HABITABLE,1.76,865.0,132.15,10.66489514,0.0961,0.0,6014.0,1.021,1.037,1.2285699527874483,F,-1.190448361178712,1
K02164.01,kepler,NON_HABITABLE,1.65,994.0,231.12,5.1233204,0.0556,0.0,5364.0,0.982,0.872,0.7192382283663217,G,-1.21958576108436,1
K00229.01,kepler,NON_HABITABLE,5.81,1210.0,507.91,3.573202801,0.0457,0.0,5646.0,1.08,0.996,1.0678388481964445,G,-1.2489911321573346,1
K02166.01,kepler,NON_HABITABLE,3.36,424.0,7.67,61.6174528,0.302,0.0,5480.0,0.931,0.966,0.7042328932771573,G,-0.8139508580317173,1
K02167.01,kepler,NON_HABITABLE,5.09,737.0,69.79,24.3398202,0.1644,0.0,5596.0,1.466,0.998,1.8987748653716319,G,-1.1455094532992043,1
K02241.01,kepler,NON_HABITABLE,2.31,1034.0,270.34,7.16520428,0.0765,0.0,6174.0,1.103,1.162,1.5926202585979068,F,-1.2263962207276218,1
K02242.01,kepler,NON_HABITABLE,1.94,1343.0,771.02,1.755843555,0.0277,0.0,5569.0,0.829,0.928,0.5955423399333997,G,-1.2604724762366457,1
K02243.01,kepler,NON_HABITABLE,2.34,1314.0,705.79,5.18560081,0.0631,0.0,6172.0,1.471,1.25,2.828939927604553,F,-1.2582370289281908,1
K02245.01,kepler,NON_HABITABLE,2.45,609.0,32.52,33.4698571,0.2006,0.0,5912.0,1.094,0.96,1.317246507750191,G,-1.0690506206128585,1
K02246.01,kepler,NON_HABITABLE,1.33,787.0,90.77,11.89520436,0.0994,0.0,5649.0,0.992,0.923,0.9028266152705561,G,-1.1657615404631245,1
K02325.01,kepler,NON_HABITABLE,1.57,1520.0,1264.7,1.025857984,0.0187,0.0,5123.0,0.847,0.828,0.4452038942269956,K,-1.2713165966108635,1
K02327.01,kepler,NON_HABITABLE,1.73,952.0,194.26,5.60013327,0.0587,0.0,5288.0,0.978,0.858,0.6738111694501859,G,-1.2113845899874958,1
K02328.01,kepler,NON_HABITABLE,2.42,600.0,30.62,25.2034128,0.1693,0.0,5831.0,0.921,1.016,0.8834584650635623,G,-1.061692820944524,1
K02329.01,kepler,NON_HABITABLE,1.37,806.0,99.32,1.615357809,0.0213,0.0,3821.0,0.486,0.49,0.045360245834262285,K,-1.172105603365722,1
K00239.01,kepler,NON_HABITABLE,4.59,1125.0,379.36,5.640676975,0.0627,0.0,5794.0,1.216,1.032,1.5013288273295218,G,-1.2394162832294728,1
K02092.02,kepler,NON_HABITABLE,4.0,671.0,47.94,25.5638626,0.1758,0.0,6228.0,1.049,1.107,1.4915578505843197,F,-1.1115509174724458,1
K02093.01,kepler,NON_HABITABLE,20.75,2628.0,11295.61,6.78341325,0.0641,0.0,5096.0,8.769,0.763,46.72104282574467,K,-1.2970184456934943,1
K00222.02,kepler,NON_HABITABLE,1.6,455.0,10.1,12.7945474,0.0899,0.0,4090.0,0.571,0.591,0.08219779335747461,K,-0.8777720505148833,1
K02094.01,kepler,NON_HABITABLE,3.44,496.0,14.33,42.4269647,0.2274,0.0,5330.0,1.013,0.869,0.7461436325339913,G,-0.9471113797552393,1
K02095.01,kepler,NON_HABITABLE,1.5,1664.0,1813.0,1.434745129,0.0252,0.0,5806.0,1.064,1.037,1.1590070887491066,G,-1.2776819268187845,1
K02167.02,kepler,NON_HABITABLE,1.39,1047.0,284.4,6.95787,0.0708,0.0,6240.0,1.025,0.975,1.4350954907289184,F,-1.2284881021717324,1
K02168.01,kepler,NON_HABITABLE,1.6,1326.0,728.9,3.28192056,0.0442,0.0,5859.0,1.162,1.064,1.433510764367175,G,-1.2590632531784802,1
K02168.02,kepler,NON_HABITABLE,1.87,848.0,122.54,12.51610549,0.1078,0.0,5859.0,1.162,1.064,1.433510764367175,G,-1.185851135539217,1
K02169.01,kepler,NON_HABITABLE,0.92,904.0,158.12,5.45298742,0.0595,0.0,5450.0,0.842,0.944,0.5635142494479386,G,-1.2007010697210116,1
K02169.02,kepler,NON_HABITABLE,0.68,1072.0,312.85,3.26662733,0.0423,0.0,5450.0,0.842,0.944,0.5635142494479386,G,-1.2322803572961578,1
K02247.01,kepler,NON_HABITABLE,0.79,732.0,67.7,4.45743267,0.0448,0.0,4487.0,0.612,0.601,0.1367797585426778,K,-1.1429906791588442,1
K02248.01,kepler,NON_HABITABLE,1.3,1059.0,298.2,2.81814715,0.0364,0.0,5167.0,0.787,0.812,0.3977388568750098,K,-1.2303954751638064,1
K02248.02,kepler,NON_HABITABLE,1.05,704.0,58.01,9.4907638,0.082,0.0,5290.0,0.746,0.821,0.39264046321227664,G,-1.1295823628774344,1
K02248.03,kepler,NON_HABITABLE,1.08,1638.0,1710.11,0.76196247,0.0152,0.0,5167.0,0.787,0.812,0.3977388568750098,K,-1.2767255693157173,1
K02331.01,kepler,NON_HABITABLE,1.37,1453.0,1054.98,2.832647249,0.0403,0.0,5865.0,1.272,1.088,1.7248089567002258,G,-1.267651114055693,1
K02332.01,kepler,NON_HABITABLE,1.24,1329.0,737.02,3.70063251,0.0455,0.0,5423.0,1.404,0.915,1.535986305501235,G,-1.2593441252716318,1
K02333.01,kepler,NON_HABITABLE,1.2,1317.0,711.45,3.93083997,0.0487,0.0,6038.0,1.191,0.995,1.6985982332439904,F,-1.258443048864086,1
K02333.02,kepler,NON_HABITABLE,1.39,1056.0,293.67,7.63008196,0.0758,0.0,6038.0,1.191,0.995,1.6985982332439904,F,-1.2297847577934897,1
K02335.01,kepler,NON_HABITABLE,1.51,676.0,49.35,16.22378479,0.1212,0.0,5547.0,0.925,0.9,0.7298117299406971,G,-1.1144088107813042,1
K02096.01,kepler,NON_HABITABLE,1.94,703.0,57.59,9.76293284,0.0821,0.0,5052.0,0.816,0.773,0.3907764609037447,K,-1.1289322375278172,1
K02097.01,kepler,NON_HABITABLE,2.06,508.0,15.8,58.601926,0.2996,0.0,6250.0,1.019,1.038,1.4274573716035457,F,-0.9643331597032065,1
K02098.01,kepler,NON_HABITABLE,2.26,776.0,85.76,25.0823402,0.1685,0.0,6429.0,1.262,1.011,2.451247271028142,F,-1.161612116010685,1
K02099.01,kepler,NON_HABITABLE,3.37,480.0,12.52,78.0998908,0.3625,0.0,5779.0,1.284,1.039,1.6566681987380911,G,-0.9217781920207544,1
K02100.01,kepler,NON_HABITABLE,1.22,1108.0,356.54,4.27103727,0.0514,0.0,5984.0,0.906,0.993,0.9482381958563809,G,-1.2371937527149222,1
K02169.03,kepler,NON_HABITABLE,0.64,981.0,218.63,4.27226421,0.0506,0.0,5450.0,0.842,0.944,0.5635142494479386,G,-1.2170415150360583,1
K02169.04,kepler,NON_HABITABLE,0.37,1225.0,533.25,2.19251903,0.0324,0.0,5450.0,0.842,0.944,0.5635142494479386,G,-1.2504568077027824,1
K02171.01,kepler,NON_HABITABLE,1.43,1159.0,427.65,3.53232429,0.0459,0.0,5761.0,0.956,1.035,0.9069889495058516,G,-1.2435173850658665,1
K02172.01,kepler,NON_HABITABLE,3.41,829.0,111.52,10.44087398,0.0915,0.0,5738.0,0.981,0.936,0.9398853941732517,G,-1.1798635380306153,1
K02554.01,kepler,HABITABILITY_ZONE,13.72,325.0,2.64,39.7557642,0.1827,0.0,4405.0,0.511,0.513,0.08857683569867862,K,-0.4638762891682082,1
K02554.02,kepler,NON_HABITABLE,0.94,510.0,16.02,10.27127527,0.0741,0.0,4405.0,0.511,0.513,0.08857683569867862,K,-0.9667930120378618,1
K02555.01,kepler,NON_HABITABLE,1.09,886.0,145.82,12.5722897,0.1072,0.0,6084.0,1.169,1.037,1.6868658810000845,F,-1.196185662716043,1
K02556.01,kepler,NON_HABITABLE,1.5,496.0,14.3,40.8366307,0.2237,0.0,5529.0,0.925,0.893,0.720384791448616,G,-0.9466896708431263,1
K00253.02,kepler,HABITABILITY_ZONE,1.57,359.0,3.92,20.6180348,0.1228,0.0,3757.0,0.576,0.581,0.05955311152883877,K,-0.6164018453009681,1
K02634.01,kepler,NON_HABITABLE,2.42,588.0,28.29,19.9401211,0.1357,0.0,5623.0,0.763,0.853,0.5243437796204764,G,-1.0516590061110802,1
K02635.01,kepler,NON_HABITABLE,2.04,954.0,195.54,22.2420032,0.1655,0.0,5979.0,2.164,1.219,5.391671660420871,G,-1.2117091954147616,1
K02636.01,kepler,NON_HABITABLE,0.59,1156.0,423.0,3.88148385,0.0488,0.0,5854.0,0.979,1.03,1.014077078448456,G,-1.2431534914204612,1
K02409.01,kepler,NON_HABITABLE,1.42,1757.0,2239.26,0.577369336,0.0125,0.0,5255.0,0.716,0.776,0.35221807274244993,G,-1.2809144761480142,1
K00244.01,kepler,NON_HABITABLE,4.75,934.0,180.23,12.720370263,0.1101,0.0,6267.0,1.258,1.097,2.1993521459434193,F,-1.2076220216593931,1
K02411.01,kepler,NON_HABITABLE,3.21,808.0,100.96,11.96407399,0.0997,0.0,5903.0,0.961,0.922,1.0102587451533993,G,-1.173231830775526,1
K02413.01,kepler,NON_HABITABLE,1.49,545.0,20.91,12.90467523,0.0962,0.0,4513.0,0.722,0.712,0.19481860961235115,K,-1.0095528789247352,1
K02484.01,kepler,NON_HABITABLE,1.47,501.0,14.91,68.8861017,0.3133,0.0,5753.0,1.222,0.863,1.4737187811585788,G,-0.954247014845782,1
K02485.01,kepler,NON_HABITABLE,1.68,660.0,44.77,9.99115241,0.0833,0.0,4838.0,0.796,0.771,0.3127406265427267,K,-1.1046479894237646,1
K02486.01,kepler,NON_HABITABLE,1.42,1371.0,834.16,4.267961416,0.0524,0.0,6395.0,1.237,1.048,2.305665519245227,F,-1.2623814429299896,1
K02487.01,kepler,NON_HABITABLE,3.1,694.0,54.91,36.292017,0.2226,0.0,5843.0,1.615,1.115,2.7389449842069644,G,-1.1245646702196623,1
K00250.02,kepler,NON_HABITABLE,2.64,385.0,5.17,17.25121397,0.1063,0.0,3879.0,0.537,0.537,0.05881964514557278,K,-0.7058578927900886,1
K02559.01,kepler,NON_HABITABLE,1.21,913.0,164.38,9.30991834,0.0866,0.0,5806.0,1.101,0.996,1.241016267161756,G,-1.2028024240303865,1
K02560.01,kepler,NON_HABITABLE,1.68,543.0,20.58,18.1209388,0.1228,0.0,4905.0,0.774,0.75,0.312415576231997,K,-1.007141637165768,1
K02561.01,kepler,NON_HABITABLE,0.77,1213.0,511.14,3.23941775,0.0419,0.0,6075.0,0.858,0.934,0.9033466016342272,F,-1.249184018652392,1
K02637.01,kepler,NON_HABITABLE,1.15,1233.0,547.73,3.98864999,0.0492,0.0,5692.0,1.188,0.997,1.3347107465763324,G,-1.2512488119552816,1
K02638.01,kepler,NON_HABITABLE,1.5,1203.0,495.14,2.524017517,0.0344,0.0,5420.0,0.871,0.849,0.5898317772165491,G,-1.2482099022848747,1
K02639.01,kepler,NON_HABITABLE,2.22,691.0,53.73,25.1123362,0.1707,0.0,6133.0,1.112,1.049,1.5761449090659696,F,-1.1225467404283493,1
K02639.02,kepler,NON_HABITABLE,5.75,1573.0,1446.5,2.121023807,0.0329,0.0,6133.0,1.112,1.049,1.5761449090659696,F,-1.2738253340012153,1
K02641.01,kepler,NON_HABITABLE,0.84,1270.0,615.03,3.55557922,0.0445,0.0,5839.0,1.082,0.926,1.2260357468727643,G,-1.2545529375190616,1
K02413.02,kepler,NON_HABITABLE,1.47,406.0,6.44,31.2012202,0.1734,0.0,4513.0,0.722,0.712,0.19481860961235115,K,-0.7684910689753786,1
K02414.01,kepler,NON_HABITABLE,1.3,670.0,47.7,22.5968256,0.1505,0.0,5610.0,1.104,0.889,1.0876378234981081,G,-1.1110498309672838,1
K02414.02,kepler,NON_HABITABLE,1.61,531.0,18.84,45.3486381,0.2395,0.0,5610.0,1.104,0.889,1.0876378234981081,G,-0.9934317232494472,1
K02415.01,kepler,NON_HABITABLE,2.12,1093.0,338.15,5.25419589,0.0602,0.0,6123.0,0.987,1.053,1.2336332131688044,F,-1.2352417910503373,1
K02416.01,kepler,NON_HABITABLE,1.77,1012.0,247.83,5.90608902,0.065,0.0,5966.0,0.961,1.049,1.0540822052778138,G,-1.2226859365035985,1
K00247.01,kepler,NON_HABITABLE,1.91,391.0,5.52,13.81504449,0.0903,0.0,3732.0,0.509,0.515,0.045278998803158284,K,-0.7250648483816987,1
K02488.01,kepler,NON_HABITABLE,1.5,933.0,179.24,12.4128518,0.1063,0.0,5945.0,1.346,1.039,2.038882817505187,G,-1.207339568283837,1
K02489.01,kepler,NON_HABITABLE,1.82,1074.0,314.25,3.92453009,0.0478,0.0,5776.0,0.849,0.939,0.7228011403177084,G,-1.2324535236817398,1
K02490.01,kepler,NON_HABITABLE,1.88,584.0,27.47,11.60653061,0.0885,0.0,4703.0,0.701,0.686,0.2165861399333661,K,-1.0478510663185112,1
K02491.01,kepler,NON_HABITABLE,1.48,1252.0,581.38,2.66831274,0.0376,0.0,5806.0,0.899,0.996,0.827412770766893,G,-1.2529724743482025,1
K02563.01,kepler,NON_HABITABLE,1.34,738.0,70.05,23.4772553,0.1633,0.0,6384.0,1.121,1.046,1.880517801264563,F,-1.1458187303037892,1
K02564.01,kepler,NON_HABITABLE,4.96,757.0,77.68,66.5576728,0.38,0.0,5734.0,3.405,1.648,11.2917095171484,G,-1.1540850204478994,1
K00254.01,kepler,NON_HABITABLE,10.6,730.0,67.3,2.455240626,0.0298,0.0,3793.0,0.568,0.587,0.06016206749403325,K,-1.1424948885687627,1
K02643.01,kepler,NON_HABITABLE,1.35,734.0,68.75,9.08233411,0.0815,0.0,5354.0,0.788,0.884,0.45968529657783663,G,-1.144269648495678,1
K02417.01,kepler,HABITABILITY_ZONE,2.89,347.0,3.42,47.7052566,0.2253,0.0,4551.0,0.672,0.669,0.17452618619796226,K,-0.5666551954368273,1
K00244.02,kepler,NON_HABITABLE,2.53,1185.0,465.61,6.238535444,0.0685,0.0,6267.0,1.258,1.097,2.1993521459434193,F,-1.2462829499249501,1
K02418.01,kepler,POTENTIALLY_HABITABLE,1.68,196.0,0.35,86.829519,0.3013,0.0,3576.0,0.463,0.482,0.031582516582928113,M,1.0267519955544042,1
K02419.01,kepler,NON_HABITABLE,3.41,946.0,189.48,9.95667035,0.0921,0.0,6165.0,1.115,1.048,1.6179934859557865,F,-1.2101509472229317,1
K02420.01,kepler,NON_HABITABLE,1.64,870.0,135.34,10.41728722,0.0914,0.0,5557.0,1.151,0.936,1.1381695032925199,G,-1.1918653543582427,1
K02492.01,kepler,NON_HABITABLE,1.49,2335.0,7044.68,0.984941669,0.0201,0.0,5825.0,1.662,1.121,2.865104508111011,G,-1.293577010558035,1
K02493.01,kepler,NON_HABITABLE,1.6,1681.0,1894.94,0.663085361,0.0141,0.0,5172.0,0.767,0.878,0.379244685044065,K,-1.2783871004684972,1
K02494.01,kepler,NON_HABITABLE,2.33,823.0,108.48,19.1187425,0.1444,0.0,5862.0,1.463,1.097,2.27701881379632,G,-1.1780538743783573,1
K00250.03,kepler,NON_HABITABLE,1.21,652.0,42.68,3.543919702,0.037,0.0,3879.0,0.537,0.537,0.05881964514557278,K,-1.0996784361172023,1
K02569.01,kepler,NON_HABITABLE,1.37,956.0,197.82,8.28157072,0.0795,0.0,5640.0,1.175,0.976,1.2585974846588492,G,-1.2122758816256185,1
K02571.01,kepler,NON_HABITABLE,0.96,1629.0,1654.69,0.82628442,0.0166,0.0,5218.0,0.829,0.886,0.4590078051041171,G,-1.276173891731817,1
K02572.01,kepler,NON_HABITABLE,2.15,935.0,180.66,6.37705295,0.0691,0.0,5672.0,0.965,1.08,0.8683488344801542,G,-1.2077418733661935,1
K02647.01,kepler,NON_HABITABLE,1.94,778.0,86.5,8.83929462,0.0795,0.0,5330.0,0.87,0.855,0.5503539041473462,G,-1.1622461137945033,1
K02649.01,kepler,NON_HABITABLE,1.2,891.0,149.17,7.56126152,0.0751,0.0,5853.0,0.895,0.99,0.8469443543560029,G,-1.1974728196041948,1
K02650.01,kepler,POTENTIALLY_HABITABLE,1.14,292.0,1.71,34.9897847,0.1691,0.0,3765.0,0.521,0.526,0.04913942598881574,K,-0.25857501908134556,1
K02650.02,kepler,NON_HABITABLE,1.0,497.0,14.46,7.05429483,0.0581,0.0,3765.0,0.521,0.526,0.04913942598881574,K,-0.9487103664990366,1
K02421.01,kepler,NON_HABITABLE,0.55,903.0,157.05,2.27050106,0.0275,0.0,4671.0,0.528,0.534,0.11956443736618953,K,-1.2003313948846883,1
K02422.01,kepler,NON_HABITABLE,1.59,523.0,17.69,26.7838935,0.1673,0.0,5242.0,0.856,0.869,0.49845999192466905,G,-0.9833501859679842,1
K02423.01,kepler,NON_HABITABLE,2.32,604.0,31.54,45.126216,0.263,0.0,6499.0,1.169,1.191,2.1963921381312455,F,-1.0653598809969689,1
K02424.01,kepler,NON_HABITABLE,1.86,625.0,35.99,11.94019101,0.096,0.0,5073.0,0.748,0.856,0.33385459292444425,K,-1.0809521226504857,1
K02497.01,kepler,NON_HABITABLE,2.78,396.0,5.81,48.4313003,0.239,0.0,4891.0,0.805,0.776,0.3341004975002149,K,-0.7400604115501691,1
K00248.01,kepler,NON_HABITABLE,2.25,509.0,15.87,7.203855862,0.0595,0.0,3834.0,0.539,0.541,0.05655625902444762,K,-0.9651150252953441,1
K02498.01,kepler,NON_HABITABLE,0.73,786.0,90.19,6.73808701,0.0647,0.0,5168.0,0.769,0.793,0.38004708855900293,K,-1.1652955475247107,1
K02577.01,kepler,NON_HABITABLE,20.83,1793.0,2442.24,18.55581565,0.1919,0.0,5988.0,8.841,2.734,90.53669946271803,G,-1.2821469454415904,1
K02578.01,kepler,NON_HABITABLE,25.95,815.0,104.37,13.33094869,0.1092,0.0,5991.0,1.039,0.976,1.2529192556241013,G,-1.1754851305958665,1
K00255.01,kepler,HABITABILITY_ZONE,2.47,314.0,2.28,27.52194772,0.1445,0.0,3780.0,0.511,0.531,0.048029018306996726,K,-0.40119776536058777,1
K02652.01,kepler,NON_HABITABLE,2.94,715.0,61.87,16.1289679,0.1202,0.0,5392.0,1.087,0.888,0.8998152154287762,G,-1.1352991860630257,1
K02654.01,kepler,NON_HABITABLE,1.75,733.0,68.41,13.5631157,0.1109,0.0,5853.0,0.895,0.99,0.8469443543560029,G,-1.1438583615515596,1
K02655.01,kepler,NON_HABITABLE,1.83,678.0,49.81,16.2959916,0.123,0.0,5495.0,0.961,0.932,0.7585990119085849,G,-1.1153064150263092,1
K02426.01,kepler,NON_HABITABLE,0.7,985.0,222.54,4.16056658,0.0491,0.0,5481.0,0.815,0.914,0.5400688590073343,G,-1.2178595676619224,1
K00245.01,kepler,NON_HABITABLE,1.9,458.0,10.38,39.79220077,0.2144,0.0,5437.0,0.781,0.829,0.4802132181280886,G,-0.8835268164493508,1
K02503.01,kepler,NON_HABITABLE,0.96,552.0,21.92,14.8200596,0.1089,0.0,4825.0,0.732,0.785,0.26164120652026107,K,-1.0165156516136113,1
K02504.01,kepler,NON_HABITABLE,2.34,625.0,36.01,20.49041,0.1485,0.0,5681.0,0.923,1.038,0.7994609760806323,G,-1.0810389670786629,1
K02506.01,kepler,NON_HABITABLE,1.79,949.0,191.84,8.679037,0.083,0.0,6117.0,1.027,1.008,1.330422311515904,F,-1.2107666700263764,1
K02507.01,kepler,NON_HABITABLE,1.93,843.0,119.44,11.1296971,0.0989,0.0,6122.0,0.964,1.041,1.1760399614256234,F,-1.184250230127646,1
K02579.01,kepler,NON_HABITABLE,1.53,1455.0,1056.15,2.7296036,0.0394,0.0,5887.0,1.235,1.09,1.6504591083569244,G,-1.2676745482013474,1
K02580.01,kepler,NON_HABITABLE,1.59,1123.0,375.55,3.11604194,0.0415,0.0,5591.0,0.86,0.977,0.6511028282554222,G,-1.2390591406828753,1
K00250.04,kepler,HABITABILITY_ZONE,2.13,276.0,1.37,46.82767725,0.2068,0.0,3879.0,0.537,0.537,0.05881964514557278,K,-0.1347328624239282,1
K02581.01,kepler,NON_HABITABLE,0.87,697.0,55.82,12.7372371,0.1021,0.0,5420.0,0.868,0.874,0.5857756394890354,G,-1.1260837260210288,1
K02582.01,kepler,NON_HABITABLE,2.01,617.0,34.19,40.0306267,0.2408,0.0,5855.0,1.373,1.161,1.9959211600253925,G,-1.0750281697129767,1
K02668.01,kepler,NON_HABITABLE,1.4,1883.0,2982.78,0.679336747,0.0148,0.0,5440.0,0.913,0.942,0.6577060914650056,G,-1.2847913963336515,1
K02671.01,kepler,NON_HABITABLE,59.5,655.0,43.52,21.47642727,0.1515,0.0,5780.0,1.0,1.0,1.0055555421967817,G,-1.1017169043130213,1
K02672.01,kepler,NON_HABITABLE,4.7,390.0,5.47,88.5122014,0.378,0.0,5593.0,0.945,0.918,0.7872952018354241,G,-0.72279301473512,1
K02432.01,kepler,NON_HABITABLE,1.85,480.0,12.57,31.0572947,0.1803,0.0,5395.0,0.734,0.821,0.41119954574754225,G,-0.9224219230371619,1
K02433.01,kepler,NON_HABITABLE,3.12,829.0,111.74,15.1622287,0.1259,0.0,6325.0,1.112,1.157,1.7829797230968867,F,-1.1799926016868914,1
K02433.02,kepler,NON_HABITABLE,2.94,951.0,193.39,10.04378351,0.0957,0.0,6325.0,1.112,1.157,1.7829797230968867,F,-1.211164271930636,1
K02508.01,kepler,NON_HABITABLE,1.51,818.0,105.84,7.10397925,0.0691,0.0,5488.0,0.789,0.877,0.5087508262109993,G,-1.1764216840712078,1
K02509.01,kepler,NON_HABITABLE,1.13,907.0,159.65,4.5513988,0.0499,0.0,5009.0,0.84,0.797,0.40018186990930993,K,-1.2012261939929663,1
K00248.02,kepler,NON_HABITABLE,2.13,443.0,9.12,10.91274065,0.0785,0.0,3834.0,0.539,0.541,0.05655625902444762,K,-0.8550017715118667,1
K02583.01,kepler,NON_HABITABLE,0.6,1187.0,468.31,3.03267135,0.0405,0.0,5640.0,0.921,0.962,0.7732686203599869,G,-1.2464664064236233,1
K02585.01,kepler,NON_HABITABLE,0.95,1125.0,379.09,5.34182466,0.058,0.0,5767.0,1.135,0.91,1.2837670925937998,G,-1.2393910677607054,1
K02586.01,kepler,NON_HABITABLE,1.66,1418.0,955.16,2.131945045,0.0335,0.0,5845.0,1.013,1.102,1.0790750797629616,G,-1.2654960804924504,1
K02587.01,kepler,NON_HABITABLE,1.13,764.0,80.34,12.9462567,0.1062,0.0,6058.0,0.867,0.95,0.9121158051576179,F,-1.1566844181673275,1
K02588.01,kepler,NON_HABITABLE,1.5,598.0,30.22,5.77957133,0.0532,0.0,4102.0,0.581,0.599,0.08610524349831668,K,-1.0600681666847265,1
K02656.01,kepler,NON_HABITABLE,1.33,1083.0,324.84,6.77367892,0.0727,0.0,6392.0,1.072,1.116,1.7283486161767128,F,-1.2337275625577182,1
K02657.01,kepler,NON_HABITABLE,0.58,941.0,185.16,5.22402436,0.0556,0.0,5487.0,0.84,0.837,0.5762263621581127,G,-1.2089937819724268,1
K02658.01,kepler,NON_HABITABLE,2.08,834.0,114.36,11.6601667,0.1016,0.0,5791.0,1.083,1.03,1.1884088663996708,G,-1.1814924882785982,1
K02660.01,kepler,NON_HABITABLE,2.39,768.0,82.38,18.0161227,0.1369,0.0,6245.0,1.065,1.049,1.5542600946054195,F,-1.158598423361272,1
K02436.01,kepler,NON_HABITABLE,2.59,366.0,4.26,84.5733346,0.3778,0.0,5418.0,0.888,1.005,0.6121764867654121,G,-0.6444404551833159,1
K00245.02,kepler,NON_HABITABLE,0.72,564.0,23.89,21.30181863,0.1413,0.0,5437.0,0.781,0.829,0.4802132181280886,G,-1.0289141777353745,1
K02437.01,kepler,NON_HABITABLE,1.93,1389.0,878.32,4.14789051,0.0541,0.0,6150.0,1.417,1.23,2.58782482008297,F,-1.2635926872646472,1
K02512.01,kepler,NON_HABITABLE,3.14,645.0,40.88,15.92108138,0.1201,0.0,5595.0,0.82,0.917,0.5936394834834993,G,-1.0951069309837103,1
K02513.01,kepler,NON_HABITABLE,28.47,758.0,78.19,19.0054098,0.1412,0.0,6347.0,1.036,1.032,1.5692358252012515,F,-1.1545913464686226,1
K02516.01,kepler,NON_HABITABLE,1.43,1701.0,1978.53,2.81043228,0.041,0.0,5415.0,2.079,1.164,3.3480931536703022,G,-1.2790609457227125,1
K02517.01,kepler,NON_HABITABLE,1.21,1677.0,1867.0,0.968527683,0.0191,0.0,5580.0,0.886,0.989,0.6856444261739677,G,-1.278151930842584,1
K02589.01,kepler,NON_HABITABLE,1.19,1703.0,1998.48,0.664074145,0.0143,0.0,5178.0,0.797,0.896,0.41139550056350754,K,-1.2792154924550732,1
K02592.01,kepler,HABITABILITY_ZONE,2.87,348.0,3.46,175.603366,0.6288,0.0,6225.0,1.009,1.07,1.3773187693640492,F,-0.5714924583461258,1
K00004.01,kepler,NON_HABITABLE,12.94,2034.0,4055.29,3.849371737,0.0548,0.0,6244.0,2.992,1.482,12.259407080067081,F,-1.2883722793423853,1
K00251.01,kepler,NON_HABITABLE,2.54,590.0,28.75,4.164384505,0.0411,0.0,3808.0,0.508,0.534,0.048888858121591404,K,-1.0537527628476577,1
K02662.01,kepler,NON_HABITABLE,0.79,662.0,45.34,2.10433534,0.025,0.0,3605.0,0.433,0.47,0.028529330440099598,M,-1.1059478894807067,1
K02664.01,kepler,NON_HABITABLE,2.66,491.0,13.77,28.8431751,0.1679,0.0,5151.0,0.785,0.758,0.39084109677433626,K,-0.9397940858657604,1
K02666.01,kepler,NON_HABITABLE,3.47,411.0,6.72,64.034363,0.2926,0.0,5691.0,0.783,0.814,0.5793921100751876,G,-0.780140430421086,1
K02439.01,kepler,NON_HABITABLE,1.92,1183.0,462.91,5.19103699,0.0625,0.0,6321.0,1.125,1.207,1.8202997796658034,F,-1.246097196555993,1
K02440.01,kepler,NON_HABITABLE,1.32,1121.0,372.7,4.86638504,0.0557,0.0,5688.0,1.111,0.969,1.1640219746219553,G,-1.2387891074742767,1
K02442.01,kepler,NON_HABITABLE,1.95,513.0,16.34,25.1933989,0.156,0.0,5009.0,0.84,0.797,0.40018186990930993,K,-0.9700660204934753,1
K02519.01,kepler,NON_HABITABLE,2.25,717.0,62.51,4.790912471,0.0486,0.0,4359.0,0.676,0.665,0.14863995948323677,K,-1.1362053747517842,1
K02520.01,kepler,NON_HABITABLE,1.75,732.0,68.05,6.49441464,0.0612,0.0,4769.0,0.742,0.724,0.256573507106977,K,-1.1434212841014,1
K00248.03,kepler,NON_HABITABLE,1.57,717.0,62.42,2.576571021,0.03,0.0,3834.0,0.539,0.541,0.05655625902444762,K,-1.1360803403802169,1
K02521.01,kepler,NON_HABITABLE,2.64,489.0,13.5,28.4750006,0.1689,0.0,4996.0,0.831,0.791,0.3876024171272515,K,-0.9360371062678653,1
K02593.01,kepler,NON_HABITABLE,0.98,874.0,138.25,14.7966306,0.1268,0.0,6175.0,1.307,1.244,2.2376581174656605,F,-1.1931148945343621,1
K02594.01,kepler,NON_HABITABLE,2.42,888.0,147.13,11.25401871,0.0991,0.0,5995.0,1.118,1.022,1.4545714770266898,G,-1.1966948739838859,1
K02595.01,kepler,NON_HABITABLE,1.24,1052.0,289.74,9.18244299,0.0886,0.0,6194.0,1.314,1.098,2.289656033751251,F,-1.2292431130441717,1
K02595.02,kepler,NON_HABITABLE,1.12,901.0,155.87,14.6134781,0.1208,0.0,6194.0,1.314,1.098,2.289656033751251,F,-1.1999141247828957,1
K02672.02,kepler,NON_HABITABLE,3.32,496.0,14.33,42.9923284,0.2336,0.0,5593.0,0.945,0.918,0.7872952018354241,G,-0.9470906646975137,1
K00257.01,kepler,NON_HABITABLE,2.63,1080.0,321.63,6.88341278,0.075,0.0,6139.0,1.193,1.19,1.8212356009616004,F,-1.2333476478433414,1
K02674.01,kepler,NON_HABITABLE,9.52,391.0,5.54,197.5111484,0.6711,0.0,5616.0,1.674,1.032,2.5113891528081105,G,-0.7262878971043639,1
K02674.02,kepler,NON_HABITABLE,1.5,1019.0,255.06,11.1726723,0.0989,0.0,5616.0,1.674,1.032,2.5113891528081105,G,-1.22393007132372,1
K02674.03,kepler,NON_HABITABLE,1.36,1671.0,1842.18,2.53573284,0.0368,0.0,5616.0,1.674,1.032,2.5113891528081105,G,-1.2779384233317976,1
K02443.01,kepler,NON_HABITABLE,1.01,994.0,230.81,6.79164656,0.0658,0.0,5772.0,1.003,0.824,1.0060089999999997,G,-1.2195261228737828,1
K02443.02,kepler,NON_HABITABLE,1.0,826.0,110.03,11.8376933,0.0953,0.0,5772.0,1.003,0.824,1.0060089999999997,G,-1.1789895139226279,1
K02444.01,kepler,NON_HABITABLE,2.53,612.0,33.14,18.5525162,0.1336,0.0,5569.0,0.829,0.928,0.5955423399333997,G,-1.071340059908719,1
K02445.01,kepler,NON_HABITABLE,11.97,481.0,12.62,47.3659328,0.2475,0.0,5708.0,0.902,0.902,0.7781147415025387,G,-0.9232384379281983,1
K00245.03,kepler,NON_HABITABLE,0.27,656.0,43.71,13.3669309,0.1025,0.0,5417.0,0.772,0.803,0.4623433903380274,G,-1.102180533646369,1
K02521.02,kepler,NON_HABITABLE,1.94,881.0,142.39,4.86634094,0.052,0.0,4996.0,0.831,0.791,0.3876024171272515,K,-1.194827174606527,1
K02522.01,kepler,NON_HABITABLE,1.25,774.0,84.65,5.60402307,0.0563,0.0,4847.0,0.737,0.756,0.2700982466257261,K,-1.1606385469677136,1
K02523.01,kepler,NON_HABITABLE,2.88,774.0,84.94,13.0313583,0.1057,0.0,5514.0,1.071,0.926,0.9553020265730093,G,-1.1608937193480389,1
K02524.01,kepler,NON_HABITABLE,2.41,627.0,36.5,40.9905002,0.2383,0.0,5842.0,1.41,1.072,2.086311472265944,G,-1.0825589016352217,1
K02525.01,kepler,HABITABILITY_ZONE,1.95,355.0,3.76,57.2932309,0.2597,0.0,4806.0,0.729,0.709,0.2554376045560295,K,-0.601743465209314,1
K02597.01,kepler,NON_HABITABLE,1.52,1035.0,271.68,8.00504749,0.0818,0.0,6398.0,1.101,1.141,1.8299797806074327,F,-1.2266027980540617,1
K02597.02,kepler,NON_HABITABLE,1.61,901.0,155.85,12.13070414,0.108,0.0,6398.0,1.101,1.141,1.8299797806074327,F,-1.1999093621746553,1
K02597.03,kepler,NON_HABITABLE,1.41,1165.0,435.61,5.61357653,0.0646,0.0,6398.0,1.101,1.141,1.8299797806074327,F,-1.2441267330588628,1
K02598.01,kepler,NON_HABITABLE,1.35,614.0,33.69,29.2254372,0.1901,0.0,6049.0,1.008,1.069,1.2256038387650992,F,-1.07327872281495,1
K02376.01,kepler,NON_HABITABLE,2.34,591.0,28.85,18.8262877,0.128,0.0,5215.0,0.845,0.787,0.47580103154874487,G,-1.0541886791532107,1
K02377.01,kepler,NON_HABITABLE,1.55,646.0,41.08,13.9034057,0.1058,0.0,5261.0,0.819,0.817,0.46295174031478564,G,-1.0956325321219342,1
K00241.03,kepler,NON_HABITABLE,1.06,892.0,149.88,3.41045981,0.0395,0.0,4983.0,0.651,0.715,0.2354074679855793,K,-1.1977380884876982,1
K02378.01,kepler,NON_HABITABLE,1.19,1046.0,282.97,4.76702759,0.0528,0.0,5629.0,0.937,0.864,0.7941433192369407,G,-1.2282831026528063,1
K02448.01,kepler,NON_HABITABLE,3.28,639.0,39.48,13.62801048,0.1039,0.0,5052.0,0.855,0.805,0.42902273514417527,K,-1.0913174142527606,1
K02449.01,kepler,NON_HABITABLE,3.41,474.0,11.94,53.3580444,0.2695,0.0,5481.0,1.036,0.915,0.8726767979180788,G,-0.9123323758572387,1
K02450.01,kepler,NON_HABITABLE,1.86,690.0,53.44,16.83203175,0.1256,0.0,5518.0,1.008,0.932,0.8486772473698289,G,-1.122035622692781,1
K02527.01,kepler,NON_HABITABLE,0.55,1008.0,245.15,1.385787741,0.0206,0.0,4239.0,0.6,0.611,0.10472512257571602,K,-1.2222093355340498,1
K02528.01,kepler,NON_HABITABLE,3.28,776.0,85.78,12.02295362,0.1016,0.0,5982.0,0.879,0.967,0.8913701680691358,G,-1.1616263520618955,1
K02529.01,kepler,NON_HABITABLE,2.75,503.0,15.19,16.79716262,0.1158,0.0,4652.0,0.697,0.734,0.20498358802482716,K,-0.9574302030975621,1
K00248.04,kepler,NON_HABITABLE,1.53,371.0,4.48,18.59611518,0.112,0.0,3834.0,0.539,0.541,0.05655625902444762,K,-0.660854718788367,1
K00251.02,kepler,NON_HABITABLE,0.8,529.0,18.6,5.77440326,0.0511,0.0,3808.0,0.508,0.534,0.048888858121591404,K,-0.9914192811390784,1
K02602.01,kepler,NON_HABITABLE,1.58,796.0,94.94,11.47685263,0.0976,0.0,5550.0,1.032,0.941,0.9103869787472428,G,-1.168961546615632,1
K02603.01,kepler,NON_HABITABLE,1.77,563.0,23.81,73.711039,0.3741,0.0,6374.0,1.502,1.284,3.3549249716128973,F,-1.0284471091528673,1
K02604.01,kepler,NON_HABITABLE,16.25,558.0,22.91,14.43348326,0.106,0.0,4915.0,0.702,0.787,0.2590973810955844,K,-1.0229309556028254,1
K02380.01,kepler,NON_HABITABLE,1.59,990.0,227.07,6.35705314,0.0682,0.0,5982.0,0.96,1.047,1.0632192012752566,G,-1.2187844253273405,1
K02383.01,kepler,NON_HABITABLE,1.56,1191.0,475.39,4.37033233,0.0519,0.0,5657.0,1.182,0.975,1.2890636985507944,G,-1.2469410586330054,1
K02453.01,kepler,NON_HABITABLE,0.84,608.0,32.46,1.530515205,0.0163,0.0,3462.0,0.259,0.247,0.008681654384352252,M,-1.0688347786529093,1
K02457.01,kepler,NON_HABITABLE,1.45,1839.0,2708.57,3.70429015,0.0502,0.0,6732.0,1.927,1.23,6.87123131255797,F,-1.2835489136476244,1
K02530.01,kepler,NON_HABITABLE,2.5,657.0,44.17,37.3331165,0.226,0.0,5623.0,1.588,1.104,2.2712662134109833,G,-1.1032622788329756,1
K02531.01,kepler,NON_HABITABLE,1.96,523.0,17.73,17.6997392,0.1218,0.0,4807.0,0.742,0.769,0.26484940974611787,K,-0.9837507639272821,1
K02532.01,kepler,NON_HABITABLE,2.27,760.0,79.1,7.9709719,0.0762,0.0,5237.0,0.826,0.927,0.46236515866097716,G,-1.1554930736250546,1
K02533.01,kepler,NON_HABITABLE,3.34,1598.0,1540.84,6.03355539,0.0663,0.0,4924.0,3.588,1.066,6.818231709029055,K,-1.274948535039165,1
K02534.01,kepler,NON_HABITABLE,1.62,1484.0,1148.47,3.02558494,0.0418,0.0,6123.0,1.263,1.066,2.020032929622343,F,-1.2694090061975574,1
K02607.01,kepler,NON_HABITABLE,2.07,2131.0,4879.62,0.754457729,0.0158,0.0,5561.0,1.193,0.925,1.2262730334946434,G,-1.290278559238395,1
K02608.01,kepler,NON_HABITABLE,1.84,2017.0,3906.36,2.7612237,0.0435,0.0,6381.0,2.232,1.436,7.4411159057980445,F,-1.287964948297583,1
K02384.01,kepler,NON_HABITABLE,39.8,916.0,166.36,62.6825769,0.3583,0.0,7058.0,3.101,1.562,21.49932668362303,F,-1.2034406497993808,1
K02386.01,kepler,NON_HABITABLE,28.42,827.0,110.79,16.2707207,0.1323,0.0,6117.0,1.244,1.17,1.9520430577656216,F,-1.179434066707286,1
K02387.01,kepler,NON_HABITABLE,1.87,1542.0,1333.35,2.032319072,0.0326,0.0,6156.0,1.05,1.114,1.42648678628825,F,-1.272324129336963,1
K02458.01,kepler,NON_HABITABLE,1.63,1043.0,279.53,4.35407371,0.0484,0.0,5455.0,0.909,0.795,0.6591761665744333,G,-1.2277813833605895,1
K02460.01,kepler,NON_HABITABLE,1.51,554.0,22.24,11.32269749,0.0848,0.0,4563.0,0.642,0.634,0.1609780423126752,K,-1.0186444597325397,1
K02461.01,kepler,NON_HABITABLE,2.47,676.0,49.26,13.71218522,0.1091,0.0,5550.0,0.831,0.923,0.5902944369616786,G,-1.1142316958727136,1
K02462.01,kepler,NON_HABITABLE,1.75,1097.0,342.49,12.14684625,0.1096,0.0,5877.0,1.963,1.187,4.141503878135639,G,-1.2357170662015968,1
K02463.01,kepler,NON_HABITABLE,1.04,1035.0,271.25,7.46718958,0.0806,0.0,6161.0,1.169,1.251,1.7738976885217193,F,-1.2265374117263952,1
K02534.02,kepler,NON_HABITABLE,1.39,1222.0,527.11,5.42204257,0.0617,0.0,6123.0,1.263,1.066,2.020032929622343,F,-1.2501115446473188,1
K02535.01,kepler,NON_HABITABLE,2.96,386.0,5.23,48.8882668,0.2395,0.0,4821.0,0.788,0.765,0.3022008428195761,K,-0.709483465753263,1
K02536.01,kepler,NON_HABITABLE,2.43,542.0,20.36,51.1319346,0.2705,0.0,6071.0,1.107,1.005,1.4997914849314764,F,-1.0055198829593623,1
K02538.01,kepler,NON_HABITABLE,1.46,420.0,7.33,39.8312536,0.2119,0.0,5026.0,0.759,0.8,0.3311831245105543,K,-0.8024583966309294,1
K00249.01,kepler,NON_HABITABLE,1.57,374.0,4.62,9.549277089,0.0646,0.0,3547.0,0.369,0.396,0.019417450044791975,M,-0.6709994374981775,1
K02610.01,kepler,NON_HABITABLE,2.74,1065.0,304.22,24.1073172,0.1872,0.0,6585.0,2.517,1.502,10.732088827816504,F,-1.2311862125684858,1
K00252.01,kepler,NON_HABITABLE,2.64,362.0,4.07,17.60461401,0.1072,0.0,3744.0,0.516,0.529,0.04713434473132245,K,-0.6294053719371948,1
K02613.01,kepler,NON_HABITABLE,2.41,417.0,7.12,51.5738653,0.2638,0.0,5380.0,0.813,0.924,0.49889012102706964,G,-0.7951906272651045,1
K02615.01,kepler,NON_HABITABLE,1.49,1098.0,343.6,4.69505576,0.0557,0.0,5999.0,0.959,1.045,1.0731177351511214,G,-1.2358366100410139,1
K02389.01,kepler,NON_HABITABLE,1.33,684.0,51.7,22.9221181,0.1564,0.0,5897.0,1.081,0.97,1.273123718908657,G,-1.1189018475516048,1
K02390.01,kepler,NON_HABITABLE,3.21,1159.0,425.93,16.10474503,0.1418,0.0,5822.0,2.886,1.464,8.62136770317107,G,-1.2433831939838837,1
K02392.01,kepler,NON_HABITABLE,1.4,899.0,154.52,7.42697378,0.0734,0.0,5573.0,0.982,0.957,0.8380575792383187,G,-1.199437473347155,1
K02466.01,kepler,NON_HABITABLE,0.88,830.0,112.21,3.17323012,0.0362,0.0,4500.0,0.633,0.626,0.14803083383156673,K,-1.180267610194835,1
K02466.02,kepler,NON_HABITABLE,0.91,515.0,16.64,13.2970695,0.094,0.0,4500.0,0.633,0.626,0.14803083383156673,K,-0.9732162546406966,1
K00246.01,kepler,NON_HABITABLE,2.21,1140.0,398.33,5.398752862,0.0602,0.0,5790.0,1.198,0.997,1.4531906715245761,G,-1.24111594748067,1
K02541.01,kepler,NON_HABITABLE,3.36,1425.0,973.85,7.41683033,0.0777,0.0,4938.0,3.324,1.136,5.918628525292736,K,-1.2659247134796878,1
K02542.01,kepler,NON_HABITABLE,0.67,849.0,122.92,0.727331746,0.0115,0.0,3460.0,0.356,0.385,0.016364362880416764,M,-1.1860424267244165,1
K02543.01,kepler,NON_HABITABLE,1.37,1344.0,772.73,1.302017467,0.0215,0.0,4948.0,0.816,0.782,0.35957856230221324,K,-1.2605273375997024,1
K02617.01,kepler,NON_HABITABLE,1.43,739.0,70.63,8.63050092,0.0779,0.0,5352.0,0.764,0.857,0.4314652727606231,G,-1.1464911363536283,1
K02619.01,kepler,NON_HABITABLE,1.71,1195.0,482.56,3.27645723,0.0443,0.0,5812.0,0.963,1.079,0.9533441524448456,G,-1.247410957137165,1
K02620.01,kepler,NON_HABITABLE,2.27,645.0,41.04,16.0573291,0.1199,0.0,5644.0,0.806,0.9,0.5938993011731747,G,-1.0955116135342144,1
K02393.01,kepler,NON_HABITABLE,1.32,848.0,122.02,4.60300256,0.0496,0.0,4821.0,0.788,0.765,0.3022008428195761,K,-1.1855892541602475,1
K02397.01,kepler,NON_HABITABLE,1.47,632.0,37.81,12.00089667,0.0906,0.0,5195.0,0.69,0.688,0.3124173176845772,K,-1.0865414119469798,1
K02399.01,kepler,NON_HABITABLE,0.89,1246.0,571.25,1.916940872,0.0282,0.0,5083.0,0.872,0.815,0.45730728410818733,K,-1.252469378276242,1
K02467.01,kepler,NON_HABITABLE,1.15,1049.0,286.32,5.05661302,0.0583,0.0,5926.0,0.939,1.03,0.9796534751936593,G,-1.2287615784574208,1
K02468.01,kepler,NON_HABITABLE,1.74,647.0,41.3,24.3344939,0.167,0.0,6091.0,0.967,1.045,1.1595835786123143,F,-1.0962004343369005,1
K02469.01,kepler,HABITABILITY_ZONE,2.34,284.0,1.54,131.187921,0.4644,0.0,4898.0,0.803,0.774,0.33434968935047893,K,-0.20301866483284994,1
K02471.01,kepler,NON_HABITABLE,1.66,542.0,20.35,25.8859397,0.1606,0.0,5190.0,0.899,0.823,0.52830354535687,K,-1.005413352814911,1
K02544.01,kepler,NON_HABITABLE,2.38,573.0,25.54,28.6253502,0.1857,0.0,5774.0,0.941,1.038,0.8867089159189636,G,-1.0381444703177034,1
K02545.01,kepler,NON_HABITABLE,1.42,1384.0,865.81,6.98141327,0.0806,0.0,6054.0,2.163,1.429,5.662098440408948,F,-1.263258877546675,1
K02547.01,kepler,NON_HABITABLE,1.48,946.0,188.93,8.94337724,0.0807,0.0,6074.0,1.005,0.873,1.2385854791697326,F,-1.2100039410673162,1
K02548.01,kepler,NON_HABITABLE,19.1,5171.0,168151.39,0.827151296,0.0172,0.0,4452.0,11.895,0.984,50.07768288829865,K,-1.3065934663165302,1
K00250.01,kepler,NON_HABITABLE,2.83,431.0,8.14,12.282998287,0.0847,0.0,3879.0,0.537,0.537,0.05881964514557278,K,-0.8286071530478903,1
K00253.01,kepler,NON_HABITABLE,2.73,530.0,18.73,6.383159135,0.0562,0.0,3757.0,0.576,0.581,0.05955311152883877,K,-0.9925408169847797,1
K02623.01,kepler,NON_HABITABLE,0.92,1183.0,462.81,5.57654782,0.0659,0.0,6187.0,1.238,1.23,2.023282213795597,F,-1.2460900479352157,1
K02624.01,kepler,NON_HABITABLE,3.52,401.0,6.09,115.6863392,0.4684,0.0,5800.0,1.149,1.021,1.346005213167293,G,-0.7535014431794087,1
K02625.01,kepler,NON_HABITABLE,1.37,1029.0,264.63,3.81371423,0.0464,0.0,5547.0,0.82,0.918,0.5735285986409053,G,-1.2254997660907971,1
K02626.01,kepler,POTENTIALLY_HABITABLE,1.58,242.0,0.81,38.0970717,0.1667,0.0,3554.0,0.398,0.426,0.02276829702239556,M,0.21269460618779393,1
K02400.01,kepler,NON_HABITABLE,2.21,756.0,77.43,11.6191707,0.0977,0.0,5870.0,0.834,0.92,0.7440107602639563,G,-1.1538331698798898,1
K02401.01,kepler,HABITABILITY_ZONE,1.51,359.0,3.92,38.2292037,0.1865,0.0,4544.0,0.598,0.592,0.1373568647057087,K,-0.6163898466083019,1
K02402.01,kepler,NON_HABITABLE,1.54,557.0,22.73,16.3012727,0.1186,0.0,4873.0,0.796,0.836,0.3218892635911031,K,-1.0218337419356063,1
K02403.01,kepler,NON_HABITABLE,1.32,872.0,136.61,13.32354078,0.1165,0.0,6113.0,1.218,1.194,1.8664092151677871,F,-1.1924133492255216,1
K02472.01,kepler,NON_HABITABLE,2.07,1431.0,993.79,2.607545159,0.0393,0.0,6147.0,1.096,1.193,1.5451429728112436,F,-1.2663686584735159,1
K02473.01,kepler,NON_HABITABLE,1.84,1047.0,283.66,3.24417541,0.0401,0.0,5094.0,0.87,0.813,0.45916521319466513,K,-1.2283816826622507,1
K02474.01,kepler,HABITABILITY_ZONE,42.05,291.0,1.69,176.845697,0.574,0.0,5592.0,0.797,0.804,0.5596029613475243,G,-0.2523999151641376,1
K00246.02,kepler,NON_HABITABLE,0.91,941.0,185.15,9.60505976,0.0883,0.0,5790.0,1.198,0.997,1.4531906715245761,G,-1.2089888603076155,1
K02550.01,kepler,NON_HABITABLE,1.98,683.0,51.44,18.0243482,0.1346,0.0,5955.0,0.91,0.999,0.9382197227923745,G,-1.118421176448955,1
K02551.01,kepler,NON_HABITABLE,1.53,537.0,19.62,16.4793229,0.1165,0.0,4908.0,0.716,0.797,0.26800257768368746,K,-0.9997855264249681,1
K02552.01,kepler,NON_HABITABLE,1.32,1368.0,828.52,3.65690909,0.0488,0.0,6078.0,1.271,1.162,1.9862256882059757,F,-1.2622199198871191,1
K02553.01,kepler,HABITABILITY_ZONE,2.4,330.0,2.79,88.0712769,0.3575,0.0,4939.0,0.819,0.785,0.35959911851863113,K,-0.48828162421142557,1
K02627.01,kepler,NON_HABITABLE,3.24,1285.0,645.64,8.38395796,0.0896,0.0,5405.0,2.605,1.365,5.2178664439431115,G,-1.2558819011507125,1
K02628.01,kepler,NON_HABITABLE,1.27,1790.0,2432.14,1.68189051,0.0283,0.0,5827.0,1.374,1.068,1.9608674984974166,G,-1.2820893038734618,1
K02631.01,kepler,NON_HABITABLE,1.59,508.0,15.74,44.9977604,0.2555,0.0,5871.0,0.983,1.097,1.034308437450578,G,-0.9636914423869898,1
K02632.01,kepler,NON_HABITABLE,1.36,1373.0,839.5,7.12815163,0.082,0.0,6311.0,1.994,1.443,5.682477685415495,F,-1.2625332242004301,1
K02404.01,kepler,NON_HABITABLE,1.65,1378.0,852.78,2.10081629,0.0318,0.0,5815.0,0.918,0.974,0.8681183753514636,G,-1.2629037339069482,1
K02406.01,kepler,NON_HABITABLE,3.76,1453.0,1054.63,7.01074295,0.0771,0.0,5814.0,2.476,1.243,6.310969782643578,G,-1.2676441233437157,1
K02407.01,kepler,NON_HABITABLE,2.13,809.0,101.22,17.2922631,0.1361,0.0,5936.0,1.299,1.122,1.8875070461444639,G,-1.1734095760539873,1
K02408.01,kepler,NON_HABITABLE,2.11,369.0,4.39,94.289223,0.4092,0.0,5632.0,0.904,1.026,0.7407679020141695,G,-0.6546724759239868,1
K02477.01,kepler,NON_HABITABLE,2.66,822.0,108.07,14.02634692,0.116,0.0,5970.0,1.131,1.057,1.4639196647656039,G,-1.1778059902637443,1
K02479.01,kepler,NON_HABITABLE,2.11,772.0,84.0,25.5433704,0.171,0.0,5422.0,1.782,1.02,2.4725675353854384,G,-1.1600617585478519,1
K02482.01,kepler,NON_HABITABLE,2.44,487.0,13.27,45.0909201,0.2478,0.0,5790.0,0.9,0.998,0.8201513122419578,G,-0.9328224372260077,1
K02483.01,kepler,NON_HABITABLE,1.44,665.0,46.3,15.0539886,0.1078,0.0,5475.0,0.818,0.734,0.5416737773295076,G,-1.1080713253794807,1
K02840.01,kepler,NON_HABITABLE,0.92,1112.0,361.27,3.67936863,0.043,0.0,5676.0,0.848,0.781,0.6724437508683399,G,-1.2376719161987246,1
K02840.02,kepler,NON_HABITABLE,0.77,879.0,141.12,7.4464635,0.0688,0.0,5676.0,0.848,0.781,0.6724437508683399,G,-1.1943090423160085,1
K02841.01,kepler,HABITABILITY_ZONE,2.73,289.0,1.65,159.388788,0.5368,0.0,5135.0,0.874,0.812,0.47849716313096863,K,-0.24039814074427668,1
K02842.01,kepler,NON_HABITABLE,1.73,648.0,41.85,1.565412613,0.0182,0.0,3464.0,0.328,0.328,0.013955774104651437,M,-1.0976087792678513,1
K02842.02,kepler,NON_HABITABLE,1.72,436.0,8.54,5.14892346,0.0403,0.0,3464.0,0.328,0.328,0.013955774104651437,M,-0.8397739158510561,1
K02919.01,kepler,NON_HABITABLE,25.82,1205.0,499.07,2.522590567,0.036,0.0,5591.0,0.86,0.977,0.6511028282554222,G,-1.2484534364883868,1
K02920.01,kepler,NON_HABITABLE,1.48,1011.0,246.9,6.73968289,0.068,0.0,5511.0,1.176,0.92,1.1492936254461334,G,-1.2225215722838587,1
K00276.01,kepler,NON_HABITABLE,2.4,584.0,27.58,41.74598855,0.2384,0.0,5978.0,1.171,1.034,1.5777280371619886,G,-1.0483561590345538,1
K02703.01,kepler,HABITABILITY_ZONE,2.72,202.0,0.39,213.258526,0.6085,0.0,4477.0,0.637,0.659,0.14686623192007497,K,0.8784527607063185,1
K00260.02,kepler,NON_HABITABLE,2.51,475.0,12.07,100.2830675,0.4312,0.0,6214.0,1.297,1.059,2.2597461656801423,F,-0.9145992784441451,1
K02704.01,kepler,HABITABILITY_ZONE,1.56,341.0,3.18,4.871223664,0.0301,0.0,3157.0,0.18,0.153,0.002899599712970404,M,-0.5395300151995639,1
K02704.02,kepler,NON_HABITABLE,0.92,401.0,6.12,2.984157711,0.0217,0.0,3157.0,0.18,0.153,0.002899599712970404,M,-0.7545290917029185,1
K02705.01,kepler,NON_HABITABLE,1.24,557.0,22.75,2.8867624,0.0296,0.0,3483.0,0.389,0.415,0.020063551488201554,M,-1.0219290149977476,1
K02764.01,kepler,NON_HABITABLE,1.19,795.0,94.26,2.252976718,0.0281,0.0,4039.0,0.559,0.583,0.07492275504116847,K,-1.1684533608141812,1
K02845.01,kepler,NON_HABITABLE,0.93,998.0,234.92,1.574090323,0.0236,0.0,4313.0,0.65,0.731,0.13171621920360788,K,-1.2203205315426984,1
K02848.01,kepler,NON_HABITABLE,1.55,894.0,150.64,13.7872627,0.1151,0.0,5691.0,1.458,1.068,2.0089267455163458,G,-1.1980203048404723,1
K00271.03,kepler,NON_HABITABLE,1.46,884.0,144.45,14.4359459,0.1242,0.0,6075.0,1.352,1.225,2.2430203956096886,F,-1.1956472975936234,1
K02849.01,kepler,NON_HABITABLE,1.02,897.0,153.48,5.95958637,0.0646,0.0,5452.0,0.9,1.012,0.644767469477226,G,-1.199062332462954,1
K02921.01,kepler,NON_HABITABLE,1.49,604.0,31.48,16.6146221,0.1196,0.0,5295.0,0.8,0.825,0.4532507611369001,G,-1.0651000632097012,1
K02923.01,kepler,NON_HABITABLE,1.19,835.0,114.94,5.83892993,0.0598,0.0,5279.0,0.769,0.839,0.4137652730593427,G,-1.181813469635545,1
K02924.01,kepler,NON_HABITABLE,0.87,1123.0,374.78,2.279523364,0.031,0.0,5017.0,0.797,0.76,0.36256656932788606,K,-1.2389865520560621,1
K02926.01,kepler,NON_HABITABLE,2.21,434.0,8.39,12.2854718,0.0882,0.0,3891.0,0.564,0.605,0.06568978515941741,K,-0.8356511570053787,1
K02926.02,kepler,NON_HABITABLE,2.2,566.0,24.23,5.53609368,0.0519,0.0,3891.0,0.564,0.605,0.06568978515941741,K,-1.0308530552890836,1
K02706.01,kepler,NON_HABITABLE,1.75,1782.0,2380.18,3.09756897,0.0463,0.0,6329.0,1.885,1.374,5.1363877566405955,F,-1.2817868886400245,1
K02707.01,kepler,NON_HABITABLE,3.21,486.0,13.17,58.0337426,0.2838,0.0,5467.0,1.152,0.902,1.06806077094424,G,-0.9314652842542748,1
K02707.02,kepler,NON_HABITABLE,1.68,773.0,84.28,14.4252635,0.1122,0.0,5467.0,1.152,0.902,1.06806077094424,G,-1.1603125005055939,1
K02707.03,kepler,NON_HABITABLE,2.69,630.0,37.15,26.6757818,0.169,0.0,5467.0,1.152,0.902,1.06806077094424,G,-1.0845635384830126,1
K02708.01,kepler,NON_HABITABLE,1.52,1389.0,880.33,0.868386354,0.0163,0.0,4792.0,0.704,0.793,0.23545464694603183,K,-1.263645578075571,1
K02768.01,kepler,NON_HABITABLE,1.18,730.0,67.13,11.8288843,0.1,0.0,5653.0,0.857,0.952,0.6757285927027422,G,-1.1422792331316178,1
K02768.02,kepler,NON_HABITABLE,1.63,678.0,49.97,14.7512034,0.1159,0.0,5653.0,0.857,0.952,0.6757285927027422,G,-1.115620634945028,1
K02770.01,kepler,HABITABILITY_ZONE,2.11,200.0,0.38,205.385912,0.5898,0.0,4400.0,0.624,0.646,0.13148451102615863,K,0.9318408216963561,1
K00041.02,kepler,NON_HABITABLE,1.3,1155.0,420.97,6.88707073,0.072,0.0,5788.0,1.474,1.05,2.1968670098655867,G,-1.242992391606287,1
K02851.01,kepler,NON_HABITABLE,2.27,1129.0,382.68,3.42064689,0.0426,0.0,5370.0,0.966,0.877,0.6991109524391552,G,-1.2397230406507982,1
K02851.02,kepler,NON_HABITABLE,1.5,1583.0,1488.51,1.23935745,0.0216,0.0,5370.0,0.966,0.877,0.6991109524391552,G,-1.2743386972799418,1
K02852.01,kepler,NON_HABITABLE,1.36,2085.0,4473.06,0.675650404,0.0153,0.0,5966.0,0.961,1.049,1.0540822052778138,G,-1.289404314618461,1
K02853.01,kepler,NON_HABITABLE,1.12,1350.0,782.45,1.407020118,0.0229,0.0,5022.0,0.849,0.804,0.4130635986258416,K,-1.2608352476684228,1
K02927.01,kepler,NON_HABITABLE,2.31,674.0,48.81,24.4359956,0.1702,0.0,6197.0,1.035,1.096,1.4233162066594156,F,-1.113319977501031,1
K00277.01,kepler,NON_HABITABLE,3.54,926.0,174.1,16.23191704,0.1259,0.0,5919.0,1.585,1.009,2.778091868629437,G,-1.2058366533520222,1
K00260.03,kepler,NON_HABITABLE,1.51,790.0,92.0,21.86965714,0.1562,0.0,6214.0,1.297,1.059,2.2597461656801423,F,-1.1667319915983372,1
K02711.01,kepler,NON_HABITABLE,1.62,939.0,183.39,9.02436414,0.085,0.0,5885.0,1.111,1.004,1.3338552328697493,G,-1.2085076541879751,1
K02711.02,kepler,NON_HABITABLE,1.43,755.0,76.86,17.3408735,0.1313,0.0,5885.0,1.111,1.004,1.3338552328697493,G,-1.153255021650164,1
K02775.01,kepler,NON_HABITABLE,27.21,673.0,48.33,17.57704569,0.1239,0.0,5653.0,0.901,0.819,0.7468961728924388,G,-1.1123522077010206,1
K02855.01,kepler,NON_HABITABLE,1.3,1628.0,1659.74,1.400755743,0.0237,0.0,5487.0,1.072,0.902,0.9384780552300295,G,-1.2762253096866272,1
K02856.01,kepler,NON_HABITABLE,2.88,667.0,46.82,25.8730914,0.1741,0.0,6036.0,1.093,1.048,1.4286701097309649,F,-1.1091917223099539,1
K02857.01,kepler,NON_HABITABLE,2.12,770.0,82.92,20.2642023,0.1495,0.0,5937.0,1.291,1.084,1.8655865006840828,G,-1.1590883307593274,1
K00272.01,kepler,NON_HABITABLE,4.52,2215.0,5673.71,1.28132831,0.0222,0.0,5918.0,1.596,0.881,2.8148828667096195,G,-1.2917065513468595,1
K02857.02,kepler,NON_HABITABLE,1.33,1075.0,315.02,7.44136102,0.0767,0.0,5937.0,1.291,1.084,1.8655865006840828,G,-1.2325481772549194,1
K02931.01,kepler,HABITABILITY_ZONE,2.17,300.0,1.93,99.2532336,0.3869,0.0,5010.0,0.715,0.798,0.2901734661076036,K,-0.3200322284406783,1
K02933.01,kepler,HABITABILITY_ZONE,22.19,240.0,0.78,119.0833042,0.4106,0.0,4412.0,0.623,0.65,0.13249906655205304,K,0.24472895397394298,1
K02935.01,kepler,NON_HABITABLE,1.54,681.0,50.86,27.8813154,0.1832,0.0,6434.0,1.055,1.048,1.7183983849530529,F,-1.1173284751944828,1
K02936.01,kepler,NON_HABITABLE,1.26,934.0,180.05,6.4802138,0.0662,0.0,5496.0,0.983,0.92,0.7943074614563604,G,-1.2075692952937975,1
K02712.01,kepler,NON_HABITABLE,1.77,1138.0,396.33,7.50790041,0.0825,0.0,6408.0,1.337,1.329,2.7154858065655203,F,-1.2409421935128278,1
K02714.01,kepler,NON_HABITABLE,1.84,889.0,147.78,14.3832267,0.1188,0.0,6115.0,1.291,1.077,2.0995829644250144,F,-1.1969439426326667,1
K02714.02,kepler,NON_HABITABLE,2.1,598.0,30.22,47.3186631,0.2627,0.0,6115.0,1.291,1.077,2.0995829644250144,F,-1.0600700538922594,1
K02715.01,kepler,NON_HABITABLE,4.04,408.0,6.52,11.12827427,0.0781,0.0,3640.0,0.503,0.513,0.04001623409549231,M,-0.7718479981947212,1
K02778.01,kepler,NON_HABITABLE,1.7,1283.0,638.56,2.21571296,0.0313,0.0,5417.0,0.901,0.83,0.6297666155799501,G,-1.2555831968541098,1
K02779.01,kepler,NON_HABITABLE,1.88,559.0,23.05,34.4585495,0.2039,0.0,6161.0,0.862,0.95,0.9645263065973141,F,-1.0237981367488793,1
K02780.01,kepler,NON_HABITABLE,1.88,1294.0,661.69,3.35184041,0.0449,0.0,6198.0,1.005,1.072,1.342867370924854,F,-1.2565415460096736,1
K00268.01,kepler,NON_HABITABLE,3.02,473.0,11.82,110.3783828,0.4756,0.0,6342.0,1.359,1.175,2.6917738798111355,F,-0.9104138364613461,1
K02859.01,kepler,NON_HABITABLE,0.7,1015.0,251.24,3.4462125,0.0393,0.0,5374.0,0.721,0.68,0.39062127041772465,G,-1.2232789319357098,1
K02859.02,kepler,NON_HABITABLE,0.65,1216.0,516.85,2.005414293,0.0274,0.0,5374.0,0.721,0.68,0.39062127041772465,G,-1.2495208363819459,1
K02859.03,kepler,NON_HABITABLE,0.57,944.0,187.43,4.28886792,0.0455,0.0,5374.0,0.721,0.68,0.39062127041772465,G,-1.2096066791990154,1
K02862.01,kepler,HABITABILITY_ZONE,1.64,316.0,2.35,24.5752524,0.1351,0.0,3678.0,0.512,0.545,0.04321967849194467,M,-0.41428804095785493,1
K02946.01,kepler,NON_HABITABLE,1.93,714.0,61.42,15.1408916,0.1189,0.0,5926.0,0.887,0.978,0.8741551863056912,G,-1.1346708175692335,1
K02948.01,kepler,NON_HABITABLE,1.02,886.0,145.67,11.39169531,0.0956,0.0,5557.0,1.249,0.897,1.3402356756266294,G,-1.1961299097180584,1
K02949.01,kepler,NON_HABITABLE,1.04,985.0,222.53,10.1747037,0.0924,0.0,5866.0,1.339,1.016,1.9125997686888403,G,-1.2178589320591564,1
K02951.01,kepler,NON_HABITABLE,0.67,1249.0,574.37,2.44358543,0.0337,0.0,5561.0,0.873,0.85,0.6566512540983614,G,-1.2526256608887558,1
K02715.02,kepler,NON_HABITABLE,2.1,697.0,55.76,2.226496196,0.0267,0.0,3640.0,0.503,0.513,0.04001623409549231,M,-1.1259850308198829,1
K02715.03,kepler,NON_HABITABLE,1.78,509.0,15.84,5.72084599,0.0501,0.0,3640.0,0.503,0.513,0.04001623409549231,M,-0.9647631132434473,1
K02716.01,kepler,NON_HABITABLE,1.52,1666.0,1828.67,0.962864171,0.0183,0.0,5704.0,0.804,0.897,0.6164883516957239,G,-1.277820455002531,1
K00261.01,kepler,NON_HABITABLE,2.76,711.0,60.35,16.23847733,0.1235,0.0,5683.0,0.993,0.951,0.9266246124343233,G,-1.1331193060472895,1
K02716.02,kepler,NON_HABITABLE,1.8,883.0,144.06,6.46004728,0.0652,0.0,5704.0,0.804,0.897,0.6164883516957239,G,-1.1954945075380246,1
K02785.01,kepler,NON_HABITABLE,1.78,1219.0,522.81,4.76831033,0.0568,0.0,6237.0,1.116,1.069,1.6979546072231357,F,-1.2498659033532489,1
K02786.01,kepler,NON_HABITABLE,2.31,693.0,54.56,44.616751,0.2638,0.0,6763.0,1.424,1.235,3.8218376864937382,F,-1.123963903260153,1
K02789.01,kepler,NON_HABITABLE,1.34,1236.0,552.42,3.40165617,0.044,0.0,6177.0,0.906,0.982,1.076617688883041,F,-1.2514982528361613,1
K02790.01,kepler,NON_HABITABLE,0.98,617.0,34.32,14.00948631,0.104,0.0,5153.0,0.767,0.763,0.37370250417163753,K,-1.0754683061576056,1
K02865.01,kepler,NON_HABITABLE,1.15,1655.0,1776.99,1.311558909,0.024,0.0,5926.0,0.963,1.072,1.0303715842504246,G,-1.2773566535233682,1
K02866.01,kepler,NON_HABITABLE,0.89,1887.0,2993.7,1.291233083,0.0242,0.0,6384.0,1.086,1.129,1.7649234528717597,F,-1.2848373011690433,1
K00273.01,kepler,NON_HABITABLE,2.07,844.0,120.25,10.573751447,0.0964,0.0,5720.0,1.08,1.067,1.1249321696481787,G,-1.1846753569514743,1
K02961.01,kepler,NON_HABITABLE,0.7,1311.0,699.15,3.7847507,0.0494,0.0,6017.0,1.206,1.126,1.717549933263249,F,-1.257991812387308,1
K02962.01,kepler,NON_HABITABLE,0.93,1507.0,1220.49,2.17291055,0.034,0.0,6164.0,1.045,1.109,1.42029255780882,F,-1.2706231160274248,1
K02963.01,kepler,NON_HABITABLE,1.78,786.0,90.43,18.2206024,0.1406,0.0,5951.0,1.262,1.117,1.7995885496450692,G,-1.1654908792946976,1
K02963.02,kepler,NON_HABITABLE,1.42,1064.0,303.08,7.35101287,0.0768,0.0,5951.0,1.262,1.117,1.7995885496450692,G,-1.231039023514748,1
K02964.01,kepler,NON_HABITABLE,1.61,551.0,21.82,47.4497134,0.2602,0.0,6007.0,1.126,1.042,1.4873117848826807,F,-1.0158856326678718,1
K02717.01,kepler,NON_HABITABLE,1.48,2291.0,6514.57,0.929906166,0.0191,0.0,6039.0,1.413,1.075,2.392429519702064,F,-1.292924134203434,1
K02719.01,kepler,NON_HABITABLE,1.93,895.0,151.55,4.11585514,0.0466,0.0,4827.0,0.823,0.796,0.3312863759430277,K,-1.1983571796230248,1
K02720.01,kepler,NON_HABITABLE,1.26,1211.0,507.81,6.57159435,0.0694,0.0,6042.0,1.432,1.029,2.4620883320537414,F,-1.2489849125206327,1
K02721.01,kepler,NON_HABITABLE,3.52,564.0,24.0,33.878639,0.2004,0.0,5533.0,1.072,0.933,0.9703467640226816,G,-1.0295546328688718,1
K02791.01,kepler,NON_HABITABLE,1.94,636.0,38.62,27.5722144,0.1834,0.0,5912.0,1.09,1.079,1.3076316018719372,G,-1.0888972202298641,1
K02792.01,kepler,NON_HABITABLE,0.7,1668.0,1831.55,2.12821621,0.0341,0.0,5952.0,1.377,1.168,2.1439481646265164,G,-1.277845697995041,1
K02797.01,kepler,NON_HABITABLE,1.65,2047.0,4163.14,0.868122253,0.0188,0.0,6116.0,1.084,1.181,1.4812323269478425,F,-1.288653523194473,1
K02868.01,kepler,NON_HABITABLE,2.2,737.0,69.81,10.65275054,0.0918,0.0,5602.0,0.817,0.913,0.5922584167639107,G,-1.1455389891408927,1
K02869.01,kepler,NON_HABITABLE,1.43,1543.0,1341.9,3.30040818,0.0471,0.0,6333.0,1.438,1.279,2.9967494515447943,F,-1.2724441709736356,1
K02942.01,kepler,NON_HABITABLE,1.98,699.0,56.45,13.84301228,0.11,0.0,5745.0,0.837,0.928,0.6875523303750822,G,-1.1271055089205386,1
K02942.02,kepler,NON_HABITABLE,2.25,580.0,26.68,24.2758992,0.16,0.0,5745.0,0.837,0.928,0.6875523303750822,G,-1.043997389034457,1
K02943.01,kepler,NON_HABITABLE,1.56,513.0,16.35,54.4099612,0.2768,0.0,5746.0,1.133,0.954,1.260715280304262,G,-0.970174249116829,1
K02945.01,kepler,NON_HABITABLE,2.52,625.0,36.14,19.94752741,0.1421,0.0,5749.0,0.864,0.961,0.7346685179844759,G,-1.0814494279173086,1
K00277.02,kepler,NON_HABITABLE,1.45,977.0,214.98,13.84984567,0.1133,0.0,5919.0,1.585,1.009,2.778091868629437,G,-1.216255594284552,1
K02722.01,kepler,NON_HABITABLE,1.51,1140.0,399.43,6.12479773,0.0659,0.0,6052.0,1.202,1.015,1.7462214677216337,F,-1.2412108814093232,1
K02722.02,kepler,NON_HABITABLE,1.44,931.0,177.7,11.24284815,0.0988,0.0,6052.0,1.202,1.015,1.7462214677216337,F,-1.2068967848619248,1
K02722.03,kepler,NON_HABITABLE,1.21,1311.0,699.45,4.02877097,0.0498,0.0,6052.0,1.202,1.015,1.7462214677216337,F,-1.258002886102731,1
K02722.04,kepler,NON_HABITABLE,1.27,1006.0,241.79,8.92114318,0.0847,0.0,6052.0,1.202,1.015,1.7462214677216337,F,-1.2216028262393812,1
K00262.01,kepler,NON_HABITABLE,1.68,1196.0,483.06,7.81285862,0.0817,0.0,6237.0,1.543,1.187,3.245858166529042,F,-1.2474428542521228,1
K00269.01,kepler,NON_HABITABLE,1.83,900.0,155.37,18.01164974,0.1469,0.0,6477.0,1.459,1.3,3.3752106467811807,F,-1.199739289186762,1
K02798.01,kepler,NON_HABITABLE,0.6,1212.0,507.47,0.916142298,0.0156,0.0,4374.0,0.614,0.6,0.12432159330336313,K,-1.248964744886385,1
K02801.01,kepler,NON_HABITABLE,1.06,1194.0,479.87,6.99205021,0.0735,0.0,6057.0,1.467,1.081,2.6096678342651063,F,-1.2472356462110388,1
K02871.01,kepler,NON_HABITABLE,1.39,807.0,100.37,12.0999065,0.1011,0.0,5553.0,1.098,0.941,1.0327853870324617,G,-1.172832326098808,1
K02871.02,kepler,NON_HABITABLE,1.15,1059.0,296.73,5.36375016,0.0588,0.0,5553.0,1.098,0.941,1.0327853870324617,G,-1.2301992624979963,1
K02876.01,kepler,NON_HABITABLE,1.37,836.0,115.35,5.1952021,0.0523,0.0,5044.0,0.738,0.708,0.3176199299014332,K,-1.1820423112671408,1
K02956.01,kepler,NON_HABITABLE,1.36,1947.0,3388.82,3.93766786,0.0555,0.0,6277.0,2.741,1.465,10.50802980612177,F,-1.286346270790844,1
K02958.01,kepler,NON_HABITABLE,1.89,634.0,38.1,31.6084371,0.2013,0.0,6341.0,1.033,1.083,1.5542696479156501,F,-1.0874039667755686,1
K02959.01,kepler,NON_HABITABLE,2.04,455.0,10.1,16.1558656,0.1012,0.0,4504.0,0.53,0.528,0.10414537231278254,K,-0.8777412887963914,1
K00279.01,kepler,NON_HABITABLE,6.08,769.0,82.7,28.45489091,0.1993,0.0,6206.0,1.573,1.305,3.306733845529104,F,-1.158888753300979,1
K02723.01,kepler,NON_HABITABLE,2.58,1403.0,917.15,1.952711161,0.0308,0.0,5741.0,0.946,1.02,0.8758448297145884,G,-1.2645843734767,1
K02802.01,kepler,NON_HABITABLE,1.72,1283.0,641.53,3.84822189,0.0495,0.0,5927.0,1.193,1.094,1.5823964742925956,G,-1.2557090927784302,1
K02803.01,kepler,NON_HABITABLE,0.53,1278.0,632.62,2.37752442,0.0351,0.0,5615.0,0.936,1.022,0.7845948446556998,G,-1.2553285253570914,1
K02805.01,kepler,NON_HABITABLE,0.78,1701.0,1977.35,1.877878538,0.03,0.0,6324.0,1.115,1.017,1.7914796949023941,F,-1.2790516845124473,1
K02807.01,kepler,NON_HABITABLE,2.34,1472.0,1111.66,3.375716723,0.0458,0.0,6310.0,1.282,1.122,2.3474059316033995,F,-1.2687433256542782,1
K00041.03,kepler,NON_HABITABLE,1.55,670.0,47.52,35.3331932,0.2143,0.0,5788.0,1.474,1.05,2.1968670098655867,G,-1.110671216531917,1
K00274.01,kepler,NON_HABITABLE,1.42,968.0,207.64,15.0896415,0.1231,0.0,6063.0,1.613,1.092,3.1674788088144417,F,-1.2146138263101443,1
K02877.01,kepler,NON_HABITABLE,1.08,1042.0,279.21,5.30873978,0.0598,0.0,5914.0,0.955,1.011,1.0051404118863871,G,-1.22773536003737,1
K02878.01,kepler,NON_HABITABLE,1.13,956.0,197.66,3.89524296,0.0449,0.0,5018.0,0.838,0.795,0.40114868740436255,K,-1.2122376535053576,1
K02880.01,kepler,NON_HABITABLE,1.22,1873.0,2909.21,0.740926358,0.0153,0.0,5618.0,0.874,0.87,0.6855584923772506,G,-1.284475333698708,1
K02882.01,kepler,HABITABILITY_ZONE,2.72,281.0,1.47,75.8580035,0.3029,0.0,4474.0,0.614,0.645,0.13608660246916768,K,-0.17827827969404192,1
K02967.01,kepler,NON_HABITABLE,2.31,493.0,14.0,37.3033197,0.2082,0.0,5646.0,0.817,0.864,0.6110859781754084,G,-0.9428674506545008,1
K02968.01,kepler,NON_HABITABLE,1.99,1389.0,879.94,10.16435076,0.1028,0.0,6133.0,2.71,1.401,9.361062628318429,F,-1.263635282346354,1
K02729.01,kepler,NON_HABITABLE,1.96,831.0,112.85,14.8877665,0.1186,0.0,6143.0,1.116,1.001,1.5978836788702124,F,-1.1806314881014413,1
K02730.01,kepler,NON_HABITABLE,1.31,1214.0,513.68,4.52158614,0.0529,0.0,5576.0,1.289,0.963,1.447076881805174,G,-1.2493345006101118,1
K02732.01,kepler,NON_HABITABLE,1.38,1194.0,480.26,7.03146295,0.0779,0.0,6170.0,1.499,1.282,2.933854907144334,F,-1.2472611375597038,1
K02732.03,kepler,NON_HABITABLE,2.07,604.0,31.45,54.2811949,0.3044,0.0,6170.0,1.499,1.282,2.933854907144334,F,-1.0650079122392484,1
K00270.01,kepler,NON_HABITABLE,1.53,917.0,167.41,12.58229808,0.1027,0.0,5587.0,1.423,0.911,1.7775392365800573,G,-1.2037769514046288,1
K02883.01,kepler,NON_HABITABLE,2.1,525.0,17.92,11.95401876,0.0885,0.0,4359.0,0.659,0.648,0.1412579878250489,K,-0.9854072110255052,1
K02886.01,kepler,NON_HABITABLE,1.24,1564.0,1419.46,0.88184263,0.0171,0.0,5268.0,0.776,0.871,0.4178315384637849,G,-1.2734829386733573,1
K02675.01,kepler,NON_HABITABLE,2.17,978.0,215.95,5.448321078,0.0603,0.0,5721.0,0.905,0.983,0.7904595663798806,G,-1.2164665774115453,1
K02675.02,kepler,NON_HABITABLE,1.0,1659.0,1797.63,1.116127169,0.0209,0.0,5721.0,0.905,0.983,0.7904595663798806,G,-1.2775442844294538,1
K02677.01,kepler,HABITABILITY_ZONE,9.91,354.0,3.73,237.787237,0.7713,0.0,5185.0,1.853,1.08,2.2358393321635486,K,-0.5990092363275941,1
K02678.01,kepler,NON_HABITABLE,2.25,1012.0,247.8,3.833087643,0.046,0.0,5397.0,0.831,0.878,0.5278450219717771,G,-1.2226802099923137,1
K00262.02,kepler,NON_HABITABLE,1.89,1125.0,379.3,9.37663713,0.0922,0.0,6237.0,1.543,1.187,3.245858166529042,F,-1.2394103518850865,1
K02733.01,kepler,NON_HABITABLE,1.45,772.0,84.01,5.62006198,0.0577,0.0,4868.0,0.746,0.814,0.28156239032505104,K,-1.1600733324476997,1
K02734.01,kepler,NON_HABITABLE,3.45,1005.0,241.25,3.8259005,0.0465,0.0,5223.0,0.885,0.913,0.5251233803669826,G,-1.2215033983470827,1
K02735.01,kepler,NON_HABITABLE,1.33,1787.0,2412.15,0.558841234,0.0128,0.0,5151.0,0.792,0.903,0.3978425895201546,K,-1.281974132668593,1
K02736.01,kepler,NON_HABITABLE,2.39,577.0,26.22,9.33648141,0.0747,0.0,4442.0,0.648,0.637,0.14728514237686896,K,-1.041676241595017,1
K02812.01,kepler,NON_HABITABLE,2.61,466.0,11.12,76.6139446,0.3521,0.0,6173.0,1.03,0.988,1.387887510488395,F,-0.8980211485621057,1
K02813.01,kepler,NON_HABITABLE,14.81,5173.0,168689.02,0.698461304,0.02,0.0,4676.0,12.558,2.17,67.9256304056271,K,-1.3065988088359752,1
K02816.01,kepler,NON_HABITABLE,1.38,1448.0,1040.23,1.289590179,0.0224,0.0,5467.0,0.808,0.906,0.5254286228974824,G,-1.2673524069921818,1
K02817.01,kepler,NON_HABITABLE,1.35,1714.0,2030.16,0.634003002,0.0136,0.0,5226.0,0.75,0.84,0.3780026623413089,G,-1.2794561535971976,1
K00274.02,kepler,NON_HABITABLE,1.29,843.0,119.6,22.8030252,0.1622,0.0,6063.0,1.613,1.092,3.1674788088144417,F,-1.184334498424952,1
K02890.01,kepler,NON_HABITABLE,1.39,864.0,131.92,8.98826122,0.0845,0.0,5984.0,0.906,0.993,0.9482381958563809,G,-1.1903452620435144,1
K02679.01,kepler,NON_HABITABLE,29.64,651.0,42.53,110.7556272,0.5211,0.0,6525.0,2.668,1.536,11.62487856381346,F,-1.0992973840365203,1
K02680.01,kepler,NON_HABITABLE,23.4,624.0,35.81,14.4079035,0.1077,0.0,5440.0,0.728,0.814,0.41817018768570985,G,-1.080399607045594,1
K02681.01,kepler,HABITABILITY_ZONE,6.01,295.0,1.8,135.4978256,0.4756,0.0,5307.0,0.757,0.782,0.4095272639172176,G,-0.2856443260643263,1
K02681.02,kepler,NON_HABITABLE,2.07,539.0,20.01,22.2508509,0.1426,0.0,5307.0,0.757,0.782,0.4095272639172176,G,-1.00282595457497,1
K02739.01,kepler,NON_HABITABLE,1.98,879.0,140.75,10.10773789,0.0889,0.0,5480.0,1.174,0.915,1.1198326819209299,G,-1.1941585794478615,1
K02739.02,kepler,NON_HABITABLE,1.2,989.0,225.73,7.0956395,0.0702,0.0,5480.0,1.174,0.915,1.1198326819209299,G,-1.218513760924267,1
K00270.02,kepler,NON_HABITABLE,1.86,661.0,45.09,33.67280658,0.1979,0.0,5587.0,1.423,0.911,1.7775392365800573,G,-1.1053636767750716,1
K02820.01,kepler,NON_HABITABLE,1.22,1177.0,452.27,3.00912491,0.041,0.0,5713.0,0.893,1.01,0.7653401978854657,G,-1.2453507487591848,1
K02821.01,kepler,NON_HABITABLE,3.33,404.0,6.33,79.2450351,0.3479,0.0,5648.0,0.917,0.892,0.7709250077716667,G,-0.763840206733751,1
K02822.01,kepler,NON_HABITABLE,1.94,1063.0,302.6,4.44589508,0.0521,0.0,5918.0,0.865,0.956,0.8268500719781146,G,-1.2309754576604712,1
K02894.01,kepler,NON_HABITABLE,1.27,786.0,90.1,10.3108232,0.0917,0.0,5708.0,0.893,0.967,0.7626644196641831,G,-1.1652232489273833,1
K02683.01,kepler,HABITABILITY_ZONE,4.49,321.0,2.51,126.4451275,0.4725,0.0,5613.0,0.795,0.888,0.5652090883251073,G,-0.4437326069872295,1
K02686.01,kepler,HABITABILITY_ZONE,3.43,215.0,0.5,211.032819,0.6266,0.0,4658.0,0.686,0.743,0.19959096526943712,K,0.623120853554211,1
K02687.01,kepler,NON_HABITABLE,0.74,1455.0,1056.84,1.716828304,0.028,0.0,5808.0,0.902,0.987,0.8340925000893004,G,-1.2676884554030563,1
K02743.01,kepler,NON_HABITABLE,1.32,728.0,66.33,11.87457664,0.0986,0.0,5523.0,0.88,0.907,0.6491726694835884,G,-1.1412790860996886,1
K02744.01,kepler,NON_HABITABLE,4.85,428.0,7.95,109.6469948,0.4382,0.0,5332.0,1.453,0.932,1.5373986730133617,G,-0.8228575884158095,1
K02745.01,kepler,NON_HABITABLE,2.18,710.0,60.08,15.64588656,0.1229,0.0,5896.0,0.916,1.008,0.9135147352846498,G,-1.132720228673724,1
K02827.01,kepler,NON_HABITABLE,1.21,827.0,110.22,7.06321927,0.0656,0.0,5305.0,0.818,0.753,0.47746646106215257,G,-1.1790978891130133,1
K02898.01,kepler,NON_HABITABLE,2.44,649.0,42.01,25.384175,0.1728,0.0,6137.0,0.994,1.067,1.262676135028494,F,-1.0979979291053665,1
K00275.01,kepler,NON_HABITABLE,2.4,910.0,161.97,15.79196594,0.1328,0.0,5758.0,1.704,1.251,2.8755474166843644,G,-1.20200791414335,1
K02899.01,kepler,NON_HABITABLE,1.54,915.0,165.58,5.77207177,0.0625,0.0,5591.0,0.86,0.977,0.6511028282554222,G,-1.2031900112436489,1
K02900.01,kepler,NON_HABITABLE,2.08,423.0,7.59,46.151253,0.2261,0.0,5204.0,0.769,0.723,0.39074779995947506,G,-0.8114279208976657,1
K02687.02,kepler,NON_HABITABLE,1.03,865.0,132.43,8.16733851,0.0791,0.0,5808.0,0.902,0.987,0.8340925000893004,G,-1.190573231391034,1
K00041.01,kepler,NON_HABITABLE,2.26,939.0,183.68,12.81590421,0.109,0.0,5788.0,1.474,1.05,2.1968670098655867,G,-1.208587026337477,1
K02688.01,kepler,NON_HABITABLE,5.15,625.0,36.05,5.424749327,0.0504,0.0,4137.0,0.591,0.58,0.09217470485432061,K,-1.0811460221162759,1
K02689.01,kepler,HABITABILITY_ZONE,6.98,301.0,1.93,165.3447044,0.5468,0.0,5594.0,0.812,0.798,0.5816967226515624,G,-0.32183056196373044,1
K02690.01,kepler,NON_HABITABLE,2.04,1046.0,283.23,3.606940379,0.0453,0.0,5508.0,0.84,0.955,0.5850985324057656,G,-1.228320846824926,1
K02747.01,kepler,NON_HABITABLE,1.55,809.0,101.27,6.26404774,0.0615,0.0,5032.0,0.817,0.789,0.385568328867691,K,-1.1734376772921205,1
K02748.01,kepler,NON_HABITABLE,2.61,793.0,93.34,23.1985852,0.1595,0.0,5416.0,1.756,1.004,2.390332718986479,G,-1.1677570436299947,1
K02748.02,kepler,NON_HABITABLE,2.17,1260.0,596.37,5.77721259,0.0631,0.0,5416.0,1.756,1.004,2.390332718986479,G,-1.2536928562911147,1
K02828.01,kepler,NON_HABITABLE,2.92,369.0,4.36,59.4969009,0.2769,0.0,4817.0,0.833,0.8,0.3365823190483824,K,-0.6521285746762413,1
K02829.01,kepler,NON_HABITABLE,1.77,987.0,224.63,10.61345333,0.0953,0.0,5865.0,1.388,1.023,2.0537411659676974,G,-1.218290437249867,1
K00271.01,kepler,NON_HABITABLE,2.48,590.0,28.6,48.6303805,0.2791,0.0,6075.0,1.352,1.225,2.2430203956096886,F,-1.0530992941369566,1
K02830.01,kepler,NON_HABITABLE,5.92,933.0,178.81,40.5289885,0.2866,0.0,6443.0,3.086,1.907,14.78560429831979,F,-1.207216757371686,1
K02904.01,kepler,NON_HABITABLE,2.23,959.0,200.1,16.3583482,0.1404,0.0,6133.0,1.765,1.377,3.970781488038463,F,-1.2128352751033622,1
K02906.01,kepler,NON_HABITABLE,1.33,928.0,175.14,13.9093544,0.1179,0.0,6052.0,1.424,1.128,2.450814077847724,F,-1.2061463361212212,1
K02691.01,kepler,HABITABILITY_ZONE,3.05,283.0,1.52,97.4463194,0.3729,0.0,4735.0,0.686,0.73,0.213119346153804,K,-0.1966560125320979,1
K02693.01,kepler,NON_HABITABLE,1.0,755.0,77.0,4.081411554,0.0438,0.0,4498.0,0.635,0.698,0.1487030804771866,K,-1.1533979187187082,1
K02693.02,kepler,NON_HABITABLE,0.99,536.0,19.47,11.41941928,0.0871,0.0,4498.0,0.635,0.698,0.1487030804771866,K,-0.9986395133285855,1
K02693.03,kepler,NON_HABITABLE,1.01,636.0,38.68,6.83440674,0.0618,0.0,4498.0,0.635,0.698,0.1487030804771866,K,-1.089064170519581,1
K02750.01,kepler,NON_HABITABLE,11.12,481.0,12.65,174.636181,0.67,0.0,5974.0,2.232,1.313,5.716681070532287,G,-0.9237283583589597,1
K02751.01,kepler,NON_HABITABLE,2.47,437.0,8.64,24.4004378,0.1441,0.0,4583.0,0.674,0.669,0.1805568345933083,K,-0.8425491422609023,1
K02753.01,kepler,NON_HABITABLE,1.05,2124.0,4811.82,0.935115863,0.0193,0.0,5874.0,1.297,1.096,1.8043069884205591,G,-1.2901404894747042,1
K02832.01,kepler,NON_HABITABLE,0.89,1061.0,299.19,3.57551429,0.0431,0.0,5213.0,0.917,0.832,0.5594796330467371,G,-1.2305267412330363,1
K02833.01,kepler,NON_HABITABLE,1.48,2223.0,5787.99,1.791877025,0.0303,0.0,6002.0,2.139,1.156,5.34934051254613,F,-1.2918874852151576,1
K02834.01,kepler,HABITABILITY_ZONE,2.35,248.0,0.89,136.205112,0.4626,0.0,4648.0,0.675,0.711,0.1915873072611253,K,0.14668442683495034,1
K02835.01,kepler,NON_HABITABLE,1.37,606.0,31.73,6.30922043,0.054,0.0,4380.0,0.53,0.524,0.09314142789025849,K,-1.0660788372982148,1
K02836.01,kepler,NON_HABITABLE,1.22,988.0,225.15,2.94194296,0.0363,0.0,4901.0,0.758,0.733,0.29865647276757,K,-1.2183957667049021,1
K02906.02,kepler,NON_HABITABLE,1.8,424.0,7.63,145.881936,0.5648,0.0,6052.0,1.424,1.128,2.450814077847724,F,-0.812703625064287,1
K00275.02,kepler,NON_HABITABLE,2.57,525.0,17.96,82.2001239,0.3988,0.0,5758.0,1.704,1.251,2.8755474166843644,G,-0.9858118902874228,1
K02910.01,kepler,NON_HABITABLE,1.8,608.0,32.23,15.3626052,0.1126,0.0,5011.0,0.851,0.806,0.4113878314655985,K,-1.0679859207575413,1
K02694.01,kepler,NON_HABITABLE,1.7,1541.0,1329.99,0.843379985,0.0163,0.0,4818.0,0.856,0.809,0.355720932661402,K,-1.2722765293379121,1
K02694.02,kepler,NON_HABITABLE,1.83,777.0,86.27,6.56606941,0.064,0.0,4818.0,0.856,0.809,0.355720932661402,K,-1.1620490184829018,1
K00260.01,kepler,NON_HABITABLE,1.34,1009.0,244.59,10.49566303,0.0958,0.0,6214.0,1.297,1.059,2.2597461656801423,F,-1.2221095038692942,1
K02695.01,kepler,NON_HABITABLE,20.23,1147.0,408.12,2.50343279,0.0333,0.0,5174.0,0.84,0.782,0.455574051826094,K,-1.2419461654117963,1
K02696.01,kepler,NON_HABITABLE,9.1,727.0,65.96,96.4562198,0.4921,0.0,7029.0,2.704,1.704,16.079859810977286,F,-1.1408063940000013,1
K02696.02,kepler,NON_HABITABLE,5.8,940.0,184.67,44.5643831,0.2941,0.0,7029.0,2.704,1.704,16.079859810977286,F,-1.208859882674343,1
K02754.01,kepler,NON_HABITABLE,0.74,1642.0,1715.26,1.34155642,0.0234,0.0,5779.0,0.97,0.945,0.9454726202389521,G,-1.2767754928214643,1
K02755.01,kepler,NON_HABITABLE,0.8,879.0,141.04,8.48299282,0.0798,0.0,5827.0,0.933,0.94,0.9041449692138241,G,-1.1942761816867227,1
K02756.01,kepler,NON_HABITABLE,1.11,2174.0,5246.66,0.665025941,0.0153,0.0,5884.0,1.07,1.07,1.2363827065719764,G,-1.2909788768041026,1
K02757.01,kepler,HABITABILITY_ZONE,2.56,267.0,1.2,234.635652,0.7097,0.0,5422.0,0.885,0.867,0.6098447714148153,G,-0.057403714899999465,1
K02758.01,kepler,NON_HABITABLE,19.25,555.0,22.41,253.374581,1.0077,0.0,5177.0,5.949,2.122,22.903154781228068,K,-1.0197350006312595,1
K02837.01,kepler,NON_HABITABLE,2.88,1299.0,672.06,13.32191461,0.1284,0.0,6995.0,2.274,1.584,11.1538938312969,F,-1.2569553024678544,1
K02838.01,kepler,NON_HABITABLE,0.92,969.0,208.61,7.69994466,0.075,0.0,5727.0,1.104,0.946,1.1812493690760866,G,-1.2148354269895498,1
K02838.02,kepler,NON_HABITABLE,0.81,1137.0,395.06,4.77466043,0.0545,0.0,5727.0,1.104,0.946,1.1812493690760866,G,-1.2408315988088503,1
K00271.02,kepler,NON_HABITABLE,2.5,698.0,55.98,29.39337161,0.1995,0.0,6075.0,1.352,1.225,2.2430203956096886,F,-1.1263518511101696,1
K02839.01,kepler,NON_HABITABLE,1.27,783.0,88.91,2.164570593,0.0273,0.0,3941.0,0.554,0.578,0.06670217250746124,K,-1.1642569800072926,1
K02913.01,kepler,NON_HABITABLE,0.84,1423.0,969.05,2.88878583,0.0415,0.0,5696.0,1.331,1.139,1.6800830246324574,G,-1.2658158997320808,1
K02914.01,kepler,NON_HABITABLE,2.89,1110.0,359.11,21.1181653,0.1691,0.0,6461.0,2.566,1.443,10.337296629206907,F,-1.2374553170255715,1
K02915.01,kepler,NON_HABITABLE,0.98,998.0,234.93,5.06092282,0.0565,0.0,5637.0,0.911,0.939,0.754959411566253,G,-1.2203217137602755,1
K02698.01,kepler,NON_HABITABLE,3.39,446.0,9.37,87.9724227,0.3859,0.0,5837.0,1.159,0.988,1.404818945340106,G,-0.8612073510434769,1
K02699.01,kepler,NON_HABITABLE,1.49,1796.0,2473.19,0.568874717,0.0128,0.0,5223.0,0.78,0.889,0.40790968701876495,G,-1.2823214253545312,1
K02700.01,kepler,NON_HABITABLE,1.12,1127.0,380.16,0.910020582,0.0151,0.0,4297.0,0.533,0.55,0.08725906258647678,K,-1.2394906131807855,1
K02759.01,kepler,NON_HABITABLE,1.01,1417.0,951.61,1.07808492,0.019,0.0,4906.0,0.814,0.783,0.3458228579530128,K,-1.265413332631394,1
K02760.01,kepler,HABITABILITY_ZONE,2.69,356.0,3.79,56.5732318,0.2633,0.0,4701.0,0.775,0.758,0.2642768490306359,K,-0.6040361402346325,1
K00265.01,kepler,NON_HABITABLE,1.36,1407.0,926.89,3.568099612,0.0473,0.0,6007.0,1.334,1.107,2.087550052732826,F,-1.2648233795699242,1
K02762.01,kepler,HABITABILITY_ZONE,2.51,241.0,0.8,132.9955503,0.4498,0.0,4523.0,0.659,0.687,0.16374644893043389,K,0.22206041246035577,1
K00301.01,kepler,NON_HABITABLE,2.33,1209.0,504.79,6.002548291,0.0697,0.0,6204.0,1.36,1.257,2.4686509247288533,F,-1.2488028328671852,1
K00301.02,kepler,NON_HABITABLE,1.32,975.0,213.39,11.44865823,0.1072,0.0,6204.0,1.36,1.257,2.4686509247288533,F,-1.215907994379345,1
K00302.01,kepler,NON_HABITABLE,7.61,1095.0,339.33,24.85466504,0.1992,0.0,6967.0,2.527,1.7,13.554654005001616,F,-1.2353721183107997,1
K00303.01,kepler,NON_HABITABLE,2.78,467.0,11.28,60.92818866,0.2897,0.0,5638.0,1.023,0.871,0.952678279954274,G,-0.9008695438079409,1
K00304.01,kepler,NON_HABITABLE,2.14,839.0,117.11,8.512037736,0.081,0.0,5767.0,0.881,0.979,0.7734750919712754,G,-1.183006385863616,1
K00361.01,kepler,NON_HABITABLE,1.41,1181.0,460.67,3.247548814,0.0442,0.0,5703.0,0.975,1.091,0.905977533310214,G,-1.245941911702511,1
K03007.01,kepler,NON_HABITABLE,1.47,782.0,88.34,11.1916199,0.097,0.0,5646.0,0.956,0.97,0.8367081323433346,G,-1.1637892495434197,1
K03008.01,kepler,NON_HABITABLE,1.12,1616.0,1611.51,2.99792926,0.0425,0.0,5888.0,1.645,1.136,2.930203077911233,G,-1.2757244444785734,1
K03010.01,kepler,POTENTIALLY_HABITABLE,1.39,244.0,0.84,60.8660974,0.2465,0.0,3808.0,0.522,0.539,0.05162065075486589,K,0.18536759409477582,1
K03086.01,kepler,HABITABILITY_ZONE,3.0,287.0,1.6,174.731515,0.5732,0.0,5201.0,0.897,0.82,0.5304286963609223,G,-0.2252199740880629,1
K03088.01,kepler,NON_HABITABLE,1.16,1132.0,389.41,3.48412874,0.0453,0.0,5696.0,0.921,1.022,0.8044404369351439,G,-1.24033241832339,1
K00285.01,kepler,NON_HABITABLE,3.63,975.0,213.84,13.74883059,0.1174,0.0,5862.0,1.67,1.142,2.966954655854461,G,-1.2160058776607745,1
K03089.01,kepler,NON_HABITABLE,0.88,1671.0,1846.35,0.858546796,0.0167,0.0,5269.0,0.864,0.843,0.5183641874953138,G,-1.27797464818128,1
K00304.02,kepler,NON_HABITABLE,0.46,969.0,208.54,5.518195,0.0607,0.0,5767.0,0.881,0.979,0.7734750919712754,G,-1.2148189887298866,1
K00305.01,kepler,NON_HABITABLE,1.51,810.0,101.65,4.603575293,0.0503,0.0,4783.0,0.741,0.805,0.2589003572819065,K,-1.1736960450719482,1
K00306.01,kepler,NON_HABITABLE,2.14,532.0,18.87,24.30784323,0.1594,0.0,5313.0,0.82,0.913,0.48270486810074403,G,-0.993734675987043,1
K00307.01,kepler,NON_HABITABLE,1.78,711.0,60.37,19.67409703,0.144,0.0,6023.0,1.031,1.027,1.2602696962090747,F,-1.133153624260331,1
K00046.01,kepler,NON_HABITABLE,5.64,1445.0,1033.07,3.487688776,0.0461,0.0,5576.0,1.593,1.074,2.210127468768688,G,-1.2672049394783595,1
K00365.01,kepler,NON_HABITABLE,2.16,385.0,5.2,81.737872,0.3539,0.0,5559.0,0.873,0.882,0.6557071115419743,G,-0.7075891653403773,1
K00366.01,kepler,NON_HABITABLE,23.23,777.0,86.18,75.1122132,0.4156,0.0,6201.0,3.354,1.694,14.985379722581273,F,-1.1619753074286683,1
K00367.01,kepler,NON_HABITABLE,4.52,570.0,24.94,31.578651216,0.1949,0.0,5733.0,0.99,0.987,0.9538780750345169,G,-1.0349059825462816,1
K00369.01,kepler,NON_HABITABLE,1.59,1253.0,583.47,5.88527364,0.0653,0.0,6070.0,1.431,1.072,2.504544440172705,F,-1.2530744314519442,1
K03013.01,kepler,NON_HABITABLE,19.39,1084.0,326.2,3.76562031,0.0466,0.0,5743.0,0.853,0.949,0.713096061451972,G,-1.2338865409324145,1
K03014.01,kepler,NON_HABITABLE,3.11,441.0,8.93,86.1160885,0.4001,0.0,6161.0,1.053,1.15,1.4393164462560242,F,-0.8503045115402448,1
K03015.01,kepler,NON_HABITABLE,0.9,1397.0,900.38,3.61460332,0.0461,0.0,5799.0,1.375,0.999,1.9262495117257319,G,-1.2641638787848535,1
K00282.02,kepler,NON_HABITABLE,1.02,982.0,220.05,8.45744892,0.0799,0.0,5903.0,1.137,0.95,1.414186778333373,G,-1.2173415093696849,1
K03017.01,kepler,NON_HABITABLE,0.67,1391.0,883.43,2.46288834,0.0338,0.0,5893.0,0.967,0.848,1.015999333059853,G,-1.2637269505392252,1
K03090.01,kepler,NON_HABITABLE,1.05,601.0,30.84,3.82223397,0.0385,0.0,3729.0,0.514,0.52,0.04602464864415715,K,-1.062604816609626,1
K03091.01,kepler,NON_HABITABLE,1.62,769.0,82.56,17.067644,0.1321,0.0,6347.0,0.996,1.053,1.450398628498424,F,-1.1587664642074993,1
K03093.01,kepler,NON_HABITABLE,1.74,629.0,37.12,29.6099055,0.1861,0.0,5812.0,1.122,0.977,1.2941447255691936,G,-1.0844772573202024,1
K03095.01,kepler,NON_HABITABLE,1.25,1212.0,508.75,3.42390809,0.0451,0.0,5788.0,1.015,1.038,1.0416957315489164,G,-1.2490412496737575,1
K00307.02,kepler,NON_HABITABLE,1.18,1107.0,354.82,5.21104597,0.0594,0.0,6023.0,1.031,1.027,1.2602696962090747,F,-1.2370176014509635,1
K00308.01,kepler,NON_HABITABLE,3.72,646.0,41.06,35.5969684,0.2178,0.0,6212.0,1.209,1.082,1.9609797107172313,F,-1.0955814430648825,1
K00312.01,kepler,NON_HABITABLE,2.06,951.0,193.48,11.57890926,0.1062,0.0,6156.0,1.303,1.193,2.196736602395707,F,-1.2111877444580579,1
K00369.02,kepler,NON_HABITABLE,1.59,1046.0,283.38,10.10463142,0.0937,0.0,6070.0,1.431,1.072,2.504544440172705,F,-1.2283412319023197,1
K00370.01,kepler,NON_HABITABLE,3.61,709.0,59.6,42.88247951,0.2578,0.0,6143.0,1.763,1.24,3.9876900639367006,F,-1.1320136313438751,1
K00063.01,kepler,NON_HABITABLE,5.73,791.0,92.39,9.43414171,0.0858,0.0,5578.0,0.886,0.943,0.6846619517822643,G,-1.167029126327377,1
K00370.02,kepler,NON_HABITABLE,2.17,873.0,137.23,22.95062278,0.1699,0.0,6143.0,1.763,1.24,3.9876900639367006,F,-1.1926809093212187,1
K00372.01,kepler,NON_HABITABLE,10.02,388.0,5.35,125.6291479,0.4865,0.0,5819.0,1.111,0.972,1.275017826863819,G,-0.7161285302838587,1
K03019.01,kepler,NON_HABITABLE,1.52,1194.0,478.98,4.17939037,0.0504,0.0,5633.0,1.162,0.973,1.224802238326387,G,-1.2471774549417485,1
K03020.01,kepler,NON_HABITABLE,1.9,1107.0,355.29,10.9192653,0.1033,0.0,5745.0,1.972,1.234,3.816529851485483,G,-1.2370660646333829,1
K03022.01,kepler,NON_HABITABLE,1.25,1231.0,544.05,2.76263737,0.0385,0.0,5772.0,0.901,0.999,0.811801,G,-1.2510505634389948,1
K03097.01,kepler,NON_HABITABLE,0.87,851.0,123.89,11.9216035,0.1049,0.0,6006.0,1.082,1.081,1.3724310762150373,F,-1.1865316117958007,1
K03097.02,kepler,NON_HABITABLE,0.73,1026.0,262.26,6.80257947,0.0721,0.0,6006.0,1.082,1.081,1.3724310762150373,F,-1.2251198458918067,1
K03097.03,kepler,NON_HABITABLE,0.72,945.0,188.7,8.70312154,0.085,0.0,6006.0,1.082,1.081,1.3724310762150373,F,-1.2099433757747802,1
K00285.02,kepler,NON_HABITABLE,2.31,781.0,88.1,26.723169,0.1829,0.0,5862.0,1.67,1.142,2.966954655854461,G,-1.163596116816661,1
K00312.02,kepler,NON_HABITABLE,1.94,847.0,121.53,16.39926461,0.134,0.0,6156.0,1.303,1.193,2.196736602395707,F,-1.1853364594835785,1
K00313.01,kepler,NON_HABITABLE,2.1,568.0,24.66,18.73577127,0.1289,0.0,5188.0,0.795,0.814,0.41250463929894765,K,-1.0333353123926292,1
K00313.02,kepler,NON_HABITABLE,1.5,742.0,71.51,8.43639829,0.0757,0.0,5188.0,0.795,0.814,0.41250463929894765,K,-1.1474978322277867,1
K00314.01,kepler,NON_HABITABLE,1.42,402.0,6.17,13.78109471,0.0896,0.0,3846.0,0.503,0.505,0.04987326493016083,K,-0.7569748092714098,1
K00314.02,kepler,HABITABILITY_ZONE,1.24,338.0,3.1,23.08902241,0.1264,0.0,3846.0,0.503,0.505,0.04987326493016083,K,-0.5298627207327367,1
K00046.02,kepler,NON_HABITABLE,1.18,1204.0,496.46,6.02977241,0.0665,0.0,5576.0,1.593,1.074,2.210127468768688,G,-1.2482924874803596,1
K00373.01,kepler,HABITABILITY_ZONE,2.32,345.0,3.33,135.1879934,0.4878,0.0,5731.0,0.906,0.846,0.7977608866313814,G,-0.5572263136323031,1
K00374.01,kepler,HABITABILITY_ZONE,2.85,355.0,3.77,172.7046083,0.5886,0.0,5851.0,1.116,0.91,1.315053713411306,G,-0.6025274280816048,1
K00375.01,kepler,HABITABILITY_ZONE,10.81,223.0,0.58,988.8811177,2.0091,0.0,5755.0,1.549,1.105,2.3712582653649608,G,0.4882585482523898,1
K00377.01,kepler,NON_HABITABLE,7.74,661.0,45.05,19.270825843,0.1423,0.0,5779.0,0.956,1.034,0.9183775796053852,G,-1.1052892036178714,1
K03022.02,kepler,NON_HABITABLE,1.21,1007.0,243.06,5.05368985,0.0576,0.0,5772.0,0.901,0.999,0.811801,G,-1.2218336113270303,1
K03025.01,kepler,NON_HABITABLE,1.84,661.0,45.19,13.1829329,0.1066,0.0,5382.0,0.827,0.928,0.5169880481989341,G,-1.1056081263981186,1
K03026.01,kepler,NON_HABITABLE,1.35,1033.0,269.57,3.51575492,0.0426,0.0,5094.0,0.901,0.833,0.49247031211077075,K,-1.226277970275124,1
K00282.03,kepler,NON_HABITABLE,1.85,451.0,9.76,87.5177787,0.3794,0.0,5903.0,1.137,0.95,1.414186778333373,G,-0.8702293934945933,1
K03101.01,kepler,NON_HABITABLE,1.73,797.0,95.22,14.2563272,0.1187,0.0,6140.0,1.027,1.094,1.350545070491593,F,-1.169169353416908,1
K03105.01,kepler,NON_HABITABLE,1.04,887.0,146.4,4.21223579,0.0453,0.0,5116.0,0.7,0.698,0.30242168830671234,K,-1.1964114304032023,1
K03106.01,kepler,NON_HABITABLE,1.08,1844.0,2730.51,0.968980781,0.0197,0.0,5866.0,1.0,1.083,1.066750720577672,G,-1.2836551583867704,1
K00314.03,kepler,NON_HABITABLE,0.59,443.0,9.07,10.31282204,0.0739,0.0,3846.0,0.503,0.505,0.04987326493016083,K,-0.8538677383490502,1
K00315.01,kepler,NON_HABITABLE,2.03,408.0,6.54,35.58349688,0.1916,0.0,4894.0,0.684,0.753,0.24180360635727174,K,-0.7729233849741627,1
K00316.01,kepler,NON_HABITABLE,2.62,752.0,75.61,15.77111067,0.1242,0.0,5620.0,1.143,1.025,1.1741739294719882,G,-1.1519707924789904,1
K00316.02,kepler,HABITABILITY_ZONE,2.63,350.0,3.53,157.0659976,0.5749,0.0,5620.0,1.143,1.025,1.1741739294719882,G,-0.57871602684251,1
K00316.03,kepler,NON_HABITABLE,2.11,972.0,210.72,7.305706326,0.0744,0.0,5620.0,1.143,1.025,1.1741739294719882,G,-1.2153124550676229,1
K00377.02,kepler,NON_HABITABLE,7.98,523.0,17.66,38.90787517,0.2273,0.0,5779.0,0.956,1.034,0.9183775796053852,G,-0.9830432136711115,1
K00064.01,kepler,NON_HABITABLE,10.35,2005.0,3822.26,1.951082219,0.033,0.0,5302.0,2.426,1.258,4.190204288138815,G,-1.287724466555918,1
K00377.03,kepler,NON_HABITABLE,1.48,1517.0,1251.43,1.59295975,0.027,0.0,5779.0,0.956,1.034,0.9183775796053852,G,-1.2711122935103587,1
K00379.02,kepler,NON_HABITABLE,1.83,837.0,115.86,23.1375919,0.1728,0.0,6078.0,1.683,1.285,3.48261707692256,F,-1.1823238229472475,1
K03027.01,kepler,NON_HABITABLE,1.36,789.0,91.45,6.07032548,0.0615,0.0,5076.0,0.763,0.86,0.348201181101541,K,-1.166299756998238,1
K03029.01,kepler,NON_HABITABLE,2.24,638.0,39.11,18.9763286,0.1325,0.0,5300.0,0.986,0.861,0.6911177046272563,G,-1.0902756733805663,1
K03029.02,kepler,NON_HABITABLE,1.35,919.0,168.14,6.34724702,0.0639,0.0,5300.0,0.986,0.861,0.6911177046272563,G,-1.2040055161824497,1
K03108.01,kepler,NON_HABITABLE,1.86,901.0,155.72,7.36272124,0.0738,0.0,5868.0,0.894,0.987,0.8537489225309008,G,-1.199861043499515,1
K03109.01,kepler,NON_HABITABLE,1.79,1049.0,285.79,10.6761592,0.1059,0.0,6460.0,1.434,1.388,3.2264362239943325,F,-1.22868637904927,1
K03110.01,kepler,NON_HABITABLE,1.23,1199.0,488.22,4.48494315,0.055,0.0,6217.0,1.051,1.1,1.4867009257011266,F,-1.2477738953633803,1
K03111.01,kepler,NON_HABITABLE,0.92,885.0,144.85,10.76800074,0.094,0.0,5874.0,1.096,0.954,1.2884025845793188,G,-1.1958058630544515,1
K03111.02,kepler,NON_HABITABLE,0.66,1199.0,488.23,4.32848303,0.0512,0.0,5874.0,1.096,0.954,1.2884025845793188,G,-1.2477748567942597,1
K00285.03,kepler,NON_HABITABLE,1.91,637.0,38.86,49.3567907,0.2754,0.0,5862.0,1.67,1.142,2.966954655854461,G,-1.0895823324184857,1
K00317.01,kepler,NON_HABITABLE,3.02,803.0,98.36,22.20809549,0.1699,0.0,6336.0,1.403,1.324,2.8580559519994426,F,-1.1714323461211302,1
K00318.01,kepler,NON_HABITABLE,8.56,761.0,79.08,38.5833679,0.2551,0.0,6273.0,1.927,1.486,5.180352228172681,F,-1.155468748887916,1
K00319.01,kepler,NON_HABITABLE,10.02,703.0,57.8,46.15119482,0.2668,0.0,5877.0,1.963,1.187,4.141503878135639,G,-1.129253787216012,1
K00321.01,kepler,NON_HABITABLE,1.41,1302.0,679.12,2.426304127,0.0359,0.0,5678.0,0.97,1.043,0.8810889032292014,G,-1.2572312002348953,1
K00005.01,kepler,NON_HABITABLE,7.14,1441.0,1020.05,4.780327581,0.059,0.0,5937.0,1.787,1.197,3.574472918394719,G,-1.266933085863167,1
K00392.01,kepler,NON_HABITABLE,2.98,689.0,53.18,33.4160553,0.2102,0.0,6007.0,1.42,1.108,2.365385481732786,F,-1.1215749588713986,1
K00392.02,kepler,NON_HABITABLE,1.33,953.0,194.9,12.6119685,0.1098,0.0,6007.0,1.42,1.108,2.365385481732786,F,-1.2115473125601302,1
K03031.01,kepler,NON_HABITABLE,1.19,840.0,117.65,7.64809462,0.0746,0.0,5641.0,0.85,0.944,0.6591085731756043,G,-1.1832987718039298,1
K03032.01,kepler,NON_HABITABLE,1.31,1846.0,2754.93,0.636424848,0.0144,0.0,5343.0,0.885,0.988,0.5750716370952643,G,-1.283771918727478,1
K03034.01,kepler,POTENTIALLY_HABITABLE,1.66,291.0,1.7,31.0209175,0.1522,0.0,3720.0,0.48,0.488,0.0397510811040024,K,-0.25782037759566795,1
K03112.01,kepler,NON_HABITABLE,1.41,1230.0,541.53,2.118893997,0.031,0.0,5504.0,0.796,0.892,0.5238832905651034,G,-1.2509136486283876,1
K03113.01,kepler,NON_HABITABLE,1.03,969.0,208.54,2.46050095,0.0304,0.0,4811.0,0.634,0.62,0.19400577314793896,K,-1.214818828380709,1
K03114.01,kepler,NON_HABITABLE,1.01,1291.0,656.15,7.49133777,0.0762,0.0,6177.0,1.71,1.051,3.835282302509758,F,-1.2563164797009252,1
K03115.01,kepler,NON_HABITABLE,1.45,1064.0,302.77,5.8660127,0.0648,0.0,6020.0,1.04,1.051,1.279815465477894,F,-1.2309978214672652,1
K03116.01,kepler,NON_HABITABLE,1.91,709.0,59.76,23.9107056,0.1696,0.0,6338.0,1.091,1.137,1.7304264744115931,F,-1.132248210165908,1
K00321.02,kepler,NON_HABITABLE,0.77,1050.0,287.25,4.62334491,0.0552,0.0,5678.0,0.97,1.043,0.8810889032292014,G,-1.228892901404925,1
K00323.01,kepler,NON_HABITABLE,1.92,884.0,144.5,5.83599485,0.0606,0.0,5423.0,0.828,0.872,0.5342121996121981,G,-1.1956707866201233,1
K00384.01,kepler,NON_HABITABLE,3.95,1673.0,1851.94,5.0800579,0.0641,0.0,6049.0,2.52,1.359,7.660023992281869,F,-1.278022901221831,1
K00385.01,kepler,NON_HABITABLE,1.59,698.0,56.15,13.14496741,0.1038,0.0,5411.0,0.888,0.862,0.6090189099190921,G,-1.1266240275326365,1
K00283.01,kepler,NON_HABITABLE,2.13,718.0,62.74,16.09196369,0.1238,0.0,5680.0,1.016,0.978,0.9680002490701904,G,-1.136519355232063,1
K03037.01,kepler,NON_HABITABLE,1.23,927.0,174.08,5.4654174,0.0592,0.0,5612.0,0.829,0.926,0.6141499500190685,G,-1.2058289659371082,1
K03038.01,kepler,NON_HABITABLE,1.44,1870.0,2880.38,1.4951513,0.0257,0.0,5635.0,1.452,1.008,1.9151536590486593,G,-1.2843482247661915,1
K03039.01,kepler,NON_HABITABLE,1.01,695.0,55.07,20.3504704,0.1431,0.0,5952.0,1.002,0.942,1.1352247305313514,G,-1.124835434068894,1
K03117.01,kepler,NON_HABITABLE,0.87,915.0,165.66,6.06664931,0.0643,0.0,5569.0,0.892,0.963,0.6894984443023169,G,-1.2032172676567783,1
K03119.01,kepler,NON_HABITABLE,0.94,529.0,18.41,2.184437698,0.0204,0.0,3421.0,0.25,0.236,0.0077123552211229,M,-0.9897863830756078,1
K03120.01,kepler,NON_HABITABLE,1.43,1226.0,535.42,4.13592927,0.0516,0.0,5886.0,1.152,1.072,1.4350951593459398,G,-1.2505776601984222,1
K03122.01,kepler,NON_HABITABLE,1.28,1320.0,717.7,8.05337912,0.0894,0.0,6231.0,2.062,1.466,5.774349109772945,F,-1.258667585926032,1
K03123.01,kepler,NON_HABITABLE,1.94,800.0,96.84,15.2311195,0.1228,0.0,5836.0,1.186,1.061,1.470026694495817,G,-1.170350871573352,1
K00327.01,kepler,NON_HABITABLE,1.38,1301.0,675.56,3.254277742,0.0443,0.0,5945.0,1.089,1.092,1.3346208510707906,G,-1.257092628616259,1
K00327.02,kepler,NON_HABITABLE,1.57,428.0,7.93,91.3514816,0.409,0.0,5945.0,1.089,1.092,1.3346208510707906,G,-0.8219985799397515,1
K00386.01,kepler,NON_HABITABLE,3.56,639.0,39.46,31.1588249,0.1948,0.0,5951.0,1.155,1.015,1.5073651832677382,G,-1.0912648933919924,1
K00386.02,kepler,NON_HABITABLE,3.08,473.0,11.86,76.7324556,0.3553,0.0,5951.0,1.155,1.015,1.5073651832677382,G,-0.9110908896748107,1
K00387.01,kepler,NON_HABITABLE,2.46,521.0,17.37,13.89963233,0.098,0.0,4538.0,0.663,0.65,0.16794989370706312,K,-0.9803620885694608,1
K00388.01,kepler,NON_HABITABLE,3.26,1287.0,649.26,6.14955931,0.0674,0.0,5687.0,1.775,1.08,2.9690966713981695,G,-1.256032785755362,1
K03040.01,kepler,NON_HABITABLE,1.59,1077.0,317.8,4.8099878,0.0562,0.0,5988.0,0.934,1.021,1.0104518641751858,G,-1.232887661453104,1
K03041.01,kepler,NON_HABITABLE,1.15,1183.0,462.96,5.08288076,0.0582,0.0,6217.0,1.083,1.011,1.5786108848757774,F,-1.2461005955057824,1
K03042.01,kepler,NON_HABITABLE,1.91,595.0,29.67,31.0259489,0.1964,0.0,6075.0,0.969,1.048,1.1521987334575932,F,-1.0577671592984073,1
K03043.01,kepler,NON_HABITABLE,1.07,1361.0,808.76,3.08942807,0.0437,0.0,6137.0,1.103,1.165,1.5547845928294932,F,-1.2616405338818262,1
K03045.01,kepler,NON_HABITABLE,2.56,536.0,19.5,44.8702042,0.2529,0.0,6122.0,0.996,1.07,1.2554131927540864,F,-0.9988564049610765,1
K03125.01,kepler,NON_HABITABLE,0.9,1331.0,740.51,4.45342418,0.0546,0.0,6256.0,1.269,1.087,2.222311403061141,F,-1.259463701430178,1
K03127.01,kepler,NON_HABITABLE,2.07,1001.0,237.46,9.705693,0.0907,0.0,5808.0,1.385,1.056,1.966530506221452,G,-1.2208011875619724,1
K03128.01,kepler,NON_HABITABLE,2.62,1048.0,285.21,21.2360024,0.1651,0.0,6035.0,2.559,1.328,7.826081743924796,F,-1.22860392560385,1
K00049.01,kepler,NON_HABITABLE,2.74,886.0,145.51,8.31377304,0.0821,0.0,5900.0,0.951,1.065,0.9873333135365164,G,-1.1960659592359686,1
K00330.01,kepler,NON_HABITABLE,1.85,974.0,212.75,7.97420583,0.0791,0.0,5973.0,1.081,1.036,1.3400350477637002,G,-1.2157663975137465,1
K00330.02,kepler,NON_HABITABLE,0.83,1574.0,1449.92,1.88899036,0.0303,0.0,5973.0,1.081,1.036,1.3400350477637002,G,-1.2738679953344945,1
K00331.01,kepler,NON_HABITABLE,3.64,832.0,113.34,18.68405716,0.1396,0.0,5548.0,1.614,1.038,2.2235534866928726,G,-1.18091418580057,1
K00393.01,kepler,NON_HABITABLE,2.09,748.0,74.2,21.41624083,0.1553,0.0,6156.0,1.18,1.085,1.8015784138120263,F,-1.1504762333830245,1
K00069.01,kepler,NON_HABITABLE,1.56,1028.0,264.08,4.72674037,0.0525,0.0,5648.0,0.894,0.866,0.7327376377992765,G,-1.2254132720724635,1
K00396.01,kepler,NON_HABITABLE,36.85,879.0,140.82,14.591504451,0.1167,0.0,5940.0,1.312,0.993,1.9306704980402511,G,-1.1941874800287908,1
K00283.02,kepler,NON_HABITABLE,0.83,615.0,33.91,25.5172744,0.1684,0.0,5680.0,1.016,0.978,0.9680002490701904,G,-1.0740418820678599,1
K03048.01,kepler,NON_HABITABLE,0.97,957.0,198.57,4.73292061,0.0529,0.0,5595.0,0.796,0.89,0.5593983863279015,G,-1.2124620530047276,1
K03049.01,kepler,NON_HABITABLE,1.21,419.0,7.27,22.4765952,0.131,0.0,4563.0,0.567,0.592,0.1255632948172563,K,-0.8004174588929349,1
K03050.01,kepler,NON_HABITABLE,1.02,1487.0,1159.26,1.242639742,0.0219,0.0,5520.0,0.818,0.917,0.5597029920721612,G,-1.2695981949369277,1
K03130.01,kepler,NON_HABITABLE,2.9,620.0,35.04,14.8638496,0.1076,0.0,5159.0,0.8,0.752,0.40844802064359464,K,-1.0778994460756028,1
K03130.02,kepler,NON_HABITABLE,1.05,856.0,127.1,5.65245733,0.0565,0.0,5159.0,0.8,0.752,0.40844802064359464,K,-1.1880987457872152,1
K03131.01,kepler,NON_HABITABLE,1.21,770.0,83.14,10.9294815,0.0951,0.0,5792.0,0.864,0.959,0.7568963449372231,G,-1.159286605021322,1
K03132.01,kepler,NON_HABITABLE,1.35,3195.0,24688.55,0.536650319,0.0138,0.0,6020.0,2.0,1.22,4.733045360495169,F,-1.3012008838515503,1
K00332.01,kepler,NON_HABITABLE,1.91,1099.0,344.32,5.45849914,0.064,0.0,5914.0,1.135,1.172,1.4197494664097376,G,-1.2359146170218498,1
K00333.01,kepler,NON_HABITABLE,4.03,1157.0,423.65,13.28536452,0.1179,0.0,6534.0,1.9,1.238,5.928139744881004,F,-1.2432041842443615,1
K00279.02,kepler,NON_HABITABLE,2.59,944.0,187.39,15.4130812,0.1324,0.0,6206.0,1.573,1.305,3.306733845529104,F,-1.209593991814687,1
K02970.01,kepler,NON_HABITABLE,1.08,1328.0,735.25,4.82051088,0.0563,0.0,6046.0,1.396,1.024,2.346054616059174,F,-1.259283316360632,1
K02971.01,kepler,NON_HABITABLE,1.26,1259.0,593.42,6.09595681,0.0718,0.0,6313.0,1.467,1.325,3.079626835121197,F,-1.2535534201334182,1
K02972.01,kepler,NON_HABITABLE,1.98,850.0,123.32,13.2511214,0.1122,0.0,5850.0,1.217,1.072,1.5627853490383503,G,-1.1862434227445395,1
K03051.01,kepler,NON_HABITABLE,1.45,802.0,97.62,11.682369,0.0998,0.0,6089.0,0.889,0.971,0.9787733332865384,F,-1.1709110399567588,1
K03052.01,kepler,NON_HABITABLE,0.78,736.0,69.43,10.12956201,0.0876,0.0,5383.0,0.842,0.874,0.5363106393227637,G,-1.1450807394002565,1
K03052.02,kepler,NON_HABITABLE,0.91,637.0,38.99,15.6112238,0.1169,0.0,5383.0,0.842,0.874,0.5363106393227637,G,-1.0899383289573217,1
K03053.01,kepler,NON_HABITABLE,2.45,510.0,15.97,42.5217006,0.2391,0.0,5911.0,0.914,1.006,0.9188210562280292,G,-0.966155589951466,1
K03056.01,kepler,NON_HABITABLE,1.24,806.0,99.83,6.69958851,0.0671,0.0,5296.0,0.799,0.901,0.4524599828065803,G,-1.172457281354599,1
K03136.01,kepler,NON_HABITABLE,0.93,1031.0,266.01,2.39161966,0.0306,0.0,4935.0,0.685,0.663,0.2507404964029352,K,-1.2257194395740445,1
K03140.01,kepler,NON_HABITABLE,0.99,645.0,40.88,5.68879083,0.0536,0.0,4234.0,0.639,0.636,0.11822241899284272,K,-1.0950904818371185,1
K03141.01,kepler,NON_HABITABLE,1.24,1490.0,1164.84,2.31941571,0.0346,0.0,5624.0,1.248,1.023,1.4037996476002628,G,-1.269694857173999,1
K00337.01,kepler,NON_HABITABLE,2.1,708.0,59.39,19.7830259,0.1409,0.0,5747.0,1.099,0.953,1.1870113829944808,G,-1.1317014395238736,1
K00338.01,kepler,NON_HABITABLE,1.5,738.0,70.32,7.0106324,0.0672,0.0,4908.0,0.782,0.824,0.31968807214865197,K,-1.1461363981065662,1
K00338.02,kepler,NON_HABITABLE,0.73,968.0,207.72,3.10762684,0.0391,0.0,4908.0,0.782,0.824,0.31968807214865197,K,-1.2146330645534438,1
K00339.01,kepler,NON_HABITABLE,2.1,1662.0,1808.41,1.980356674,0.0309,0.0,6078.0,1.189,1.005,1.738205831197946,F,-1.2776410158153086,1
K00339.02,kepler,NON_HABITABLE,2.55,891.0,149.42,12.8344771,0.1075,0.0,6078.0,1.189,1.005,1.738205831197946,F,-1.1975646230948205,1
K02976.01,kepler,NON_HABITABLE,1.94,503.0,15.14,21.61313362,0.1348,0.0,5267.0,0.632,0.701,0.2769377378092082,G,-0.9569023646173356,1
K02977.01,kepler,NON_HABITABLE,1.02,1510.0,1228.07,2.7881793,0.0392,0.0,5758.0,1.385,1.029,1.8996819632380333,G,-1.2707446468853314,1
K02977.02,kepler,NON_HABITABLE,1.13,1324.0,725.53,4.13827684,0.051,0.0,5758.0,1.385,1.029,1.8996819632380333,G,-1.2589450304501753,1
K03057.01,kepler,NON_HABITABLE,3.02,557.0,22.7,29.72722,0.1862,0.0,5815.0,0.877,0.973,0.7923056871712397,G,-1.0216334282060016,1
K00284.01,kepler,NON_HABITABLE,1.93,758.0,77.99,18.01019956,0.1312,0.0,5931.0,1.101,0.929,1.3513910687958495,G,-1.1543935052438294,1
K03057.02,kepler,NON_HABITABLE,2.06,785.0,89.65,10.61368712,0.0937,0.0,5815.0,0.877,0.973,0.7923056871712397,G,-1.1648593673193863,1
K03142.01,kepler,NON_HABITABLE,2.21,718.0,62.74,27.9430245,0.1975,0.0,6468.0,1.25,1.313,2.4637394708334988,F,-1.136524626553731,1
K03144.01,kepler,NON_HABITABLE,1.59,420.0,7.33,8.07394097,0.0594,0.0,3675.0,0.398,0.428,0.026030962596603032,M,-0.8025232764071433,1
K03145.01,kepler,NON_HABITABLE,1.66,798.0,95.61,4.53702121,0.0486,0.0,4805.0,0.688,0.769,0.22732392960072495,K,-1.169455115684412,1
K03145.02,kepler,NON_HABITABLE,1.06,1331.0,737.36,0.977311489,0.0175,0.0,4805.0,0.688,0.769,0.22732392960072495,K,-1.2593560373356307,1
K03146.01,kepler,NON_HABITABLE,1.62,597.0,29.97,39.859505,0.2274,0.0,5675.0,1.292,0.984,1.5598513067679631,G,-1.0590003110614707,1
K00341.01,kepler,NON_HABITABLE,2.73,890.0,148.09,7.170710381,0.0699,0.0,5497.0,0.941,0.884,0.7284116866910452,G,-1.1970638782209837,1
K00341.02,kepler,NON_HABITABLE,1.74,1024.0,260.54,4.699652821,0.0527,0.0,5497.0,0.941,0.884,0.7284116866910452,G,-1.2248396622627815,1
K00343.01,kepler,NON_HABITABLE,2.75,1201.0,491.37,4.761705895,0.0555,0.0,5794.0,1.225,1.004,1.5236346868449215,G,-1.2479737445456234,1
K00343.02,kepler,NON_HABITABLE,1.94,1597.0,1535.09,2.024143568,0.0314,0.0,5794.0,1.225,1.004,1.5236346868449215,G,-1.2748830785599565,1
K00280.01,kepler,NON_HABITABLE,2.25,863.0,131.55,11.87290814,0.1025,0.0,6147.0,1.04,1.014,1.3912790367366408,F,-1.1901747439552999,1
K02980.01,kepler,NON_HABITABLE,1.29,1610.0,1585.07,1.638652525,0.0276,0.0,6119.0,0.981,1.039,1.2154988096219623,F,-1.2754402703892032,1
K02981.01,kepler,NON_HABITABLE,1.9,725.0,65.52,9.06687613,0.0771,0.0,5142.0,0.789,0.745,0.39208209129623645,K,-1.14023932243009,1
K02982.01,kepler,NON_HABITABLE,1.37,1017.0,253.28,4.0223109,0.0473,0.0,5516.0,0.827,0.873,0.5704305275085395,G,-1.2236284087218363,1
K03060.01,kepler,NON_HABITABLE,0.91,1209.0,505.0,6.9131732,0.0762,0.0,6296.0,1.444,1.233,2.9518071079123813,F,-1.2488157766242776,1
K03061.01,kepler,NON_HABITABLE,2.33,807.0,100.13,7.32851947,0.0689,0.0,5135.0,0.874,0.812,0.47849716313096863,K,-1.1726638151444402,1
K03063.01,kepler,NON_HABITABLE,1.94,833.0,113.88,18.6052046,0.1499,0.0,6572.0,1.238,1.298,2.5758835090523187,F,-1.1812177930766263,1
K03065.01,kepler,NON_HABITABLE,1.0,1810.0,2524.81,0.896382269,0.0171,0.0,5837.0,0.843,0.824,0.7432050171833003,G,-1.2826052853437087,1
K03147.01,kepler,NON_HABITABLE,2.51,682.0,51.14,39.4420781,0.2346,0.0,5430.0,1.902,1.106,2.833446741342419,G,-1.1178568859636224,1
K00288.01,kepler,NON_HABITABLE,3.04,1211.0,508.21,10.27532513,0.1047,0.0,6150.0,2.086,1.448,5.608203725808425,F,-1.249009171316494,1
K00289.01,kepler,NON_HABITABLE,3.13,742.0,71.75,26.62941953,0.1722,0.0,5866.0,1.417,0.958,2.141917037589981,G,-1.1477779878912509,1
K00289.02,kepler,HABITABILITY_ZONE,7.56,332.0,2.88,296.6375817,0.8589,0.0,5866.0,1.417,0.958,2.141917037589981,G,-0.5010940754202244,1
K00343.03,kepler,NON_HABITABLE,1.67,582.0,27.15,41.8085031,0.2361,0.0,5794.0,1.225,1.004,1.5236346868449215,G,-1.046321224919541,1
K00344.01,kepler,NON_HABITABLE,2.87,488.0,13.46,39.30944096,0.2212,0.0,5607.0,0.863,0.932,0.6631908507437801,G,-0.9355809992310451,1
K00345.01,kepler,NON_HABITABLE,2.81,453.0,9.95,29.88487723,0.1694,0.0,4883.0,0.749,0.725,0.28734605751899744,K,-0.8743942763243209,1
K00346.01,kepler,NON_HABITABLE,2.62,620.0,34.95,12.92489803,0.1012,0.0,5103.0,0.768,0.825,0.36034576613708585,K,-1.077590988516917,1
K02984.01,kepler,NON_HABITABLE,1.12,975.0,213.86,11.45541896,0.1077,0.0,6231.0,1.356,1.269,2.497152667103372,F,-1.216010092435278,1
K03429.04,kepler,NON_HABITABLE,1.85,538.0,19.73,44.433726,0.2415,0.0,5596.0,1.145,0.95,1.1582878664340066,G,-1.0006752101305356,1
K02989.01,kepler,NON_HABITABLE,1.31,822.0,108.04,6.33125228,0.0633,0.0,5383.0,0.759,0.851,0.43578851593550183,G,-1.177785770056735,1
K03066.01,kepler,NON_HABITABLE,2.1,505.0,15.43,24.2204192,0.1546,0.0,5165.0,0.761,0.859,0.37131742262090883,K,-0.9602695201402134,1
K00284.02,kepler,NON_HABITABLE,1.4,1069.0,309.12,6.41491277,0.0659,0.0,5931.0,1.101,0.929,1.3513910687958495,G,-1.2318127609063567,1
K03068.01,kepler,NON_HABITABLE,0.85,851.0,123.73,3.91679553,0.0441,0.0,4889.0,0.686,0.759,0.24222730137566442,K,-1.1864472346467332,1
K03069.01,kepler,NON_HABITABLE,1.88,539.0,19.96,43.1024434,0.2421,0.0,5741.0,1.097,1.017,1.1777636679666061,G,-1.0024809496323124,1
K00291.01,kepler,NON_HABITABLE,2.72,663.0,45.68,31.51779463,0.1951,0.0,5611.0,1.4,0.995,1.7502974355614118,G,-1.106694720814977,1
K00291.02,kepler,NON_HABITABLE,2.04,1041.0,277.89,8.12999858,0.0791,0.0,5611.0,1.4,0.995,1.7502974355614118,G,-1.22753963939608,1
K02243.03,kepler,NON_HABITABLE,4.55,721.0,63.78,31.4452709,0.2099,0.0,6172.0,1.471,1.25,2.828939927604553,F,-1.1379439819981503,1
K00292.01,kepler,NON_HABITABLE,1.44,1328.0,735.48,2.586639524,0.0356,0.0,5780.0,0.966,0.899,0.93834018753418,G,-1.259291422376404,1
K00348.01,kepler,NON_HABITABLE,3.27,423.0,7.55,28.51117639,0.165,0.0,4687.0,0.69,0.748,0.20700112505859009,K,-0.8101115258961687,1
K00349.01,kepler,NON_HABITABLE,2.54,776.0,85.46,14.38682567,0.1137,0.0,5725.0,1.072,0.944,1.1122085902662602,G,-1.161351972655068,1
K02924.02,kepler,NON_HABITABLE,1.88,714.0,61.54,8.85686712,0.0765,0.0,5017.0,0.797,0.76,0.36256656932788606,K,-1.1348402508325,1
K00350.01,kepler,NON_HABITABLE,2.02,790.0,92.12,12.99065074,0.1072,0.0,5787.0,1.027,0.971,1.0657357317811909,G,-1.1668246820255674,1
K00351.01,kepler,HABITABILITY_ZONE,10.89,294.0,1.76,331.5972732,0.9654,0.0,5970.0,1.2,1.089,1.6479898286943313,G,-0.2734742622486949,1
K02990.01,kepler,NON_HABITABLE,1.7,808.0,100.91,11.20058855,0.0975,0.0,6038.0,0.898,0.982,0.9656501635770142,F,-1.1731953551465442,1
K00042.01,kepler,NON_HABITABLE,2.43,866.0,132.94,17.83367834,0.1424,0.0,6407.0,1.337,1.208,2.713791143503557,F,-1.190805974499522,1
K00281.01,kepler,NON_HABITABLE,2.45,797.0,95.35,19.55662003,0.134,0.0,5671.0,1.36,0.839,1.7234993192214336,G,-1.1692655711253455,1
K02992.01,kepler,HABITABILITY_ZONE,2.03,233.0,0.7,82.6595174,0.3099,0.0,3952.0,0.553,0.572,0.06720672251548597,K,0.33761780689792054,1
K02994.01,kepler,NON_HABITABLE,1.6,1789.0,2422.92,2.03387483,0.0322,0.0,5282.0,1.899,1.075,2.528938262364859,G,-1.2820363766452552,1
K03071.01,kepler,NON_HABITABLE,2.84,741.0,71.16,23.9553986,0.1586,0.0,5011.0,1.781,0.926,1.80185633171378,K,-1.147100244923313,1
K03072.01,kepler,NON_HABITABLE,1.95,526.0,18.07,24.3367026,0.1499,0.0,5141.0,0.806,0.758,0.4088417225353556,K,-0.9868334014553628,1
K03073.01,kepler,NON_HABITABLE,1.18,818.0,105.91,7.40985182,0.0725,0.0,5462.0,0.836,0.926,0.5604205453601437,G,-1.1764661028729386,1
K02263.03,kepler,NON_HABITABLE,1.08,801.0,97.35,15.5943758,0.1274,0.0,6249.0,1.076,1.13,1.5906013680431499,F,-1.1707190593225048,1
K00294.01,kepler,NON_HABITABLE,2.78,652.0,42.68,34.4359387,0.2194,0.0,5929.0,1.363,1.185,2.068293767932083,G,-1.0996832836196784,1
K00295.01,kepler,NON_HABITABLE,1.94,1105.0,351.52,5.317440164,0.059,0.0,5923.0,1.054,0.966,1.2318075528052856,G,-1.2366766251247778,1
K00295.02,kepler,NON_HABITABLE,1.28,892.0,149.4,10.10575764,0.0905,0.0,5923.0,1.054,0.966,1.2318075528052856,G,-1.1975596327913556,1
K00296.01,kepler,NON_HABITABLE,2.53,623.0,35.56,28.86236571,0.1789,0.0,5725.0,1.088,0.915,1.1456566097997745,G,-1.079582115233166,1
K00351.02,kepler,HABITABILITY_ZONE,7.7,342.0,3.22,210.6013843,0.7133,0.0,5970.0,1.2,1.089,1.6479898286943313,G,-0.5441329143485398,1
K02926.05,kepler,HABITABILITY_ZONE,3.47,237.0,0.74,75.731195,0.2966,0.0,3891.0,0.564,0.605,0.06568978515941741,K,0.2850120827280677,1
K00351.03,kepler,NON_HABITABLE,2.84,520.0,17.26,59.7371443,0.308,0.0,5970.0,1.2,1.089,1.6479898286943313,G,-0.9792695731984691,1
K00352.01,kepler,NON_HABITABLE,3.25,703.0,57.77,27.08239734,0.1762,0.0,5857.0,1.305,0.993,1.805579560384612,G,-1.1292160055867728,1
K00353.01,kepler,NON_HABITABLE,11.58,458.0,10.36,152.1060435,0.5859,0.0,6200.0,1.64,1.158,3.5805452319009365,F,-0.8831916840451155,1
K00353.02,kepler,NON_HABITABLE,2.86,780.0,87.69,30.6528935,0.2014,0.0,6200.0,1.64,1.158,3.5805452319009365,F,-1.1632497558598223,1
K02995.01,kepler,NON_HABITABLE,2.03,1238.0,554.37,5.19492747,0.064,0.0,6415.0,1.224,1.293,2.2858313712723524,F,-1.251600983207663,1
K02996.01,kepler,NON_HABITABLE,1.77,596.0,29.83,15.9314412,0.1143,0.0,5380.0,0.721,0.786,0.3923686881000969,G,-1.0584506679235768,1
K02998.01,kepler,NON_HABITABLE,2.82,565.0,24.03,28.227413,0.1778,0.0,5858.0,0.849,0.94,0.7647290007008576,G,-1.0297200301880252,1
K03075.01,kepler,NON_HABITABLE,0.92,1167.0,439.42,4.76559056,0.0522,0.0,5702.0,1.125,0.837,1.20533732994369,G,-1.2444130159763418,1
K03078.01,kepler,NON_HABITABLE,1.16,1356.0,798.35,2.98618134,0.042,0.0,6173.0,1.041,1.104,1.4176900040094018,F,-1.261326727774902,1
K00284.03,kepler,NON_HABITABLE,1.22,1082.0,324.69,6.17817366,0.0643,0.0,5931.0,1.101,0.929,1.3513910687958495,G,-1.233709710509114,1
K02264.02,kepler,NON_HABITABLE,0.91,807.0,100.18,7.25101997,0.0716,0.0,5382.0,0.827,0.928,0.5169880481989341,G,-1.1726975599770397,1
K00297.01,kepler,NON_HABITABLE,2.03,1248.0,574.71,5.65178922,0.0676,0.0,6085.0,1.463,1.29,2.643782313101345,F,-1.2526426390873024,1
K00298.01,kepler,NON_HABITABLE,1.5,564.0,23.88,19.96367208,0.1333,0.0,5250.0,0.79,0.79,0.4271556021559735,G,-1.0288417007996744,1
K00298.02,kepler,NON_HABITABLE,1.62,397.0,5.85,57.3840375,0.2694,0.0,5250.0,0.79,0.79,0.4271556021559735,G,-0.7418354176673398,1
K00299.01,kepler,NON_HABITABLE,1.88,1592.0,1517.84,1.541676547,0.0256,0.0,5533.0,1.089,0.94,1.0013667130211894,G,-1.2746843944642174,1
K00354.01,kepler,NON_HABITABLE,2.27,721.0,63.95,15.95995611,0.1272,0.0,5936.0,0.965,1.075,1.0416574062987272,G,-1.138171919117549,1
K00354.02,kepler,NON_HABITABLE,1.11,933.0,178.68,7.37867551,0.0761,0.0,5936.0,0.965,1.075,1.0416574062987272,G,-1.2071775895304897,1
K00355.01,kepler,NON_HABITABLE,2.37,1247.0,570.65,4.903321801,0.0594,0.0,6045.0,1.298,1.166,2.0268859676628725,F,-1.2524393641968319,1
K00356.01,kepler,NON_HABITABLE,5.95,1877.0,2925.17,1.82708193,0.0276,0.0,5311.0,1.769,0.834,2.2431358781734723,G,-1.2845448986907162,1
K04146.02,kepler,NON_HABITABLE,0.57,1129.0,384.24,2.5738437,0.0341,0.0,5115.0,0.854,0.798,0.44977260938034574,K,-1.2398649675293656,1
K03002.01,kepler,NON_HABITABLE,1.31,854.0,125.89,11.62904159,0.0987,0.0,5721.0,1.131,0.945,1.2345472352981344,G,-1.1875128708720808,1
K00282.01,kepler,NON_HABITABLE,2.98,663.0,45.66,27.50871575,0.1754,0.0,5903.0,1.137,0.95,1.414186778333373,G,-1.1066596827717843,1
K03004.01,kepler,NON_HABITABLE,3.2,826.0,110.19,20.0708757,0.1502,0.0,5902.0,1.513,1.12,2.5024729227003246,G,-1.1790819698384294,1
K01236.04,kepler,NON_HABITABLE,4.13,552.0,21.96,98.353149,0.439,0.0,6366.0,1.697,1.164,4.261131452938129,F,-1.016834890414274,1
K03083.01,kepler,NON_HABITABLE,0.79,867.0,133.56,10.18318233,0.0958,0.0,5843.0,1.084,1.131,1.2339478907541714,G,-1.191081263733447,1
K03083.02,kepler,NON_HABITABLE,0.61,1021.0,256.72,6.2321233,0.0691,0.0,5843.0,1.084,1.131,1.2339478907541714,G,-1.2242088034892276,1
K03083.03,kepler,NON_HABITABLE,0.65,928.0,175.39,8.2942929,0.0836,0.0,5843.0,1.084,1.131,1.2339478907541714,G,-1.206218192011369,1
K00520.03,kepler,NON_HABITABLE,2.27,501.0,14.88,25.75274977,0.1578,0.0,4963.0,0.826,0.789,0.372933936805159,K,-0.9538061410476066,1
K00521.01,kepler,NON_HABITABLE,4.62,904.0,157.97,10.161023528,0.0918,0.0,6032.0,1.06,0.999,1.3401449441966267,F,-1.200650176284307,1
K00522.01,kepler,NON_HABITABLE,3.31,734.0,68.41,12.82993461,0.1049,0.0,5862.0,0.844,0.935,0.7578144113208589,G,-1.1438622045871008,1
K00523.01,kepler,NON_HABITABLE,6.77,497.0,14.48,49.41121127,0.2655,0.0,5768.0,1.015,1.021,1.0273721806660527,G,-0.948926951169663,1
K00523.02,kepler,NON_HABITABLE,2.68,549.0,21.4,36.8567758,0.2184,0.0,5768.0,1.015,1.021,1.0273721806660527,G,-1.012971672271968,1
K00574.02,kepler,NON_HABITABLE,1.5,678.0,49.86,10.39986173,0.0862,0.0,4963.0,0.826,0.789,0.372933936805159,K,-1.1153994603388455,1
K00575.01,kepler,NON_HABITABLE,2.8,683.0,51.53,24.31574009,0.17,0.0,6242.0,1.047,1.104,1.499281323345121,F,-1.11859107194239,1
K00577.01,kepler,NON_HABITABLE,2.29,473.0,11.85,39.6766071,0.2122,0.0,5244.0,0.888,0.808,0.5372437525918728,G,-0.9109313101299383,1
K00421.01,kepler,NON_HABITABLE,11.76,1017.0,252.22,4.454194254,0.0495,0.0,5359.0,0.915,0.812,0.6221167959638989,G,-1.223447463477046,1
K00422.01,kepler,HABITABILITY_ZONE,14.38,216.0,0.51,809.0141881,1.6988,0.0,6230.0,1.047,0.993,1.4877852895285493,F,0.6096023206248488,1
K00423.01,kepler,NON_HABITABLE,14.43,873.0,137.06,21.0871953,0.1527,0.0,6266.0,1.522,1.066,3.2172556879770835,F,-1.1926097226780343,1
K00070.04,kepler,NON_HABITABLE,0.84,927.0,174.3,6.09855603,0.0626,0.0,5465.0,0.925,0.876,0.6876047069142018,G,-1.2058959695720537,1
K00477.01,kepler,NON_HABITABLE,2.31,611.0,32.94,16.54295261,0.1229,0.0,5215.0,0.867,0.904,0.5008989903768698,G,-1.070610068180147,1
K00478.01,kepler,NON_HABITABLE,2.46,429.0,8.04,11.023474798,0.0794,0.0,3744.0,0.537,0.551,0.05104892981125956,K,-0.8255998301656106,1
K00479.01,kepler,NON_HABITABLE,2.97,526.0,18.05,34.18884323,0.1981,0.0,5515.0,0.925,0.888,0.7131161021108764,G,-0.9866247749401956,1
K00480.01,kepler,NON_HABITABLE,2.42,1009.0,244.48,4.30165843,0.0497,0.0,5480.0,0.865,0.881,0.6079238181832143,G,-1.2220900600830416,1
K00481.01,kepler,NON_HABITABLE,2.3,772.0,83.86,7.650243513,0.0713,0.0,5409.0,0.746,0.835,0.42918080599551756,G,-1.1599418330140898,1
K02298.03,kepler,NON_HABITABLE,0.36,887.0,145.69,2.47240869,0.0291,0.0,4729.0,0.525,0.534,0.12419112842547413,K,-1.1961350468088046,1
K00524.01,kepler,NON_HABITABLE,2.51,924.0,172.6,4.592393816,0.0519,0.0,5351.0,0.796,0.89,0.4680159452465139,G,-1.2053839045306747,1
K00525.01,kepler,NON_HABITABLE,3.98,873.0,137.08,11.53029332,0.098,0.0,5770.0,1.152,0.942,1.3252655878082775,G,-1.1926155671994478,1
K00085.01,kepler,NON_HABITABLE,2.56,1246.0,569.5,5.859935955,0.0682,0.0,6181.0,1.424,1.231,2.66654958131688,F,-1.2523813726276722,1
K00526.01,kepler,NON_HABITABLE,2.89,1365.0,821.44,2.104721971,0.0331,0.0,5703.0,0.975,1.091,0.905977533310214,G,-1.262014676787086,1
K03091.02,kepler,NON_HABITABLE,1.13,994.0,230.28,7.9069765,0.0791,0.0,6347.0,0.996,1.053,1.450398628498424,F,-1.219420333613315,1
K00578.01,kepler,NON_HABITABLE,3.89,1069.0,308.76,6.412512953,0.0685,0.0,6026.0,1.108,1.038,1.4584472987992145,F,-1.2317677167649477,1
K00579.01,kepler,NON_HABITABLE,1.46,1166.0,437.85,2.019997006,0.0293,0.0,5103.0,0.787,0.823,0.37839592289659413,K,-1.2442954892133977,1
K00579.02,kepler,NON_HABITABLE,1.63,948.0,190.67,3.763041531,0.0444,0.0,5103.0,0.787,0.823,0.37839592289659413,K,-1.210463303541266,1
K00580.01,kepler,NON_HABITABLE,2.54,932.0,178.27,6.521209629,0.0682,0.0,5822.0,0.898,0.994,0.8347110985895494,G,-1.2070606110878843,1
K00581.01,kepler,NON_HABITABLE,3.21,888.0,147.07,6.996926239,0.0719,0.0,5713.0,0.893,1.01,0.7653401978854657,G,-1.1966699663484128,1
K04288.04,kepler,NON_HABITABLE,0.75,849.0,122.88,13.9509565,0.1148,0.0,5888.0,1.227,1.036,1.630253123930718,G,-1.18602357376829,1
K00426.01,kepler,NON_HABITABLE,3.84,805.0,99.08,16.30141333,0.1261,0.0,6072.0,1.138,1.004,1.5860113318874711,F,-1.1719404525702581,1
K00427.01,kepler,NON_HABITABLE,4.2,586.0,27.93,24.61480613,0.1575,0.0,5312.0,0.986,0.859,0.6973981735338407,G,-1.0500073390279332,1
K00427.02,kepler,NON_HABITABLE,2.98,487.0,13.29,42.949522,0.2283,0.0,5312.0,0.986,0.859,0.6973981735338407,G,-0.9331599029526789,1
K00427.03,kepler,HABITABILITY_ZONE,2.68,349.0,3.49,117.033521,0.4453,0.0,5312.0,0.986,0.859,0.6973981735338407,G,-0.5750258121570556,1
K00481.02,kepler,NON_HABITABLE,1.59,1313.0,704.5,1.55400389,0.0246,0.0,5409.0,0.746,0.835,0.42918080599551756,G,-1.258189685776042,1
K00481.03,kepler,NON_HABITABLE,2.41,468.0,11.36,34.25951418,0.1937,0.0,5409.0,0.746,0.835,0.42918080599551756,G,-0.9024356835909012,1
K00483.01,kepler,NON_HABITABLE,2.51,978.0,216.54,4.79860021,0.0546,0.0,5631.0,0.847,0.946,0.6498358105097769,G,-1.216592763788453,1
K00528.01,kepler,NON_HABITABLE,2.88,846.0,121.26,9.57665962,0.0848,0.0,5386.0,1.076,0.886,0.8777779140559134,G,-1.1851964445205652,1
K00528.02,kepler,NON_HABITABLE,3.29,392.0,5.55,96.6781852,0.3962,0.0,5386.0,1.076,0.886,0.8777779140559134,G,-0.7271045409155118,1
K00528.03,kepler,NON_HABITABLE,2.99,656.0,43.8,20.55280311,0.1411,0.0,5386.0,1.076,0.886,0.8777779140559134,G,-1.1023750759497093,1
K00530.01,kepler,NON_HABITABLE,2.08,764.0,80.52,10.94026745,0.0952,0.0,5749.0,0.864,0.961,0.7346685179844759,G,-1.156863685545017,1
K03138.02,kepler,NON_HABITABLE,0.53,161.0,0.16,19.5352551,0.0649,0.0,2703.0,0.118,0.096,0.0006696423436868404,M,2.1466602072192535,1
K00531.01,kepler,NON_HABITABLE,5.78,690.0,53.6,3.687469832,0.0397,0.0,4004.0,0.606,0.611,0.08503862587425047,K,-1.1223105887460947,1
K00581.02,kepler,HABITABILITY_ZONE,2.41,318.0,2.43,151.863949,0.5594,0.0,5713.0,0.893,1.01,0.7653401978854657,G,-0.42864791375128,1
K00582.01,kepler,NON_HABITABLE,2.69,857.0,127.64,5.945043548,0.0599,0.0,5105.0,0.868,0.81,0.4610172187462105,K,-1.1883542900754915,1
K00092.01,kepler,NON_HABITABLE,2.78,472.0,11.72,65.7045275,0.3192,0.0,5918.0,1.043,1.003,1.2021624831452034,G,-0.9087002238939953,1
K00582.02,kepler,NON_HABITABLE,2.47,596.0,29.74,17.73842886,0.1241,0.0,5105.0,0.868,0.81,0.4610172187462105,K,-1.0580367758423999,1
K04260.04,kepler,NON_HABITABLE,1.16,491.0,13.79,84.799829,0.3576,0.0,5619.0,1.406,0.848,1.7754215215267761,G,-0.9400529363817751,1
K00582.03,kepler,NON_HABITABLE,1.93,722.0,64.29,9.93962361,0.0844,0.0,5105.0,0.868,0.81,0.4610172187462105,K,-1.1386225284133302,1
K00428.01,kepler,NON_HABITABLE,13.44,1482.0,1140.56,6.8731664,0.0813,0.0,6490.0,2.179,1.516,7.589059503462562,F,-1.2692688093523443,1
K00429.01,kepler,NON_HABITABLE,4.17,760.0,78.72,8.600099313,0.0747,0.0,5246.0,0.805,0.748,0.4421805301697806,G,-1.1551162202801952,1
K00430.01,kepler,NON_HABITABLE,2.53,483.0,12.87,12.37646897,0.0893,0.0,4200.0,0.607,0.622,0.10329261064943225,K,-0.9269924111323607,1
K00430.02,kepler,NON_HABITABLE,0.84,530.0,18.69,9.340538,0.0741,0.0,4200.0,0.607,0.622,0.10329261064943225,K,-0.9921755535217321,1
K01353.03,kepler,HABITABILITY_ZONE,2.94,286.0,1.58,330.071558,0.9342,0.0,5933.0,1.115,0.998,1.3878477908266198,G,-0.2170060015001878,1
K00431.01,kepler,NON_HABITABLE,2.82,621.0,35.13,18.87022157,0.1274,0.0,5402.0,0.865,0.774,0.5740440828247025,G,-1.0781915608419785,1
K00070.05,kepler,NON_HABITABLE,0.9,628.0,36.82,19.5776073,0.1362,0.0,5465.0,0.925,0.876,0.6876047069142018,G,-1.0835654764729674,1
K00484.01,kepler,NON_HABITABLE,2.22,553.0,22.05,17.20522898,0.1192,0.0,5211.0,0.689,0.766,0.3153678713900398,G,-1.0173975746796038,1
K00486.01,kepler,NON_HABITABLE,2.78,646.0,41.24,22.18332255,0.1486,0.0,5565.0,1.03,0.889,0.9167054944972031,G,-1.0960337977580568,1
K00487.01,kepler,NON_HABITABLE,2.19,858.0,128.18,7.65880048,0.0723,0.0,5657.0,0.855,0.858,0.6744840044499232,G,-1.1886104099468475,1
K00488.01,kepler,NON_HABITABLE,2.03,803.0,98.22,9.3789167,0.0788,0.0,5684.0,0.808,0.741,0.6139509968999431,G,-1.1713362029705037,1
K00532.01,kepler,NON_HABITABLE,2.87,1176.0,453.2,4.221626193,0.052,0.0,6123.0,0.987,1.053,1.2336332131688044,F,-1.2454170895433698,1
K00533.01,kepler,NON_HABITABLE,2.95,656.0,43.72,16.54967098,0.1196,0.0,5372.0,0.916,0.832,0.6295491960122062,G,-1.102192586799477,1
K00085.02,kepler,NON_HABITABLE,1.42,1740.0,2162.35,2.154911236,0.035,0.0,6181.0,1.424,1.231,2.66654958131688,F,-1.2804027568124605,1
K00317.02,kepler,NON_HABITABLE,0.99,1000.0,236.35,11.505879,0.1096,0.0,6336.0,1.403,1.324,2.8580559519994426,F,-1.2205919394165505,1
K00533.02,kepler,NON_HABITABLE,1.46,1098.0,344.61,3.52467888,0.0426,0.0,5372.0,0.916,0.832,0.6295491960122062,G,-1.235945183053858,1
K00534.01,kepler,NON_HABITABLE,2.52,810.0,101.72,6.400157105,0.0638,0.0,5299.0,0.766,0.856,0.4168002085900675,G,-1.1737415098700263,1
K00583.01,kepler,NON_HABITABLE,2.04,1513.0,1237.66,2.437029217,0.0351,0.0,5573.0,1.329,0.968,1.5349733666397054,G,-1.2708967903608244,1
K00584.01,kepler,NON_HABITABLE,2.76,803.0,98.34,9.9267215,0.0888,0.0,5475.0,0.982,0.947,0.7806460740453192,G,-1.1714234602585574,1
K00584.02,kepler,NON_HABITABLE,2.63,623.0,35.69,21.22349325,0.1474,0.0,5475.0,0.982,0.947,0.7806460740453192,G,-1.0800127973384475,1
K00584.03,kepler,NON_HABITABLE,1.15,926.0,173.79,6.47027706,0.0668,0.0,5475.0,0.982,0.947,0.7806460740453192,G,-1.2057414565766873,1
K00585.01,kepler,NON_HABITABLE,2.33,1046.0,283.28,3.722158895,0.0452,0.0,5617.0,0.806,0.897,0.5826161103131706,G,-1.2283277078638362,1
K00431.02,kepler,NON_HABITABLE,2.6,458.0,10.44,46.9026431,0.2337,0.0,5402.0,0.865,0.774,0.5740440828247025,G,-0.8848225059180381,1
K00432.01,kepler,NON_HABITABLE,3.77,1103.0,349.4,5.263415218,0.0612,0.0,6099.0,1.028,1.098,1.3173933688209105,F,-1.236454765195835,1
K00433.01,kepler,NON_HABITABLE,4.48,970.0,209.11,4.030466786,0.0484,0.0,5234.0,0.854,0.927,0.49311172021416716,G,-1.2149487478937782,1
K00433.02,kepler,HABITABILITY_ZONE,10.99,224.0,0.59,328.240201,0.9084,0.0,5234.0,0.854,0.927,0.49311172021416716,G,0.4729722708558069,1
K00490.01,kepler,NON_HABITABLE,1.41,807.0,99.9,4.393157678,0.0477,0.0,4799.0,0.692,0.776,0.22882838682734444,K,-1.172510772890882,1
K00082.01,kepler,NON_HABITABLE,2.48,546.0,20.98,16.145671932,0.1162,0.0,4900.0,0.741,0.806,0.2851776240543697,K,-1.0100445662361175,1
K00490.02,kepler,NON_HABITABLE,9.27,129.0,0.07,1071.232624,1.86,0.0,4799.0,0.692,0.776,0.22882838682734444,K,3.0,1
K00534.02,kepler,NON_HABITABLE,1.56,1075.0,315.95,2.735900074,0.0362,0.0,5299.0,0.766,0.856,0.4168002085900675,G,-1.232662691896312,1
K00535.01,kepler,NON_HABITABLE,3.46,1056.0,293.93,5.852968845,0.0647,0.0,6050.0,1.013,1.05,1.2386114763457734,F,-1.229819291305013,1
K00536.01,kepler,NON_HABITABLE,4.71,436.0,8.55,81.1701587,0.3554,0.0,5460.0,1.165,0.907,1.0867186787181038,G,-0.8400652877891552,1
K00537.01,kepler,NON_HABITABLE,2.53,1367.0,824.92,2.820190603,0.0397,0.0,5831.0,1.121,1.047,1.3088145102582165,G,-1.2621158607492278,1
K00538.01,kepler,NON_HABITABLE,2.97,706.0,58.63,21.21712312,0.1508,0.0,6191.0,1.007,1.01,1.3421370566349027,F,-1.1305405630404302,1
K00586.01,kepler,NON_HABITABLE,2.11,713.0,60.96,15.77980122,0.1232,0.0,5941.0,0.911,1.001,0.9314717194782982,G,-1.1340083896602187,1
K00587.01,kepler,NON_HABITABLE,2.41,641.0,39.97,14.03490255,0.1027,0.0,5258.0,0.785,0.731,0.42434232432106467,G,-1.092653942699231,1
K00588.01,kepler,NON_HABITABLE,1.92,620.0,34.93,10.35586478,0.085,0.0,4646.0,0.778,0.764,0.2540801435710564,K,-1.077530651764715,1
K00094.01,kepler,NON_HABITABLE,9.99,785.0,89.61,22.342964828,0.1607,0.0,6181.0,1.331,1.106,2.3296238059959844,F,-1.1648327146716386,1
K00590.01,kepler,NON_HABITABLE,3.04,979.0,216.55,11.38840217,0.1022,0.0,5876.0,1.456,1.093,2.276903416415949,G,-1.2165953927999518,1
K00435.01,kepler,NON_HABITABLE,4.04,657.0,44.11,20.5498184,0.1415,0.0,5688.0,0.971,0.895,0.8891428101559796,G,-1.103121240135605,1
K00435.02,kepler,NON_HABITABLE,7.89,177.0,0.23,934.09418462,1.8164,0.0,5937.0,0.832,0.916,0.7748355863236808,G,1.5340792482554313,1
K00436.01,kepler,HABITABILITY_ZONE,21.48,276.0,1.36,199.83920527,0.6632,0.0,5457.0,0.869,0.974,0.6033232729103613,G,-0.13316193085007225,1
K00437.01,kepler,NON_HABITABLE,16.84,575.0,25.77,15.84132627,0.1084,0.0,5119.0,0.702,0.675,0.30486632301168065,K,-1.0393601354770305,1
K00438.01,kepler,NON_HABITABLE,2.01,562.0,23.5,5.931196562,0.0528,0.0,3984.0,0.539,0.557,0.06594009366356243,K,-1.0265527501981537,1
K00072.01,kepler,NON_HABITABLE,1.43,1980.0,3630.32,0.837491225,0.0167,0.0,5676.0,1.044,0.884,1.0192137048972538,G,-1.2871446678235654,1
K00490.03,kepler,NON_HABITABLE,1.37,678.0,49.89,7.40611676,0.0675,0.0,4799.0,0.692,0.776,0.22882838682734444,K,-1.1154632786429801,1
K00490.04,kepler,NON_HABITABLE,1.11,473.0,11.82,21.803708,0.1387,0.0,4799.0,0.692,0.776,0.22882838682734444,K,-0.9103227942767879,1
K00492.01,kepler,NON_HABITABLE,2.9,541.0,20.31,29.9111886,0.179,0.0,5275.0,0.969,0.855,0.6549861553891565,G,-1.0051094439840744,1
K00494.01,kepler,HABITABILITY_ZONE,1.7,314.0,2.3,25.69581456,0.1348,0.0,3787.0,0.477,0.496,0.042161173354152474,K,-0.4051281882554141,1
K00541.01,kepler,NON_HABITABLE,2.06,678.0,49.89,13.64617478,0.1089,0.0,5569.0,0.829,0.928,0.5955423399333997,G,-1.1154530975225039,1
K00007.01,kepler,NON_HABITABLE,4.13,1515.0,1244.44,3.213668926,0.044,0.0,5795.0,1.545,1.097,2.4252998451245764,G,-1.2710033419837534,1
K00085.03,kepler,NON_HABITABLE,1.58,1117.0,368.36,8.13121389,0.0848,0.0,6181.0,1.424,1.231,2.66654958131688,F,-1.238370680535278,1
K00542.01,kepler,NON_HABITABLE,3.28,540.0,20.05,41.8854433,0.2259,0.0,5735.0,1.028,0.875,1.0299464110124539,G,-1.0031575760211444,1
K00542.02,kepler,NON_HABITABLE,2.04,781.0,88.04,13.81733587,0.1078,0.0,5735.0,1.028,0.875,1.0299464110124539,G,-1.163544484317825,1
K00597.03,kepler,NON_HABITABLE,3.33,562.0,23.57,52.8148051,0.2746,0.0,5565.0,1.439,0.989,1.7892745011506674,G,-1.0270072622367485,1
K00598.01,kepler,NON_HABITABLE,2.15,751.0,75.09,8.30783912,0.0768,0.0,5320.0,0.786,0.882,0.44584749569571724,G,-1.151419604656582,1
K00598.02,kepler,NON_HABITABLE,1.71,469.0,11.42,34.0963441,0.1969,0.0,5320.0,0.786,0.882,0.44584749569571724,G,-0.9035198059794778,1
K00599.01,kepler,NON_HABITABLE,2.48,999.0,234.98,6.45442931,0.0683,0.0,6092.0,0.943,1.016,1.1034627432391735,F,-1.2203309540670364,1
K00600.01,kepler,NON_HABITABLE,2.39,1296.0,666.88,3.595769013,0.046,0.0,5762.0,1.196,1.001,1.4205289383622608,G,-1.2567498047311434,1
K00438.02,kepler,POTENTIALLY_HABITABLE,1.87,271.0,1.28,52.6615266,0.2262,0.0,3984.0,0.539,0.557,0.06594009366356243,K,-0.09587218321701892,1
K00439.01,kepler,NON_HABITABLE,4.45,1346.0,778.26,1.902208647,0.0293,0.0,5400.0,0.937,0.931,0.6725877162992898,G,-1.2607032090793118,1
K01613.03,kepler,NON_HABITABLE,0.85,806.0,99.53,20.605501,0.1459,0.0,6099.0,1.308,0.974,2.1327734793055333,F,-1.1722511981965684,1
K00440.01,kepler,NON_HABITABLE,2.35,588.0,28.32,15.90688891,0.1164,0.0,5097.0,0.797,0.829,0.38625124070321865,K,-1.0518098732342074,1
K00440.02,kepler,NON_HABITABLE,2.46,867.0,133.55,4.973455252,0.0536,0.0,5097.0,0.797,0.829,0.38625124070321865,K,-1.1910777749916182,1
K00496.01,kepler,NON_HABITABLE,4.47,1774.0,2342.49,1.616883373,0.0266,0.0,4868.0,1.816,0.959,1.6685094737757973,K,-1.2815613311770675,1
K02593.02,kepler,NON_HABITABLE,0.68,1012.0,247.86,9.5539134,0.0947,0.0,6175.0,1.307,1.244,2.2376581174656605,F,-1.222690558163316,1
K00497.01,kepler,NON_HABITABLE,2.94,862.0,130.35,13.19322809,0.1133,0.0,5946.0,1.223,1.113,1.6844078000728342,G,-1.1896248140983363,1
K00082.02,kepler,NON_HABITABLE,1.34,634.0,38.13,10.31174786,0.0862,0.0,4900.0,0.741,0.806,0.2851776240543697,K,-1.0874711083446718,1
K00497.02,kepler,NON_HABITABLE,1.63,1240.0,559.22,4.42535097,0.0547,0.0,5946.0,1.223,1.113,1.6844078000728342,G,-1.2518548894054384,1
K00543.01,kepler,NON_HABITABLE,2.46,937.0,182.7,4.302139338,0.0482,0.0,5041.0,0.857,0.807,0.42729040821353187,K,-1.208315742441892,1
K00543.02,kepler,NON_HABITABLE,1.5,1041.0,277.64,3.137845914,0.0391,0.0,5041.0,0.857,0.807,0.42729040821353187,K,-1.2275027016758138,1
K03209.02,kepler,NON_HABITABLE,1.9,1499.0,1193.45,6.77067637,0.0812,0.0,6337.0,2.335,1.556,7.921424889705323,F,-1.2701802294552047,1
K00546.01,kepler,NON_HABITABLE,3.28,729.0,66.83,20.68420772,0.1559,0.0,6246.0,1.092,1.18,1.6351135090624525,F,-1.1419088586303432,1
K00590.02,kepler,NON_HABITABLE,3.58,595.0,29.58,50.6985408,0.2765,0.0,5876.0,1.456,1.093,2.276903416415949,G,-1.0573923312409,1
K00787.03,kepler,NON_HABITABLE,0.93,2162.0,5161.1,0.589376952,0.0138,0.0,5714.0,1.015,1.007,0.9894360709796721,G,-1.2908223309375797,1
K00592.01,kepler,NON_HABITABLE,2.37,568.0,24.54,39.7529915,0.2249,0.0,6072.0,1.01,0.96,1.2492935835835768,F,-1.032621877398912,1
K00593.01,kepler,NON_HABITABLE,2.82,860.0,129.18,9.99760285,0.0927,0.0,6004.0,0.977,1.061,1.1174975303881507,F,-1.1890833196086148,1
K00593.02,kepler,NON_HABITABLE,3.96,413.0,6.86,90.4117992,0.4024,0.0,6004.0,0.977,1.061,1.1174975303881507,F,-0.7853038327360632,1
K00442.01,kepler,NON_HABITABLE,2.17,779.0,87.1,13.54057461,0.1081,0.0,5767.0,1.014,0.918,1.0246379239159114,G,-1.1627572674128543,1
K00442.02,kepler,NON_HABITABLE,1.37,1546.0,1345.92,1.732346403,0.0275,0.0,5767.0,1.014,0.918,1.0246379239159114,G,-1.2725000988996196,1
K01815.02,kepler,NON_HABITABLE,1.24,1689.0,1924.75,1.74610057,0.0281,0.0,4854.0,1.749,0.97,1.5299365403428735,K,-1.2786324443662611,1
K00442.03,kepler,NON_HABITABLE,1.56,969.0,208.92,7.0257409,0.0698,0.0,5767.0,1.014,0.918,1.0246379239159114,G,-1.2149055359729426,1
K00443.01,kepler,NON_HABITABLE,2.22,664.0,45.87,16.21774917,0.1201,0.0,5837.0,0.798,0.887,0.6659770544423399,G,-1.107109862382435,1
K00444.01,kepler,NON_HABITABLE,2.08,766.0,81.46,11.72291212,0.0973,0.0,5550.0,0.953,0.894,0.7763408595309162,G,-1.1577439690535913,1
K00499.01,kepler,NON_HABITABLE,1.9,730.0,67.06,9.66857386,0.0854,0.0,5288.0,0.836,0.884,0.4923489897207451,G,-1.1421991089949355,1
K00500.01,kepler,NON_HABITABLE,2.16,547.0,21.17,7.053527145,0.0602,0.0,4041.0,0.567,0.584,0.07723536972838287,K,-1.0113949996497735,1
K00500.02,kepler,NON_HABITABLE,2.16,495.0,14.2,9.521644639,0.0735,0.0,4041.0,0.567,0.584,0.07723536972838287,K,-0.9454366381685787,1
K00500.03,kepler,NON_HABITABLE,1.3,722.0,64.09,3.072146607,0.0346,0.0,4041.0,0.567,0.584,0.07723536972838287,K,-1.138352447312825,1
K00500.04,kepler,NON_HABITABLE,1.33,629.0,36.9,4.645382149,0.0456,0.0,4041.0,0.567,0.584,0.07723536972838287,K,-1.0838004190201076,1
K00546.02,kepler,NON_HABITABLE,2.66,935.0,180.36,9.82578495,0.0949,0.0,6246.0,1.092,1.18,1.6351135090624525,F,-1.2076568083186952,1
K00547.01,kepler,NON_HABITABLE,3.95,535.0,19.39,25.30291816,0.1582,0.0,5121.0,0.888,0.822,0.4885845675458093,K,-0.9980092112790039,1
K00548.01,kepler,NON_HABITABLE,2.99,725.0,65.37,21.30020491,0.156,0.0,6008.0,1.168,1.117,1.6014009870336214,F,-1.1400404362224628,1
K00087.01,kepler,HABITABILITY_ZONE,2.34,257.0,1.03,289.864067,0.7961,0.0,5516.0,0.886,0.799,0.6547253916299697,G,0.046071223534823166,1
K00593.03,kepler,NON_HABITABLE,2.44,499.0,14.69,51.0674355,0.2749,0.0,6004.0,0.977,1.061,1.1174975303881507,F,-0.9515352973025804,1
K00596.01,kepler,NON_HABITABLE,1.23,750.0,74.7,1.682695938,0.0219,0.0,3669.0,0.47,0.494,0.03606461274752432,M,-1.15100461623738,1
K00597.01,kepler,NON_HABITABLE,3.56,815.0,104.37,17.30795548,0.1305,0.0,5565.0,1.439,0.989,1.7892745011506674,G,-1.175481746990644,1
K00094.02,kepler,NON_HABITABLE,3.72,1012.0,247.48,10.423677439,0.0967,0.0,6181.0,1.331,1.106,2.3296238059959844,F,-1.2226241403834612,1
K00597.02,kepler,NON_HABITABLE,2.06,1648.0,1746.66,2.09227115,0.0319,0.0,5565.0,1.439,0.989,1.7892745011506674,G,-1.277074975281651,1
K00072.02,kepler,NON_HABITABLE,2.26,524.0,17.75,45.29422297,0.2388,0.0,5676.0,1.044,0.884,1.0192137048972538,G,-0.9839355452861478,1
K00446.01,kepler,NON_HABITABLE,2.27,500.0,14.73,16.70920628,0.1112,0.0,4621.0,0.668,0.656,0.18331225899179135,K,-0.9519826591952278,1
K00446.02,kepler,NON_HABITABLE,1.97,418.0,7.21,28.55158187,0.1589,0.0,4621.0,0.668,0.656,0.18331225899179135,K,-0.7984329646561747,1
K00448.01,kepler,NON_HABITABLE,1.68,447.0,9.41,10.13958818,0.0739,0.0,3893.0,0.5,0.521,0.05173355628627104,K,-0.8621428419869607,1
K00448.02,kepler,HABITABILITY_ZONE,2.05,275.0,1.35,43.5859419,0.1953,0.0,3893.0,0.5,0.521,0.05173355628627104,K,-0.12651382405853012,1
K00500.05,kepler,NON_HABITABLE,1.19,1054.0,292.35,0.986785834,0.0162,0.0,4041.0,0.567,0.584,0.07723536972838287,K,-1.2296031128206433,1
K00501.01,kepler,NON_HABITABLE,2.7,664.0,45.92,24.7962801,0.1677,0.0,5770.0,1.141,1.02,1.3000775287554165,G,-1.1072335614591804,1
K00082.03,kepler,NON_HABITABLE,0.95,457.0,10.34,27.4536146,0.1655,0.0,4900.0,0.741,0.806,0.2851776240543697,K,-0.8828069487043934,1
K00503.01,kepler,NON_HABITABLE,2.28,558.0,22.86,8.22241355,0.0683,0.0,4213.0,0.615,0.626,0.10735215782615606,K,-1.0226393895814514,1
K00550.01,kepler,NON_HABITABLE,2.3,743.0,71.85,13.02363236,0.1056,0.0,5627.0,0.945,0.925,0.8066144315938024,G,-1.1478903049912068,1
K00551.01,kepler,NON_HABITABLE,2.9,857.0,127.46,11.6370303,0.0987,0.0,5576.0,1.198,0.945,1.2499694731961337,G,-1.188270494407179,1
K03226.02,kepler,NON_HABITABLE,1.51,1305.0,687.21,6.93650854,0.0786,0.0,6615.0,1.574,1.343,4.273892167120729,F,-1.2575426715021458,1
K00551.02,kepler,NON_HABITABLE,2.76,1088.0,330.44,5.68798675,0.0613,0.0,5576.0,1.198,0.945,1.2499694731961337,G,-1.234375516160233,1
K00601.01,kepler,NON_HABITABLE,2.85,1073.0,312.93,5.40426917,0.0611,0.0,6122.0,0.964,1.041,1.1760399614256234,F,-1.2322906829901121,1
K00601.02,kepler,NON_HABITABLE,4.17,830.0,112.07,11.67894236,0.1021,0.0,6122.0,0.964,1.041,1.1760399614256234,F,-1.1801833134832047,1
K00601.03,kepler,NON_HABITABLE,1.64,1767.0,2307.65,1.208462378,0.0225,0.0,6122.0,0.964,1.041,1.1760399614256234,F,-1.2813478650136887,1
K00929.02,kepler,NON_HABITABLE,1.23,1398.0,903.77,2.85188338,0.0413,0.0,6123.0,1.107,1.159,1.55184017089899,F,-1.2642500342689071,1
K00602.01,kepler,NON_HABITABLE,2.49,849.0,122.66,12.91385906,0.1053,0.0,6253.0,0.997,0.93,1.3691112581500768,F,-1.1859109196847064,1
K00094.03,kepler,NON_HABITABLE,6.07,584.0,27.4,54.31996151,0.2906,0.0,6181.0,1.331,1.106,2.3296238059959844,F,-1.047534180297174,1
K01910.02,kepler,NON_HABITABLE,1.15,587.0,27.99,18.3848331,0.1274,0.0,5083.0,0.872,0.815,0.45730728410818733,K,-1.0502913554445867,1
K00452.01,kepler,NON_HABITABLE,2.43,1281.0,637.42,3.705991661,0.0469,0.0,6187.0,1.034,0.997,1.4114199504730682,F,-1.2555343344252996,1
K00504.01,kepler,NON_HABITABLE,2.67,521.0,17.4,40.606895,0.2259,0.0,5538.0,1.027,0.93,0.8938145151833604,G,-0.980622800115154,1
K00505.01,kepler,NON_HABITABLE,2.24,595.0,29.55,13.76710058,0.1046,0.0,5001.0,0.76,0.806,0.32549874097838266,K,-1.0572561043706603,1
K02678.02,kepler,NON_HABITABLE,0.48,1215.0,515.27,2.2165905,0.0319,0.0,5397.0,0.831,0.878,0.5278450219717771,G,-1.249428266378275,1
K00505.02,kepler,NON_HABITABLE,1.37,776.0,85.77,6.1954595,0.0614,0.0,5001.0,0.76,0.806,0.32549874097838266,K,-1.1616164293279063,1
K00505.03,kepler,NON_HABITABLE,1.19,962.0,202.09,3.25058201,0.04,0.0,5001.0,0.76,0.806,0.32549874097838266,K,-1.2133134421539495,1
K00505.04,kepler,NON_HABITABLE,1.45,702.0,57.48,8.34819209,0.075,0.0,5001.0,0.76,0.806,0.32549874097838266,K,-1.128762252952477,1
K00554.01,kepler,NON_HABITABLE,14.61,1583.0,1486.35,3.65849707,0.0485,0.0,5857.0,1.822,1.135,3.519592241649906,G,-1.2743128744425831,1
K00555.01,kepler,NON_HABITABLE,1.63,1050.0,286.23,3.701765401,0.0438,0.0,5252.0,0.898,0.815,0.5527722762740894,G,-1.2287487409485,1
K00555.02,kepler,NON_HABITABLE,3.07,367.0,4.29,86.4943704,0.3576,0.0,5252.0,0.898,0.815,0.5527722762740894,G,-0.6470392561498459,1
K00398.01,kepler,NON_HABITABLE,8.73,413.0,6.9,51.84688984,0.2607,0.0,5227.0,0.838,0.876,0.4722725981173531,G,-0.7871007437943487,1
K00398.02,kepler,NON_HABITABLE,3.44,957.0,197.81,4.180048081,0.0487,0.0,5227.0,0.838,0.876,0.4722725981173531,G,-1.2122738827342052,1
K00398.03,kepler,NON_HABITABLE,1.82,1284.0,643.54,1.729367077,0.027,0.0,5227.0,0.838,0.876,0.4722725981173531,G,-1.255793963465313,1
K00454.01,kepler,NON_HABITABLE,2.64,498.0,14.59,29.00789166,0.1759,0.0,5295.0,0.801,0.861,0.45438459624405664,G,-0.9502931183135145,1
K01942.02,kepler,NON_HABITABLE,1.66,1112.0,362.64,2.433703498,0.0337,0.0,5251.0,0.778,0.869,0.4145930117061402,G,-1.2378085041395437,1
K00456.01,kepler,NON_HABITABLE,3.85,771.0,83.6,13.69942266,0.1094,0.0,5541.0,1.089,0.929,1.0071706708113788,G,-1.159701108715988,1
K00456.02,kepler,NON_HABITABLE,1.89,1134.0,390.76,4.309381978,0.0506,0.0,5541.0,1.089,0.929,1.0071706708113788,G,-1.240452892267095,1
K00457.01,kepler,NON_HABITABLE,2.14,868.0,134.02,4.9213639,0.0532,0.0,5076.0,0.799,0.827,0.3818341103981918,K,-1.1912843946812017,1
K00505.05,kepler,HABITABILITY_ZONE,2.95,321.0,2.52,87.0912594,0.3579,0.0,5001.0,0.76,0.806,0.32549874097838266,K,-0.44534706937828933,1
K02871.04,kepler,NON_HABITABLE,0.99,927.0,174.85,7.9788198,0.0766,0.0,5553.0,1.098,0.941,1.0327853870324617,G,-1.2060590386704417,1
K00507.01,kepler,NON_HABITABLE,3.34,603.0,31.27,18.49234792,0.1254,0.0,5289.0,0.838,0.769,0.49508186199892656,G,-1.0643111369658265,1
K00508.01,kepler,NON_HABITABLE,3.05,899.0,154.36,7.930583519,0.08,0.0,5674.0,1.032,1.086,0.9945152126914562,G,-1.1993801716000698,1
K00082.04,kepler,NON_HABITABLE,0.63,719.0,63.11,7.07136119,0.067,0.0,4900.0,0.741,0.806,0.2851776240543697,K,-1.1370240952941464,1
K00557.01,kepler,NON_HABITABLE,2.55,623.0,35.62,15.65563866,0.1128,0.0,5185.0,0.837,0.779,0.4561846515122966,K,-1.0797646914481502,1
K00331.02,kepler,NON_HABITABLE,23.26,1008.0,243.72,10.52286678,0.0952,0.0,5548.0,1.614,1.038,2.2235534866928726,G,-1.2219521220254916,1
K00558.01,kepler,NON_HABITABLE,2.3,753.0,76.14,9.17858526,0.0819,0.0,5506.0,0.788,0.876,0.5141525256619508,G,-1.1525217997491473,1
K00560.01,kepler,NON_HABITABLE,2.76,528.0,18.38,23.67513153,0.1536,0.0,5309.0,0.781,0.869,0.4365637581773802,G,-0.9895424866170813,1
K00401.01,kepler,NON_HABITABLE,4.15,540.0,20.05,29.19899219,0.1815,0.0,5376.0,0.94,0.934,0.6649476533448457,G,-1.003175953258185,1
K00401.02,kepler,HABITABILITY_ZONE,4.28,306.0,2.08,160.0191598,0.5642,0.0,5376.0,0.94,0.934,0.6649476533448457,G,-0.356344595633556,1
K00070.01,kepler,NON_HABITABLE,2.99,765.0,80.88,10.854095934,0.0919,0.0,5465.0,0.925,0.876,0.6876047069142018,G,-1.1571964662051621,1
K00401.03,kepler,NON_HABITABLE,1.67,436.0,8.55,55.3291399,0.2779,0.0,5376.0,0.94,0.934,0.6649476533448457,G,-0.8402427343530002,1
K00457.02,kepler,NON_HABITABLE,2.37,769.0,82.76,7.064252021,0.0677,0.0,5076.0,0.799,0.827,0.3818341103981918,K,-1.1589431318835253,1
K00458.01,kepler,NON_HABITABLE,155.12,1550.0,1363.11,53.71798494,0.4274,0.0,4959.0,21.449,3.601,250.66011923383402,K,-1.272736923105976,1
K00459.01,kepler,NON_HABITABLE,3.24,681.0,50.73,19.44639139,0.1355,0.0,5815.0,0.954,0.875,0.9375411443145948,G,-1.1170708061150942,1
K00459.02,kepler,NON_HABITABLE,1.39,961.0,201.41,6.91986988,0.068,0.0,5815.0,0.954,0.875,0.9375411443145948,G,-1.2131512359486782,1
K00075.01,kepler,NON_HABITABLE,10.16,595.0,29.64,105.8817667,0.4785,0.0,5903.0,2.499,1.301,6.831535908486894,G,-1.0576248711172231,1
K00508.02,kepler,NON_HABITABLE,2.85,702.0,57.31,16.6658994,0.1313,0.0,5674.0,1.032,1.086,0.9945152126914562,G,-1.1284815189140298,1
K00509.01,kepler,NON_HABITABLE,2.74,1053.0,291.34,4.16696628,0.0492,0.0,5456.0,0.943,0.914,0.7099300221337186,G,-1.2294641701898577,1
K00509.02,kepler,NON_HABITABLE,3.0,752.0,75.57,11.46347165,0.0966,0.0,5456.0,0.943,0.914,0.7099300221337186,G,-1.1519293287761407,1
K00509.03,kepler,NON_HABITABLE,2.22,497.0,14.47,39.6034,0.2208,0.0,5456.0,0.943,0.914,0.7099300221337186,G,-0.9487684151984268,1
K00510.01,kepler,NON_HABITABLE,2.59,1256.0,588.66,2.940304817,0.0397,0.0,5527.0,1.054,0.964,0.9339718578361463,G,-1.253325969759353,1
K00561.01,kepler,NON_HABITABLE,1.86,833.0,113.59,5.378868001,0.056,0.0,5077.0,0.774,0.806,0.3585958715483217,K,-1.181055600543175,1
K00563.01,kepler,NON_HABITABLE,2.7,852.0,124.4,15.28467725,0.1224,0.0,5763.0,1.374,1.045,1.8761288165629315,G,-1.186781460434927,1
K00564.01,kepler,NON_HABITABLE,2.75,731.0,67.48,21.05349939,0.1502,0.0,5751.0,1.247,1.018,1.5325021330078399,G,-1.1427204840126586,1
K00564.02,kepler,NON_HABITABLE,8.03,401.0,6.09,127.905412,0.5001,0.0,5751.0,1.247,1.018,1.5325021330078399,G,-0.7531646335387898,1
K00564.03,kepler,NON_HABITABLE,1.81,1098.0,343.21,6.21716039,0.0666,0.0,5751.0,1.247,1.018,1.5325021330078399,G,-1.235795274237338,1
K01083.02,kepler,NON_HABITABLE,0.96,1024.0,259.36,4.57797412,0.0529,0.0,5795.0,0.848,0.938,0.7306345010330698,G,-1.2246467341087155,1
K00408.01,kepler,NON_HABITABLE,3.42,876.0,138.88,7.381980206,0.0717,0.0,5559.0,0.914,0.899,0.7187432811948098,G,-1.1933809436158391,1
K00460.01,kepler,NON_HABITABLE,4.03,706.0,58.6,17.58751692,0.1277,0.0,5433.0,1.107,0.896,0.9619417453531571,G,-1.1304936284621938,1
K02174.04,kepler,NON_HABITABLE,0.96,795.0,94.1,3.01609637,0.0354,0.0,4245.0,0.637,0.649,0.11870919319064129,K,-1.1683354937192247,1
K00463.01,kepler,POTENTIALLY_HABITABLE,1.55,267.0,1.21,18.47762694,0.0887,0.0,3395.0,0.283,0.271,0.009585763190026776,M,-0.061305209874832116,1
K00464.01,kepler,NON_HABITABLE,7.02,446.0,9.33,58.36205791,0.2918,0.0,5592.0,0.953,0.973,0.8001090128169998,G,-0.8603322579844961,1
K00464.02,kepler,NON_HABITABLE,2.6,989.0,226.02,5.350156114,0.0593,0.0,5592.0,0.953,0.973,0.8001090128169998,G,-1.2185727794524899,1
K02906.03,kepler,NON_HABITABLE,1.23,797.0,95.46,21.9424316,0.1597,0.0,6052.0,1.424,1.128,2.450814077847724,F,-1.1693463689648558,1
K00510.02,kepler,NON_HABITABLE,2.89,970.0,209.17,6.38899658,0.0666,0.0,5527.0,1.054,0.964,0.9339718578361463,G,-1.2149630443615145,1
K00510.03,kepler,NON_HABITABLE,2.7,736.0,69.31,14.62709685,0.1157,0.0,5527.0,1.054,0.964,0.9339718578361463,G,-1.1449400095275413,1
K00510.04,kepler,NON_HABITABLE,3.26,550.0,21.57,35.1184432,0.2074,0.0,5527.0,1.054,0.964,0.9339718578361463,G,-1.0141637917215263,1
K00511.01,kepler,NON_HABITABLE,2.36,956.0,197.06,8.00579096,0.0725,0.0,6032.0,0.935,0.793,1.0427093394805054,F,-1.2120884434208625,1
K00511.02,kepler,NON_HABITABLE,1.28,1179.0,457.15,4.26374378,0.0476,0.0,6032.0,0.935,0.793,1.0427093394805054,F,-1.2456965501560555,1
K07624.01,kepler,NON_HABITABLE,5.92,478.0,12.36,330.025002,1.1069,0.0,6126.0,3.466,1.658,15.242626113656515,F,-0.919188122919684,1
K00089.01,kepler,NON_HABITABLE,3.37,611.0,32.96,84.6877524,0.4172,0.0,6688.0,1.79,1.353,5.775450021591054,F,-1.0706791753039855,1
K00566.01,kepler,NON_HABITABLE,2.4,637.0,38.81,25.85499978,0.1735,0.0,6122.0,0.964,1.041,1.1760399614256234,F,-1.0894402358541022,1
K00567.01,kepler,NON_HABITABLE,2.64,780.0,87.41,10.68758211,0.0909,0.0,5788.0,0.848,0.877,0.7271106480038362,G,-1.163020313193695,1
K00567.02,kepler,NON_HABITABLE,2.16,630.0,37.12,20.30303506,0.1395,0.0,5788.0,0.848,0.877,0.7271106480038362,G,-1.0844673903054172,1
K00408.02,kepler,NON_HABITABLE,2.74,734.0,68.49,12.56096618,0.1021,0.0,5559.0,0.914,0.899,0.7187432811948098,G,-1.1439597742539982,1
K00408.03,kepler,NON_HABITABLE,3.18,544.0,20.68,30.8261043,0.1858,0.0,5559.0,0.914,0.899,0.7187432811948098,G,-1.007888988872877,1
K00070.02,kepler,NON_HABITABLE,1.78,1095.0,340.33,3.696121272,0.0448,0.0,5465.0,0.925,0.876,0.6876047069142018,G,-1.2354813333922132,1
K00408.04,kepler,NON_HABITABLE,1.21,1131.0,386.14,3.42806306,0.043,0.0,5559.0,0.914,0.899,0.7187432811948098,G,-1.2400384291646824,1
K00409.01,kepler,NON_HABITABLE,2.86,806.0,99.54,13.24931848,0.1087,0.0,5799.0,1.078,0.972,1.1839808198792916,G,-1.1722593509860664,1
K00466.01,kepler,NON_HABITABLE,11.73,1068.0,308.13,9.391039263,0.0902,0.0,5944.0,1.498,1.11,2.5236756654530073,G,-1.231687651155814,1
K00467.01,kepler,NON_HABITABLE,4.96,658.0,44.29,18.00932214,0.1333,0.0,5815.0,0.877,0.973,0.7923056871712397,G,-1.1035431814935481,1
K00468.01,kepler,NON_HABITABLE,3.18,546.0,21.06,22.18431824,0.1418,0.0,5157.0,0.818,0.771,0.4263731453211078,K,-1.0106427353168217,1
K00076.01,kepler,NON_HABITABLE,10.33,778.0,86.59,77.4794704,0.4212,0.0,6711.0,2.909,1.657,15.464329977105303,F,-1.1623220334480635,1
K00082.05,kepler,NON_HABITABLE,0.51,792.0,92.97,5.28691996,0.0552,0.0,4900.0,0.741,0.806,0.2851776240543697,K,-1.1674785351901777,1
K00512.01,kepler,NON_HABITABLE,2.78,1017.0,253.24,6.51003001,0.0689,0.0,5638.0,1.153,1.029,1.2101901423426698,G,-1.223621918304236,1
K00513.01,kepler,NON_HABITABLE,4.17,664.0,45.89,35.18105723,0.2281,0.0,6520.0,1.215,1.279,2.403464152884163,F,-1.1071597892942229,1
K00567.03,kepler,NON_HABITABLE,2.55,559.0,23.06,29.02235217,0.177,0.0,5788.0,0.848,0.877,0.7271106480038362,G,-1.0238555670891538,1
K00568.01,kepler,NON_HABITABLE,1.65,1133.0,389.19,3.383540239,0.042,0.0,5300.0,0.986,0.861,0.6911177046272563,G,-1.2403128566687651,1
K00568.02,kepler,NON_HABITABLE,0.96,1278.0,630.43,2.358952404,0.033,0.0,5300.0,0.986,0.861,0.6911177046272563,G,-1.255233681526155,1
K00569.01,kepler,NON_HABITABLE,1.94,530.0,18.68,20.72904234,0.1378,0.0,4979.0,0.803,0.811,0.35702144710698086,K,-0.9920888487078705,1
K00569.02,kepler,NON_HABITABLE,1.13,1237.0,554.07,1.632916419,0.0253,0.0,4979.0,0.803,0.811,0.35702144710698086,K,-1.2515854666014146,1
K04773.02,kepler,NON_HABITABLE,0.75,906.0,159.1,11.1438086,0.0978,0.0,6095.0,1.11,1.004,1.5319179596388761,F,-1.2010384694560807,1
K00412.01,kepler,NON_HABITABLE,7.31,1258.0,590.84,4.147021189,0.0502,0.0,5818.0,1.205,0.977,1.498868980250275,G,-1.253430392029964,1
K00413.01,kepler,NON_HABITABLE,3.0,639.0,39.4,15.22895514,0.1152,0.0,5456.0,0.812,0.878,0.5263858610060114,G,-1.0911033738078815,1
K00413.02,kepler,NON_HABITABLE,2.33,544.0,20.71,24.67458244,0.1589,0.0,5456.0,0.812,0.878,0.5263858610060114,G,-1.0080885478506678,1
K04846.02,kepler,NON_HABITABLE,1.26,525.0,17.91,32.526674,0.1971,0.0,5668.0,0.868,0.963,0.7005732118397854,G,-0.9853899501618293,1
K00469.01,kepler,NON_HABITABLE,6.17,908.0,160.44,10.32906563,0.0961,0.0,6228.0,1.049,1.107,1.4915578505843197,F,-1.2014933445443372,1
K00470.01,kepler,NON_HABITABLE,4.61,1129.0,383.77,3.750832927,0.0484,0.0,5776.0,0.95,1.068,0.9050043342569334,G,-1.2398226530336567,1
K00471.01,kepler,NON_HABITABLE,3.2,648.0,41.65,21.34736612,0.1445,0.0,5395.0,1.071,0.882,0.8754663301268228,G,-1.09709298009152,1
K00471.02,kepler,NON_HABITABLE,1.36,906.0,159.24,7.81100952,0.0739,0.0,5395.0,1.071,0.882,0.8754663301268228,G,-1.2010877047699622,1
K00472.01,kepler,NON_HABITABLE,3.16,1063.0,301.46,4.243748097,0.0501,0.0,5873.0,0.843,0.93,0.7617103608341095,G,-1.2308264973203595,1
K00517.01,kepler,NON_HABITABLE,2.54,1178.0,455.43,2.752359689,0.0375,0.0,5461.0,0.897,0.926,0.64471578364348,G,-1.2455748637521005,1
K00518.01,kepler,NON_HABITABLE,2.09,553.0,22.1,13.98177862,0.0978,0.0,4859.0,0.651,0.636,0.21283560569866214,K,-1.0177683775950224,1
K00518.02,kepler,NON_HABITABLE,1.56,377.0,4.79,44.0003975,0.21,0.0,4859.0,0.651,0.636,0.21283560569866214,K,-0.6825737513434555,1
K00518.03,kepler,HABITABILITY_ZONE,2.29,212.0,0.48,247.354914,0.6639,0.0,4859.0,0.651,0.636,0.21283560569866214,K,0.6734408730378832,1
K00089.02,kepler,NON_HABITABLE,4.52,453.0,9.97,207.5829306,0.7584,0.0,6688.0,1.79,1.353,5.775450021591054,F,-0.8750009774582136,1
K00571.01,kepler,NON_HABITABLE,1.14,464.0,10.93,7.26731094,0.0564,0.0,3751.0,0.443,0.452,0.03500180325944474,K,-0.8944537064661225,1
K00571.02,kepler,NON_HABITABLE,1.29,379.0,4.87,13.3430025,0.0845,0.0,3751.0,0.443,0.452,0.03500180325944474,K,-0.6874455571695508,1
K00571.03,kepler,NON_HABITABLE,0.97,571.0,25.26,3.886795001,0.0371,0.0,3751.0,0.443,0.452,0.03500180325944474,K,-1.0366336808940173,1
K00571.04,kepler,HABITABILITY_ZONE,1.15,319.0,2.44,22.40777833,0.1194,0.0,3751.0,0.443,0.452,0.03500180325944474,K,-0.43034290911081924,1
K00415.01,kepler,HABITABILITY_ZONE,7.03,334.0,2.93,166.7876551,0.5778,0.0,5663.0,1.031,0.923,0.9849139470276299,G,-0.5075178639026855,1
K00070.03,kepler,NON_HABITABLE,2.59,397.0,5.87,77.6114427,0.3411,0.0,5465.0,0.925,0.876,0.6876047069142018,G,-0.7430013727229294,1
K00416.01,kepler,NON_HABITABLE,3.08,551.0,21.86,18.20795835,0.1265,0.0,5176.0,0.738,0.826,0.35219606922501606,K,-1.0161617632668434,1
K04896.02,kepler,NON_HABITABLE,1.48,532.0,18.87,49.537365,0.2637,0.0,6118.0,1.023,0.995,1.3209423629457206,F,-0.9937195909577643,1
K00473.01,kepler,NON_HABITABLE,2.75,697.0,55.86,12.70636123,0.1043,0.0,5573.0,0.839,0.939,0.611751163753071,G,-1.1261527966959308,1
K00474.01,kepler,NON_HABITABLE,2.84,881.0,142.23,10.94577783,0.0954,0.0,5888.0,1.097,0.966,1.3031042787062497,G,-1.1947612383388058,1
K00474.02,kepler,NON_HABITABLE,2.7,637.0,38.82,28.9869016,0.1826,0.0,5888.0,1.097,0.966,1.3031042787062497,G,-1.0894794551766152,1
K00474.03,kepler,NON_HABITABLE,4.24,429.0,7.99,94.886902,0.4025,0.0,5888.0,1.097,0.966,1.3031042787062497,G,-0.8239810134637059,1
K00474.04,kepler,NON_HABITABLE,1.63,1141.0,401.23,5.03505665,0.0568,0.0,5888.0,1.097,0.966,1.3031042787062497,G,-1.241365330426656,1
K00519.01,kepler,NON_HABITABLE,2.56,827.0,110.54,11.90352088,0.1047,0.0,6063.0,1.001,1.079,1.2198688407429246,F,-1.1792912575085595,1
K00084.01,kepler,NON_HABITABLE,2.1,762.0,79.68,9.286964466,0.0835,0.0,5546.0,0.81,0.907,0.5592219493433962,G,-1.1560497215393815,1
K00519.02,kepler,NON_HABITABLE,2.76,583.0,27.24,34.0350605,0.2109,0.0,6063.0,1.001,1.079,1.2198688407429246,F,-1.0467673355397318,1
K00520.01,kepler,NON_HABITABLE,2.58,633.0,37.95,12.75934489,0.0988,0.0,4963.0,0.826,0.789,0.372933936805159,K,-1.0869626471674823,1
K00520.02,kepler,NON_HABITABLE,1.61,841.0,118.56,5.433132902,0.0559,0.0,4963.0,0.826,0.789,0.372933936805159,K,-1.1837832253461715,1
K00572.01,kepler,NON_HABITABLE,2.87,963.0,203.48,10.64021008,0.0966,0.0,6112.0,1.233,1.057,1.9114117251844847,F,-1.2136433618362186,1
K00572.02,kepler,NON_HABITABLE,1.44,1244.0,566.38,4.93883135,0.0579,0.0,6112.0,1.233,1.057,1.9114117251844847,F,-1.2522231798410233,1
K00573.01,kepler,NON_HABITABLE,2.96,1025.0,260.49,5.996533443,0.0638,0.0,5622.0,1.089,0.958,1.067367155833246,G,-1.2248315102777911,1
K00573.02,kepler,NON_HABITABLE,1.63,1463.0,1082.28,2.06190864,0.0313,0.0,5622.0,1.089,0.958,1.067367155833246,G,-1.2681878665120252,1
K00574.01,kepler,NON_HABITABLE,2.98,544.0,20.66,20.13490007,0.1339,0.0,4963.0,0.826,0.789,0.372933936805159,K,-1.0077458104758272,1
K04838.03,kepler,NON_HABITABLE,1.1,400.0,6.08,24.0721647,0.1409,0.0,4352.0,0.613,0.64,0.12144264181154658,K,-0.752691261483605,1
K00416.02,kepler,HABITABILITY_ZONE,2.96,326.0,2.67,88.2553729,0.3623,0.0,5176.0,0.738,0.826,0.35219606922501606,K,-0.468543553802456,1
K00417.01,kepler,NON_HABITABLE,12.23,656.0,43.77,19.193103549,0.1396,0.0,5883.0,0.892,0.985,0.8586571934828086,G,-1.1023077596409845,1
K00420.01,kepler,NON_HABITABLE,3.8,768.0,82.31,6.010383339,0.058,0.0,4882.0,0.738,0.718,0.2787395113034314,K,-1.1585331985540739,1
K05007.02,kepler,NON_HABITABLE,2.27,581.0,26.91,80.881757,0.3828,0.0,5934.0,1.885,1.141,3.969242083944026,G,-1.045127222323478,1
K00080.01,kepler,NON_HABITABLE,96.08,1966.0,3530.57,9.250572762,0.1097,0.0,8133.0,3.294,2.053,42.7705651820883,A,-1.2868248293840587,1
K00475.01,kepler,NON_HABITABLE,2.1,716.0,62.21,8.1808949,0.0754,0.0,5081.0,0.77,0.864,0.35601880678812325,K,-1.1357782427125158,1
K00475.02,kepler,NON_HABITABLE,2.34,581.0,26.98,15.31296388,0.1145,0.0,5081.0,0.77,0.864,0.35601880678812325,K,-1.0454618424295656,1
K00476.01,kepler,NON_HABITABLE,2.24,526.0,18.05,18.42794957,0.1247,0.0,4768.0,0.779,0.759,0.2825625573913409,K,-0.9866212066122159,1
K00728.01,kepler,NON_HABITABLE,11.94,1026.0,261.94,7.189379172,0.0768,0.0,6214.0,1.076,1.169,1.555264462808422,F,-1.2250672702562522,1
K07628.01,kepler,NON_HABITABLE,0.69,1158.0,423.67,1.8134378,0.0264,0.0,5094.0,0.7,0.743,0.297253209757413,K,-1.243206326139954,1
K00730.01,kepler,NON_HABITABLE,3.46,827.0,110.42,14.78767172,0.1201,0.0,5814.0,1.248,1.055,1.6033339575835133,G,-1.179218765787265,1
K00627.02,kepler,NON_HABITABLE,1.0,1048.0,284.49,4.16536757,0.0508,0.0,5604.0,0.912,1.004,0.7390552278815489,G,-1.2285007786232074,1
K00628.01,kepler,NON_HABITABLE,2.88,784.0,89.16,14.48584765,0.115,0.0,5784.0,1.085,0.966,1.187045384787847,G,-1.164467654150988,1
K00629.01,kepler,NON_HABITABLE,3.2,685.0,52.05,40.6992062,0.2327,0.0,6419.0,1.362,1.012,2.83738604351905,F,-1.1195448818580944,1
K00631.01,kepler,NON_HABITABLE,9.11,871.0,136.4,15.458056682,0.1241,0.0,5868.0,1.407,1.066,2.1146735141302133,G,-1.1923246520767738,1
K00682.01,kepler,HABITABILITY_ZONE,10.9,241.0,0.8,562.1725914,1.3457,0.0,5589.0,1.289,1.026,1.460619126994767,G,0.22469514085234657,1
K00683.01,kepler,HABITABILITY_ZONE,5.86,286.0,1.57,278.1243979,0.8423,0.0,5799.0,1.05,1.028,1.1232740954327904,G,-0.2146000592382418,1
K00684.01,kepler,NON_HABITABLE,6.95,1452.0,1052.15,4.034914368,0.0509,0.0,5548.0,1.793,1.079,2.7441073625990566,G,-1.267594333117812,1
K00685.01,kepler,NON_HABITABLE,3.07,1655.0,1769.83,3.173914037,0.0466,0.0,6432.0,1.584,1.337,3.8689151728196083,F,-1.2772907819117694,1
K00686.01,kepler,NON_HABITABLE,12.43,472.0,11.73,52.513548727,0.2674,0.0,5589.0,0.98,0.925,0.8442737765973313,G,-0.9088494466296543,1
K00687.01,kepler,NON_HABITABLE,3.13,1430.0,988.44,4.17838675,0.053,0.0,5746.0,1.687,1.136,2.7950357178196903,G,-1.2662507090756534,1
K00730.02,kepler,NON_HABITABLE,2.68,947.0,189.82,9.84824649,0.0916,0.0,5814.0,1.248,1.055,1.6033339575835133,G,-1.2102400088859797,1
K00730.03,kepler,NON_HABITABLE,3.57,751.0,75.23,19.7243672,0.1455,0.0,5814.0,1.248,1.055,1.6033339575835133,G,-1.1515717631659546,1
K00111.03,kepler,NON_HABITABLE,2.61,515.0,16.6,51.75530504,0.2638,0.0,5979.0,1.005,0.913,1.162896457409387,G,-0.9727876000090787,1
K07630.01,kepler,NON_HABITABLE,0.78,388.0,5.38,16.2982201,0.1025,0.0,3905.0,0.521,0.538,0.0568662133078011,K,-0.7175324695506555,1
K00730.04,kepler,NON_HABITABLE,2.42,1042.0,278.67,7.38443269,0.0756,0.0,5814.0,1.248,1.055,1.6033339575835133,G,-1.2276554436080651,1
K00099.01,kepler,NON_HABITABLE,3.12,109.0,0.03,2190.7010353,2.9456,0.0,4965.0,0.736,0.709,0.29657009091487624,K,3.0,1
K00632.01,kepler,NON_HABITABLE,1.34,816.0,104.51,7.23858162,0.0712,0.0,5411.0,0.831,0.917,0.5333433612488817,G,-1.175573198750438,1
K00633.01,kepler,HABITABILITY_ZONE,3.25,343.0,3.27,161.4746786,0.5729,0.0,5761.0,1.044,0.96,1.0816511305699852,G,-0.5507340183924825,1
K00635.01,kepler,NON_HABITABLE,2.52,767.0,81.63,16.71987303,0.1302,0.0,6020.0,1.085,1.049,1.3929648311272314,F,-1.1579000888722164,1
K00688.01,kepler,NON_HABITABLE,3.54,1730.0,2121.23,3.275821982,0.049,0.0,6185.0,1.972,1.46,5.127047575143796,F,-1.2801178035959428,1
K00689.01,kepler,NON_HABITABLE,1.53,632.0,37.68,15.87360981,0.1149,0.0,5656.0,0.737,0.801,0.5008034236513937,G,-1.0861677797330334,1
K00547.03,kepler,NON_HABITABLE,1.11,679.0,50.23,12.3860474,0.0983,0.0,5121.0,0.888,0.822,0.4885845675458093,K,-1.1161182900863098,1
K00107.01,kepler,NON_HABITABLE,3.53,1163.0,432.1,7.256962446,0.0765,0.0,5858.0,1.549,1.133,2.5456284453138083,G,-1.2438602951621487,1
K00691.01,kepler,NON_HABITABLE,2.83,644.0,40.68,29.66631669,0.1827,0.0,5956.0,1.098,0.922,1.3668414701013656,G,-1.094563157559449,1
K00691.02,kepler,NON_HABITABLE,1.21,788.0,90.93,16.2254975,0.1222,0.0,5956.0,1.098,0.922,1.3668414701013656,G,-1.165885013137902,1
K00732.01,kepler,NON_HABITABLE,3.57,1569.0,1435.82,1.260258822,0.0232,0.0,5550.0,0.954,1.05,0.77797097112321,G,-1.2736913184190275,1
K00732.02,kepler,NON_HABITABLE,1.23,1139.0,397.37,3.29534567,0.0441,0.0,5550.0,0.954,1.05,0.77797097112321,G,-1.2410332178223198,1
K00732.03,kepler,NON_HABITABLE,1.41,975.0,213.25,5.25449393,0.0602,0.0,5550.0,0.954,1.05,0.77797097112321,G,-1.2158755422430378,1
K00733.01,kepler,NON_HABITABLE,3.15,758.0,77.91,5.924993927,0.0579,0.0,5016.0,0.679,0.743,0.26294466894681007,K,-1.1543207568083078,1
K00733.02,kepler,NON_HABITABLE,2.39,610.0,32.75,11.34934848,0.0893,0.0,5016.0,0.679,0.743,0.26294466894681007,K,-1.069924381366951,1
K00638.01,kepler,NON_HABITABLE,2.9,595.0,29.65,23.6421965,0.1602,0.0,5750.0,0.882,0.98,0.7661313947311633,G,-1.0576898646670592,1
K00638.02,kepler,NON_HABITABLE,3.51,420.0,7.38,67.0930642,0.3211,0.0,5750.0,0.882,0.98,0.7661313947311633,G,-0.8043341253558238,1
K00639.01,kepler,NON_HABITABLE,2.89,828.0,111.12,17.97979816,0.1447,0.0,6141.0,1.352,1.247,2.3420948712091714,F,-1.1796289086731129,1
K00640.01,kepler,NON_HABITABLE,2.43,500.0,14.72,30.99664113,0.1885,0.0,5324.0,0.853,0.928,0.5266777358065153,G,-0.9519580614995705,1
K00692.01,kepler,NON_HABITABLE,1.33,1326.0,730.86,2.462344253,0.0367,0.0,5736.0,1.008,1.087,0.9909513762847505,G,-1.25913138030944,1
K00692.02,kepler,NON_HABITABLE,2.22,1060.0,297.73,4.822969318,0.0575,0.0,5736.0,1.008,1.087,0.9909513762847505,G,-1.230333302895327,1
K00548.02,kepler,NON_HABITABLE,0.86,1101.0,348.11,6.0799457,0.0676,0.0,6008.0,1.168,1.117,1.6014009870336214,F,-1.2363187668760207,1
K00693.01,kepler,NON_HABITABLE,1.95,619.0,34.65,28.7796446,0.191,0.0,6000.0,1.044,1.122,1.272625758155617,F,-1.0765925452723635,1
K00693.02,kepler,NON_HABITABLE,2.05,758.0,78.01,15.66057688,0.1273,0.0,6000.0,1.044,1.122,1.272625758155617,F,-1.1544168788075688,1
K00694.01,kepler,NON_HABITABLE,3.11,674.0,48.91,17.42115972,0.1341,0.0,5679.0,0.972,1.058,0.8853494358739286,G,-1.1135179244368725,1
K00733.03,kepler,NON_HABITABLE,1.39,937.0,181.84,3.13295351,0.0379,0.0,5016.0,0.679,0.743,0.26294466894681007,K,-1.208076409955669,1
K00733.04,kepler,NON_HABITABLE,2.14,517.0,16.91,18.64349986,0.1243,0.0,5016.0,0.679,0.743,0.26294466894681007,K,-0.9758519883590692,1
K00734.01,kepler,NON_HABITABLE,3.08,616.0,34.07,24.5434566,0.1654,0.0,5955.0,0.91,0.999,0.9382197227923745,G,-1.0745958893493588,1
K00112.01,kepler,NON_HABITABLE,2.75,503.0,15.17,51.07926451,0.2671,0.0,5833.0,1.022,0.974,1.0893423995360552,G,-0.9572331747151277,1
K00734.02,kepler,NON_HABITABLE,2.54,434.0,8.38,70.2780911,0.3335,0.0,5955.0,0.91,0.999,0.9382197227923745,G,-0.8354065789129259,1
K00100.01,kepler,NON_HABITABLE,16.89,1578.0,1466.1,9.9664004,0.106,0.0,6638.0,3.079,1.595,16.582999223872484,F,-1.274067650050809,1
K00641.01,kepler,NON_HABITABLE,2.73,457.0,10.3,14.85185526,0.1036,0.0,4129.0,0.652,0.671,0.11131903510277037,K,-0.8819851539220623,1
K00695.01,kepler,NON_HABITABLE,2.16,564.0,23.92,29.90721859,0.1805,0.0,5739.0,0.896,0.875,0.7846132332149564,G,-1.029092534459213,1
K07378.02,kepler,HABITABILITY_ZONE,3.58,310.0,2.18,56.391062,0.2472,0.0,4406.0,0.628,0.632,0.1339035123945401,K,-0.3788809171811494,1
K00697.01,kepler,NON_HABITABLE,3.62,1507.0,1218.88,3.032147946,0.0421,0.0,5827.0,1.447,1.081,2.174762545930653,G,-1.2705971988838094,1
K00108.01,kepler,NON_HABITABLE,3.33,872.0,136.42,15.96532718,0.1269,0.0,5880.0,1.433,1.068,2.2115481301976256,G,-1.192334589434807,1
K00735.01,kepler,NON_HABITABLE,5.19,526.0,18.14,22.34213536,0.1362,0.0,5237.0,0.707,0.674,0.33873793331662083,G,-0.9874123279817042,1
K00736.01,kepler,NON_HABITABLE,2.33,412.0,6.79,18.79418506,0.1177,0.0,4126.0,0.602,0.616,0.09462471563599219,K,-0.7825914890174306,1
K00736.02,kepler,NON_HABITABLE,1.44,579.0,26.64,6.73893544,0.0594,0.0,4126.0,0.602,0.616,0.09462471563599219,K,-1.0438031697051113,1
K00738.01,kepler,NON_HABITABLE,2.98,777.0,86.46,10.3392408,0.0919,0.0,5730.0,0.87,0.968,0.735108938278714,G,-1.1622142930391253,1
K00645.01,kepler,NON_HABITABLE,1.95,1021.0,257.22,8.50339249,0.0815,0.0,5877.0,1.265,0.997,1.7198814967862153,G,-1.2242919306516473,1
K00645.02,kepler,NON_HABITABLE,2.01,725.0,65.26,23.7832097,0.1618,0.0,5877.0,1.265,0.997,1.7198814967862153,G,-1.1399016141600258,1
K00647.01,kepler,NON_HABITABLE,2.06,1309.0,694.32,5.16949729,0.0578,0.0,6011.0,1.409,0.963,2.3350899162622936,F,-1.2578116151365903,1
K00648.01,kepler,NON_HABITABLE,15.45,1567.0,1427.2,10.47490332,0.109,0.0,6526.0,3.232,1.573,17.069692291261145,F,-1.2735820239101725,1
K00700.01,kepler,NON_HABITABLE,2.23,527.0,18.22,30.86436512,0.187,0.0,5677.0,0.828,0.92,0.6415506669269943,G,-0.9881682544064626,1
K00700.02,kepler,NON_HABITABLE,1.42,784.0,89.47,9.36059705,0.0844,0.0,5677.0,0.828,0.92,0.6415506669269943,G,-1.1647143888119733,1
K00700.03,kepler,NON_HABITABLE,1.21,675.0,49.12,14.6672293,0.1139,0.0,5677.0,0.828,0.92,0.6415506669269943,G,-1.113953073363995,1
K00700.04,kepler,NON_HABITABLE,1.45,405.0,6.34,68.1609897,0.3171,0.0,5677.0,0.828,0.92,0.6415506669269943,G,-0.7643022496680905,1
K00738.02,kepler,NON_HABITABLE,2.78,715.0,61.8,13.28689997,0.1087,0.0,5730.0,0.87,0.968,0.735108938278714,G,-1.1352083241838768,1
K00739.01,kepler,NON_HABITABLE,1.39,871.0,135.97,1.287076693,0.0188,0.0,3736.0,0.525,0.533,0.048377206563285355,K,-1.1921383551934883,1
K04388.02,kepler,NON_HABITABLE,2.47,699.0,56.48,61.858947,0.3428,0.0,5529.0,2.817,1.402,6.681204485969656,G,-1.1271587049082055,1
K00740.01,kepler,NON_HABITABLE,2.44,513.0,16.38,17.6717714,0.1204,0.0,4869.0,0.687,0.767,0.2389831507801003,K,-0.9704985585839779,1
K00649.01,kepler,NON_HABITABLE,2.71,802.0,97.94,23.44970494,0.1764,0.0,6188.0,1.524,1.33,3.0680742410392936,F,-1.1711425689032167,1
K00102.01,kepler,NON_HABITABLE,3.27,1554.0,1372.87,1.73513619,0.0286,0.0,5751.0,1.071,1.028,1.130438974403007,G,-1.2728694274064585,1
K00650.01,kepler,NON_HABITABLE,5.15,906.0,159.04,11.95474513,0.1006,0.0,5059.0,1.657,0.947,1.6203112403788533,K,-1.2010189941295122,1
K00652.01,kepler,NON_HABITABLE,4.43,614.0,33.64,16.080657264,0.1185,0.0,5303.0,0.817,0.86,0.4755819156037596,G,-1.073115934633643,1
K00701.01,kepler,NON_HABITABLE,1.98,508.0,15.72,18.16407304,0.1212,0.0,4926.0,0.662,0.727,0.23248145723960736,K,-0.9634979779277982,1
K00701.02,kepler,NON_HABITABLE,1.33,747.0,73.38,5.71489692,0.0561,0.0,4926.0,0.662,0.727,0.23248145723960736,K,-1.149583746885818,1
K00701.03,kepler,POTENTIALLY_HABITABLE,1.72,269.0,1.24,122.3858681,0.4324,0.0,4926.0,0.662,0.727,0.23248145723960736,K,-0.07394511618070553,1
K00108.02,kepler,NON_HABITABLE,5.47,389.0,5.41,179.609803,0.6372,0.0,5880.0,1.433,1.068,2.2115481301976256,G,-0.7193971419574468,1
K00654.01,kepler,NON_HABITABLE,1.75,854.0,125.48,8.59481851,0.0787,0.0,5675.0,0.915,0.878,0.7823486939805855,G,-1.1873121992648228,1
K00654.02,kepler,NON_HABITABLE,1.72,806.0,99.68,10.22215697,0.0883,0.0,5675.0,0.915,0.878,0.7823486939805855,G,-1.1723533776042268,1
K00655.01,kepler,NON_HABITABLE,2.68,683.0,51.47,25.6721559,0.179,0.0,6034.0,1.179,1.164,1.660135528003554,F,-1.1184703507856573,1
K00655.02,kepler,NON_HABITABLE,2.47,378.0,4.81,151.8851881,0.5855,0.0,6034.0,1.179,1.164,1.660135528003554,F,-0.6836447452216797,1
K00704.01,kepler,NON_HABITABLE,2.47,582.0,27.09,18.39629744,0.1306,0.0,5316.0,0.804,0.876,0.46510038273245546,G,-1.046008873557553,1
K00707.01,kepler,NON_HABITABLE,4.76,853.0,125.14,21.77568158,0.1577,0.0,5900.0,1.694,1.1,3.132777629086738,G,-1.1871448219225955,1
K00707.02,kepler,NON_HABITABLE,3.92,691.0,53.8,41.0283424,0.2405,0.0,5900.0,1.694,1.1,3.132777629086738,G,-1.1226697426462589,1
K00657.01,kepler,NON_HABITABLE,1.53,802.0,97.72,4.069425638,0.0449,0.0,4671.0,0.68,0.75,0.19831337464892548,K,-1.1709811758918436,1
K00102.02,kepler,NON_HABITABLE,0.98,1170.0,442.08,4.06844957,0.0504,0.0,5751.0,1.071,1.028,1.130438974403007,G,-1.2446102663315135,1
K00657.02,kepler,NON_HABITABLE,1.88,505.0,15.37,16.28247625,0.1132,0.0,4671.0,0.68,0.75,0.19831337464892548,K,-0.9595977006147283,1
K00658.01,kepler,NON_HABITABLE,2.61,1308.0,692.32,3.162692075,0.0418,0.0,5821.0,1.085,0.972,1.217711994362569,G,-1.257736182195468,1
K00707.03,kepler,NON_HABITABLE,3.55,752.0,75.59,31.7848157,0.2029,0.0,5900.0,1.694,1.1,3.132777629086738,G,-1.1519482810616,1
K00707.04,kepler,NON_HABITABLE,2.82,1009.0,244.58,13.17555999,0.1128,0.0,5900.0,1.694,1.1,3.132777629086738,G,-1.222107757423894,1
K00707.05,kepler,NON_HABITABLE,1.85,1336.0,752.7,5.66815821,0.0643,0.0,5900.0,1.694,1.1,3.132777629086738,G,-1.2598739572415552,1
K00708.01,kepler,NON_HABITABLE,2.95,814.0,104.04,17.40665216,0.1321,0.0,6086.0,1.216,1.013,1.827635782261033,F,-1.17526919762397,1
K04577.02,kepler,NON_HABITABLE,0.79,1215.0,515.92,3.07365139,0.0403,0.0,6068.0,0.831,0.931,0.8434882678749966,F,-1.2494661476565911,1
K00658.02,kepler,NON_HABITABLE,2.54,1096.0,341.68,5.370639542,0.0595,0.0,5821.0,1.085,0.972,1.217711994362569,G,-1.2356293096739905,1
K00658.03,kepler,NON_HABITABLE,1.37,855.0,126.21,11.32977062,0.0979,0.0,5821.0,1.085,0.972,1.217711994362569,G,-1.1876686370850222,1
K00659.01,kepler,NON_HABITABLE,5.86,1002.0,238.21,23.20579353,0.1867,0.0,5460.0,3.231,1.609,8.358708830578056,G,-1.2209411091526159,1
K00660.01,kepler,NON_HABITABLE,2.32,1111.0,360.77,6.07972016,0.0632,0.0,5460.0,1.346,0.911,1.4506258120300233,G,-1.2376221582385285,1
K07621.01,kepler,POTENTIALLY_HABITABLE,1.86,303.0,2.0,275.07365,0.7891,0.0,5604.0,1.187,0.864,1.2519548146701847,G,-0.3379483332736292,1
K00661.01,kepler,NON_HABITABLE,2.71,828.0,111.24,14.40090414,0.1149,0.0,5815.0,1.198,0.976,1.478451978082886,G,-1.1797038638090218,1
K00708.02,kepler,NON_HABITABLE,2.12,1069.0,308.61,7.69363627,0.0767,0.0,6086.0,1.216,1.013,1.827635782261033,F,-1.2317487532450562,1
K00709.01,kepler,NON_HABITABLE,2.17,574.0,25.63,21.3851584,0.1409,0.0,5376.0,0.825,0.814,0.5122000866430915,G,-1.038601072769049,1
K00710.01,kepler,NON_HABITABLE,2.12,1413.0,942.35,5.37493289,0.0626,0.0,6167.0,1.689,1.135,3.7174899504589503,F,-1.2651951527207541,1
K00710.02,kepler,NON_HABITABLE,1.84,1208.0,503.98,8.58600968,0.0856,0.0,6167.0,1.689,1.135,3.7174899504589503,F,-1.2487541134423072,1
K04622.02,kepler,NON_HABITABLE,0.73,676.0,49.21,4.50158249,0.0444,0.0,4339.0,0.553,0.573,0.09765704378351064,K,-1.1141231609227162,1
K00710.03,kepler,NON_HABITABLE,1.29,1574.0,1448.04,3.88688862,0.0505,0.0,6167.0,1.689,1.135,3.7174899504589503,F,-1.2738445690368065,1
K00605.01,kepler,NON_HABITABLE,1.77,737.0,69.56,2.628117322,0.031,0.0,3939.0,0.557,0.575,0.06728976690655056,K,-1.1452358199518546,1
K00605.02,kepler,NON_HABITABLE,0.62,592.0,29.01,5.06546874,0.048,0.0,3939.0,0.557,0.575,0.06728976690655056,K,-1.0549123233000135,1
K00607.01,kepler,NON_HABITABLE,11.16,940.0,185.03,5.89399142,0.0641,0.0,5713.0,0.893,1.01,0.7653401978854657,G,-1.2089583191899669,1
K00661.02,kepler,NON_HABITABLE,1.78,683.0,51.48,25.6613816,0.1689,0.0,5815.0,1.198,0.976,1.478451978082886,G,-1.1184946951537704,1
K00662.01,kepler,NON_HABITABLE,2.29,957.0,198.34,10.21418792,0.0966,0.0,5843.0,1.332,1.151,1.8631452139518705,G,-1.212403966718947,1
K00663.01,kepler,NON_HABITABLE,1.37,757.0,77.57,2.755637216,0.0319,0.0,4121.0,0.553,0.57,0.07946125702394057,K,-1.1539740091090045,1
K00103.01,kepler,NON_HABITABLE,2.62,694.0,54.87,14.91095177,0.1159,0.0,5650.0,0.899,0.932,0.7420067995563777,G,-1.1245023447835714,1
K00663.02,kepler,NON_HABITABLE,1.58,389.0,5.4,20.30652862,0.1209,0.0,4121.0,0.553,0.57,0.07946125702394057,K,-0.7188243740957976,1
K00711.01,kepler,NON_HABITABLE,3.05,500.0,14.81,44.6996563,0.2457,0.0,5497.0,1.046,0.988,0.9000383757479379,G,-0.952998641864601,1
K00711.02,kepler,NON_HABITABLE,1.47,1156.0,422.53,3.619309734,0.046,0.0,5497.0,1.046,0.988,0.9000383757479379,G,-1.243116113341287,1
K00711.03,kepler,HABITABILITY_ZONE,2.69,356.0,3.78,124.5245224,0.4865,0.0,5497.0,1.046,0.988,0.9000383757479379,G,-0.6031724669442908,1
K04692.02,kepler,NON_HABITABLE,0.72,875.0,138.74,7.6720844,0.0731,0.0,5972.0,0.807,0.884,0.7463129472841982,G,-1.19332063786203,1
K00610.01,kepler,NON_HABITABLE,1.82,446.0,9.38,14.28228147,0.0978,0.0,4102.0,0.595,0.612,0.09030488957400756,K,-0.8613947222797833,1
K00611.01,kepler,NON_HABITABLE,9.83,1384.0,865.87,3.251659087,0.0448,0.0,6367.0,1.087,1.131,1.7494164177894478,F,-1.2632604812309995,1
K00094.04,kepler,NON_HABITABLE,1.5,1423.0,971.76,3.743166733,0.0488,0.0,6181.0,1.331,1.106,2.3296238059959844,F,-1.2658774105646533,1
K00664.01,kepler,NON_HABITABLE,1.85,825.0,109.68,13.13747785,0.1084,0.0,5762.0,1.143,0.982,1.2974188005408478,G,-1.178779110308901,1
K00664.02,kepler,NON_HABITABLE,1.32,983.0,220.8,7.78199862,0.0764,0.0,5762.0,1.143,0.982,1.2974188005408478,G,-1.2174991877586476,1
K00664.03,kepler,NON_HABITABLE,1.29,681.0,50.72,23.4433748,0.1594,0.0,5762.0,1.143,0.982,1.2974188005408478,G,-1.1170689868733672,1
K00665.01,kepler,NON_HABITABLE,3.6,1254.0,584.32,5.868066282,0.0674,0.0,5918.0,1.555,1.181,2.672116202071409,G,-1.2531158715995583,1
K00665.02,kepler,NON_HABITABLE,1.72,1930.0,3267.98,1.61189046,0.0285,0.0,5918.0,1.555,1.181,2.672116202071409,G,-1.285913939724736,1
K00110.01,kepler,NON_HABITABLE,2.87,996.0,233.04,9.940666412,0.0953,0.0,6215.0,1.259,1.17,2.1306430729297583,F,-1.2199596653945772,1
K00714.01,kepler,NON_HABITABLE,2.46,974.0,213.29,4.182001885,0.0503,0.0,5328.0,0.865,0.971,0.5432300549700642,G,-1.2158839253499372,1
K04700.02,kepler,NON_HABITABLE,1.83,388.0,5.34,66.47762,0.3052,0.0,5515.0,0.775,0.868,0.5005877093707467,G,-0.715417484310648,1
K00716.01,kepler,NON_HABITABLE,6.78,614.0,33.54,26.89316101,0.1743,0.0,6096.0,0.908,0.975,1.0257611364118078,F,-1.0727510656503265,1
K00717.01,kepler,NON_HABITABLE,2.04,819.0,106.22,14.70749512,0.1197,0.0,5676.0,1.28,1.056,1.532089713619571,G,-1.1766592601702386,1
K00612.01,kepler,NON_HABITABLE,2.11,536.0,19.47,20.73989406,0.1375,0.0,5132.0,0.77,0.805,0.3705294667937638,K,-0.9986157503301801,1
K00612.02,kepler,NON_HABITABLE,2.33,407.0,6.46,47.4277116,0.2387,0.0,5132.0,0.77,0.805,0.3705294667937638,K,-0.7694786202881336,1
K00614.01,kepler,NON_HABITABLE,11.26,926.0,173.5,12.874712426,0.115,0.0,5963.0,1.424,1.22,2.309797602886406,G,-1.205654683278897,1
K00665.03,kepler,NON_HABITABLE,1.65,1556.0,1389.97,3.07155284,0.0437,0.0,5918.0,1.555,1.181,2.672116202071409,G,-1.2730982421539725,1
K00666.01,kepler,NON_HABITABLE,2.72,609.0,32.58,22.24814617,0.1566,0.0,5629.0,0.943,1.033,0.8043463408026139,G,-1.0692874552090244,1
K07636.01,kepler,NON_HABITABLE,0.73,1765.0,2292.96,0.702739679,0.0145,0.0,5269.0,0.836,0.819,0.4853109155088906,G,-1.2812564273934623,1
K00104.01,kepler,NON_HABITABLE,3.25,997.0,234.06,2.508057497,0.034,0.0,4780.0,0.761,0.835,0.2723802475846485,K,-1.2201555491358205,1
K00717.02,kepler,NON_HABITABLE,0.82,2078.0,4399.18,0.900375925,0.0186,0.0,5676.0,1.28,1.056,1.532089713619571,G,-1.289232558196284,1
K00718.01,kepler,NON_HABITABLE,3.29,1307.0,688.54,4.585466941,0.0571,0.0,5788.0,1.495,1.179,2.259910216122806,G,-1.2575933531454577,1
K00718.02,kepler,NON_HABITABLE,4.01,766.0,81.57,22.71443351,0.1659,0.0,5788.0,1.495,1.179,2.259910216122806,G,-1.1578441040340517,1
K00718.03,kepler,NON_HABITABLE,3.55,598.0,30.17,47.903427,0.2728,0.0,5788.0,1.495,1.179,2.259910216122806,G,-1.05983679953029,1
K00719.01,kepler,NON_HABITABLE,1.8,586.0,27.87,9.034190783,0.0733,0.0,4499.0,0.639,0.643,0.1507163608695213,K,-1.0497177194071998,1
K00618.01,kepler,NON_HABITABLE,2.94,825.0,109.61,9.07098164,0.0854,0.0,5672.0,0.929,1.008,0.8047686074349237,G,-1.178738885029827,1
K00620.01,kepler,NON_HABITABLE,7.65,523.0,17.68,45.15535633,0.2528,0.0,6046.0,0.972,1.053,1.137364874046011,F,-0.9832400914522612,1
K00670.01,kepler,NON_HABITABLE,2.16,926.0,173.79,9.48965527,0.0879,0.0,5672.0,1.204,1.005,1.351738155702202,G,-1.2057430842416994,1
K00671.01,kepler,NON_HABITABLE,1.83,1379.0,854.59,4.22865217,0.0546,0.0,5966.0,1.499,1.213,2.5646669316035626,G,-1.2629535842970696,1
K00671.02,kepler,NON_HABITABLE,1.65,1141.0,401.08,7.46662068,0.0797,0.0,5966.0,1.499,1.213,2.5646669316035626,G,-1.241352051546914,1
K00671.03,kepler,NON_HABITABLE,1.72,880.0,142.1,16.25951967,0.1339,0.0,5966.0,1.499,1.213,2.5646669316035626,G,-1.1947065107079329,1
K00671.04,kepler,NON_HABITABLE,1.47,999.0,235.55,11.1317901,0.104,0.0,5966.0,1.499,1.213,2.5646669316035626,G,-1.2204390138644925,1
K00719.02,kepler,NON_HABITABLE,0.9,401.0,6.13,28.1224393,0.1563,0.0,4499.0,0.639,0.643,0.1507163608695213,K,-0.7550556563675598,1
K00111.01,kepler,NON_HABITABLE,2.35,852.0,124.31,11.427550984,0.0964,0.0,5979.0,1.005,0.913,1.162896457409387,G,-1.1867370933503392,1
K00719.03,kepler,HABITABILITY_ZONE,1.18,341.0,3.19,45.9029768,0.2166,0.0,4499.0,0.639,0.643,0.1507163608695213,K,-0.5409818924965925,1
K00719.04,kepler,NON_HABITABLE,0.86,759.0,78.4,4.159816554,0.0437,0.0,4499.0,0.639,0.643,0.1507163608695213,K,-1.1548020214068784,1
K00720.01,kepler,NON_HABITABLE,3.1,860.0,129.31,5.69059163,0.0586,0.0,5244.0,0.81,0.826,0.44700818987339686,G,-1.1891435745759906,1
K00097.01,kepler,NON_HABITABLE,16.66,1496.0,1182.79,4.885488596,0.0605,0.0,6036.0,1.909,1.236,4.358163222972163,F,-1.270001358505241,1
K00620.02,kepler,NON_HABITABLE,10.44,367.0,4.31,130.17802962,0.5121,0.0,6046.0,0.972,1.053,1.137364874046011,F,-0.6481366071969673,1
K00620.03,kepler,NON_HABITABLE,6.34,423.0,7.57,85.3162004,0.3864,0.0,6046.0,0.972,1.053,1.137364874046011,F,-0.8105836105555884,1
K00621.01,kepler,NON_HABITABLE,14.25,538.0,19.78,17.761998411,0.1165,0.0,5088.0,0.669,0.667,0.27023111701118757,K,-1.0010670774088577,1
K00622.01,kepler,NON_HABITABLE,26.44,511.0,16.15,155.042265,0.6167,0.0,4994.0,3.322,1.3,6.184265391318148,K,-0.9681558363828995,1
K00623.01,kepler,NON_HABITABLE,1.44,930.0,177.25,10.34973276,0.0898,0.0,6003.0,1.109,0.902,1.4389018668035258,F,-1.2067653784098065,1
K00672.01,kepler,NON_HABITABLE,2.56,668.0,47.17,16.08786246,0.1207,0.0,5506.0,0.914,0.904,0.6917225439458164,G,-1.1099260371909994,1
K07638.01,kepler,NON_HABITABLE,1.47,837.0,116.27,25.0032023,0.1767,0.0,6148.0,1.685,1.176,3.6545167439678683,F,-1.1825496865815066,1
K00672.02,kepler,NON_HABITABLE,2.94,486.0,13.22,41.74938613,0.228,0.0,5506.0,0.914,0.904,0.6917225439458164,G,-0.9321144373824831,1
K00673.01,kepler,NON_HABITABLE,3.95,1810.0,2536.07,4.41746257,0.0589,0.0,6570.0,2.297,1.396,8.856827351526805,F,-1.2826659999626353,1
K00105.01,kepler,NON_HABITABLE,3.14,880.0,141.77,8.981014925,0.078,0.0,5666.0,0.967,0.785,0.8682682875233361,G,-1.1945730876527911,1
K00674.01,kepler,NON_HABITABLE,10.47,963.0,203.31,16.33888067,0.1295,0.0,4877.0,2.595,1.085,3.4322621972266587,K,-1.2136035433977772,1
K00720.02,kepler,NON_HABITABLE,2.97,712.0,60.74,10.04157214,0.0855,0.0,5244.0,0.81,0.826,0.44700818987339686,G,-1.1336911075328737,1
K00720.03,kepler,NON_HABITABLE,3.58,582.0,27.14,18.36974658,0.1279,0.0,5244.0,0.81,0.826,0.44700818987339686,G,-1.0462864754649128,1
K00720.04,kepler,NON_HABITABLE,1.66,1090.0,333.31,2.79590004,0.0365,0.0,5244.0,0.81,0.826,0.44700818987339686,G,-1.2347011776114136,1
K00721.01,kepler,NON_HABITABLE,2.13,831.0,112.82,13.72462702,0.1116,0.0,5817.0,1.171,0.982,1.414505875194073,G,-1.1806166865738261,1
K00722.01,kepler,NON_HABITABLE,2.66,588.0,28.23,46.40626,0.2559,0.0,6086.0,1.227,1.037,1.860851118604781,F,-1.0513955978344889,1
K07634.01,kepler,NON_HABITABLE,15.11,500.0,14.83,80.84069,0.3768,0.0,5511.0,1.597,1.089,2.1194646949624922,G,-0.9532261046553555,1
K00623.02,kepler,NON_HABITABLE,1.42,810.0,101.79,15.67750191,0.1185,0.0,6003.0,1.109,0.902,1.4389018668035258,F,-1.1737897833623099,1
K00623.03,kepler,NON_HABITABLE,1.22,1142.0,402.39,5.59931543,0.0596,0.0,6003.0,1.109,0.902,1.4389018668035258,F,-1.2414644366130956,1
K00623.04,kepler,NON_HABITABLE,0.95,691.0,54.06,25.2100146,0.1626,0.0,6003.0,1.109,0.902,1.4389018668035258,F,-1.1231199665820102,1
K00624.01,kepler,NON_HABITABLE,2.7,655.0,43.5,17.79001678,0.1304,0.0,5569.0,0.927,0.935,0.7446686146964872,G,-1.1016754435218545,1
K00624.02,kepler,NON_HABITABLE,2.91,465.0,11.09,49.5674085,0.2583,0.0,5569.0,0.927,0.935,0.7446686146964872,G,-0.8974003811135931,1
K00098.01,kepler,NON_HABITABLE,9.86,1434.0,998.97,6.790120801,0.0769,0.0,6372.0,2.001,1.313,5.946918080778653,F,-1.2664816742207199,1
K00676.01,kepler,NON_HABITABLE,3.22,497.0,14.45,7.972510087,0.0642,0.0,3912.0,0.533,0.556,0.05994383343571658,K,-0.9485425772259599,1
K00676.02,kepler,NON_HABITABLE,2.26,737.0,69.36,2.453236139,0.0293,0.0,3912.0,0.533,0.556,0.05994383343571658,K,-1.1450050034096693,1
K00678.01,kepler,NON_HABITABLE,1.3,841.0,118.56,6.0404622,0.0636,0.0,5297.0,0.825,0.938,0.4827502408834574,G,-1.183783222134494,1
K00678.02,kepler,NON_HABITABLE,1.3,954.0,196.51,4.13852825,0.0494,0.0,5297.0,0.825,0.938,0.4827502408834574,G,-1.2119510544867427,1
K00723.01,kepler,NON_HABITABLE,3.36,1004.0,240.16,3.936993144,0.048,0.0,5431.0,0.843,0.945,0.5570177962441445,G,-1.2213027017707643,1
K00723.02,kepler,NON_HABITABLE,3.63,522.0,17.52,28.08185982,0.1777,0.0,5431.0,0.843,0.945,0.5570177962441445,G,-0.9817882222786756,1
K00111.02,kepler,NON_HABITABLE,2.32,668.0,47.11,23.66834635,0.1566,0.0,5979.0,1.005,0.913,1.162896457409387,G,-1.1097970724474486,1
K00723.03,kepler,NON_HABITABLE,4.71,734.0,68.62,10.08881066,0.0898,0.0,5431.0,0.843,0.945,0.5570177962441445,G,-1.1441114508627512,1
K07635.01,kepler,NON_HABITABLE,1.59,511.0,16.14,60.458443,0.3025,0.0,5865.0,1.181,1.008,1.4868479943288462,G,-0.9680281586719912,1
K00624.03,kepler,NON_HABITABLE,1.43,1562.0,1410.6,1.311842968,0.0229,0.0,5569.0,0.927,0.935,0.7446686146964872,G,-1.273368713333333,1
K00626.01,kepler,NON_HABITABLE,2.45,852.0,124.89,14.58649856,0.1172,0.0,6063.0,1.191,1.009,1.726905235709211,F,-1.1870241823014658,1
K00626.02,kepler,NON_HABITABLE,0.99,1040.0,276.27,8.0292018,0.0788,0.0,6063.0,1.191,1.009,1.726905235709211,F,-1.2272980467225285,1
K00627.01,kepler,NON_HABITABLE,1.89,852.0,124.47,7.75192755,0.0768,0.0,5604.0,0.912,1.004,0.7390552278815489,G,-1.1868175611977256,1
K00679.01,kepler,NON_HABITABLE,2.99,664.0,45.9,31.80475991,0.2061,0.0,5867.0,1.356,1.153,1.9628108149227352,G,-1.1071913931124624,1
K00679.02,kepler,NON_HABITABLE,0.92,830.0,112.41,16.2580276,0.1317,0.0,5867.0,1.356,1.153,1.9628108149227352,G,-1.1803827918464493,1
K00680.01,kepler,NON_HABITABLE,26.52,1703.0,1986.75,8.600153929,0.0975,0.0,6093.0,3.913,1.667,19.012495252390572,F,-1.2791248803367594,1
K04066.01,kepler,NON_HABITABLE,4.59,524.0,17.85,126.55719,0.5548,0.0,6501.0,1.854,1.419,5.531397054417937,F,-0.9848221138360014,1
K02289.02,kepler,NON_HABITABLE,1.58,775.0,85.34,20.0983676,0.1495,0.0,6053.0,1.26,1.098,1.9200763404849044,F,-1.1612442942237342,1
K04136.01,kepler,NON_HABITABLE,1.19,1507.0,1221.36,2.41750021,0.0348,0.0,5575.0,1.308,0.965,1.4889828142195691,G,-1.2706372021573302,1
K04136.02,kepler,NON_HABITABLE,1.23,1270.0,616.04,4.03357434,0.049,0.0,5575.0,1.308,0.965,1.4889828142195691,G,-1.254598477407941,1
K02220.04,kepler,NON_HABITABLE,1.6,1106.0,353.31,7.66462913,0.0767,0.0,5640.0,1.515,1.024,2.092359917954627,G,-1.2368625377350744,1
K04067.01,kepler,NON_HABITABLE,3.09,1014.0,250.25,9.6887216,0.0943,0.0,6457.0,1.196,1.19,2.2401660710663447,F,-1.2231077510490163,1
K04068.01,kepler,NON_HABITABLE,3.78,671.0,47.9,19.597317,0.1366,0.0,5569.0,1.019,0.883,0.8998123505954749,G,-1.111470545152362,1
K04069.01,kepler,NON_HABITABLE,1.36,527.0,18.25,13.06243545,0.0938,0.0,4522.0,0.655,0.646,0.1616216522916754,K,-0.9883705041653572,1
K04139.01,kepler,NON_HABITABLE,1.38,1287.0,646.81,3.74031708,0.049,0.0,6260.0,1.063,1.118,1.5633584746417368,F,-1.2559310160586308,1
K04072.01,kepler,NON_HABITABLE,2.24,3186.0,24240.83,0.692978457,0.0165,0.0,6105.0,2.304,1.235,6.643582507615279,F,-1.301120518312595,1
K04144.01,kepler,NON_HABITABLE,0.99,2299.0,6647.8,0.487656278,0.0122,0.0,5957.0,0.937,1.026,0.9960572306586023,G,-1.293095540916678,1
K02298.02,kepler,NON_HABITABLE,0.63,378.0,4.84,31.8055128,0.1596,0.0,4729.0,0.525,0.534,0.12419112842547413,K,-0.6857575029986567,1
K04145.01,kepler,NON_HABITABLE,0.96,1220.0,521.81,3.25424652,0.0426,0.0,5692.0,1.004,0.968,0.9532826780153444,G,-1.2498086820767034,1
K04146.01,kepler,NON_HABITABLE,0.8,1019.0,254.49,3.50472344,0.0419,0.0,5115.0,0.854,0.798,0.44977260938034574,K,-1.223835303010412,1
K04076.01,kepler,HABITABILITY_ZONE,2.57,350.0,3.56,124.827797,0.4679,0.0,5349.0,1.032,0.875,0.7854969380917439,G,-0.582319181702323,1
K02220.05,kepler,NON_HABITABLE,1.05,797.0,95.42,11.9294568,0.0984,0.0,5975.0,0.9,0.891,0.9301036906830591,G,-1.1693205707455316,1
K04149.01,kepler,NON_HABITABLE,1.71,996.0,232.24,9.54699216,0.0952,0.0,6274.0,1.232,1.261,2.1188205841611962,F,-1.2198036558999685,1
K04149.02,kepler,NON_HABITABLE,1.82,862.0,130.5,14.708641,0.127,0.0,6274.0,1.232,1.261,2.1188205841611962,F,-1.189693960592359,1
K04150.01,kepler,NON_HABITABLE,1.99,666.0,46.53,31.3351094,0.2054,0.0,6404.0,1.142,1.175,1.9762059890418382,F,-1.1085660019707329,1
K04084.01,kepler,HABITABILITY_ZONE,2.68,286.0,1.59,214.881456,0.6687,0.0,5323.0,0.995,0.862,0.7160885614237082,G,-0.22082699856402316,1
K04156.01,kepler,NON_HABITABLE,1.1,1098.0,344.04,4.85018974,0.0571,0.0,6032.0,0.973,1.055,1.1291866170116838,F,-1.2358840766396775,1
K04157.01,kepler,NON_HABITABLE,0.77,1282.0,638.38,3.82315697,0.0511,0.0,6202.0,1.122,1.213,1.6780599479942195,F,-1.255575355203715,1
K00255.02,kepler,NON_HABITABLE,0.75,397.0,5.85,13.6032081,0.0903,0.0,3780.0,0.511,0.531,0.048029018306996726,K,-0.7420559793132916,1
K02243.02,kepler,NON_HABITABLE,2.52,1117.0,367.05,8.45805119,0.0875,0.0,6172.0,1.471,1.25,2.828939927604553,F,-1.2382428167681567,1
K04087.01,kepler,POTENTIALLY_HABITABLE,1.61,229.0,0.65,101.1107014,0.3548,0.0,4133.0,0.561,0.578,0.08273362508738329,K,0.39013489846994565,1
K04166.01,kepler,NON_HABITABLE,2.41,801.0,97.62,9.84262076,0.0918,0.0,5585.0,0.972,1.064,0.8281708687971755,G,-1.1709132075132913,1
K00435.05,kepler,NON_HABITABLE,3.05,454.0,10.05,62.3026877,0.2965,0.0,5688.0,0.971,0.895,0.8891428101559796,G,-0.8765669606810572,1
K02175.02,kepler,NON_HABITABLE,4.21,575.0,25.83,72.3826983,0.355,0.0,5508.0,1.988,1.136,3.2772018909527385,G,-1.0396701082825286,1
K04021.01,kepler,NON_HABITABLE,1.53,1207.0,501.36,7.23531329,0.0783,0.0,6422.0,1.421,1.22,3.09431178293326,F,-1.2485945745423173,1
K04091.01,kepler,HABITABILITY_ZONE,3.71,348.0,3.48,225.585245,0.7681,0.0,5929.0,1.363,1.185,2.068293767932083,G,-0.5738413927269417,1
K04092.01,kepler,NON_HABITABLE,2.74,722.0,64.25,24.4972683,0.1772,0.0,6392.0,1.162,1.232,2.030738636198301,F,-1.1385622299782943,1
K04152.01,kepler,NON_HABITABLE,8.0,839.0,116.97,64.1862264,0.3686,0.0,6951.0,2.758,1.618,15.998246645346802,F,-1.1829311636791473,1
K04153.01,kepler,NON_HABITABLE,1.65,1012.0,247.34,4.62602867,0.0516,0.0,5834.0,0.797,0.852,0.6629443173317693,G,-1.2225984815168391,1
K02303.02,kepler,NON_HABITABLE,1.83,1124.0,377.25,8.93484887,0.0928,0.0,6688.0,1.347,1.336,3.2705060697933903,F,-1.239219370478959,1
K04021.02,kepler,NON_HABITABLE,1.02,1372.0,837.01,4.93211932,0.0606,0.0,6422.0,1.421,1.22,3.09431178293326,F,-1.2624626936592847,1
K04022.01,kepler,NON_HABITABLE,2.04,1685.0,1904.91,4.85819429,0.0595,0.0,6109.0,2.326,1.188,6.788825279848153,F,-1.2784698044607483,1
K04024.01,kepler,NON_HABITABLE,1.95,1048.0,285.67,8.40693068,0.0781,0.0,5365.0,1.533,0.899,1.754114446118265,G,-1.2286699772992062,1
K07644.01,kepler,NON_HABITABLE,0.81,1191.0,477.15,3.39904814,0.0423,0.0,5766.0,0.929,0.876,0.8594580634748344,G,-1.2470573171813162,1
K02250.02,kepler,NON_HABITABLE,1.76,1711.0,2011.27,0.626281766,0.0133,0.0,4922.0,0.823,0.79,0.358146588114782,K,-1.2793133326442596,1
K07648.01,kepler,NON_HABITABLE,0.8,1293.0,658.87,1.183505016,0.0203,0.0,4832.0,0.746,0.791,0.2733254474302189,K,-1.2564275339163031,1
K04097.01,kepler,NON_HABITABLE,0.99,816.0,104.74,2.790643481,0.0334,0.0,4353.0,0.603,0.648,0.11762076595270467,K,-1.1757191808651528,1
K04159.01,kepler,NON_HABITABLE,0.79,1609.0,1591.27,0.971915957,0.018,0.0,5196.0,0.889,0.828,0.5190088959784568,K,-1.2755074727770255,1
K04160.01,kepler,NON_HABITABLE,0.9,1269.0,614.2,3.03196812,0.0397,0.0,5755.0,0.993,0.909,0.9744835654002204,G,-1.2545153252766486,1
K02357.02,kepler,NON_HABITABLE,3.79,863.0,131.11,15.9042402,0.1246,0.0,5583.0,1.53,1.017,2.049028897698115,G,-1.1899740151361675,1
K02193.02,kepler,NON_HABITABLE,1.32,763.0,80.23,4.16288745,0.0436,0.0,4478.0,0.651,0.637,0.15352992735329804,K,-1.15658188966637,1
K04097.02,kepler,NON_HABITABLE,0.55,699.0,56.19,4.44902309,0.0456,0.0,4353.0,0.603,0.648,0.11762076595270467,K,-1.126691182661017,1
K04098.01,kepler,NON_HABITABLE,2.39,2384.0,7641.15,1.121733366,0.0222,0.0,5023.0,2.571,1.157,3.7909807245519507,K,-1.2942287658730804,1
K04099.01,kepler,NON_HABITABLE,1.28,885.0,145.23,4.95060632,0.0525,0.0,5431.0,0.717,0.802,0.40295099529212863,G,-1.1959552714286552,1
K04169.01,kepler,NON_HABITABLE,0.85,1682.0,1893.23,1.005205893,0.0194,0.0,5718.0,0.863,0.96,0.717286910833554,G,-1.2783728618128758,1
K04032.01,kepler,NON_HABITABLE,0.83,1160.0,427.07,3.95116635,0.0479,0.0,5574.0,1.065,0.933,0.9864198051846881,G,-1.2434725652487262,1
K04032.02,kepler,NON_HABITABLE,0.7,1287.0,647.55,2.89223998,0.0389,0.0,5574.0,1.065,0.933,0.9864198051846881,G,-1.2559618610063612,1
K07641.01,kepler,NON_HABITABLE,1.36,1383.0,865.53,3.79437277,0.0456,0.0,5455.0,1.507,0.877,1.8117581959680786,G,-1.2632515252352545,1
K04103.01,kepler,HABITABILITY_ZONE,2.41,268.0,1.21,184.77271,0.6045,0.0,5273.0,0.801,0.861,0.44687990682756223,G,-0.06363008948967906,1
K04105.01,kepler,HABITABILITY_ZONE,3.14,263.0,1.12,363.41165,1.0229,0.0,6025.0,0.999,1.08,1.184824133699731,F,-0.014756108729320254,1
K02257.02,kepler,NON_HABITABLE,1.81,401.0,6.14,59.284064,0.2832,0.0,5225.0,0.859,0.861,0.4954801006108787,G,-0.7554370877533095,1
K04034.01,kepler,NON_HABITABLE,6.14,1774.0,2341.58,6.96704926,0.0867,0.0,6303.0,3.53,1.786,17.718760975701993,F,-1.2815557675694504,1
K04036.01,kepler,POTENTIALLY_HABITABLE,1.69,241.0,0.8,168.81133,0.5459,0.0,4798.0,0.707,0.771,0.2386571842803964,K,0.23016815143260105,1
K02194.02,kepler,NON_HABITABLE,1.71,443.0,9.09,67.968656,0.3031,0.0,5670.0,0.95,0.802,0.8403769973468308,G,-0.854247399810705,1
K04037.01,kepler,NON_HABITABLE,3.36,361.0,4.03,215.956008,0.7429,0.0,6163.0,1.313,1.174,2.2407470504128857,F,-0.6259368012793122,1
K07645.01,kepler,NON_HABITABLE,0.55,1232.0,542.87,2.00870696,0.0278,0.0,5341.0,0.759,0.705,0.42234618341753477,G,-1.2509861738116976,1
K04109.01,kepler,NON_HABITABLE,1.48,2411.0,7986.43,0.655939788,0.0145,0.0,4968.0,1.755,0.944,1.6903447947941574,K,-1.2945722112120974,1
K02195.02,kepler,NON_HABITABLE,2.25,660.0,44.79,30.0899459,0.1982,0.0,6056.0,1.209,1.147,1.7712945158564308,F,-1.104692697877391,1
K00435.06,kepler,NON_HABITABLE,1.32,838.0,116.43,9.91937693,0.0871,0.0,5688.0,0.971,0.895,0.8891428101559796,G,-1.182634484021588,1
K02263.02,kepler,NON_HABITABLE,1.47,946.0,189.14,9.47850818,0.0914,0.0,6249.0,1.076,1.13,1.5906013680431499,F,-1.2100603095619622,1
K04117.01,kepler,NON_HABITABLE,1.1,926.0,174.24,4.24263096,0.0481,0.0,5072.0,0.825,0.822,0.4058070492896063,K,-1.205876712864177,1
K04051.01,kepler,HABITABILITY_ZONE,2.75,274.0,1.34,163.692336,0.5442,0.0,4999.0,0.843,0.8,0.3998364718330709,K,-0.12378230186051921,1
K04120.01,kepler,NON_HABITABLE,1.93,420.0,7.34,110.461746,0.4667,0.0,6321.0,1.058,1.108,1.6099382064717687,F,-0.8029999066371774,1
K04121.01,kepler,HABITABILITY_ZONE,3.24,288.0,1.63,198.088873,0.6314,0.0,5275.0,0.969,0.855,0.6549861553891565,G,-0.2346800063445453,1
K04123.01,kepler,NON_HABITABLE,1.73,613.0,33.39,44.6226725,0.2464,0.0,6198.0,1.239,0.998,2.041002847772613,F,-1.0722345885630147,1
K04053.01,kepler,NON_HABITABLE,0.85,1700.0,1968.38,1.41975831,0.0245,0.0,5925.0,1.035,0.968,1.1894024496700553,G,-1.2789814442332839,1
K04054.01,kepler,HABITABILITY_ZONE,2.21,273.0,1.31,169.135056,0.5608,0.0,5171.0,0.801,0.82,0.4132928514790173,K,-0.10766401499681068,1
K04056.01,kepler,NON_HABITABLE,23.51,1083.0,324.78,3.951383138,0.0463,0.0,5570.0,0.899,0.845,0.700865809926204,G,-1.2337196972319946,1
K02195.03,kepler,NON_HABITABLE,1.83,1081.0,322.19,6.84978728,0.0739,0.0,6056.0,1.209,1.147,1.7712945158564308,F,-1.2334144883754288,1
K07673.01,kepler,NON_HABITABLE,1.87,475.0,12.07,80.769893,0.3625,0.0,4965.0,1.708,0.973,1.5971564303644397,K,-0.9146126046303544,1
K02287.02,kepler,NON_HABITABLE,0.79,414.0,6.94,28.9060526,0.165,0.0,4657.0,0.67,0.748,0.19022573352418717,K,-0.7885378306832321,1
K04126.01,kepler,NON_HABITABLE,1.45,959.0,199.74,8.10503551,0.0805,0.0,6201.0,0.989,1.058,1.3029694071738156,F,-1.212745870718856,1
K04127.01,kepler,NON_HABITABLE,1.67,797.0,95.25,8.82715783,0.0829,0.0,5550.0,0.878,0.972,0.6589548739977592,G,-1.1691918746670855,1
K04060.01,kepler,HABITABILITY_ZONE,2.36,329.0,2.77,225.26213,0.7193,0.0,5799.0,1.191,0.977,1.4452090359760545,G,-0.4852907232193411,1
K04129.01,kepler,NON_HABITABLE,0.69,1237.0,554.4,2.31482311,0.0322,0.0,5240.0,0.923,0.833,0.5786597303215752,G,-1.251602815291569,1
K04341.01,kepler,NON_HABITABLE,1.25,1067.0,306.18,10.778313,0.0973,0.0,6726.0,1.258,1.054,2.9179876162727294,F,-1.231438348706594,1
K04343.01,kepler,NON_HABITABLE,1.73,725.0,65.27,27.2106807,0.1724,0.0,5973.0,1.305,0.922,1.95292602373156,G,-1.1399152742950505,1
K04345.01,kepler,NON_HABITABLE,26.6,1397.0,900.23,4.32710895,0.0484,0.0,5776.0,1.455,0.804,2.1228995021942216,G,-1.264160084934902,1
K02859.04,kepler,NON_HABITABLE,0.57,1075.0,314.96,2.90512019,0.0351,0.0,5374.0,0.721,0.68,0.39062127041772465,G,-1.2325407805637931,1
K04409.01,kepler,NON_HABITABLE,1.06,853.0,125.45,14.2651545,0.117,0.0,5825.0,1.291,1.049,1.7287449069245757,G,-1.1872992509815339,1
K04410.01,kepler,NON_HABITABLE,1.47,1078.0,318.92,5.04404366,0.0581,0.0,6039.0,0.951,1.027,1.0837169414370684,F,-1.233022441400131,1
K04411.01,kepler,NON_HABITABLE,1.81,1159.0,426.61,11.17931581,0.1074,0.0,6292.0,1.873,1.324,4.953647748417999,F,-1.2434362661963463,1
K04205.01,kepler,NON_HABITABLE,0.88,1596.0,1534.29,1.166960319,0.0219,0.0,5632.0,0.904,1.026,0.7407679020141695,G,-1.2748738891930465,1
K04207.01,kepler,NON_HABITABLE,0.8,1227.0,535.78,0.701944362,0.0125,0.0,4236.0,0.539,0.528,0.08427447320080214,K,-1.2505978003801594,1
K04208.01,kepler,NON_HABITABLE,1.23,878.0,141.1,3.05772668,0.037,0.0,4483.0,0.731,0.723,0.19444842048174918,K,-1.1942986426222435,1
K04209.01,kepler,NON_HABITABLE,2.35,693.0,54.54,9.9092109,0.0828,0.0,5396.0,0.702,0.784,0.3764061395457778,G,-1.1239367874206858,1
K04276.01,kepler,NON_HABITABLE,2.44,733.0,68.37,56.644452,0.323,0.0,6237.0,2.295,1.399,7.180638549342115,F,-1.1438136570477682,1
K04346.01,kepler,NON_HABITABLE,1.21,890.0,148.31,6.39269778,0.0638,0.0,5248.0,0.943,0.844,0.6077058279099121,G,-1.197145655454009,1
K04347.01,kepler,NON_HABITABLE,0.99,1202.0,493.09,3.0570982,0.04,0.0,6021.0,0.819,0.922,0.7942130570012113,F,-1.2480822478582494,1
K02585.03,kepler,NON_HABITABLE,0.78,989.0,226.11,7.87845756,0.0751,0.0,5767.0,1.135,0.91,1.2837670925937998,G,-1.2185903020029896,1
K04212.01,kepler,NON_HABITABLE,1.69,1222.0,528.14,5.79179934,0.0654,0.0,6174.0,1.318,1.109,2.2740082262227475,F,-1.2501699581882828,1
K00571.05,kepler,NON_HABITABLE,1.18,177.0,0.23,129.945392,0.3855,0.0,3751.0,0.443,0.452,0.03500180325944474,K,1.529972696861343,1
K02433.04,kepler,NON_HABITABLE,2.19,677.0,49.53,27.9040511,0.1891,0.0,6325.0,1.112,1.157,1.7829797230968867,F,-1.1147591725675323,1
K04351.01,kepler,NON_HABITABLE,24.39,1592.0,1516.94,0.644322147,0.0124,0.0,5136.0,0.612,0.608,0.23479974171843185,K,-1.2746738801996886,1
K04353.01,kepler,NON_HABITABLE,3.92,742.0,71.56,17.8075656,0.1331,0.0,6194.0,0.981,0.988,1.2761964410301467,F,-1.1475584797170229,1
K04418.01,kepler,HABITABILITY_ZONE,3.19,247.0,0.89,333.03842,0.9462,0.0,5743.0,0.903,1.018,0.7991447966868073,G,0.14885925909383266,1
K02949.02,kepler,NON_HABITABLE,0.87,1374.0,842.07,3.75030469,0.0475,0.0,5866.0,1.339,1.016,1.9125997686888403,G,-1.2626055920529136,1
K04419.01,kepler,NON_HABITABLE,1.22,1559.0,1410.9,0.259819659,0.0065,0.0,3939.0,0.526,0.55,0.06000813394607809,K,-1.2733725585759805,1
K04421.01,kepler,NON_HABITABLE,0.61,1203.0,495.58,4.72693131,0.0569,0.0,5950.0,1.196,1.1,1.615194892138434,G,-1.2482375520139177,1
K04212.02,kepler,NON_HABITABLE,1.03,1016.0,251.36,10.0989634,0.0948,0.0,6174.0,1.318,1.109,2.2740082262227475,F,-1.2232993406690156,1
K04215.01,kepler,NON_HABITABLE,2.54,836.0,115.61,26.5487294,0.1784,0.0,5456.0,2.154,1.074,3.7041072664396233,G,-1.1821879317784816,1
K04287.01,kepler,NON_HABITABLE,1.29,1030.0,266.05,13.12297275,0.1149,0.0,6134.0,1.665,1.173,3.535886146915632,F,-1.2257268655967073,1
K04288.01,kepler,NON_HABITABLE,0.73,1108.0,356.49,6.28384079,0.0674,0.0,5888.0,1.227,1.036,1.630253123930718,G,-1.2371890656492759,1
K02590.02,kepler,NON_HABITABLE,1.38,862.0,130.75,22.7909233,0.1711,0.0,6311.0,1.642,1.286,3.8533081104448197,F,-1.1898111607047364,1
K04356.01,kepler,POTENTIALLY_HABITABLE,1.74,186.0,0.28,174.510276,0.4836,0.0,4367.0,0.452,0.496,0.06694287307734373,K,1.2661431814958861,1
K04357.01,kepler,NON_HABITABLE,2.97,2782.0,14116.16,0.681180633,0.0146,0.0,4939.0,2.377,0.889,3.0290690840948633,K,-1.2983815953917273,1
K04424.01,kepler,NON_HABITABLE,0.97,1522.0,1269.46,2.27164952,0.0351,0.0,6274.0,1.062,1.115,1.5744243620622025,F,-1.2713890970026114,1
K04426.01,kepler,HABITABILITY_ZONE,2.14,328.0,2.73,369.13236,1.0352,0.0,6282.0,1.449,1.084,2.9459353344070247,F,-0.4786793375594882,1
K04288.02,kepler,NON_HABITABLE,0.73,980.0,217.95,9.08745206,0.0862,0.0,5888.0,1.227,1.036,1.630253123930718,G,-1.2168955794179988,1
K02529.02,kepler,HABITABILITY_ZONE,2.48,322.0,2.55,64.0019669,0.2826,0.0,4652.0,0.697,0.734,0.20498358802482716,K,-0.44966511946484233,1
K04290.01,kepler,HABITABILITY_ZONE,0.79,354.0,3.7,4.83809469,0.0316,0.0,3187.0,0.2,0.18,0.0037177737402204277,M,-0.5956577028189436,1
K04292.01,kepler,NON_HABITABLE,0.59,788.0,91.02,9.3281912,0.085,0.0,5525.0,0.888,0.939,0.6619874731150069,G,-1.1659573376754155,1
K04358.01,kepler,NON_HABITABLE,2.4,394.0,5.7,106.957467,0.4483,0.0,6075.0,0.969,1.048,1.1521987334575932,F,-0.7343293377694683,1
K04360.01,kepler,NON_HABITABLE,1.05,1360.0,807.43,2.71603664,0.0396,0.0,6011.0,1.041,1.119,1.2746269044760103,F,-1.261600775619029,1
K04361.01,kepler,NON_HABITABLE,3.39,417.0,7.18,75.8781344,0.3378,0.0,5579.0,0.972,0.893,0.8246177632899659,G,-0.7972477201553876,1
K04427.01,kepler,NON_HABITABLE,1.59,176.0,0.23,147.661729,0.4401,0.0,3788.0,0.49,0.52,0.044537593971733715,K,1.5642390240656205,1
K04428.01,kepler,NON_HABITABLE,1.28,710.0,60.11,13.00291716,0.1037,0.0,5796.0,0.8,0.882,0.6507110646229156,G,-1.1327648838946538,1
K02972.02,kepler,NON_HABITABLE,2.33,578.0,26.46,42.0292298,0.2422,0.0,5850.0,1.217,1.072,1.5627853490383503,G,-1.0429190600859017,1
K04430.01,kepler,NON_HABITABLE,1.58,1886.0,2970.58,0.505111993,0.0119,0.0,5262.0,0.783,0.875,0.42346898642368047,G,-1.2847397778514953,1
K04222.01,kepler,NON_HABITABLE,1.63,1476.0,1122.9,3.38557445,0.0432,0.0,5718.0,1.48,0.936,2.109573907466364,G,-1.268950089110155,1
K04295.01,kepler,NON_HABITABLE,1.51,886.0,145.65,13.3997555,0.1168,0.0,6401.0,1.15,1.183,2.000238120540902,F,-1.1961208189165657,1
K04296.01,kepler,NON_HABITABLE,0.59,1251.0,579.64,2.49385348,0.0333,0.0,5615.0,0.85,0.79,0.647040707027247,G,-1.2528869204184003,1
K04363.01,kepler,NON_HABITABLE,7.45,620.0,34.99,18.22211768,0.1291,0.0,5162.0,0.958,0.862,0.5870805998526879,K,-1.0777211860603386,1
K04364.01,kepler,NON_HABITABLE,1.22,980.0,218.18,4.56383697,0.051,0.0,5408.0,0.861,0.848,0.5712783226950322,G,-1.2169455809621919,1
K02722.05,kepler,NON_HABITABLE,1.17,819.0,106.21,16.5340022,0.1278,0.0,6052.0,1.202,1.015,1.7462214677216337,F,-1.1766503167806313,1
K04441.01,kepler,NON_HABITABLE,1.72,2023.0,3991.16,0.341842017,0.0089,0.0,5016.0,0.747,0.817,0.31824825075067187,K,-1.288199678725151,1
K04442.01,kepler,NON_HABITABLE,2.53,1063.0,301.8,13.9482197,0.1235,0.0,5529.0,2.346,1.291,4.633797870389962,G,-1.23087100424773,1
K04443.01,kepler,NON_HABITABLE,1.22,1357.0,802.11,5.67577999,0.0678,0.0,6681.0,1.438,1.294,3.711747027656307,F,-1.261440569200961,1
K04226.01,kepler,NON_HABITABLE,1.63,588.0,28.19,49.564693,0.2835,0.0,5907.0,1.442,1.234,2.280831039078045,G,-1.0512216832689127,1
K04230.01,kepler,NON_HABITABLE,1.3,1293.0,661.04,5.49548533,0.0614,0.0,6157.0,1.392,1.02,2.5087061543719504,F,-1.2565152633420358,1
K04298.01,kepler,NON_HABITABLE,1.16,1919.0,3204.25,2.89494709,0.0447,0.0,7087.0,1.684,1.418,6.445084500401741,F,-1.2856761794690073,1
K02541.02,kepler,NON_HABITABLE,3.6,1015.0,251.16,20.4853893,0.153,0.0,4938.0,3.324,1.136,5.918628525292736,K,-1.2232657039941761,1
K04300.01,kepler,NON_HABITABLE,1.64,1064.0,302.74,3.58273837,0.0445,0.0,5448.0,0.872,0.912,0.6034983343667907,G,-1.2309940687022873,1
K04301.01,kepler,NON_HABITABLE,1.57,1013.0,248.62,15.604841,0.1266,0.0,6254.0,1.706,1.11,4.011291946635327,F,-1.2228233655312786,1
K04366.01,kepler,NON_HABITABLE,1.0,1651.0,1763.73,0.762950224,0.0151,0.0,5385.0,0.731,0.797,0.4048296329833924,G,-1.2772343827953179,1
K04367.01,kepler,NON_HABITABLE,4.9,463.0,10.86,170.995748,0.6757,0.0,6127.0,1.983,1.405,4.992656188287665,F,-0.8931561261004862,1
K04431.01,kepler,NON_HABITABLE,0.97,791.0,92.77,19.5650801,0.1465,0.0,6180.0,1.235,1.09,2.0043913776677105,F,-1.1673259137315604,1
K02442.02,kepler,NON_HABITABLE,1.51,651.0,42.42,12.3101351,0.0968,0.0,5009.0,0.84,0.797,0.40018186990930993,K,-1.0990451182424845,1
K04232.01,kepler,NON_HABITABLE,1.06,1379.0,851.6,2.61576515,0.0364,0.0,6088.0,0.958,0.934,1.1358586861523514,F,-1.262871056904616,1
K04234.01,kepler,NON_HABITABLE,1.34,1003.0,239.39,6.94245216,0.0743,0.0,6108.0,1.03,1.132,1.3303480374075336,F,-1.2211598219884845,1
K04302.01,kepler,NON_HABITABLE,1.05,1303.0,680.77,5.53312006,0.0622,0.0,6170.0,1.425,1.047,2.651337992648852,F,-1.2572950948440136,1
K04303.01,kepler,HABITABILITY_ZONE,3.32,327.0,2.72,200.721168,0.6577,0.0,5566.0,1.17,0.94,1.1836934428053807,G,-0.4767715894273528,1
K04304.01,kepler,NON_HABITABLE,1.14,981.0,219.36,9.4061364,0.0878,0.0,5855.0,1.268,1.02,1.7023184849401112,G,-1.2171962509327747,1
K04371.01,kepler,NON_HABITABLE,1.99,471.0,11.59,66.373298,0.3237,0.0,6143.0,0.976,1.027,1.2221271913929284,F,-0.9063808497690793,1
K02732.02,kepler,NON_HABITABLE,1.46,958.0,198.73,13.61165024,0.1211,0.0,6170.0,1.499,1.282,2.933854907144334,F,-1.212500257498584,1
K04372.01,kepler,NON_HABITABLE,1.06,731.0,67.62,6.24564633,0.0607,0.0,4858.0,0.707,0.786,0.25082081794755884,K,-1.1428984677535272,1
K04435.01,kepler,NON_HABITABLE,1.01,899.0,154.68,10.8614163,0.0983,0.0,6339.0,1.017,1.069,1.5045950311426588,F,-1.1994922743924867,1
K03004.02,kepler,NON_HABITABLE,2.72,1171.0,445.49,7.03965141,0.0747,0.0,5902.0,1.513,1.12,2.5024729227003246,G,-1.2448611703296237,1
K07662.01,kepler,NON_HABITABLE,3.98,2250.0,6060.79,4.72519164,0.0652,0.0,6655.0,3.831,1.653,25.93649305285778,F,-1.2922985092348356,1
K04235.01,kepler,NON_HABITABLE,2.99,476.0,12.17,66.6434565,0.3301,0.0,5751.0,1.164,1.079,1.3352855256810667,G,-0.9162258116312316,1
K04307.01,kepler,NON_HABITABLE,3.41,413.0,6.87,160.850075,0.6188,0.0,5999.0,1.507,1.225,2.6499437949650138,G,-0.7860314206487623,1
K00612.03,kepler,HABITABILITY_ZONE,2.92,297.0,1.83,122.0804953,0.4484,0.0,5132.0,0.77,0.805,0.3705294667937638,K,-0.2946756937089126,1
K02563.02,kepler,NON_HABITABLE,0.81,1146.0,407.58,6.2614227,0.0677,0.0,6384.0,1.121,1.046,1.880517801264563,F,-1.2419014970533417,1
K04374.01,kepler,NON_HABITABLE,0.86,1012.0,247.2,3.70386741,0.0446,0.0,5496.0,0.776,0.869,0.4949998291504357,G,-1.2225741107973436,1
K04377.01,kepler,NON_HABITABLE,2.49,1061.0,299.47,19.8751355,0.1658,0.0,6918.0,2.004,1.536,8.287286925699647,F,-1.230564546763717,1
K04444.01,kepler,NON_HABITABLE,1.14,674.0,48.82,5.94373492,0.0563,0.0,4391.0,0.682,0.671,0.15578197590810658,K,-1.1133467181034784,1
K04446.01,kepler,NON_HABITABLE,2.99,528.0,18.44,85.7567919,0.3912,0.0,5037.0,2.213,1.083,2.840176577866401,K,-0.990015183565871,1
K04447.01,kepler,NON_HABITABLE,0.98,1099.0,345.07,2.18660188,0.0299,0.0,4904.0,0.772,0.745,0.31054973073812636,K,-1.2359944345158842,1
K03043.02,kepler,NON_HABITABLE,0.73,904.0,158.19,7.2929891,0.0723,0.0,5959.0,0.856,0.945,0.8324071105532691,G,-1.2007247390311884,1
K04241.01,kepler,NON_HABITABLE,1.25,1312.0,699.7,2.55315031,0.0366,0.0,5970.0,0.908,0.996,0.9435474209198913,G,-1.2580125082297828,1
K02458.02,kepler,NON_HABITABLE,1.77,1190.0,473.18,2.936587946,0.0372,0.0,5455.0,0.909,0.795,0.6591761665744333,G,-1.2467940751015911,1
K04242.01,kepler,HABITABILITY_ZONE,1.82,331.0,2.84,145.786556,0.525,0.0,5578.0,0.95,0.905,0.7871472102832289,G,-0.4943801082087116,1
K04310.01,kepler,NON_HABITABLE,1.15,752.0,75.83,10.7769944,0.0871,0.0,5455.0,0.852,0.759,0.5790991394223605,G,-1.1521938594832049,1
K07668.01,kepler,NON_HABITABLE,1.47,1483.0,1143.04,2.5093344,0.0377,0.0,6278.0,1.081,1.132,1.6354276787266218,F,-1.2693128872622994,1
K04312.01,kepler,NON_HABITABLE,0.81,925.0,172.98,7.84931877,0.0726,0.0,5678.0,0.99,0.828,0.9177970390635991,G,-1.2054978982257785,1
K02732.04,kepler,NON_HABITABLE,1.13,787.0,90.55,24.5607107,0.1794,0.0,6170.0,1.499,1.282,2.933854907144334,F,-1.1655891624161003,1
K04382.01,kepler,NON_HABITABLE,0.89,1497.0,1187.5,2.94648935,0.0427,0.0,6481.0,1.171,1.194,2.179598931211982,F,-1.270080745811799,1
K04245.01,kepler,NON_HABITABLE,1.76,788.0,91.32,24.6683831,0.1786,0.0,6059.0,1.554,1.249,2.932246990564006,F,-1.1661934855295082,1
K04246.01,kepler,NON_HABITABLE,1.19,1059.0,297.15,6.98472143,0.0726,0.0,5839.0,1.227,1.044,1.5766588640478933,G,-1.2302551602491563,1
K04247.01,kepler,HABITABILITY_ZONE,2.41,253.0,0.97,349.41047,0.9902,0.0,5878.0,0.945,1.058,0.9604541872953177,G,0.08260704317125828,1
K04318.01,kepler,NON_HABITABLE,1.57,912.0,163.33,14.8162925,0.1253,0.0,6356.0,1.325,1.191,2.5814399152288137,F,-1.2024587359511358,1
K04382.02,kepler,NON_HABITABLE,0.79,1356.0,798.79,3.98167088,0.0522,0.0,6484.0,1.173,1.195,2.1911028273061146,F,-1.261340106418566,1
K04383.01,kepler,NON_HABITABLE,0.94,1236.0,552.7,4.34195312,0.0527,0.0,6164.0,1.09,1.032,1.5452481288731112,F,-1.2515131105628734,1
K04384.01,kepler,NON_HABITABLE,2.15,407.0,6.46,122.358116,0.4823,0.0,5998.0,1.139,0.998,1.5127529348445985,G,-0.7694883064193654,1
K04385.01,kepler,NON_HABITABLE,1.6,786.0,90.04,7.298142,0.0689,0.0,5119.0,0.834,0.818,0.43029602066686257,K,-1.1651789344061587,1
K04386.01,kepler,NON_HABITABLE,1.62,555.0,22.4,18.5010898,0.1275,0.0,5242.0,0.734,0.815,0.3665007743708062,G,-1.0196754339163447,1
K04178.01,kepler,NON_HABITABLE,1.72,1138.0,396.43,7.016016,0.0753,0.0,6642.0,1.136,1.157,2.262803584917908,F,-1.240951508532486,1
K00566.03,kepler,NON_HABITABLE,1.32,541.0,20.28,42.068554,0.24,0.0,6122.0,0.964,1.041,1.1760399614256234,F,-1.0049246243368009,1
K04251.01,kepler,NON_HABITABLE,1.55,1060.0,299.03,6.23968392,0.0654,0.0,5751.0,1.143,0.956,1.2875397371757713,G,-1.2305062033490104,1
K02485.02,kepler,NON_HABITABLE,1.36,927.0,174.45,3.60082855,0.0422,0.0,4838.0,0.796,0.771,0.3127406265427267,K,-1.2059401893207264,1
K04252.01,kepler,NON_HABITABLE,0.72,399.0,5.98,15.5714121,0.1022,0.0,3872.0,0.557,0.585,0.06282702497370614,K,-0.7479852142052893,1
K02579.02,kepler,NON_HABITABLE,1.66,1327.0,732.82,3.59645081,0.0473,0.0,5887.0,1.235,1.09,1.6504591083569244,G,-1.259199327051558,1
K04320.01,kepler,NON_HABITABLE,1.27,728.0,66.27,20.6579443,0.1435,0.0,5468.0,1.306,0.923,1.3737100887093243,G,-1.1411984595847575,1
K04389.01,kepler,NON_HABITABLE,1.27,642.0,40.22,16.3368863,0.1186,0.0,5410.0,0.859,0.834,0.5694690142831667,G,-1.0933346345738146,1
K04390.01,kepler,NON_HABITABLE,103.99,2562.0,10160.3,1.63668262,0.0304,0.0,5234.0,3.739,1.39,9.452365661952024,G,-1.2963154500440546,1
K02744.02,kepler,NON_HABITABLE,2.84,905.0,158.69,11.615625,0.0981,0.0,5332.0,1.453,0.932,1.5373986730133617,G,-1.2008992936299179,1
K02365.02,kepler,NON_HABITABLE,1.86,463.0,10.84,110.978266,0.4808,0.0,5883.0,1.529,1.205,2.522929266460519,G,-0.8927491803127696,1
K04184.01,kepler,NON_HABITABLE,1.07,808.0,100.72,6.08003714,0.0597,0.0,4991.0,0.804,0.767,0.36137415342320145,K,-1.1730690068579923,1
K04185.01,kepler,NON_HABITABLE,3.59,1143.0,403.53,3.035206175,0.0394,0.0,5505.0,0.873,0.887,0.6305978576272769,G,-1.2415606625197624,1
K04253.01,kepler,NON_HABITABLE,117.29,376.0,4.73,173.2578372,0.6528,0.0,6392.0,1.162,1.232,2.030738636198301,F,-0.6785798853725598,1
K04255.01,kepler,NON_HABITABLE,2.52,1125.0,378.9,6.30558387,0.0657,0.0,4934.0,1.756,0.952,1.6464187906521321,K,-1.2393731407026798,1
K04257.01,kepler,NON_HABITABLE,2.1,690.0,53.72,41.6757509,0.2375,0.0,5745.0,1.763,1.027,3.050418786942598,G,-1.1225258413953356,1
K04323.01,kepler,NON_HABITABLE,1.59,1057.0,295.46,11.49589567,0.1037,0.0,6290.0,1.506,1.123,3.1985064867252926,F,-1.23002778987901,1
K04325.01,kepler,NON_HABITABLE,1.12,2141.0,4990.14,0.609926502,0.0144,0.0,5936.0,0.965,1.075,1.0416574062987272,G,-1.2904975477394613,1
K04327.01,kepler,NON_HABITABLE,1.19,2102.0,4614.18,0.991659646,0.0205,0.0,6117.0,1.244,1.17,1.9520430577656216,F,-1.2897208422675446,1
K07670.01,kepler,NON_HABITABLE,1.18,865.0,132.02,8.4795266,0.0827,0.0,5841.0,0.931,1.047,0.9089560763457134,G,-1.190390396111662,1
K04391.01,kepler,NON_HABITABLE,1.62,498.0,14.5,49.4746966,0.2583,0.0,5952.0,0.928,0.94,0.9737385252826796,G,-0.9491740822824557,1
K04393.01,kepler,NON_HABITABLE,0.92,1327.0,733.67,1.62888267,0.0261,0.0,5398.0,0.811,0.896,0.50311578072769,G,-1.2592287883703712,1
K04395.01,kepler,NON_HABITABLE,1.12,1189.0,471.84,1.920062587,0.0283,0.0,5266.0,0.741,0.83,0.38041229533107107,G,-1.2467042996450706,1
K04188.01,kepler,NON_HABITABLE,1.4,1298.0,669.78,6.96352699,0.0711,0.0,6040.0,1.686,0.984,3.4084553198990895,F,-1.256865057303242,1
K04189.01,kepler,NON_HABITABLE,5.38,554.0,22.31,64.2729088,0.3308,0.0,6341.0,1.299,1.165,2.457785768724555,F,-1.019126352124266,1
K04190.01,kepler,NON_HABITABLE,0.75,1134.0,390.57,3.4327371,0.0442,0.0,5757.0,0.881,0.974,0.7681241947735366,G,-1.2404356788604654,1
K04259.01,kepler,NON_HABITABLE,0.98,1818.0,2566.87,0.909127736,0.0177,0.0,5486.0,0.996,0.885,0.8095368083845398,G,-1.2828301401402118,1
K04261.01,kepler,NON_HABITABLE,1.21,1700.0,1970.75,1.450889836,0.0252,0.0,6046.0,1.023,1.011,1.2598491552254247,F,-1.279000003501543,1
K02485.03,kepler,NON_HABITABLE,1.4,794.0,93.96,5.72716067,0.0575,0.0,4838.0,0.796,0.771,0.3127406265427267,K,-1.1682328740306167,1
K02579.03,kepler,NON_HABITABLE,1.6,934.0,180.14,10.30148508,0.0954,0.0,5887.0,1.235,1.09,1.6504591083569244,G,-1.2075970311901814,1
K04329.01,kepler,NON_HABITABLE,1.02,816.0,105.04,17.8007815,0.1423,0.0,6240.0,1.252,1.214,2.1411235427479287,F,-1.1759107952267187,1
K04331.01,kepler,NON_HABITABLE,1.45,2212.0,5645.85,1.717859841,0.0309,0.0,6694.0,1.732,1.333,5.426668814998925,F,-1.2916616063681574,1
K04398.01,kepler,NON_HABITABLE,1.6,837.0,115.93,7.3422467,0.0724,0.0,5573.0,0.839,0.939,0.611751163753071,G,-1.182364871226805,1
K00647.02,kepler,NON_HABITABLE,0.92,1127.0,381.27,8.1134681,0.078,0.0,6011.0,1.409,0.963,2.3350899162622936,F,-1.2395925580055658,1
K02842.03,kepler,NON_HABITABLE,1.4,520.0,17.31,3.036208739,0.0283,0.0,3464.0,0.328,0.328,0.013955774104651437,M,-0.9797747466656055,1
K04192.01,kepler,NON_HABITABLE,1.51,635.0,38.57,18.0541469,0.1327,0.0,5505.0,0.909,0.955,0.6836782597147256,G,-1.0887503770470124,1
K02420.02,kepler,NON_HABITABLE,1.07,1078.0,319.36,5.4675514,0.0595,0.0,5557.0,1.151,0.936,1.1381695032925199,G,-1.2330763913838714,1
K04194.01,kepler,NON_HABITABLE,1.29,1234.0,547.92,1.538185321,0.0241,0.0,5107.0,0.723,0.794,0.32035738231563804,K,-1.251258521586872,1
K04264.01,kepler,NON_HABITABLE,1.51,1665.0,1825.96,0.888478095,0.0174,0.0,5553.0,0.806,0.903,0.5565132229904848,G,-1.2777965661158293,1
K04333.01,kepler,HABITABILITY_ZONE,2.18,287.0,1.61,309.25581,0.9158,0.0,6060.0,1.057,1.067,1.3574854444589168,F,-0.22661683776005187,1
K04334.01,kepler,NON_HABITABLE,1.1,1029.0,264.82,2.44232399,0.0319,0.0,4849.0,0.738,0.723,0.2712789966043555,K,-1.2255304513643241,1
K04335.01,kepler,NON_HABITABLE,1.0,1020.0,255.32,7.61758198,0.0772,0.0,6202.0,1.072,1.05,1.5318326734439305,F,-1.2239751459690063,1
K04399.01,kepler,NON_HABITABLE,1.42,466.0,11.17,42.1003351,0.2298,0.0,5595.0,0.82,0.917,0.5936394834834993,G,-0.8988741445309457,1
K04400.01,kepler,NON_HABITABLE,0.84,1507.0,1217.79,2.20923119,0.0336,0.0,5991.0,1.092,1.032,1.3840037454005425,G,-1.2705795762441812,1
K04403.01,kepler,NON_HABITABLE,1.27,949.0,192.09,5.88350251,0.0625,0.0,5840.0,0.849,0.942,0.7553730380465745,G,-1.2108315163906231,1
K04198.01,kepler,NON_HABITABLE,1.26,2800.0,14544.87,1.182862515,0.0237,0.0,6017.0,2.639,1.269,8.224197605651842,F,-1.2985532628848226,1
K04199.01,kepler,NON_HABITABLE,0.82,1871.0,2901.68,0.539915033,0.0121,0.0,5102.0,0.837,0.811,0.42766867725268154,K,-1.2844423274675678,1
K04267.01,kepler,NON_HABITABLE,1.36,1709.0,2016.25,2.20829637,0.0352,0.0,6028.0,1.454,1.194,2.5148755459942356,F,-1.2793511700556484,1
K04268.01,kepler,NON_HABITABLE,0.59,1139.0,396.64,0.849906734,0.014,0.0,4296.0,0.505,0.503,0.07825904742242229,K,-1.2409691063667974,1
K04269.01,kepler,NON_HABITABLE,4.15,903.0,157.45,26.6565737,0.1943,0.0,5159.0,3.062,1.373,5.983663943223628,K,-1.2004682259808588,1
K04269.02,kepler,NON_HABITABLE,1.74,1642.0,1719.2,4.4408541,0.0588,0.0,5159.0,3.062,1.373,5.983663943223628,K,-1.2768134775319009,1
K04337.01,kepler,NON_HABITABLE,0.93,892.0,149.41,8.18504859,0.0794,0.0,5984.0,0.906,0.993,0.9482381958563809,G,-1.1975636095487765,1
K02585.02,kepler,NON_HABITABLE,1.07,901.0,155.7,10.42317343,0.0905,0.0,5767.0,1.135,0.91,1.2837670925937998,G,-1.1998574486305436,1
K07679.01,kepler,NON_HABITABLE,0.7,1291.0,658.77,1.8679943,0.0286,0.0,5487.0,0.815,0.899,0.5424375785210778,G,-1.256423203033238,1
K04405.01,kepler,NON_HABITABLE,1.39,931.0,177.84,8.9172863,0.0853,0.0,6210.0,0.986,1.035,1.3026115987223277,F,-1.2069360988875937,1
K04407.01,kepler,NON_HABITABLE,0.6,2008.0,3844.97,1.33807075,0.0257,0.0,6355.0,1.319,1.269,2.556504261309691,F,-1.2877901865977077,1
K04202.01,kepler,HABITABILITY_ZONE,2.53,330.0,2.82,153.979362,0.552,0.0,5858.0,0.903,0.944,0.8651027256239734,G,-0.4919843072907095,1
K02433.03,kepler,NON_HABITABLE,2.9,535.0,19.37,56.4148314,0.3024,0.0,6325.0,1.112,1.157,1.7829797230968867,F,-0.9978138004279219,1
K04204.01,kepler,NON_HABITABLE,1.26,729.0,66.95,20.9254083,0.1499,0.0,5821.0,1.21,1.025,1.5144531682101867,G,-1.1420629549082388,1
K02498.02,kepler,NON_HABITABLE,0.8,630.0,37.3,13.0600399,0.1006,0.0,5168.0,0.769,0.793,0.38004708855900293,K,-1.0850350077609863,1
K04273.01,kepler,NON_HABITABLE,1.31,901.0,155.73,17.3731821,0.141,0.0,6180.0,1.54,1.237,3.1166644864047868,F,-1.1998654008945937,1
K04274.01,kepler,NON_HABITABLE,1.08,1477.0,1122.82,1.97507424,0.0311,0.0,6065.0,0.947,1.022,1.0932459801649075,F,-1.2689486665974061,1
K04617.01,kepler,NON_HABITABLE,1.52,736.0,69.3,27.4784659,0.181,0.0,5432.0,1.707,1.046,2.285603001153078,G,-1.1449355595640214,1
K04691.01,kepler,NON_HABITABLE,1.09,1336.0,750.6,3.3879165,0.0442,0.0,5702.0,1.245,0.997,1.4761900206190368,G,-1.2598041647026001,1
K04480.01,kepler,NON_HABITABLE,1.75,425.0,7.7,58.7488629,0.2696,0.0,5574.0,0.805,0.756,0.5635783854656772,G,-0.814984565890727,1
K07685.01,kepler,NON_HABITABLE,1.35,518.0,16.96,64.740274,0.3077,0.0,5999.0,1.177,0.926,1.6164530080747215,G,-0.9763846617150913,1
K04482.01,kepler,NON_HABITABLE,0.78,1253.0,582.98,5.38299284,0.0627,0.0,6256.0,1.293,1.135,2.3071653479538847,F,-1.2530509388297344,1
K04549.01,kepler,NON_HABITABLE,1.16,1346.0,773.92,2.0481582,0.0311,0.0,5799.0,0.86,0.955,0.7535360734531443,G,-1.2605652359786996,1
K04550.01,kepler,POTENTIALLY_HABITABLE,1.84,271.0,1.28,140.251943,0.4836,0.0,4821.0,0.788,0.765,0.3022008428195761,K,-0.09749071720063072,1
K04551.01,kepler,NON_HABITABLE,1.25,784.0,89.3,14.7179342,0.12,0.0,6102.0,1.018,1.058,1.2944315196269292,F,-1.1645756326292855,1
K04622.01,kepler,POTENTIALLY_HABITABLE,1.56,189.0,0.3,207.24785,0.5697,0.0,4339.0,0.553,0.573,0.09765704378351064,K,1.2026416415728989,1
K03179.01,kepler,NON_HABITABLE,1.03,987.0,223.93,5.99078221,0.0636,0.0,5721.0,0.972,0.954,0.9118324238730797,G,-1.2181469128994729,1
K04625.01,kepler,NON_HABITABLE,21.29,986.0,223.8,2.440839436,0.0322,0.0,4803.0,0.698,0.752,0.2335908904019893,K,-1.2181197858738237,1
K04693.01,kepler,NON_HABITABLE,1.07,797.0,95.35,23.6223571,0.1611,0.0,6144.0,1.393,0.999,2.4911608566616956,F,-1.169267056456285,1
K04694.01,kepler,NON_HABITABLE,1.24,740.0,71.04,19.2527652,0.1454,0.0,6258.0,1.046,1.102,1.5118207945737394,F,-1.1469610203516905,1
K07680.01,kepler,NON_HABITABLE,2.66,456.0,10.18,219.20579,0.8176,0.0,6990.0,1.785,1.515,6.852986151443466,F,-0.8794888371587387,1
K04484.01,kepler,NON_HABITABLE,0.98,1547.0,1352.14,2.29794819,0.0354,0.0,6371.0,1.072,1.117,1.7057473347246055,F,-1.2725863510451563,1
K03158.02,kepler,NON_HABITABLE,0.65,868.0,134.21,4.54586982,0.0475,0.0,5051.0,0.721,0.692,0.3048419379005634,K,-1.1913712525847784,1
K04487.01,kepler,NON_HABITABLE,0.72,988.0,224.74,3.48754109,0.0431,0.0,5252.0,0.783,0.896,0.4202590786858761,G,-1.218311818956609,1
K04554.01,kepler,NON_HABITABLE,2.61,1228.0,537.66,8.0772455,0.0847,0.0,5684.0,2.032,1.239,3.8829195682772992,G,-1.2507012589449702,1
K04555.01,kepler,POTENTIALLY_HABITABLE,1.39,211.0,0.47,364.08733,0.9149,0.0,5376.0,0.727,0.769,0.39774119315832723,G,0.6894565636592869,1
K04557.01,kepler,NON_HABITABLE,0.83,1089.0,332.97,5.75651958,0.0647,0.0,6208.0,1.024,1.086,1.4031414575788033,F,-1.2346633251045136,1
K04626.01,kepler,NON_HABITABLE,2.66,497.0,14.41,91.95723,0.4127,0.0,5854.0,1.528,1.107,2.470314748146417,G,-0.9480466453527058,1
K04627.01,kepler,NON_HABITABLE,1.19,861.0,129.74,7.51731745,0.074,0.0,5525.0,0.923,0.957,0.7151995652536761,G,-1.189344171451911,1
K04630.01,kepler,NON_HABITABLE,2.46,637.0,38.95,44.6966177,0.2558,0.0,5929.0,1.518,1.116,2.5654529537829136,G,-1.0898308023594443,1
K04698.01,kepler,NON_HABITABLE,1.28,1049.0,286.1,8.5275894,0.0883,0.0,6469.0,1.193,1.26,2.2455576141766147,F,-1.2287304883585046,1
K04699.01,kepler,NON_HABITABLE,1.08,1493.0,1175.0,3.07714195,0.0435,0.0,6108.0,1.336,1.162,2.238224988761012,F,-1.2698692780434078,1
K04700.01,kepler,NON_HABITABLE,1.2,1003.0,239.15,3.83488354,0.0456,0.0,5515.0,0.775,0.868,0.5005877093707467,G,-1.2211151272269867,1
K04491.01,kepler,NON_HABITABLE,2.09,429.0,8.02,114.336052,0.4679,0.0,5802.0,1.316,1.044,1.7681430029333685,G,-0.8249668845949968,1
K04558.01,kepler,NON_HABITABLE,1.13,929.0,176.13,8.8233996,0.0793,0.0,5602.0,1.121,0.852,1.1150089501109646,G,-1.206438607817138,1
K04561.01,kepler,NON_HABITABLE,1.85,1926.0,3261.65,1.5184181,0.0264,0.0,6302.0,1.269,1.063,2.2883979490134903,F,-1.2858906366778424,1
K04632.01,kepler,NON_HABITABLE,13.25,458.0,10.42,40.0691482,0.2125,0.0,5485.0,0.762,0.796,0.47349040273868986,G,-0.8843158762453414,1
K04633.01,kepler,NON_HABITABLE,1.12,950.0,192.95,11.6933447,0.1067,0.0,6049.0,1.354,1.189,2.211395273594455,F,-1.2110521916906105,1
K04634.01,kepler,NON_HABITABLE,0.98,1250.0,577.46,4.02745396,0.0494,0.0,6174.0,1.041,0.987,1.4186088664950187,F,-1.2527794600863387,1
K03196.01,kepler,NON_HABITABLE,0.59,1272.0,618.99,4.96061094,0.0584,0.0,6117.0,1.298,1.079,2.125191240717987,F,-1.2547305219532343,1
K04705.01,kepler,NON_HABITABLE,1.03,1576.0,1453.8,1.4733245,0.0239,0.0,5751.0,0.921,0.834,0.8359637415633626,G,-1.2739161724727226,1
K04706.01,kepler,NON_HABITABLE,1.31,428.0,7.92,101.952048,0.4322,0.0,6210.0,1.054,1.028,1.4884777007992356,F,-0.8216959846530925,1
K04495.01,kepler,NON_HABITABLE,1.39,1000.0,235.68,5.93218209,0.065,0.0,5843.0,0.977,1.036,1.0023684370903927,G,-1.2204633681006953,1
K04496.01,kepler,NON_HABITABLE,2.41,400.0,6.03,96.384483,0.4268,0.0,5919.0,1.0,1.114,1.1058292424561642,G,-0.7505636644035825,1
K07681.01,kepler,NON_HABITABLE,0.92,844.0,119.89,6.05552018,0.063,0.0,5352.0,0.805,0.919,0.479016959822755,G,-1.184487372568248,1
K00701.05,kepler,NON_HABITABLE,0.57,576.0,26.03,12.4418003,0.0942,0.0,4926.0,0.662,0.727,0.23248145723960736,K,-1.0406764074495576,1
K04563.01,kepler,NON_HABITABLE,1.7,513.0,16.37,54.333582,0.2731,0.0,5500.0,1.221,0.92,1.2290705035831606,G,-0.970427850418808,1
K03165.01,kepler,NON_HABITABLE,1.02,1581.0,1477.06,4.11754421,0.0527,0.0,6263.0,1.726,1.147,4.129580532561694,F,-1.2742009507002117,1
K04566.01,kepler,NON_HABITABLE,1.4,981.0,218.91,3.94660745,0.0471,0.0,5376.0,0.806,0.897,0.4888795085200683,G,-1.2171009803708726,1
K04636.01,kepler,HABITABILITY_ZONE,6.13,348.0,3.48,122.749053,0.4945,0.0,5619.0,0.976,1.069,0.8555206052954775,G,-0.5730962510154567,1
K04637.01,kepler,NON_HABITABLE,0.81,1608.0,1579.65,4.37992345,0.0575,0.0,6311.0,1.918,1.324,5.25756483110375,F,-1.2753811344850132,1
K04709.01,kepler,NON_HABITABLE,1.33,995.0,231.84,3.70858595,0.0445,0.0,5420.0,0.771,0.864,0.4621687879779536,G,-1.2197268596322939,1
K04710.01,kepler,NON_HABITABLE,1.3,832.0,113.38,9.4527721,0.0859,0.0,5973.0,0.857,0.945,0.8422216733187244,G,-1.180938447935349,1
K04711.01,kepler,NON_HABITABLE,1.08,976.0,214.31,4.3638313,0.0493,0.0,5623.0,0.763,0.853,0.5243437796204764,G,-1.2161083006629119,1
K03158.03,kepler,NON_HABITABLE,0.65,783.0,88.79,6.18943952,0.0584,0.0,5051.0,0.721,0.692,0.3048419379005634,K,-1.1641620713441883,1
K04497.01,kepler,NON_HABITABLE,1.09,882.0,142.95,6.83006228,0.0675,0.0,5807.0,0.8,0.886,0.6556649806521103,G,-1.1950515521610228,1
K04498.01,kepler,NON_HABITABLE,22.42,674.0,48.86,17.1622587,0.1319,0.0,5729.0,0.939,1.037,0.8557387213606608,G,-1.1134261869459616,1
K04499.01,kepler,NON_HABITABLE,1.04,1035.0,271.21,5.19898615,0.0578,0.0,6058.0,0.867,0.95,0.9121158051576179,F,-1.2265312486562672,1
K04500.01,kepler,NON_HABITABLE,1.37,750.0,74.58,8.70179611,0.0777,0.0,5295.0,0.8,0.825,0.4532507611369001,G,-1.1508771089152454,1
K04567.01,kepler,NON_HABITABLE,8.1,784.0,89.04,14.74426,0.1182,0.0,6146.0,0.987,1.006,1.2522736412427515,F,-1.1643658953442404,1
K04570.01,kepler,NON_HABITABLE,2.13,617.0,34.32,35.0175053,0.2026,0.0,5944.0,1.123,0.905,1.4183043204455454,G,-1.0754767322983805,1
K04571.01,kepler,NON_HABITABLE,3.71,658.0,44.26,47.3128645,0.2788,0.0,5749.0,1.876,1.288,3.463615009524676,G,-1.103474638405812,1
K04640.01,kepler,NON_HABITABLE,1.06,1267.0,608.39,6.1082945,0.0706,0.0,6720.0,1.289,1.261,3.052654385328125,F,-1.2542514495570871,1
K03184.01,kepler,NON_HABITABLE,0.68,1084.0,326.67,7.545922037,0.0763,0.0,5788.0,1.376,1.039,1.9144572277096374,G,-1.2339408449476703,1
K03197.01,kepler,NON_HABITABLE,0.96,734.0,68.48,22.599501,0.1577,0.0,6335.0,1.087,1.017,1.7145109982153932,F,-1.1439510934951609,1
K04725.01,kepler,NON_HABITABLE,2.59,1086.0,329.68,7.28171395,0.0735,0.0,4970.0,1.806,0.996,1.7928987201531252,K,-1.2342886936659043,1
K04500.02,kepler,NON_HABITABLE,2.09,433.0,8.34,44.9851885,0.2323,0.0,5295.0,0.8,0.825,0.4532507611369001,G,-0.8343823292952659,1
K04503.01,kepler,NON_HABITABLE,1.54,985.0,223.02,5.89089509,0.065,0.0,5869.0,0.942,1.054,0.9485341119493287,G,-1.217959177639366,1
K04504.01,kepler,NON_HABITABLE,1.44,995.0,231.52,4.13029832,0.048,0.0,5490.0,0.81,0.864,0.5369750731895709,G,-1.2196635895919992,1
K04575.01,kepler,NON_HABITABLE,1.98,410.0,6.71,201.325036,0.735,0.0,6120.0,1.699,1.306,3.6482715512406836,F,-0.7795841893050091,1
K04643.01,kepler,NON_HABITABLE,1.43,1008.0,243.63,5.59346375,0.0617,0.0,5874.0,0.933,1.001,0.9336707781513619,G,-1.2219369002949592,1
K04644.01,kepler,NON_HABITABLE,1.23,966.0,206.55,3.44928111,0.0426,0.0,5119.0,0.781,0.879,0.3773438674412703,K,-1.214363316056664,1
K04647.01,kepler,NON_HABITABLE,1.97,693.0,54.36,37.9043889,0.2241,0.0,5303.0,1.964,1.042,2.7483003026727326,G,-1.12363340256744,1
K03196.02,kepler,NON_HABITABLE,0.77,1141.0,400.53,6.88297756,0.0726,0.0,6117.0,1.298,1.079,2.125191240717987,F,-1.2413054794844516,1
K04713.01,kepler,NON_HABITABLE,1.36,882.0,142.92,8.7963166,0.0836,0.0,5780.0,1.0,1.0,1.0055555421967817,G,-1.1950408462366733,1
K04714.01,kepler,NON_HABITABLE,1.08,1203.0,494.57,2.049602348,0.0301,0.0,5356.0,0.78,0.872,0.4510723320165367,G,-1.2481744917046584,1
K04715.01,kepler,NON_HABITABLE,1.44,537.0,19.63,53.285584,0.2582,0.0,6015.0,1.057,0.806,1.3176109993113905,F,-0.9999239061705607,1
K04716.01,kepler,NON_HABITABLE,0.61,1092.0,335.9,5.8943338,0.0657,0.0,5929.0,1.145,1.087,1.4595920359867989,G,-1.2349926267277545,1
K04504.02,kepler,NON_HABITABLE,1.5,794.0,94.08,8.119343,0.0753,0.0,5490.0,0.81,0.864,0.5369750731895709,G,-1.168316962966433,1
K03158.04,kepler,NON_HABITABLE,0.62,727.0,65.88,7.74347801,0.0678,0.0,5051.0,0.721,0.692,0.3048419379005634,K,-1.1406972728431293,1
K04505.01,kepler,NON_HABITABLE,1.05,799.0,96.25,18.0071438,0.1356,0.0,6173.0,1.167,1.023,1.7816464641073901,F,-1.1699281495352531,1
K04506.01,kepler,NON_HABITABLE,1.11,866.0,132.98,5.60473115,0.0588,0.0,5401.0,0.777,0.871,0.4628427411972436,G,-1.1908227568277503,1
K04508.01,kepler,NON_HABITABLE,1.02,983.0,220.65,2.49915311,0.0321,0.0,4705.0,0.72,0.707,0.2288749245962886,K,-1.217466686714109,1
K04577.01,kepler,NON_HABITABLE,1.83,373.0,4.59,105.997107,0.4274,0.0,6068.0,0.831,0.931,0.8434882678749966,F,-0.6685546389057543,1
K04580.01,kepler,NON_HABITABLE,1.23,1510.0,1229.72,6.30432354,0.0709,0.0,6728.0,1.836,1.192,6.222773523298451,F,-1.2707709375396117,1
K04649.01,kepler,NON_HABITABLE,1.2,1074.0,313.79,3.38419892,0.0423,0.0,5613.0,0.795,0.888,0.5652090883251073,G,-1.2323968850754676,1
K04651.01,kepler,NON_HABITABLE,0.77,1726.0,2107.84,1.19260017,0.0207,0.0,5600.0,1.013,0.837,0.9092131515410632,G,-1.2800232187487146,1
K04717.01,kepler,HABITABILITY_ZONE,3.61,320.0,2.48,216.456055,0.6985,0.0,5645.0,1.155,0.969,1.2204344656165163,G,-0.4385073449096194,1
K04509.01,kepler,NON_HABITABLE,0.97,503.0,15.12,12.003678,0.0856,0.0,4328.0,0.594,0.58,0.11153639634715197,K,-0.9566855459373877,1
K04510.01,kepler,NON_HABITABLE,1.31,1243.0,565.42,5.17624997,0.0586,0.0,5578.0,1.497,1.001,1.9545750499386247,G,-1.2521739838191306,1
K04513.01,kepler,NON_HABITABLE,0.94,1030.0,266.81,3.91794676,0.0482,0.0,5500.0,0.87,0.974,0.6239991147024359,G,-1.2258462021727028,1
K04581.01,kepler,NON_HABITABLE,0.73,1130.0,385.87,6.0059966,0.0658,0.0,6103.0,1.16,1.05,1.6818380300026716,F,-1.2400139179561815,1
K04582.01,kepler,NON_HABITABLE,0.35,1069.0,309.32,4.22426989,0.0494,0.0,5735.0,0.883,0.903,0.7598883851911925,G,-1.2318384551392154,1
K04583.01,kepler,HABITABILITY_ZONE,2.05,225.0,0.6,330.906041,0.883,0.0,5461.0,0.769,0.838,0.4738447749542846,G,0.45800259549188727,1
K03168.01,kepler,NON_HABITABLE,1.06,586.0,27.97,56.3479517,0.2841,0.0,5843.0,1.471,0.963,2.272289182709077,G,-1.0501872663658904,1
K04653.01,kepler,NON_HABITABLE,1.07,773.0,84.29,19.9778599,0.1547,0.0,6392.0,1.162,1.232,2.030738636198301,F,-1.1603233795864292,1
K04655.01,kepler,NON_HABITABLE,1.15,658.0,44.42,17.543847,0.126,0.0,5957.0,0.791,0.865,0.7098360923172742,G,-1.1038244619270285,1
K04656.01,kepler,NON_HABITABLE,1.39,1683.0,1894.37,3.8183717,0.0528,0.0,6738.0,1.692,1.351,5.316422095503892,F,-1.2783823891952089,1
K04730.01,kepler,NON_HABITABLE,3.69,984.0,221.32,9.07829171,0.0838,0.0,5086.0,1.611,0.951,1.5645563677852912,K,-1.2176065887966971,1
K03158.05,kepler,NON_HABITABLE,0.95,673.0,48.52,9.74048508,0.079,0.0,5051.0,0.721,0.692,0.3048419379005634,K,-1.112739215054633,1
K07693.01,kepler,NON_HABITABLE,1.4,886.0,146.16,6.41097179,0.0669,0.0,5383.0,0.933,0.972,0.6584996023965016,G,-1.1963181645531082,1
K04585.01,kepler,NON_HABITABLE,1.21,1337.0,754.37,6.76289308,0.0761,0.0,6547.0,1.63,1.289,4.397838559833731,F,-1.2599294005331438,1
K04586.01,kepler,NON_HABITABLE,2.83,516.0,16.78,75.2116373,0.3708,0.0,5818.0,1.5,1.2,2.322587562585437,G,-0.9746075037235618,1
K04587.01,kepler,NON_HABITABLE,1.12,956.0,197.84,6.36283414,0.0666,0.0,5955.0,0.883,0.972,0.8833710873617482,G,-1.2122806176744727,1
K04588.01,kepler,NON_HABITABLE,0.93,1210.0,506.84,7.53737498,0.0802,0.0,6483.0,1.436,1.212,3.281766493052417,F,-1.2489269330483899,1
K04657.01,kepler,NON_HABITABLE,0.54,778.0,86.87,7.57600886,0.0714,0.0,5361.0,0.774,0.848,0.445820321355926,G,-1.162561315569144,1
K04659.01,kepler,NON_HABITABLE,1.25,492.0,13.89,41.8681996,0.2301,0.0,5852.0,0.837,0.928,0.7402235468987604,G,-0.9413381340975201,1
K04661.01,kepler,NON_HABITABLE,1.01,733.0,68.28,8.61742738,0.0763,0.0,5009.0,0.84,0.797,0.40018186990930993,K,-1.1437084882400297,1
K04450.01,kepler,HABITABILITY_ZONE,2.33,292.0,1.72,196.436796,0.6446,0.0,5462.0,0.946,0.924,0.7176022080130926,G,-0.2611866675462464,1
K04451.01,kepler,NON_HABITABLE,1.32,676.0,49.36,8.8303681,0.0767,0.0,5051.0,0.706,0.786,0.2922897504417797,K,-1.114412696027834,1
K04452.01,kepler,NON_HABITABLE,1.23,860.0,129.15,12.85755895,0.1045,0.0,5860.0,1.156,0.922,1.4197139266469274,G,-1.189066782162138,1
K07685.02,kepler,NON_HABITABLE,1.08,645.0,40.79,33.502923,0.1984,0.0,5999.0,1.177,0.926,1.6164530080747215,G,-1.0948700926782458,1
K04519.01,kepler,NON_HABITABLE,5.97,555.0,22.49,148.568877,0.6365,0.0,5814.0,2.985,1.556,9.172410672595099,G,-1.0202870619002795,1
K04520.01,kepler,NON_HABITABLE,1.69,1082.0,323.68,9.3335486,0.0888,0.0,5354.0,1.863,1.071,2.5694128248572516,G,-1.2335910321619445,1
K04590.01,kepler,NON_HABITABLE,1.75,735.0,69.25,9.54060855,0.083,0.0,5271.0,0.831,0.839,0.4802516025613252,G,-1.1448726648790402,1
K04591.01,kepler,NON_HABITABLE,0.89,1444.0,1028.71,1.80926734,0.0289,0.0,5897.0,0.891,0.983,0.8649173907831287,G,-1.2671144785707227,1
K00750.02,kepler,NON_HABITABLE,1.18,862.0,130.09,5.04413987,0.0533,0.0,4954.0,0.828,0.791,0.37203122555357415,K,-1.189505286685199,1
K07676.01,kepler,NON_HABITABLE,0.62,974.0,212.68,5.3694084,0.059,0.0,5753.0,0.869,0.951,0.7452667734325779,G,-1.2157495408465957,1
K04663.01,kepler,NON_HABITABLE,0.74,1159.0,425.7,5.65690281,0.0619,0.0,5687.0,1.32,0.986,1.642008820549628,G,-1.2433656035757543,1
K04456.01,kepler,NON_HABITABLE,1.81,1024.0,259.7,7.4299322,0.0738,0.0,5635.0,1.252,0.972,1.4238985559831077,G,-1.2247034259695921,1
K04457.01,kepler,NON_HABITABLE,1.56,500.0,14.73,79.334347,0.3653,0.0,6384.0,1.15,1.027,1.979073412511914,F,-0.9520570902291454,1
K04523.01,kepler,NON_HABITABLE,1.03,1090.0,333.82,5.68251605,0.0627,0.0,5753.0,1.157,1.016,1.3211098308688438,G,-1.23475954865288,1
K04524.01,kepler,NON_HABITABLE,1.53,901.0,155.95,7.99144696,0.0783,0.0,5700.0,1.006,1.003,0.9624764112339664,G,-1.1999432809473147,1
K04524.02,kepler,NON_HABITABLE,1.02,1089.0,332.79,4.52628739,0.0536,0.0,5700.0,1.006,1.003,0.9624764112339664,G,-1.2346431821675996,1
K04595.01,kepler,NON_HABITABLE,1.09,1578.0,1473.77,0.597018404,0.0122,0.0,4985.0,0.63,0.688,0.22081901068152363,K,-1.2741610989782128,1
K04597.01,kepler,NON_HABITABLE,0.78,1018.0,254.2,4.82025124,0.0531,0.0,6035.0,0.777,0.864,0.7215157996454404,F,-1.2237849120845556,1
K04666.01,kepler,NON_HABITABLE,1.49,713.0,60.93,12.4019263,0.0984,0.0,5555.0,0.832,0.824,0.5938511693867616,G,-1.1339555481058998,1
K04667.01,kepler,NON_HABITABLE,2.45,395.0,5.77,152.823896,0.5895,0.0,6452.0,1.137,1.167,2.0183341782183475,F,-0.7380519215058801,1
K04670.01,kepler,NON_HABITABLE,89.29,795.0,94.48,6.80899076,0.0655,0.0,4992.0,0.854,0.81,0.4080456556379095,K,-1.168620240813683,1
K03061.02,kepler,NON_HABITABLE,1.17,367.0,4.28,77.915425,0.3331,0.0,5135.0,0.874,0.812,0.47849716313096863,K,-0.6462594740960896,1
K04460.01,kepler,HABITABILITY_ZONE,2.02,278.0,1.41,284.727213,0.8224,0.0,5497.0,1.08,0.913,0.9595004199485199,G,-0.15280086012620367,1
K04526.01,kepler,NON_HABITABLE,2.72,669.0,47.46,30.5392931,0.1942,0.0,5803.0,1.328,1.046,1.801777430903863,G,-1.110543449468012,1
K04528.01,kepler,NON_HABITABLE,10.63,801.0,97.64,8.31224474,0.0726,0.0,5421.0,0.816,0.739,0.5180750253798898,G,-1.1709267847883413,1
K04530.01,kepler,NON_HABITABLE,1.1,774.0,85.06,12.6362048,0.1072,0.0,5772.0,0.992,1.028,0.9840639999999999,G,-1.161004025588094,1
K07687.01,kepler,NON_HABITABLE,2.66,1156.0,422.77,23.266633,0.1821,0.0,5758.0,3.775,1.487,14.112867508956978,G,-1.2431353456930156,1
K04601.01,kepler,NON_HABITABLE,0.98,1010.0,245.79,7.94004281,0.0813,0.0,6278.0,1.081,1.132,1.6354276787266218,F,-1.2223237847749742,1
K04602.01,kepler,NON_HABITABLE,1.23,1212.0,510.14,2.85855049,0.0378,0.0,5441.0,0.964,0.881,0.7337763020815687,G,-1.2491247905052845,1
K03190.01,kepler,NON_HABITABLE,0.86,1012.0,247.66,8.95294046,0.0839,0.0,6047.0,1.207,0.98,1.7549676886954382,F,-1.2226555358617923,1
K04674.01,kepler,NON_HABITABLE,0.9,1121.0,373.1,4.84350003,0.0543,0.0,5762.0,1.056,0.906,1.1074281595071214,G,-1.2388271991699538,1
K04462.01,kepler,NON_HABITABLE,2.35,886.0,145.48,45.163025,0.2944,0.0,7675.0,2.015,1.665,12.69282662289969,A,-1.1960535375575756,1
K04463.01,kepler,NON_HABITABLE,1.52,475.0,12.0,36.7614011,0.2,0.0,5305.0,0.823,0.789,0.48332129860050865,G,-0.9134477826603291,1
K04464.01,kepler,NON_HABITABLE,1.23,727.0,66.12,4.373570433,0.0448,0.0,4362.0,0.64,0.627,0.13359718375424215,K,-1.1410137955769326,1
K04466.01,kepler,NON_HABITABLE,2.29,371.0,4.47,154.674369,0.5698,0.0,6338.0,1.002,1.023,1.4596176045951645,F,-0.6599196134553845,1
K04603.01,kepler,NON_HABITABLE,1.17,849.0,123.03,15.9513866,0.1311,0.0,6451.0,1.168,1.181,2.1285730707008295,F,-1.1860965861240809,1
K04605.01,kepler,NON_HABITABLE,0.68,939.0,183.92,7.7859111,0.0769,0.0,6045.0,0.954,0.994,1.094905608809964,F,-1.2086538948986476,1
K04676.01,kepler,NON_HABITABLE,3.21,876.0,139.27,31.183688,0.2158,0.0,5947.0,2.407,1.378,6.52887937554567,G,-1.193541906570958,1
K04467.01,kepler,NON_HABITABLE,1.42,1098.0,344.64,2.94242323,0.039,0.0,5436.0,0.819,0.919,0.5276917520192491,G,-1.2359486432452507,1
K07678.01,kepler,NON_HABITABLE,0.79,892.0,149.52,13.0914878,0.1104,0.0,5919.0,1.288,1.048,1.8345087867971992,G,-1.1976030911865192,1
K04680.01,kepler,NON_HABITABLE,1.54,431.0,8.19,54.0812235,0.264,0.0,5757.0,0.762,0.865,0.5746316871758378,G,-0.8299497426364939,1
K04473.01,kepler,NON_HABITABLE,1.25,913.0,164.06,13.6471211,0.1075,0.0,5771.0,1.382,0.89,1.9086007652700416,G,-1.202698324185993,1
K04474.01,kepler,NON_HABITABLE,1.63,612.0,33.22,16.473474,0.1126,0.0,5364.0,0.754,0.702,0.42402599192585455,G,-1.0716189862470924,1
K04541.01,kepler,NON_HABITABLE,2.08,911.0,162.94,8.5291223,0.08,0.0,5543.0,1.111,0.937,1.0497897850580327,G,-1.2023302712055426,1
K04613.01,kepler,NON_HABITABLE,0.81,1448.0,1038.36,1.962282625,0.0298,0.0,5726.0,0.979,0.915,0.9282510916958712,G,-1.267313909641274,1
K04614.01,kepler,NON_HABITABLE,1.38,1244.0,565.72,6.4546845,0.0718,0.0,6474.0,1.362,1.185,2.9358895000590945,F,-1.2521895248952877,1
K04685.01,kepler,NON_HABITABLE,1.51,2257.0,6096.15,0.494247662,0.0127,0.0,5763.0,0.998,1.107,0.9898064310431118,G,-1.2923497644066746,1
K04686.01,kepler,NON_HABITABLE,1.6,1177.0,453.44,11.8299383,0.1128,0.0,5747.0,2.431,1.365,5.808037563950392,G,-1.245434311146164,1
K04477.01,kepler,NON_HABITABLE,1.22,973.0,211.8,5.30179786,0.0587,0.0,5749.0,0.864,0.961,0.7346685179844759,G,-1.2155549521422742,1
K03158.01,kepler,NON_HABITABLE,0.5,938.0,182.81,3.60011712,0.0407,0.0,5051.0,0.721,0.692,0.3048419379005634,K,-1.208345787670651,1
K04477.02,kepler,NON_HABITABLE,1.62,806.0,99.6,9.32867952,0.0856,0.0,5749.0,0.864,0.961,0.7346685179844759,G,-1.172300292650049,1
K04478.01,kepler,NON_HABITABLE,1.19,811.0,102.25,6.38671206,0.0617,0.0,5071.0,0.811,0.768,0.3918418885361529,K,-1.174094491488462,1
K04545.01,kepler,NON_HABITABLE,0.85,1498.0,1190.04,0.849362238,0.0169,0.0,4973.0,0.788,0.891,0.34215349631836234,K,-1.2701232543666028,1
K04546.01,kepler,NON_HABITABLE,72.36,3380.0,30981.32,0.741768294,0.0186,0.0,5897.0,3.147,1.566,10.789782921642297,G,-1.302139091222675,1
K04548.01,kepler,NON_HABITABLE,1.61,465.0,11.01,61.083322,0.3082,0.0,5803.0,1.015,1.044,1.052536286195005,G,-0.8959051569898816,1
K04904.01,kepler,NON_HABITABLE,0.98,1178.0,455.99,3.5944891,0.0447,0.0,5523.0,1.046,0.922,0.9171877640040107,G,-1.2456146794104952,1
K04906.01,kepler,NON_HABITABLE,1.21,925.0,172.76,4.8608059,0.0529,0.0,5541.0,0.757,0.839,0.48667503631168507,G,-1.2054322604656722,1
K04907.01,kepler,NON_HABITABLE,0.67,1325.0,729.15,4.04481159,0.0511,0.0,6358.0,1.141,1.082,1.9166733020376114,F,-1.25907203169292,1
K03296.01,kepler,HABITABILITY_ZONE,1.96,349.0,3.51,62.869463,0.2829,0.0,4762.0,0.781,0.762,0.2825884077198366,K,-0.5764737890128729,1
K03298.01,kepler,NON_HABITABLE,2.24,391.0,5.55,29.9632816,0.1614,0.0,4463.0,0.638,0.624,0.1454935079403575,K,-0.7267560760971089,1
K01196.02,kepler,NON_HABITABLE,2.61,961.0,201.96,11.63486009,0.1011,0.0,5570.0,1.548,1.019,2.0780567504734617,G,-1.2132829285587972,1
K07712.01,kepler,NON_HABITABLE,1.06,1453.0,1052.42,4.8302364,0.0536,0.0,5086.0,2.247,0.877,3.0437310767936783,K,-1.2675997527346712,1
K04763.01,kepler,NON_HABITABLE,1.57,522.0,17.5,56.446465,0.2871,0.0,5995.0,1.117,0.988,1.451970545089104,G,-0.9815604061724652,1
K04764.01,kepler,NON_HABITABLE,1.45,471.0,11.6,31.4202111,0.1824,0.0,5269.0,0.748,0.822,0.3885176027204138,G,-0.9066270337243372,1
K04765.01,kepler,NON_HABITABLE,1.24,922.0,170.74,10.8118317,0.0994,0.0,6025.0,1.196,1.119,1.6981860719881383,F,-1.2048149666611152,1
K04766.01,kepler,NON_HABITABLE,1.12,859.0,128.51,5.56676609,0.0574,0.0,5032.0,0.859,0.81,0.42622956194517175,K,-1.1887674204983039,1
K04837.01,kepler,NON_HABITABLE,0.86,846.0,121.37,5.38613715,0.0542,0.0,5516.0,0.656,0.74,0.358921454545596,G,-1.1852550136283035,1
K04838.01,kepler,NON_HABITABLE,0.88,488.0,13.42,13.2965044,0.0948,0.0,4352.0,0.613,0.64,0.12144264181154658,K,-0.9350143439938182,1
K04839.01,kepler,NON_HABITABLE,2.01,1016.0,251.46,21.8420304,0.1622,0.0,6194.0,2.241,1.189,6.659831288638174,F,-1.2233179097233584,1
K04912.01,kepler,NON_HABITABLE,1.35,2543.0,9858.55,0.876850385,0.0197,0.0,6102.0,1.756,1.32,3.8515234524186863,F,-1.2961084643583252,1
K07703.01,kepler,POTENTIALLY_HABITABLE,1.96,254.0,0.98,413.51856,1.0911,0.0,6031.0,0.992,1.012,1.1729388427385876,F,0.0785800302358809,1
K03301.01,kepler,NON_HABITABLE,1.12,626.0,36.18,20.7106368,0.1421,0.0,5631.0,0.901,0.89,0.7353369706926558,G,-1.0815533069069774,1
K03303.01,kepler,NON_HABITABLE,2.02,451.0,9.81,29.3493852,0.1715,0.0,4987.0,0.722,0.784,0.2904869176622316,K,-0.8713852413663356,1
K04768.01,kepler,NON_HABITABLE,1.44,945.0,188.22,3.43633133,0.0384,0.0,5201.0,0.651,0.638,0.27938565433204854,G,-1.2098153809510412,1
K04771.01,kepler,NON_HABITABLE,1.95,440.0,8.88,142.703888,0.5812,0.0,6701.0,1.289,1.292,3.0182764611179005,F,-0.8488674651886522,1
K04772.01,kepler,NON_HABITABLE,1.69,1362.0,814.73,3.38080537,0.0461,0.0,6072.0,1.193,1.146,1.7430211190488603,F,-1.2618177974722489,1
K04840.01,kepler,NON_HABITABLE,1.74,1035.0,271.12,10.4716194,0.0966,0.0,5812.0,1.574,1.095,2.5468688919108216,G,-1.2265176140691398,1
K03214.01,kepler,NON_HABITABLE,1.53,1105.0,351.79,11.49500229,0.1038,0.0,6033.0,1.788,1.127,3.815601760524846,F,-1.236704413164705,1
K04913.01,kepler,NON_HABITABLE,2.44,1679.0,1875.92,6.78788113,0.0835,0.0,6537.0,2.829,1.677,13.166627381022865,F,-1.27822758253838,1
K04914.01,kepler,NON_HABITABLE,1.4,1155.0,419.95,5.47455167,0.0603,0.0,5611.0,1.312,0.972,1.5371755045505222,G,-1.2429114128650878,1
K03224.01,kepler,NON_HABITABLE,1.01,1348.0,779.48,3.43861067,0.0435,0.0,5383.0,1.401,0.926,1.4848018505500422,G,-1.2607415332404186,1
K03225.01,kepler,NON_HABITABLE,0.8,1180.0,458.62,4.8754765,0.0546,0.0,5513.0,1.286,0.911,1.3763491449874414,G,-1.245799575376446,1
K03305.01,kepler,NON_HABITABLE,2.52,390.0,5.48,65.6491001,0.3094,0.0,5436.0,0.819,0.919,0.5276917520192491,G,-0.7229185192342243,1
K03306.01,kepler,NON_HABITABLE,1.76,619.0,34.7,25.1593389,0.1694,0.0,5973.0,0.935,1.024,1.0025083325827415,G,-1.0767609860833405,1
K03307.01,kepler,NON_HABITABLE,1.41,737.0,69.76,10.5071781,0.0867,0.0,5290.0,0.865,0.788,0.5278975098415961,G,-1.1454794580560703,1
K03308.01,kepler,NON_HABITABLE,1.5,564.0,23.96,31.7787564,0.1803,0.0,5638.0,0.928,0.773,0.7839546652258482,G,-1.029285916365826,1
K07704.01,kepler,NON_HABITABLE,1.0,1112.0,361.47,5.4398033,0.0634,0.0,6108.0,1.08,1.147,1.4626429925837945,F,-1.23769194668668,1
K04772.02,kepler,NON_HABITABLE,1.07,789.0,91.74,9.0194714,0.08,0.0,5775.0,0.768,0.838,0.5910512016660123,G,-1.1665253379071643,1
K04773.01,kepler,NON_HABITABLE,0.82,978.0,216.18,8.8493948,0.0839,0.0,6095.0,1.11,1.004,1.5319179596388761,F,-1.2165167736960842,1
K04774.01,kepler,NON_HABITABLE,1.3,433.0,8.3,51.567801,0.254,0.0,5285.0,0.876,0.821,0.5393651590285315,G,-0.8332725113992786,1
K04775.01,kepler,NON_HABITABLE,2.75,1036.0,272.9,16.4491515,0.1437,0.0,5334.0,2.789,1.464,5.672882447235471,G,-1.2267897434859574,1
K04844.01,kepler,NON_HABITABLE,0.87,2017.0,3877.26,0.428046051,0.0104,0.0,5285.0,0.775,0.805,0.4221609727715121,G,-1.2878826044986202,1
K04846.01,kepler,NON_HABITABLE,1.32,625.0,36.02,19.254536,0.139,0.0,5668.0,0.868,0.963,0.7005732118397854,G,-1.0810599341685263,1
K04848.01,kepler,NON_HABITABLE,1.78,157.0,0.14,384.6961,0.8823,0.0,4228.0,0.623,0.618,0.1117405277433701,K,2.32784350979885,1
K03232.01,kepler,NON_HABITABLE,1.21,976.0,214.55,6.05919881,0.0646,0.0,5734.0,0.962,0.977,0.9013129454514618,G,-1.21616103672011,1
K00279.03,kepler,NON_HABITABLE,0.96,1199.0,488.52,7.5143967,0.082,0.0,6206.0,1.573,1.305,3.306733845529104,F,-1.2477934540133548,1
K01196.03,kepler,NON_HABITABLE,3.21,678.0,49.9,33.1981761,0.2034,0.0,5570.0,1.548,1.019,2.0780567504734617,G,-1.1154751794730637,1
K03308.02,kepler,NON_HABITABLE,0.86,1023.0,259.32,5.32784157,0.0548,0.0,5638.0,0.928,0.773,0.7839546652258482,G,-1.2246409400272988,1
K03309.01,kepler,NON_HABITABLE,5.91,390.0,5.45,71.05457555,0.3102,0.0,5290.0,0.865,0.788,0.5278975098415961,G,-0.7215153875117225,1
K03310.01,kepler,NON_HABITABLE,1.64,607.0,32.01,20.5512722,0.1416,0.0,5401.0,0.918,0.894,0.6460658444976238,G,-1.0671419680168344,1
K03311.01,kepler,NON_HABITABLE,4.98,668.0,47.21,31.827649,0.1939,0.0,4774.0,1.954,0.959,1.7867898952554087,K,-1.1100182378059646,1
K04776.01,kepler,NON_HABITABLE,1.07,928.0,175.29,7.5861587,0.0693,0.0,5934.0,0.871,0.767,0.8474638627740658,G,-1.2061907764520963,1
K04777.01,kepler,NON_HABITABLE,0.42,746.0,73.09,0.824000125,0.0113,0.0,3396.0,0.28,0.28,0.009394669345419472,M,-1.1492625575160973,1
K07706.01,kepler,POTENTIALLY_HABITABLE,1.19,303.0,2.0,42.049523793,0.186,0.0,4281.0,0.48,0.485,0.06972011525943218,K,-0.33907527971836077,1
K04780.01,kepler,NON_HABITABLE,1.25,875.0,138.25,6.60180003,0.0684,0.0,5591.0,0.86,0.977,0.6511028282554222,G,-1.193112493925009,1
K04849.01,kepler,NON_HABITABLE,0.62,1026.0,262.08,3.19938075,0.039,0.0,5483.0,0.702,0.779,0.4012748287805491,G,-1.2250898297217363,1
K04850.01,kepler,NON_HABITABLE,0.71,1184.0,465.54,3.04185157,0.04,0.0,5802.0,0.857,0.922,0.7498376656958832,G,-1.2462780861723046,1
K04852.01,kepler,NON_HABITABLE,0.93,1524.0,1279.95,1.89873195,0.031,0.0,5942.0,1.05,1.104,1.2382373456051146,G,-1.2715473643483786,1
K01101.02,kepler,NON_HABITABLE,1.9,632.0,37.65,11.39110963,0.0926,0.0,4999.0,0.76,0.814,0.32497835940215464,K,-1.0860660532892017,1
K03234.01,kepler,NON_HABITABLE,0.85,1602.0,1555.96,2.41810158,0.0368,0.0,6258.0,1.239,1.135,2.121189937800776,F,-1.2751189141817698,1
K03236.01,kepler,NON_HABITABLE,1.18,1400.0,908.79,7.13044117,0.082,0.0,6312.0,2.074,1.443,6.151487916155236,F,-1.264376408301407,1
K03237.01,kepler,NON_HABITABLE,2.46,581.0,27.02,33.4203001,0.2015,0.0,5731.0,1.066,0.977,1.1044110761332229,G,-1.045680588540446,1
K03312.01,kepler,NON_HABITABLE,1.91,665.0,46.21,18.0939004,0.133,0.0,5904.0,0.867,0.958,0.8228455040287904,G,-1.107865471215254,1
K03313.01,kepler,NON_HABITABLE,21.74,429.0,8.02,34.9524256,0.1993,0.0,4921.0,0.779,0.864,0.3206144454305989,K,-0.8248312938657143,1
K03315.01,kepler,NON_HABITABLE,1.31,585.0,27.62,31.1748311,0.1942,0.0,6086.0,0.921,1.003,1.0484356088102174,F,-1.048543918357508,1
K03316.01,kepler,NON_HABITABLE,2.84,411.0,6.72,47.0568476,0.2388,0.0,5288.0,0.74,0.828,0.38576598917590027,G,-0.780037555554441,1
K03206.01,kepler,NON_HABITABLE,1.38,736.0,69.25,15.1516409,0.1201,0.0,5780.0,1.0,1.0,1.0055555421967817,G,-1.1448740733322065,1
K04782.01,kepler,NON_HABITABLE,1.73,953.0,195.23,7.4213444,0.0758,0.0,6032.0,0.973,1.055,1.1291866170116838,F,-1.2116299814423837,1
K04853.01,kepler,NON_HABITABLE,1.14,684.0,51.69,17.7412303,0.1346,0.0,5817.0,0.956,1.032,0.9427721615320502,G,-1.1188841452313174,1
K04854.01,kepler,NON_HABITABLE,0.76,1136.0,394.32,2.63527677,0.0354,0.0,5215.0,0.864,0.854,0.4974385586597274,G,-1.2407666677801854,1
K04856.01,kepler,HABITABILITY_ZONE,3.03,356.0,3.78,147.388124,0.5661,0.0,6046.0,1.007,1.111,1.2207485659806718,F,-0.6037780680640633,1
K04857.01,kepler,NON_HABITABLE,1.17,1137.0,395.27,4.11497357,0.0504,0.0,6011.0,0.927,1.006,1.0107438103985082,F,-1.240850010953761,1
K03245.01,kepler,NON_HABITABLE,1.09,987.0,224.28,10.60052083,0.0948,0.0,6035.0,1.303,1.009,2.029049487899745,F,-1.218218239689333,1
K03324.01,kepler,NON_HABITABLE,2.37,551.0,21.77,21.8634638,0.1466,0.0,5383.0,0.789,0.885,0.4709190248049919,G,-1.0155098976128576,1
K01422.04,kepler,POTENTIALLY_HABITABLE,1.18,202.0,0.39,63.3354719,0.2279,0.0,3526.0,0.383,0.394,0.020427794962128258,M,0.8877136367065077,1
K04859.01,kepler,NON_HABITABLE,1.19,709.0,59.73,7.5019743,0.0678,0.0,4807.0,0.758,0.737,0.27639463579414647,K,-1.1322008984856176,1
K04861.01,kepler,NON_HABITABLE,1.6,528.0,18.43,29.1206519,0.1766,0.0,5671.0,0.788,0.872,0.5786097325230503,G,-0.9899623924463279,1
K03246.01,kepler,NON_HABITABLE,0.78,1539.0,1336.82,0.689967868,0.0141,0.0,4872.0,0.726,0.814,0.26754514237794497,K,-1.2723728782779211,1
K03248.01,kepler,NON_HABITABLE,0.64,981.0,218.66,6.91261536,0.0701,0.0,5761.0,1.044,0.96,1.0816511305699852,G,-1.2170465743895058,1
K07715.01,kepler,NON_HABITABLE,1.12,613.0,33.37,25.8616058,0.1685,0.0,6067.0,0.884,0.954,0.9538832442604,F,-1.0721615632090908,1
K03318.01,kepler,NON_HABITABLE,3.78,809.0,101.05,13.8353959,0.114,0.0,6020.0,1.057,1.03,1.3219975489919669,F,-1.1732914146682,1
K01404.02,kepler,HABITABILITY_ZONE,0.87,336.0,3.03,18.9060921,0.1088,0.0,3751.0,0.45,0.479,0.036116694403729756,K,-0.5208993566117224,1
K03318.02,kepler,NON_HABITABLE,3.83,658.0,44.24,25.6970688,0.1723,0.0,6020.0,1.057,1.03,1.3219975489919669,F,-1.103407123865567,1
K03319.01,kepler,NON_HABITABLE,2.64,819.0,106.48,19.5906103,0.1456,0.0,5794.0,1.496,1.072,2.272332399709403,G,-1.1768207770124393,1
K03319.02,kepler,NON_HABITABLE,2.35,1093.0,338.17,8.23983041,0.0817,0.0,5794.0,1.496,1.072,2.272332399709403,G,-1.2352447733209069,1
K04790.01,kepler,NON_HABITABLE,1.14,1115.0,365.15,6.07855,0.0653,0.0,6119.0,1.114,1.003,1.5674254887153751,F,-1.238057084196113,1
K03208.01,kepler,NON_HABITABLE,0.56,1438.0,1010.45,2.131660527,0.0321,0.0,5849.0,0.997,0.967,1.0481212168637049,G,-1.2667292591290142,1
K04792.01,kepler,NON_HABITABLE,0.91,1112.0,362.12,5.75902182,0.0654,0.0,6247.0,1.066,1.122,1.5591760082679518,F,-1.2377567856211729,1
K04862.01,kepler,NON_HABITABLE,1.08,1254.0,585.15,0.903763067,0.0158,0.0,4430.0,0.651,0.638,0.1470522223858958,K,-1.2531565430081788,1
K04864.01,kepler,NON_HABITABLE,0.78,1134.0,390.59,5.66494448,0.0593,0.0,5888.0,1.13,0.865,1.3826835709887577,G,-1.240437800224871,1
K03255.01,kepler,POTENTIALLY_HABITABLE,1.56,308.0,2.14,66.6504521,0.2875,0.0,4550.0,0.679,0.713,0.17802452903050178,K,-0.3708165197354714,1
K03319.03,kepler,NON_HABITABLE,1.62,1448.0,1039.47,3.54553077,0.0466,0.0,5794.0,1.496,1.072,2.272332399709403,G,-1.267336827631192,1
K03320.01,kepler,HABITABILITY_ZONE,21.26,355.0,3.74,85.0624157,0.369,0.0,5223.0,0.875,0.923,0.513323231630082,G,-0.6001086515703976,1
K03323.01,kepler,NON_HABITABLE,2.06,850.0,123.37,14.3196417,0.1144,0.0,5562.0,1.373,0.973,1.6253980069931107,G,-1.1862710562128995,1
K04793.01,kepler,NON_HABITABLE,0.89,1014.0,249.68,5.2736268,0.0595,0.0,5851.0,0.918,1.007,0.8898165214835604,G,-1.223008691519355,1
K04794.01,kepler,NON_HABITABLE,1.03,574.0,25.59,24.5041103,0.1568,0.0,5250.0,0.962,0.854,0.6334058469502205,G,-1.038404908808286,1
K04797.01,kepler,NON_HABITABLE,1.26,627.0,36.53,9.97202023,0.0797,0.0,4810.0,0.696,0.677,0.23361111111111113,K,-1.0826755734923188,1
K01151.03,kepler,NON_HABITABLE,0.67,954.0,195.3,5.24970432,0.0558,0.0,5528.0,0.853,0.838,0.6121599461080746,G,-1.211649131034234,1
K03258.01,kepler,NON_HABITABLE,1.88,479.0,12.46,40.3511707,0.223,0.0,5665.0,0.82,0.916,0.6239101800666298,G,-0.9208353729915919,1
K03259.01,kepler,NON_HABITABLE,2.45,389.0,5.44,72.9332762,0.3271,0.0,5316.0,0.902,0.875,0.5853932015801847,G,-0.7207158297725424,1
K03260.01,kepler,NON_HABITABLE,4.01,522.0,17.59,56.6746666,0.2836,0.0,5541.0,1.295,0.945,1.4242520321483914,G,-0.9824223849274598,1
K03329.01,kepler,NON_HABITABLE,2.16,851.0,123.89,12.6878176,0.1101,0.0,6258.0,1.046,1.102,1.5118207945737394,F,-1.1865296382116175,1
K07716.01,kepler,POTENTIALLY_HABITABLE,1.27,202.0,0.39,483.36405,1.1172,0.0,5700.0,0.718,0.806,0.49027869505134136,G,0.8891098916361345,1
K03330.01,kepler,NON_HABITABLE,1.15,574.0,25.59,16.2951259,0.116,0.0,4915.0,0.812,0.781,0.346657704972133,K,-1.0384033230997032,1
K04799.01,kepler,NON_HABITABLE,1.69,969.0,208.13,12.0729757,0.1046,0.0,5436.0,1.707,1.046,2.292342703182709,G,-1.2147255503768752,1
K04801.01,kepler,NON_HABITABLE,2.21,421.0,7.42,82.401274,0.3806,0.0,5886.0,1.0,1.083,1.0813735467197296,G,-0.8055060108097983,1
K03209.01,kepler,NON_HABITABLE,2.61,1242.0,562.27,11.91256675,0.1183,0.0,6337.0,2.335,1.556,7.921424889705323,F,-1.2520125864346892,1
K04871.01,kepler,NON_HABITABLE,0.6,1372.0,836.88,4.08197713,0.0511,0.0,6538.0,1.156,1.061,2.199834675547062,F,-1.2624588353303428,1
K04875.01,kepler,NON_HABITABLE,0.65,1025.0,260.05,0.912179022,0.0155,0.0,3880.0,0.555,0.591,0.06289376287469511,K,-1.2247601157170311,1
K03261.01,kepler,NON_HABITABLE,1.67,811.0,102.25,12.27057043,0.1058,0.0,6075.0,0.969,1.048,1.1521987334575932,F,-1.1740969196418842,1
K03262.01,kepler,NON_HABITABLE,1.94,867.0,133.34,13.2274753,0.1176,0.0,6269.0,1.155,1.237,1.856315359526534,F,-1.1909815046560015,1
K03263.01,kepler,HABITABILITY_ZONE,7.71,202.0,0.4,76.87935893,0.2746,0.0,3638.0,0.436,0.467,0.02999980748434773,M,0.8751380839902851,1
K03264.01,kepler,NON_HABITABLE,1.36,556.0,22.6,13.0151826,0.093,0.0,4794.0,0.643,0.632,0.19674729718469416,K,-1.020971951693065,1
K04733.01,kepler,NON_HABITABLE,1.4,744.0,72.16,7.28116667,0.0696,0.0,5008.0,0.788,0.844,0.3518879750613368,K,-1.1482346826328675,1
K04735.01,kepler,NON_HABITABLE,0.85,1024.0,260.79,2.87998334,0.0366,0.0,4951.0,0.806,0.79,0.3516709537414621,K,-1.2248806717768694,1
K04803.01,kepler,NON_HABITABLE,1.2,1000.0,236.01,4.36125889,0.0518,0.0,5520.0,0.873,0.972,0.6374990011492103,G,-1.2205271462019396,1
K04804.01,kepler,NON_HABITABLE,2.08,651.0,42.44,21.08678557,0.1467,0.0,6084.0,0.863,0.944,0.9193335792010395,F,-1.0990709028630692,1
K04877.01,kepler,NON_HABITABLE,0.99,1170.0,442.55,5.19206571,0.0611,0.0,6322.0,1.075,1.124,1.6631430482250567,F,-1.2446449425463433,1
K04878.01,kepler,POTENTIALLY_HABITABLE,1.04,258.0,1.04,449.01499,1.137,0.0,6031.0,1.068,0.972,1.3595479507022499,F,0.03402649678377083,1
K03266.01,kepler,POTENTIALLY_HABITABLE,1.94,308.0,2.13,54.5091549,0.2401,0.0,4406.0,0.603,0.621,0.12345460829614366,K,-0.36813002829771296,1
K01151.04,kepler,NON_HABITABLE,0.76,639.0,39.42,17.4532945,0.1242,0.0,5528.0,0.853,0.838,0.6121599461080746,G,-1.0911594154808155,1
K03267.01,kepler,NON_HABITABLE,1.66,818.0,105.7,14.1959621,0.1209,0.0,6214.0,1.076,1.169,1.555264462808422,F,-1.1763298208234048,1
K07708.01,kepler,NON_HABITABLE,1.82,1367.0,827.56,6.70242786,0.0691,0.0,5466.0,2.224,0.979,3.9777985540964957,G,-1.2621923159295951,1
K04737.01,kepler,NON_HABITABLE,1.07,985.0,222.52,7.79534033,0.0798,0.0,6156.0,1.05,1.114,1.42648678628825,F,-1.217857004020538,1
K04808.01,kepler,NON_HABITABLE,0.65,621.0,35.1,2.40174996,0.0262,0.0,3606.0,0.399,0.415,0.024251767232024348,M,-1.0780673042034343,1
K04810.01,kepler,NON_HABITABLE,3.17,372.0,4.52,115.238544,0.4558,0.0,5589.0,1.037,0.948,0.9453413649163842,G,-0.6638335813245322,1
K04811.01,kepler,NON_HABITABLE,2.23,799.0,96.15,21.7434141,0.1519,0.0,5767.0,1.497,0.987,2.233253980016332,G,-1.169850820250941,1
K04881.01,kepler,NON_HABITABLE,1.16,1420.0,961.1,5.6795377,0.0649,0.0,6514.0,1.585,1.127,4.075156204815256,F,-1.2656336635438619,1
K04885.01,kepler,NON_HABITABLE,2.67,882.0,143.02,9.33955596,0.0838,0.0,5516.0,1.101,0.898,1.0110354377082695,G,-1.1950785194515612,1
K03271.01,kepler,NON_HABITABLE,1.89,579.0,26.62,19.5489666,0.1307,0.0,5549.0,0.732,0.776,0.4576945822414897,G,-1.0436784026262425,1
K03271.02,kepler,NON_HABITABLE,1.12,800.0,96.9,7.41834569,0.0685,0.0,5549.0,0.732,0.776,0.4576945822414897,G,-1.1703936370311134,1
K03274.01,kepler,NON_HABITABLE,2.24,523.0,17.67,35.6225528,0.2101,0.0,5799.0,0.878,0.975,0.7854095490100782,G,-0.9832018742999937,1
K04742.01,kepler,POTENTIALLY_HABITABLE,1.3,241.0,0.79,112.303136,0.3874,0.0,4401.0,0.595,0.613,0.1196558995394272,K,0.23360018984432254,1
K03202.01,kepler,NON_HABITABLE,2.86,564.0,23.91,92.461135,0.4267,0.0,5132.0,2.648,1.211,4.382049334338101,K,-1.0290054647646123,1
K04813.01,kepler,NON_HABITABLE,0.82,601.0,30.83,9.2294726,0.0734,0.0,4781.0,0.596,0.618,0.1672099837143073,K,-1.062548160732266,1
K04815.01,kepler,NON_HABITABLE,1.12,657.0,43.96,18.3721835,0.132,0.0,5937.0,0.83,0.908,0.7711148926046824,G,-1.1027667646829122,1
K04886.01,kepler,NON_HABITABLE,28.98,701.0,57.21,17.99562529,0.1365,0.0,5999.0,0.959,1.045,1.0731177351511214,G,-1.128335238040736,1
K04890.01,kepler,NON_HABITABLE,11.67,573.0,25.4,63.095068,0.3449,0.0,6622.0,1.325,1.372,3.0414674468521006,F,-1.0373734439738986,1
K01151.05,kepler,NON_HABITABLE,0.8,594.0,29.45,21.7203362,0.1437,0.0,5528.0,0.853,0.838,0.6121599461080746,G,-1.0568092772747968,1
K03277.01,kepler,NON_HABITABLE,3.19,810.0,101.56,42.9136635,0.2697,0.0,6049.0,2.483,1.419,7.436738104584198,F,-1.1736370393891702,1
K04745.01,kepler,HABITABILITY_ZONE,2.32,233.0,0.7,177.668663,0.5594,0.0,4721.0,0.701,0.74,0.2199210234749082,K,0.33410813789029614,1
K04747.01,kepler,NON_HABITABLE,2.22,469.0,11.42,92.263742,0.4204,0.0,6084.0,1.283,1.167,2.031911763316491,F,-0.903465772811204,1
K04748.01,kepler,NON_HABITABLE,1.72,999.0,235.89,6.64754478,0.0717,0.0,6046.0,1.007,1.111,1.2207485659806718,F,-1.2205032519487735,1
K04749.01,kepler,NON_HABITABLE,0.97,1394.0,892.9,1.97650073,0.031,0.0,5792.0,0.923,1.015,0.8637982604676029,G,-1.2639725936108674,1
K04818.01,kepler,NON_HABITABLE,1.46,1869.0,2888.6,3.79892774,0.0547,0.0,6831.0,2.106,1.511,8.7005876275481,F,-1.2843846370227543,1
K04820.01,kepler,NON_HABITABLE,1.48,750.0,74.65,14.7401061,0.1195,0.0,5999.0,0.959,1.045,1.0731177351511214,G,-1.1509531009615868,1
K03220.01,kepler,NON_HABITABLE,4.63,522.0,17.53,81.4160138,0.4039,0.0,6352.0,1.401,1.323,2.878809575454772,F,-0.981852826619231,1
K04891.01,kepler,NON_HABITABLE,1.39,1065.0,303.67,4.7309013,0.0552,0.0,5941.0,0.911,1.001,0.9314717194782982,G,-1.2311153608019358,1
K04892.01,kepler,NON_HABITABLE,1.08,717.0,62.37,21.3761817,0.1427,0.0,5984.0,1.052,0.846,1.2784758518230686,G,-1.1360015402620245,1
K04893.01,kepler,NON_HABITABLE,1.51,992.0,228.36,6.58753699,0.0711,0.0,6014.0,0.993,1.101,1.1621091010197324,F,-1.2190415728842983,1
K03279.01,kepler,NON_HABITABLE,2.42,585.0,27.66,30.8278245,0.1954,0.0,5982.0,0.96,1.047,1.0632192012752566,G,-1.0487636320432379,1
K03280.01,kepler,NON_HABITABLE,2.58,503.0,15.07,47.1607932,0.262,0.0,5936.0,0.965,1.075,1.0416574062987272,G,-0.9561373912963274,1
K03282.01,kepler,POTENTIALLY_HABITABLE,1.75,271.0,1.28,49.2768448,0.2126,0.0,3899.0,0.529,0.528,0.058266508562406706,K,-0.09605124463691742,1
K03284.01,kepler,POTENTIALLY_HABITABLE,0.97,288.0,1.62,35.2330694,0.1729,0.0,3749.0,0.524,0.554,0.04886737896432004,K,-0.2319606438491697,1
K04750.01,kepler,NON_HABITABLE,1.93,498.0,14.51,36.721576,0.2115,0.0,5662.0,0.84,0.937,0.6533302131831122,G,-0.9493063301236178,1
K03203.01,kepler,NON_HABITABLE,3.19,655.0,43.39,96.81647,0.4595,0.0,6404.0,2.467,1.38,9.222279967582033,F,-1.1014017747023017,1
K04822.01,kepler,NON_HABITABLE,0.69,1267.0,609.04,3.51413723,0.0461,0.0,6201.0,0.989,1.058,1.3029694071738156,F,-1.2542812007451483,1
K04823.01,kepler,NON_HABITABLE,1.51,1403.0,917.99,4.96504981,0.0566,0.0,5339.0,2.011,0.982,2.9604554833466317,G,-1.26460525386462,1
K04826.01,kepler,NON_HABITABLE,1.67,2248.0,6008.73,1.141148847,0.0227,0.0,5438.0,1.989,1.19,3.116887229457199,G,-1.2922222331484363,1
K04895.01,kepler,NON_HABITABLE,1.1,726.0,65.72,12.460565,0.1017,0.0,5435.0,0.933,0.901,0.6843152076418019,G,-1.1405021059002975,1
K04896.01,kepler,NON_HABITABLE,1.18,724.0,64.98,19.5945772,0.1421,0.0,6118.0,1.023,0.995,1.3209423629457206,F,-1.139539886203111,1
K04898.01,kepler,HABITABILITY_ZONE,2.72,264.0,1.15,409.87844,1.1313,0.0,6167.0,1.064,1.149,1.475277639472902,F,-0.026232440763703138,1
K03286.01,kepler,NON_HABITABLE,1.41,433.0,8.31,18.1373788,0.1132,0.0,4257.0,0.602,0.589,0.10722654029498467,K,-0.8334886758255898,1
K03287.01,kepler,NON_HABITABLE,1.6,478.0,12.38,51.1104797,0.2668,0.0,5968.0,0.881,0.97,0.8870779516900553,G,-0.9195240845824618,1
K03288.01,kepler,NON_HABITABLE,3.35,493.0,14.01,47.9869119,0.2495,0.0,5641.0,0.981,0.899,0.8779244091208968,G,-0.9429414660875548,1
K04754.01,kepler,NON_HABITABLE,1.28,955.0,197.02,7.08757462,0.0724,0.0,6060.0,0.925,1.008,1.039605748955838,F,-1.2120776601376875,1
K04755.01,kepler,NON_HABITABLE,1.75,999.0,235.28,3.74318005,0.045,0.0,5207.0,0.851,0.866,0.4796275720794355,G,-1.2203890041973664,1
K04756.01,kepler,NON_HABITABLE,8.17,1173.0,447.24,5.4169303,0.0633,0.0,6355.0,1.108,1.151,1.803999657111811,F,-1.2449884878291704,1
K04827.01,kepler,NON_HABITABLE,1.65,521.0,17.43,31.1920226,0.1793,0.0,5675.0,0.777,0.789,0.5641572990154438,G,-0.9809353286133747,1
K04829.01,kepler,NON_HABITABLE,2.26,1087.0,330.02,7.630545,0.0797,0.0,6407.0,1.179,1.155,2.110285507807994,F,-1.234327312485729,1
K04900.01,kepler,NON_HABITABLE,1.27,1024.0,259.72,6.6716723,0.0702,0.0,6086.0,1.021,1.031,1.288469037082305,F,-1.2247067072220503,1
K04902.01,kepler,POTENTIALLY_HABITABLE,1.78,197.0,0.35,409.38645,0.9878,0.0,4955.0,0.799,0.766,0.34670723478252036,K,1.0021954300164702,1
K04759.01,kepler,NON_HABITABLE,1.54,670.0,47.74,17.7662938,0.1342,0.0,5724.0,0.946,1.022,0.8655167628510051,G,-1.1111320536989868,1
K04762.01,kepler,NON_HABITABLE,1.29,568.0,24.64,11.56722589,0.088,0.0,4597.0,0.691,0.678,0.19210949044094944,K,-1.033227166638015,1
K07700.01,kepler,HABITABILITY_ZONE,3.13,237.0,0.75,631.56889,1.4908,0.0,6382.0,1.059,1.104,1.6761536609744851,F,0.2771000208565322,1
K04833.01,kepler,NON_HABITABLE,1.01,1332.0,743.6,4.31724247,0.0516,0.0,5992.0,1.31,0.979,1.9930790328034058,G,-1.2595685217508077,1
K04834.01,kepler,NON_HABITABLE,1.85,1733.0,2129.07,3.74099144,0.0547,0.0,5110.0,3.231,1.554,6.412866910685851,K,-1.280172775563397,1
K07711.01,kepler,POTENTIALLY_HABITABLE,1.31,246.0,0.87,302.779824,0.8412,0.0,5734.0,0.797,0.865,0.6186458551433449,G,0.16408058642866324,1
K03503.01,kepler,NON_HABITABLE,0.79,676.0,49.23,21.1876185,0.1462,0.0,6355.0,0.849,0.925,1.0591861916989096,F,-1.1141547055194783,1
K01873.02,kepler,NON_HABITABLE,2.39,602.0,31.13,34.9168399,0.2199,0.0,6194.0,1.069,1.161,1.5154266654073174,F,-1.0637456114397636,1
K01613.02,kepler,NON_HABITABLE,0.9,486.0,13.14,94.094392,0.4015,0.0,6099.0,1.308,0.974,2.1327734793055333,F,-0.9310303634098084,1
K03365.01,kepler,NON_HABITABLE,3.94,721.0,63.98,22.1270885,0.1525,0.0,5312.0,1.445,0.963,1.4978305005297263,G,-1.138205989471908,1
K03367.01,kepler,NON_HABITABLE,1.88,653.0,42.92,25.3736543,0.1693,0.0,6195.0,0.966,0.998,1.2382667346315113,F,-1.10025411242483,1
K03368.01,kepler,NON_HABITABLE,1.45,843.0,119.67,10.08535311,0.0914,0.0,5947.0,0.945,1.0,1.0063523876483838,G,-1.1843700205975114,1
K03434.01,kepler,NON_HABITABLE,1.24,864.0,131.91,10.2856373,0.0942,0.0,5841.0,1.06,1.053,1.1782983398907467,G,-1.1903382991516962,1
K03436.01,kepler,NON_HABITABLE,1.14,409.0,6.59,44.2018402,0.2196,0.0,5002.0,0.753,0.723,0.3197859746448454,K,-0.7747275277920289,1
K07746.01,kepler,HABITABILITY_ZONE,2.27,263.0,1.14,393.95608,1.0722,0.0,6217.0,0.989,1.056,1.31646938229072,F,-0.022000044054398222,1
K03437.01,kepler,NON_HABITABLE,2.18,928.0,175.74,15.0330623,0.1236,0.0,5849.0,1.601,1.114,2.702737451256744,G,-1.2063235431561463,1
K03437.02,kepler,NON_HABITABLE,3.51,702.0,57.44,34.7496038,0.2162,0.0,5849.0,1.601,1.114,2.702737451256744,G,-1.1286925058343398,1
K07764.01,kepler,NON_HABITABLE,2.83,449.0,9.59,227.83457,0.7638,0.0,6004.0,2.193,1.143,5.630341121664909,F,-0.8662952659300064,1
K03370.01,kepler,NON_HABITABLE,1.52,498.0,14.52,24.352541,0.1512,0.0,4891.0,0.805,0.776,0.3341004975002149,K,-0.9494149052167545,1
K03370.02,kepler,NON_HABITABLE,1.23,797.0,95.34,5.94228603,0.059,0.0,4891.0,0.805,0.776,0.3341004975002149,K,-1.16926096804203,1
K07735.01,kepler,NON_HABITABLE,4.05,400.0,6.04,382.30306,1.1324,0.0,5993.0,2.59,1.323,7.795991362311774,G,-0.7509707745054002,1
K03371.01,kepler,NON_HABITABLE,1.32,404.0,6.28,58.1263775,0.2869,0.0,5413.0,0.82,0.931,0.5200852337219728,G,-0.7616416391250567,1
K03372.01,kepler,NON_HABITABLE,2.28,660.0,44.86,26.7575866,0.1815,0.0,6215.0,1.052,1.111,1.4876155927575032,F,-1.104847178802172,1
K03438.01,kepler,NON_HABITABLE,1.08,787.0,90.4,14.5565618,0.1228,0.0,6065.0,1.061,1.163,1.3722988485142542,F,-1.1654658288644897,1
K03439.01,kepler,NON_HABITABLE,2.19,608.0,32.24,41.7084063,0.2482,0.0,6434.0,1.138,1.169,1.9994173698193134,F,-1.0680208072308566,1
K03440.01,kepler,NON_HABITABLE,2.21,564.0,23.95,33.0257179,0.2049,0.0,5819.0,0.99,1.049,1.0124149002643792,G,-1.0292778757715448,1
K01875.02,kepler,NON_HABITABLE,1.67,2386.0,7609.22,0.53835407,0.0127,0.0,5539.0,1.207,0.932,1.2354771315287296,G,-1.2941958334786092,1
K01627.03,kepler,NON_HABITABLE,2.75,1574.0,1449.04,3.80675878,0.052,0.0,6068.0,1.797,1.294,3.944329184556252,F,-1.2738570108223406,1
K03374.01,kepler,NON_HABITABLE,1.65,1131.0,386.61,9.5084871,0.0958,0.0,6144.0,1.668,1.296,3.5718369940486605,F,-1.240080566479416,1
K03374.02,kepler,NON_HABITABLE,1.95,739.0,70.4,34.1086562,0.2245,0.0,6144.0,1.668,1.296,3.5718369940486605,F,-1.1462252099374781,1
K03375.01,kepler,NON_HABITABLE,2.57,497.0,14.43,47.0563327,0.2524,0.0,5889.0,0.924,0.967,0.9251344853430745,G,-0.9482727382189785,1
K03377.01,kepler,NON_HABITABLE,0.99,506.0,15.56,10.0100312,0.0725,0.0,4338.0,0.508,0.507,0.08233421053275171,K,-0.9617069632821025,1
K03443.01,kepler,HABITABILITY_ZONE,2.07,321.0,2.52,96.169569,0.3771,0.0,5340.0,0.702,0.783,0.3610222451366001,G,-0.4449438187154699,1
K03444.01,kepler,NON_HABITABLE,0.76,404.0,6.31,12.67143692,0.0865,0.0,3705.0,0.529,0.536,0.04750714192624268,K,-0.7629740261617847,1
K03444.02,kepler,HABITABILITY_ZONE,4.98,240.0,0.79,60.32668824,0.2448,0.0,3705.0,0.529,0.536,0.04750714192624268,K,0.2380114946733314,1
K03444.03,kepler,NON_HABITABLE,0.5,682.0,51.07,2.63595435,0.0304,0.0,3705.0,0.529,0.536,0.04750714192624268,K,-1.1177136832612793,1
K03445.01,kepler,NON_HABITABLE,4.47,485.0,13.05,82.303914,0.3704,0.0,5602.0,1.425,0.997,1.8017596507825844,G,-0.9296236199693382,1
K01806.02,kepler,NON_HABITABLE,2.8,1002.0,238.78,17.9346606,0.1419,0.0,6426.0,1.775,1.182,4.840099725618616,F,-1.221047505061288,1
K07780.01,kepler,NON_HABITABLE,1.52,1667.0,1823.9,5.3360574,0.0647,0.0,6742.0,2.032,1.267,7.685942131484512,F,-1.2777784835971737,1
K03379.01,kepler,NON_HABITABLE,2.6,624.0,35.92,30.4544418,0.1939,0.0,6283.0,0.984,1.047,1.3594184067358086,F,-1.0807365354191718,1
K03383.01,kepler,NON_HABITABLE,2.09,479.0,12.46,37.8862977,0.2107,0.0,5513.0,0.818,0.868,0.5568693147707315,G,-0.9207958910207922,1
K03384.01,kepler,NON_HABITABLE,3.89,899.0,154.84,10.54841329,0.096,0.0,6047.0,1.092,1.059,1.436480918703666,F,-1.1995488223523942,1
K07749.01,kepler,HABITABILITY_ZONE,1.89,317.0,2.38,133.6348207,0.482,0.0,5202.0,0.918,0.834,0.555982937993784,G,-0.41901531009987,1
K03448.01,kepler,NON_HABITABLE,2.62,680.0,50.56,32.510844,0.2108,0.0,6074.0,1.358,1.183,2.261483380715895,F,-1.1167464347688798,1
K03451.01,kepler,NON_HABITABLE,1.58,955.0,196.51,10.90752977,0.1007,0.0,6414.0,1.147,1.141,2.0060297455738447,F,-1.2119521630363281,1
K01899.02,kepler,NON_HABITABLE,1.08,976.0,213.96,10.5226374,0.0962,0.0,6327.0,1.175,1.064,1.9932500394748587,F,-1.2160314971816013,1
K01628.02,kepler,NON_HABITABLE,1.02,1685.0,1904.34,1.772451066,0.0307,0.0,6243.0,1.149,1.226,1.8067917855955402,F,-1.2784651173056965,1
K03384.02,kepler,NON_HABITABLE,1.41,728.0,66.31,19.9158863,0.1467,0.0,6047.0,1.092,1.059,1.436480918703666,F,-1.1412467004659521,1
K07750.01,kepler,NON_HABITABLE,5.03,379.0,4.88,494.485085,1.374,0.0,6303.0,2.553,1.414,9.267990254016905,F,-0.687900553513817,1
K03455.01,kepler,NON_HABITABLE,1.45,711.0,60.49,14.0545718,0.1132,0.0,5783.0,0.88,0.977,0.7803201537686664,G,-1.1333248094886381,1
K03456.01,kepler,NON_HABITABLE,1.08,525.0,17.96,30.8609783,0.1862,0.0,5627.0,0.833,0.902,0.6267471586172749,G,-0.9857830751909444,1
K00332.02,kepler,NON_HABITABLE,0.79,1018.0,254.1,6.86674226,0.0745,0.0,5914.0,1.135,1.172,1.4197494664097376,G,-1.2237692742983386,1
K01806.03,kepler,NON_HABITABLE,2.39,1292.0,659.25,8.37159554,0.0854,0.0,6426.0,1.775,1.182,4.840099725618616,F,-1.2564429703177193,1
K01905.02,kepler,NON_HABITABLE,1.04,550.0,21.54,15.99560373,0.1141,0.0,4955.0,0.721,0.774,0.2823188491819094,K,-1.0139772252387653,1
K03389.01,kepler,NON_HABITABLE,3.98,917.0,167.51,29.7681831,0.2144,0.0,5640.0,2.916,1.479,7.751507392313868,G,-1.2038085177213806,1
K03391.01,kepler,HABITABILITY_ZONE,1.28,336.0,3.02,36.7662364,0.1754,0.0,4342.0,0.54,0.531,0.09337734176786305,K,-0.5188364802459604,1
K03458.01,kepler,NON_HABITABLE,1.45,783.0,88.83,14.0328775,0.1168,0.0,6063.0,1.001,1.079,1.2198688407429246,F,-1.164192015928307,1
K03459.01,kepler,NON_HABITABLE,1.75,740.0,71.11,13.2226149,0.1077,0.0,5931.0,0.863,0.953,0.8302865406941721,G,-1.1470407648260161,1
K01750.02,kepler,NON_HABITABLE,0.93,1220.0,525.68,2.53742164,0.0355,0.0,5447.0,0.917,0.928,0.6669033250731108,G,-1.2500300722387276,1
K03460.01,kepler,NON_HABITABLE,2.25,559.0,23.01,62.596544,0.3314,0.0,5934.0,1.509,1.237,2.543685168754961,G,-1.0235604231642923,1
K00352.02,kepler,NON_HABITABLE,2.99,838.0,116.46,16.00747237,0.1241,0.0,5857.0,1.305,0.993,1.805579560384612,G,-1.1826546879081794,1
K03393.01,kepler,NON_HABITABLE,2.64,538.0,19.86,54.6493679,0.2846,0.0,5751.0,1.282,1.028,1.6197359858686198,G,-1.0017387752767153,1
K01650.02,kepler,NON_HABITABLE,4.35,364.0,4.16,100.8276725,0.4029,0.0,5301.0,0.977,0.856,0.6790707975349776,G,-0.6360889664137928,1
K03394.01,kepler,NON_HABITABLE,1.79,793.0,93.42,15.5764061,0.1286,0.0,6214.0,1.076,1.169,1.555264462808422,F,-1.1678201074303678,1
K03395.01,kepler,NON_HABITABLE,1.11,849.0,122.48,10.00506974,0.0873,0.0,5912.0,0.924,0.884,0.9396721475631806,G,-1.185820334012557,1
K03396.01,kepler,NON_HABITABLE,1.82,516.0,16.7,36.2580749,0.2101,0.0,5818.0,0.848,0.937,0.7423031140468612,G,-0.9738486110299777,1
K03462.01,kepler,NON_HABITABLE,1.88,839.0,117.17,12.4326997,0.102,0.0,5480.0,1.229,0.914,1.2272151556824116,G,-1.1830420498503296,1
K03462.02,kepler,NON_HABITABLE,2.21,619.0,34.68,30.9902997,0.1875,0.0,5480.0,1.229,0.914,1.2272151556824116,G,-1.0766688821927333,1
K03465.01,kepler,NON_HABITABLE,0.81,630.0,37.12,16.0505464,0.1234,0.0,5428.0,0.853,0.971,0.5690522286985426,G,-1.0844854880619297,1
K03397.01,kepler,NON_HABITABLE,2.35,668.0,47.15,35.8754482,0.2283,0.0,6559.0,1.218,1.235,2.473658884165933,F,-1.1098824171683663,1
K03398.01,kepler,NON_HABITABLE,5.05,1682.0,1891.07,7.31945294,0.0898,0.0,5745.0,3.955,1.801,15.351393996216354,G,-1.2783548903854702,1
K03398.02,kepler,NON_HABITABLE,7.97,991.0,227.68,35.8007112,0.2588,0.0,5745.0,3.955,1.801,15.351393996216354,G,-1.218906633079549,1
K03398.03,kepler,NON_HABITABLE,3.58,2004.0,3805.87,4.32710579,0.0633,0.0,5745.0,3.955,1.801,15.351393996216354,G,-1.2876766585429076,1
K03468.01,kepler,NON_HABITABLE,3.22,967.0,206.73,20.7057153,0.1629,0.0,5668.0,2.437,1.338,5.522365344542937,G,-1.2144034579544285,1
K03469.01,kepler,NON_HABITABLE,1.91,420.0,7.36,60.532988,0.2961,0.0,5631.0,0.847,0.946,0.6498358105097769,G,-0.8036958398896658,1
K01781.03,kepler,HABITABILITY_ZONE,3.46,354.0,3.7,58.0198583,0.2711,0.0,4920.0,0.72,0.822,0.2736655398804527,K,-0.5957007012993978,1
K03470.01,kepler,NON_HABITABLE,1.61,794.0,94.08,15.0617835,0.1204,0.0,5806.0,1.158,1.024,1.3728400963852503,G,-1.168317420781501,1
K03401.01,kepler,NON_HABITABLE,1.96,750.0,74.61,17.9559673,0.1317,0.0,5641.0,1.195,0.944,1.3027315158603359,G,-1.1509113262304078,1
K01681.02,kepler,NON_HABITABLE,6.81,675.0,48.82,1.992812339,0.0238,0.0,3638.0,0.42,0.45,0.02783838713196984,M,-1.1133443952874773,1
K03403.01,kepler,NON_HABITABLE,2.23,650.0,42.32,39.818832,0.2285,0.0,5710.0,1.524,1.003,2.224380490368787,G,-1.0987851498326648,1
K03470.02,kepler,NON_HABITABLE,2.0,667.0,46.8,25.4337864,0.1707,0.0,5806.0,1.158,1.024,1.3728400963852503,G,-1.1091497681237985,1
K07773.01,kepler,NON_HABITABLE,1.04,1151.0,415.96,2.69339974,0.0363,0.0,5355.0,0.863,0.88,0.5517650684983829,G,-1.242590541451501,1
K03472.01,kepler,NON_HABITABLE,1.14,906.0,159.58,10.43003118,0.0962,0.0,6277.0,1.031,1.085,1.4866904630397306,F,-1.2012029224588543,1
K03473.01,kepler,NON_HABITABLE,6.96,816.0,104.6,27.63714708,0.193,0.0,5214.0,2.427,1.254,3.922097361381662,G,-1.1756283912597172,1
K03474.01,kepler,NON_HABITABLE,1.83,553.0,22.13,52.6095103,0.2846,0.0,5881.0,1.294,1.109,1.8045460971214087,G,-1.017947146935664,1
K01830.02,kepler,HABITABILITY_ZONE,3.56,258.0,1.05,198.7106251,0.6253,0.0,5180.0,0.8,0.825,0.41513918012173223,K,0.027630877453660108,1
K07729.01,kepler,NON_HABITABLE,1.57,761.0,79.36,50.563697,0.3102,0.0,6759.0,2.022,1.552,7.687529557650956,F,-1.1557467979112916,1
K03335.01,kepler,NON_HABITABLE,2.29,635.0,38.54,31.2543238,0.2053,0.0,6246.0,1.092,1.18,1.6351135090624525,F,-1.0886637977351858,1
K00284.04,kepler,NON_HABITABLE,1.41,414.0,6.96,110.2867031,0.4393,0.0,5931.0,1.101,0.929,1.3513910687958495,G,-0.7891121473629001,1
K01525.02,kepler,NON_HABITABLE,2.87,1407.0,926.72,11.8061737,0.1216,0.0,6900.0,2.599,1.714,13.794425952550323,F,-1.264819320645556,1
K03403.02,kepler,NON_HABITABLE,1.2,1212.0,510.35,6.15828666,0.0658,0.0,5710.0,1.524,1.003,2.224380490368787,G,-1.2491371973408534,1
K03404.01,kepler,NON_HABITABLE,1.82,400.0,6.07,82.292865,0.3679,0.0,5626.0,0.957,0.977,0.8266420572134461,G,-0.7522475754228399,1
K03407.01,kepler,HABITABILITY_ZONE,2.89,348.0,3.46,92.436978,0.3729,0.0,5595.0,0.741,0.808,0.48476526060470454,G,-0.5717791857639847,1
K03408.01,kepler,NON_HABITABLE,1.65,453.0,9.94,65.427645,0.3178,0.0,6014.0,0.926,0.998,1.0105792546881507,F,-0.874235872387912,1
K01788.02,kepler,HABITABILITY_ZONE,3.07,197.0,0.35,369.069345,0.9231,0.0,4855.0,0.778,0.769,0.3029778233907496,K,1.0014276420187749,1
K01833.02,kepler,NON_HABITABLE,2.58,583.0,27.35,7.68433346,0.0634,0.0,4402.0,0.572,0.575,0.11068452885586702,K,-1.047296562946437,1
K03337.01,kepler,NON_HABITABLE,1.56,725.0,65.16,11.16622885,0.0955,0.0,5552.0,0.836,0.931,0.5982808403253274,G,-1.139775661851558,1
K03339.01,kepler,NON_HABITABLE,2.55,638.0,39.2,23.1334494,0.1453,0.0,5712.0,0.932,0.763,0.8330658468581794,G,-1.0905354620706653,1
K03340.01,kepler,NON_HABITABLE,0.84,923.0,171.51,8.9539656,0.0823,0.0,6168.0,0.947,0.925,1.169424339029352,F,-1.2050519192012958,1
K03340.02,kepler,NON_HABITABLE,1.06,800.0,97.06,13.7281373,0.1094,0.0,6168.0,0.947,0.925,1.169424339029352,F,-1.1705129351308263,1
K03410.01,kepler,NON_HABITABLE,2.09,821.0,107.25,16.5860329,0.127,0.0,5626.0,1.389,0.991,1.7413982877800853,G,-1.1773013924513824,1
K03411.01,kepler,NON_HABITABLE,12.68,658.0,44.22,26.83771808,0.1845,0.0,6194.0,1.069,1.161,1.5154266654073174,F,-1.1033790845982332,1
K03412.01,kepler,NON_HABITABLE,3.65,801.0,97.43,16.7525077,0.1262,0.0,4807.0,1.802,0.955,1.5620710085026137,K,-1.1707766815836416,1
K01681.03,kepler,NON_HABITABLE,10.61,558.0,22.83,3.53105835,0.0348,0.0,3638.0,0.42,0.45,0.02783838713196984,M,-1.022479321707358,1
K07774.01,kepler,NON_HABITABLE,1.14,901.0,156.27,6.32589574,0.0647,0.0,5749.0,0.818,0.907,0.6585223998894092,G,-1.2000566206251733,1
K03480.01,kepler,NON_HABITABLE,1.15,671.0,47.91,11.9378354,0.0954,0.0,5469.0,0.738,0.826,0.4389743328399186,G,-1.1114915265061285,1
K03481.01,kepler,NON_HABITABLE,3.68,902.0,156.74,32.715906,0.233,0.0,5527.0,3.192,1.574,8.566005205902004,G,-1.2002215315306848,1
K03482.01,kepler,NON_HABITABLE,1.91,821.0,107.44,15.3317719,0.1216,0.0,5726.0,1.285,1.018,1.5992131063732817,G,-1.1774156493916919,1
K03483.01,kepler,NON_HABITABLE,2.08,474.0,11.96,82.331756,0.3864,0.0,5997.0,1.242,1.135,1.7975215153202972,G,-0.9127276764937616,1
K03484.01,kepler,NON_HABITABLE,4.17,537.0,19.59,84.704139,0.4089,0.0,6085.0,1.634,1.271,3.2979278103723297,F,-0.9996140092688031,1
K03341.01,kepler,NON_HABITABLE,2.13,700.0,56.79,27.0965146,0.179,0.0,5775.0,1.352,1.038,1.8317071799894726,G,-1.1276582018590335,1
K03341.02,kepler,NON_HABITABLE,1.48,930.0,176.97,11.5474983,0.1014,0.0,5775.0,1.352,1.038,1.8317071799894726,G,-1.2066823876407355,1
K03343.01,kepler,NON_HABITABLE,2.89,439.0,8.78,83.2664103,0.3654,0.0,5538.0,1.18,0.937,1.1799688175268823,G,-0.8463260974535641,1
K03344.01,kepler,NON_HABITABLE,1.88,841.0,118.5,11.6044881,0.0981,0.0,5533.0,1.166,0.934,1.1479804496996306,G,-1.1837524563830866,1
K03415.01,kepler,NON_HABITABLE,1.77,874.0,137.91,15.0219784,0.1197,0.0,5831.0,1.382,1.011,1.9892206642075294,G,-1.1929721574539103,1
K03416.01,kepler,NON_HABITABLE,1.25,703.0,57.62,11.8237228,0.0978,0.0,5559.0,0.803,0.899,0.5547693984696409,G,-1.1289723924510238,1
K03417.01,kepler,NON_HABITABLE,3.26,415.0,7.02,91.078624,0.3982,0.0,5915.0,1.008,1.014,1.120559109182723,G,-0.7914894043805465,1
K03418.01,kepler,NON_HABITABLE,3.85,443.0,9.1,85.272459,0.3677,0.0,5922.0,1.057,0.911,1.2379933081141887,G,-0.8544722853635954,1
K03486.01,kepler,NON_HABITABLE,1.63,627.0,36.63,19.0689513,0.129,0.0,5418.0,0.889,0.788,0.6135560389742707,G,-1.0829626756979713,1
K01833.03,kepler,NON_HABITABLE,1.51,644.0,40.66,5.70940795,0.052,0.0,4402.0,0.572,0.575,0.11068452885586702,K,-1.0945232763667476,1
K03344.02,kepler,NON_HABITABLE,1.68,1238.0,555.71,3.63898953,0.0453,0.0,5533.0,1.166,0.934,1.1479804496996306,G,-1.2516717263111672,1
K03345.01,kepler,NON_HABITABLE,1.54,613.0,33.43,38.1303324,0.2322,0.0,6370.0,1.106,1.148,1.8145239029634754,F,-1.07236483707768,1
K03346.01,kepler,NON_HABITABLE,1.53,783.0,88.9,14.42735088,0.116,0.0,5929.0,1.04,1.0,1.2041683004697254,G,-1.16424968814764,1
K07759.01,kepler,NON_HABITABLE,1.92,1378.0,851.73,6.2253374,0.0694,0.0,6263.0,1.726,1.147,4.129580532561694,F,-1.2628746044593369,1
K03347.01,kepler,NON_HABITABLE,1.49,675.0,48.99,12.90235874,0.103,0.0,5530.0,0.788,0.882,0.5231758282376191,G,-1.1136797902047664,1
K03348.01,kepler,NON_HABITABLE,2.2,561.0,23.35,36.4337867,0.2108,0.0,5566.0,1.099,0.938,1.0443904769623653,G,-1.0256508171450422,1
K03420.02,kepler,NON_HABITABLE,2.24,952.0,194.3,12.5014905,0.1085,0.0,5821.0,1.492,1.088,2.3026225513548537,G,-1.2113960808836062,1
K03421.01,kepler,NON_HABITABLE,1.7,651.0,42.54,40.6511021,0.249,0.0,6297.0,1.369,1.247,2.654827941128336,F,-1.0993195504744055,1
K07775.01,kepler,NON_HABITABLE,3.46,509.0,15.86,89.945828,0.3781,0.0,5115.0,1.924,0.891,2.2829026798555616,K,-0.965046456786724,1
K03422.01,kepler,NON_HABITABLE,13.01,1640.0,1708.38,40.1454757,0.3196,0.0,7852.0,7.162,2.697,175.6647036535061,A,-1.276708742573754,1
K01707.02,kepler,HABITABILITY_ZONE,4.2,291.0,1.7,265.47847,0.7733,0.0,5792.0,1.005,0.875,1.024096888389514,G,-0.2567604235126808,1
K07733.01,kepler,NON_HABITABLE,4.52,3871.0,52952.95,1.048130894,0.0246,0.0,7673.0,3.214,1.799,32.25872869294278,A,-1.303973874607472,1
K03493.01,kepler,NON_HABITABLE,2.03,531.0,18.74,46.7162336,0.2588,0.0,5856.0,1.092,1.057,1.2634098522242931,G,-0.9926080071723227,1
K03495.01,kepler,NON_HABITABLE,1.72,753.0,75.96,17.6062701,0.1342,0.0,5808.0,1.159,1.038,1.3771080373405928,G,-1.1523293542030761,1
K03349.01,kepler,NON_HABITABLE,2.24,441.0,8.92,82.175197,0.373,0.0,6247.0,0.954,1.022,1.248755699746202,F,-0.8499024958668218,1
K03352.01,kepler,NON_HABITABLE,1.68,860.0,129.28,10.35857039,0.0932,0.0,5893.0,1.02,1.005,1.1304225652483038,G,-1.1891281007510364,1
K01562.02,kepler,NON_HABITABLE,2.25,662.0,45.49,20.0679247,0.1442,0.0,5997.0,0.904,0.991,0.9522868047380803,G,-1.1062824488008378,1
K03423.01,kepler,NON_HABITABLE,2.8,660.0,44.87,30.2541186,0.2043,0.0,6277.0,1.161,1.239,1.8852444216024644,F,-1.104869247816603,1
K03425.01,kepler,NON_HABITABLE,2.24,967.0,207.16,20.034708,0.1557,0.0,6120.0,2.0,1.251,5.055456644324149,F,-1.214502423472634,1
K07776.01,kepler,NON_HABITABLE,3.15,144.0,0.1,541.92452,1.098,0.0,4378.0,0.614,0.601,0.12477698327853419,K,2.974174700843286,1
K03425.02,kepler,NON_HABITABLE,1.41,1791.0,2436.47,3.15722086,0.0454,0.0,6120.0,2.0,1.251,5.055456644324149,F,-1.2821140914010891,1
K03426.01,kepler,NON_HABITABLE,1.57,508.0,15.78,58.7701045,0.2893,0.0,6158.0,1.013,0.934,1.3294510130751205,F,-0.964132537736389,1
K03495.02,kepler,NON_HABITABLE,1.25,1040.0,276.02,6.685438,0.0704,0.0,5808.0,1.159,1.038,1.3771080373405928,G,-1.2272606088840339,1
K03496.01,kepler,NON_HABITABLE,2.18,903.0,157.09,23.2385587,0.1753,0.0,6602.0,1.685,1.333,4.859556106773413,F,-1.200343525590015,1
K03496.02,kepler,NON_HABITABLE,1.58,1260.0,595.97,8.5433774,0.09,0.0,6602.0,1.685,1.333,4.859556106773413,F,-1.2536741984703101,1
K03497.01,kepler,POTENTIALLY_HABITABLE,0.8,276.0,1.38,20.35971899,0.1025,0.0,3419.0,0.344,0.346,0.014568270564092272,M,-0.13951134170442442,1
K07744.01,kepler,NON_HABITABLE,1.34,870.0,135.43,11.7201693,0.1052,0.0,6193.0,1.067,1.127,1.5087867768130965,F,-1.191903661632296,1
K01837.02,kepler,NON_HABITABLE,1.06,1270.0,615.67,1.682934607,0.0272,0.0,5201.0,0.834,0.948,0.4585368325808158,G,-1.2545818376802693,1
K03353.01,kepler,NON_HABITABLE,1.7,674.0,48.88,11.55532445,0.0911,0.0,5149.0,0.803,0.755,0.408335716051112,K,-1.1134553757298762,1
K03354.01,kepler,NON_HABITABLE,1.33,771.0,83.39,11.5706005,0.0964,0.0,5718.0,0.9,0.89,0.7801108770305676,G,-1.1595165786360069,1
K03355.01,kepler,NON_HABITABLE,1.6,773.0,84.23,16.2953228,0.1264,0.0,6187.0,1.013,1.007,1.3546717215794493,F,-1.160265923288428,1
K07762.01,kepler,NON_HABITABLE,1.38,891.0,148.86,8.5073512,0.0819,0.0,5914.0,0.955,1.011,1.0051404118863871,G,-1.1973541379775152,1
K03356.01,kepler,NON_HABITABLE,1.35,598.0,30.24,26.0841212,0.1681,0.0,6083.0,0.835,0.933,0.8600801550297579,F,-1.0601248807470973,1
K03428.01,kepler,NON_HABITABLE,2.12,535.0,19.39,64.6589166,0.3211,0.0,5821.0,1.395,1.054,2.0129524804769,G,-0.9980185932190391,1
K03429.01,kepler,NON_HABITABLE,1.8,758.0,78.2,15.8283833,0.1213,0.0,5596.0,1.145,0.95,1.1582878664340066,G,-1.1546049539700127,1
K03429.02,kepler,NON_HABITABLE,1.94,924.0,172.38,8.74192361,0.0817,0.0,5596.0,1.145,0.95,1.1582878664340066,G,-1.2053172489454143,1
K01792.03,kepler,NON_HABITABLE,1.32,873.0,137.45,9.10969334,0.0862,0.0,5611.0,1.073,1.026,1.0281470388711655,G,-1.1927761909495764,1
K03500.01,kepler,NON_HABITABLE,3.78,677.0,49.76,73.7502765,0.3859,0.0,6056.0,2.481,1.408,7.459190604801289,F,-1.1152033309938554,1
K03500.02,kepler,NON_HABITABLE,1.57,1690.0,1927.62,4.7482669,0.062,0.0,6056.0,2.481,1.408,7.459190604801289,F,-1.2786557785162105,1
K03358.01,kepler,NON_HABITABLE,4.05,752.0,75.32,10.10404351,0.0876,0.0,5530.0,0.831,0.876,0.5818315711619703,G,-1.1516612750536355,1
K03361.01,kepler,NON_HABITABLE,2.33,454.0,10.04,65.9407869,0.3244,0.0,5982.0,0.96,1.047,1.0632192012752566,G,-0.87633688413719,1
K03363.01,kepler,NON_HABITABLE,1.69,746.0,73.37,14.53260546,0.1173,0.0,6003.0,0.932,1.019,1.01624847863358,F,-1.1495729069721514,1
K01718.02,kepler,NON_HABITABLE,2.14,377.0,4.78,153.348739,0.5545,0.0,6127.0,1.08,0.964,1.4809273118071262,F,-0.6819413946584825,1
K03430.01,kepler,NON_HABITABLE,0.9,588.0,28.27,13.9248005,0.1013,0.0,5271.0,0.648,0.718,0.2920228175670371,G,-1.0515821183368739,1
K03431.01,kepler,NON_HABITABLE,2.08,676.0,49.23,19.6001405,0.1432,0.0,6003.0,0.932,1.019,1.01624847863358,F,-1.1141628893969413,1
K03432.01,kepler,NON_HABITABLE,2.36,564.0,23.9,48.0506878,0.2528,0.0,5332.0,1.453,0.932,1.5373986730133617,G,-1.028940893757461,1
K03433.01,kepler,NON_HABITABLE,36.05,506.0,15.46,34.08429351,0.1935,0.0,5252.0,0.922,0.83,0.5827139593853491,G,-0.9605782147392531,1
K03893.01,kepler,NON_HABITABLE,1.86,787.0,91.01,3.90863457,0.0418,0.0,4518.0,0.653,0.639,0.16006853833529078,K,-1.1659476391014238,1
K02092.03,kepler,NON_HABITABLE,29.77,464.0,11.0,77.086191,0.367,0.0,6228.0,1.049,1.107,1.4915578505843197,F,-0.8957793734806564,1
K01955.03,kepler,NON_HABITABLE,1.18,1897.0,3071.95,1.644221032,0.0293,0.0,6297.0,1.369,1.247,2.654827941128336,F,-1.2851591237127753,1
K02011.02,kepler,NON_HABITABLE,1.16,888.0,146.92,17.2653659,0.1412,0.0,6388.0,1.402,1.259,2.948834286061881,F,-1.196615732516837,1
K03823.01,kepler,HABITABILITY_ZONE,5.8,286.0,1.59,202.1168173,0.6666,0.0,5536.0,0.917,0.964,0.7115701271994137,G,-0.22080568057270367,1
K00435.03,kepler,NON_HABITABLE,2.36,561.0,23.4,33.0405509,0.1943,0.0,5688.0,0.971,0.895,0.8891428101559796,G,-1.0259466210697976,1
K03901.01,kepler,NON_HABITABLE,6.67,450.0,9.68,160.130899,0.6276,0.0,6092.0,1.759,1.283,3.839423050308974,F,-0.868498696663538,1
K03749.01,kepler,HABITABILITY_ZONE,12.85,307.0,2.1,10.72725536,0.0612,0.0,3324.0,0.268,0.267,0.007899659255802719,M,-0.3609272837674265,1
K02055.02,kepler,NON_HABITABLE,1.79,1169.0,440.08,4.02582434,0.0483,0.0,5509.0,1.116,0.924,1.033508824158205,G,-1.244462212012813,1
K02093.02,kepler,NON_HABITABLE,12.28,3662.0,42618.46,2.508116,0.033,0.0,5096.0,8.769,0.763,46.72104282574467,K,-1.3032893541017123,1
K01955.04,kepler,NON_HABITABLE,2.76,754.0,76.31,26.2347447,0.1859,0.0,6297.0,1.369,1.247,2.654827941128336,F,-1.152694503006682,1
K03678.01,kepler,HABITABILITY_ZONE,9.09,346.0,3.39,160.88451966,0.5416,0.0,5650.0,1.044,0.818,1.000666818132222,G,-0.5637347920447112,1
K03680.01,kepler,HABITABILITY_ZONE,11.49,352.0,3.62,141.2415405,0.5205,0.0,5705.0,1.017,0.941,0.9870955889568742,G,-0.5878930594563535,1
K03681.01,kepler,HABITABILITY_ZONE,11.17,343.0,3.29,217.83184293,0.7545,0.0,6259.0,1.167,1.21,1.8830256184976972,F,-0.5521383799415398,1
K02018.02,kepler,NON_HABITABLE,1.14,705.0,58.53,16.0988294,0.114,0.0,5657.0,0.911,0.762,0.7657309113328337,G,-1.1303901955551452,1
K03835.01,kepler,NON_HABITABLE,2.58,391.0,5.5,47.1484324,0.2317,0.0,4975.0,0.734,0.746,0.2973439938553066,K,-0.7243140943193928,1
K02055.03,kepler,NON_HABITABLE,1.48,1369.0,828.59,2.50475282,0.0352,0.0,5509.0,1.116,0.924,1.033508824158205,G,-1.2622221127293363,1
K03908.01,kepler,NON_HABITABLE,2.23,566.0,24.33,59.3627946,0.2987,0.0,5786.0,1.471,1.006,2.1849111100219623,G,-1.0314308874792428,1
K03909.01,kepler,NON_HABITABLE,4.74,367.0,4.27,247.891041,0.833,0.0,6121.0,1.536,1.257,2.9837790457818487,F,-0.6453010324607363,1
K03911.01,kepler,NON_HABITABLE,1.29,1549.0,1356.76,1.79110997,0.0296,0.0,6040.0,0.999,1.07,1.1966673483374393,F,-1.2726500290398859,1
K07793.01,kepler,NON_HABITABLE,0.46,758.0,78.2,1.99469354,0.0249,0.0,3799.0,0.51,0.518,0.04881038539215189,K,-1.1546082870328607,1
K03681.02,kepler,NON_HABITABLE,1.25,943.0,187.06,10.51421162,0.1,0.0,6259.0,1.167,1.21,1.8830256184976972,F,-1.2095053351976344,1
K03683.01,kepler,NON_HABITABLE,9.17,380.0,4.93,214.3120439,0.7655,0.0,6471.0,1.357,1.303,2.908975107346736,F,-0.6913553240057536,1
K03685.02,kepler,NON_HABITABLE,1.57,967.0,206.88,7.2593226,0.0718,0.0,5914.0,0.987,0.938,1.0736291548005261,G,-1.214438918135533,1
K03761.01,kepler,HABITABILITY_ZONE,11.23,252.0,0.95,164.950399,0.5088,0.0,5001.0,0.664,0.645,0.24846103341829123,K,0.09689527836015938,1
K03913.01,kepler,NON_HABITABLE,5.87,2347.0,7152.6,0.582895412,0.014,0.0,6263.0,1.009,1.068,1.4112588863697808,F,-1.2937009419378538,1
K02093.03,kepler,NON_HABITABLE,10.0,6285.0,369989.68,0.496069986,0.0112,0.0,5096.0,8.769,0.763,46.72104282574467,K,-1.3076850390952544,1
K03916.01,kepler,NON_HABITABLE,1.9,817.0,105.25,5.33905606,0.0525,0.0,5057.0,0.704,0.676,0.29201949334732114,K,-1.1760436386587132,1
K01960.02,kepler,NON_HABITABLE,2.42,746.0,73.08,23.2218115,0.1622,0.0,5808.0,1.374,1.054,1.9354172456116099,G,-1.149252992191185,1
K03689.01,kepler,NON_HABITABLE,12.74,1320.0,716.85,5.24088367,0.0607,0.0,6452.0,1.305,1.079,2.6588459066239216,F,-1.2586373393026027,1
K02028.03,kepler,HABITABILITY_ZONE,2.52,318.0,2.42,142.545,0.5177,0.0,5642.0,0.846,0.91,0.6533828992665252,G,-0.4272281511771763,1
K03762.01,kepler,HABITABILITY_ZONE,10.31,342.0,3.22,240.7990472,0.7655,0.0,5758.0,1.385,1.029,1.8996819632380333,G,-0.5444682556265218,1
K02055.04,kepler,NON_HABITABLE,1.26,916.0,166.78,6.13074243,0.0636,0.0,5741.0,0.833,0.91,0.679101829720137,G,-1.2035741469851196,1
K03925.01,kepler,NON_HABITABLE,5.5,972.0,211.08,9.2075634,0.0865,0.0,5678.0,1.303,1.015,1.5898827396138455,G,-1.2153937298238489,1
K03925.02,kepler,NON_HABITABLE,2.55,1484.0,1147.44,2.5903958,0.0371,0.0,5678.0,1.303,1.015,1.5898827396138455,G,-1.2693908668943208,1
K03925.03,kepler,NON_HABITABLE,2.69,1167.0,438.71,5.3235335,0.06,0.0,5678.0,1.303,1.015,1.5898827396138455,G,-1.2443598053778469,1
K07795.01,kepler,NON_HABITABLE,0.97,892.0,149.44,5.44085762,0.0568,0.0,5519.0,0.762,0.827,0.48534016031569027,G,-1.1975730692498576,1
K03767.01,kepler,NON_HABITABLE,14.78,809.0,100.94,6.714247798,0.0634,0.0,5159.0,0.8,0.752,0.40844802064359464,K,-1.1732186055130445,1
K03770.01,kepler,NON_HABITABLE,7.31,1561.0,1403.43,2.60720833,0.04,0.0,6366.0,1.236,1.257,2.260467092132765,F,-1.2732753721105539,1
K03848.01,kepler,NON_HABITABLE,1.51,1374.0,843.8,1.847892736,0.0288,0.0,5763.0,0.842,0.937,0.7045525184417418,G,-1.2626541544469534,1
K01972.02,kepler,NON_HABITABLE,1.0,2024.0,3973.86,1.226223959,0.0218,0.0,5855.0,1.34,0.92,1.9011303921066385,G,-1.288152387069105,1
K02029.03,kepler,NON_HABITABLE,0.72,788.0,90.91,6.8873113,0.0657,0.0,5208.0,0.772,0.796,0.3950146595692454,G,-1.1658695446708462,1
K03777.01,kepler,NON_HABITABLE,146.63,1998.0,3768.37,17.7476059,0.1904,0.0,8992.0,4.832,2.922,137.5224986441076,A,-1.2875661388787984,1
K02059.02,kepler,NON_HABITABLE,0.44,1087.0,329.49,2.18565886,0.0307,0.0,4997.0,0.746,0.806,0.31261496428251756,K,-1.234267083782371,1
K00435.04,kepler,NON_HABITABLE,1.5,1140.0,399.84,3.93276627,0.047,0.0,5688.0,0.971,0.895,0.8891428101559796,G,-1.2412462685772485,1
K02094.02,kepler,HABITABILITY_ZONE,2.79,297.0,1.83,198.680859,0.6364,0.0,5330.0,1.013,0.869,0.7461436325339913,G,-0.29452437402919013,1
K03928.01,kepler,NON_HABITABLE,1.45,2537.0,9805.45,1.138548215,0.022,0.0,6520.0,1.713,1.094,4.777490357387626,F,-1.296071052499121,1
K02098.02,kepler,NON_HABITABLE,2.21,508.0,15.69,89.7224125,0.394,0.0,6429.0,1.262,1.011,2.451247271028142,F,-0.9631035203035218,1
K01986.02,kepler,NON_HABITABLE,1.21,784.0,89.24,7.12766417,0.0692,0.0,5159.0,0.821,0.868,0.4301729879416079,K,-1.164527819777882,1
K07796.01,kepler,NON_HABITABLE,0.94,1330.0,739.8,3.52364689,0.0469,0.0,6269.0,1.085,1.106,1.6381258590495862,F,-1.259439399901337,1
K02029.04,kepler,NON_HABITABLE,0.63,889.0,147.95,4.78850084,0.0515,0.0,5208.0,0.772,0.796,0.3950146595692454,G,-1.1970087890785603,1
K03787.01,kepler,HABITABILITY_ZONE,10.3,329.0,2.77,141.73403059,0.5185,0.0,5606.0,0.918,0.924,0.7498811667045112,G,-0.48470603371636894,1
K07785.01,kepler,HABITABILITY_ZONE,2.07,203.0,0.4,433.220461,1.0084,0.0,5232.0,0.777,0.727,0.4075751426107346,G,0.867041067016146,1
K03864.01,kepler,NON_HABITABLE,0.99,1351.0,784.51,1.210693626,0.0203,0.0,5014.0,0.756,0.756,0.32544351340888233,K,-1.2608995221065764,1
K02061.02,kepler,NON_HABITABLE,1.04,1402.0,911.28,1.090011003,0.0197,0.0,5081.0,0.77,0.864,0.35601880678812325,K,-1.2644386901744167,1
K03864.02,kepler,NON_HABITABLE,0.94,547.0,21.16,18.2572722,0.1236,0.0,5014.0,0.756,0.756,0.32544351340888233,K,-1.0113315534763674,1
K01905.03,kepler,NON_HABITABLE,1.15,427.0,7.82,34.2115022,0.1894,0.0,4955.0,0.721,0.774,0.2823188491819094,K,-0.8186551314476541,1
K03791.01,kepler,HABITABILITY_ZONE,7.23,308.0,2.14,440.7843755,1.1455,0.0,6340.0,1.393,1.031,2.8245806179227197,F,-0.37055660440108107,1
K03867.01,kepler,NON_HABITABLE,1.46,1676.0,1874.28,0.938750221,0.0185,0.0,5497.0,0.886,0.964,0.6457510216545853,G,-1.2782137059884888,1
K01915.02,kepler,NON_HABITABLE,2.65,592.0,29.08,67.844689,0.3473,0.0,5878.0,1.812,1.212,3.5312577958410545,G,-1.0552214033008682,1
K01992.02,kepler,NON_HABITABLE,3.61,705.0,58.35,27.3214242,0.1777,0.0,5592.0,1.451,1.0,1.8548046932962834,G,-1.130112327995903,1
K03794.01,kepler,NON_HABITABLE,22.95,1437.0,1004.07,0.65355361,0.0129,0.0,4550.0,0.66,0.666,0.16820084297423996,K,-1.2665920893100333,1
K02034.02,kepler,NON_HABITABLE,1.29,1256.0,588.1,2.3702932,0.0344,0.0,5668.0,0.868,0.963,0.7005732118397854,G,-1.25329883824943,1
K02076.02,kepler,HABITABILITY_ZONE,6.11,313.0,2.27,219.3215562,0.7391,0.0,6063.0,1.012,1.117,1.2468264542987704,F,-0.3976667825434527,1
K03801.01,kepler,HABITABILITY_ZONE,13.21,300.0,1.93,288.3128666,0.846,0.0,5672.0,1.22,0.969,1.3879034661228613,G,-0.3202126187546195,1
K03876.01,kepler,NON_HABITABLE,1.96,621.0,35.14,19.57783279,0.1409,0.0,5620.0,0.884,0.971,0.7023353090931693,G,-1.0782225432949992,1
K03878.01,kepler,NON_HABITABLE,2.84,438.0,8.66,70.9672087,0.3392,0.0,5818.0,0.986,1.032,1.0035601502201383,G,-0.843272739687599,1
K07791.01,kepler,NON_HABITABLE,231.85,2660.0,11829.18,106.18732,0.4546,0.0,3287.0,152.969,1.11,2460.9363536026717,M,-1.2973133080394745,1
K01922.03,kepler,NON_HABITABLE,4.22,407.0,6.51,105.6552651,0.4389,0.0,5741.0,1.136,1.01,1.2629947943352868,G,-0.7716845798669497,1
K00416.03,kepler,NON_HABITABLE,0.78,679.0,50.3,9.74765878,0.0834,0.0,5176.0,0.738,0.826,0.35219606922501606,K,-1.1162565250476537,1
K02004.02,kepler,NON_HABITABLE,0.98,1309.0,693.65,3.18899015,0.0434,0.0,5700.0,1.176,1.071,1.3152514113161051,G,-1.257786484321363,1
K07798.01,kepler,HABITABILITY_ZONE,2.15,314.0,2.3,309.89103,0.9485,0.0,6450.0,1.155,1.183,2.0801638143929284,F,-0.40355380339958086,1
K02039.02,kepler,NON_HABITABLE,0.75,1872.0,2913.14,0.762132307,0.0162,0.0,5594.0,0.934,0.981,0.7696234836222463,G,-1.2844925285193423,1
K03880.01,kepler,NON_HABITABLE,1.0,1783.0,2385.75,1.803697292,0.0296,0.0,6438.0,1.166,1.054,2.1042420766867407,F,-1.2818198192387265,1
K03728.01,kepler,NON_HABITABLE,22.27,2336.0,7027.09,5.546083089,0.078,0.0,7358.0,4.037,2.054,43.03792685496216,F,-1.2935565307728119,1
K03810.01,kepler,NON_HABITABLE,18.59,827.0,110.51,1.013774136,0.0147,0.0,3644.0,0.389,0.412,0.024038501213594906,M,-1.1792691353197016,1
K03811.01,kepler,HABITABILITY_ZONE,11.58,304.0,2.02,290.1401717,0.8431,0.0,5631.0,1.263,0.947,1.4449190629265458,G,-0.343261307166179,1
K02078.02,kepler,HABITABILITY_ZONE,2.88,211.0,0.47,161.515617,0.503,0.0,4243.0,0.641,0.651,0.11997835315004622,K,0.6914979828060168,1
K01932.02,kepler,NON_HABITABLE,2.49,1092.0,336.06,14.8444836,0.1329,0.0,6642.0,1.846,1.421,5.97521571642385,F,-1.235010131326658,1
K02004.03,kepler,NON_HABITABLE,0.7,1607.0,1575.2,1.72110057,0.0288,0.0,5700.0,1.176,1.071,1.3152514113161051,G,-1.275332349987006,1
K03815.01,kepler,NON_HABITABLE,7.27,1159.0,426.49,4.7425521,0.0579,0.0,6161.0,1.053,1.15,1.4393164462560242,F,-1.2434272765454293,1
K03891.01,kepler,NON_HABITABLE,78.98,751.0,75.4,47.1096306,0.2648,0.0,5258.0,2.78,1.115,5.321899012995116,G,-1.1517417263677499,1
K03892.01,kepler,NON_HABITABLE,0.92,1343.0,770.05,2.41660149,0.036,0.0,5705.0,1.026,1.069,1.004643611409158,G,-1.2604413642408974,1
K03663.01,kepler,HABITABILITY_ZONE,8.98,264.0,1.15,282.5253558,0.836,0.0,5725.0,0.913,0.974,0.806748616739927,G,-0.027129950960936868,1
K03741.02,kepler,NON_HABITABLE,1.36,879.0,140.97,18.577903,0.1402,0.0,6432.0,1.345,1.06,2.7894810918967097,F,-1.194248893558294,1
K01792.01,kepler,NON_HABITABLE,4.55,410.0,6.65,88.40678718,0.392,0.0,5611.0,1.073,1.026,1.0281470388711655,G,-0.7771181379324019,1
K03966.01,kepler,NON_HABITABLE,2.57,384.0,5.13,138.944022,0.5329,0.0,6014.0,1.115,1.044,1.4652041502149051,F,-0.703174934078198,1
K01666.01,kepler,NON_HABITABLE,1.78,2167.0,5205.91,0.968026356,0.0207,0.0,6469.0,1.193,1.26,2.2455576141766147,F,-1.2909047916365515,1
K01670.01,kepler,NON_HABITABLE,2.03,929.0,175.79,10.57910009,0.0986,0.0,6323.0,1.093,1.14,1.720393374960121,F,-1.2063363087291916,1
K01671.01,kepler,NON_HABITABLE,0.97,1822.0,2597.27,1.480283464,0.0257,0.0,5897.0,1.259,1.026,1.7269138859601276,G,-1.2829893173750515,1
K01821.01,kepler,NON_HABITABLE,2.85,802.0,97.85,9.97682072,0.0849,0.0,5500.0,0.928,0.821,0.7099723260614381,G,-1.1710718132453808,1
K07849.01,kepler,NON_HABITABLE,0.84,1065.0,305.12,5.0263815,0.0551,0.0,5783.0,0.962,0.885,0.9325188589673161,G,-1.2313023559834109,1
K02158.02,kepler,NON_HABITABLE,2.09,1350.0,784.74,6.68231249,0.0764,0.0,5343.0,2.506,1.33,4.6110256740236775,G,-1.2609067082516292,1
K07850.01,kepler,NON_HABITABLE,3.0,452.0,9.89,66.119119,0.3322,0.0,5828.0,1.028,1.116,1.0983964283161838,G,-0.8730792251706988,1
K01745.01,kepler,NON_HABITABLE,29.95,1568.0,1426.18,0.982090079,0.0176,0.0,5472.0,0.742,0.75,0.44472021984378834,G,-1.2735689957784282,1
K02480.01,kepler,NON_HABITABLE,1.49,1183.0,461.55,0.66682654,0.0123,0.0,3993.0,0.554,0.556,0.07029290317770576,K,-1.246002920432523,1
K03975.01,kepler,NON_HABITABLE,2.89,166.0,0.18,364.751562,0.8507,0.0,4386.0,0.63,0.616,0.13232756426914535,K,1.9131850205653458,1
K01846.01,kepler,HABITABILITY_ZONE,3.79,324.0,2.59,105.9566815,0.4217,0.0,5327.0,0.8,0.891,0.46430725679678353,G,-0.45698625471601195,1
K01957.01,kepler,NON_HABITABLE,29.33,2530.0,9703.01,1.38680229,0.0288,0.0,6823.0,2.037,1.66,8.101739098699111,F,-1.2959980138444578,1
K02162.02,kepler,POTENTIALLY_HABITABLE,1.45,305.0,2.06,199.66876,0.6193,0.0,5678.0,0.921,0.794,0.7943200471506442,G,-0.3522430125388023,1
K01695.01,kepler,NON_HABITABLE,2.19,561.0,23.44,71.4523167,0.3475,0.0,6148.0,1.488,1.094,2.8499419107524027,F,-1.0262408893131822,1
K01981.01,kepler,NON_HABITABLE,1.61,1650.0,1761.19,1.06378861,0.0198,0.0,5265.0,1.002,0.919,0.6950621757017623,G,-1.2772108335957384,1
K02663.01,kepler,NON_HABITABLE,0.68,768.0,82.32,9.88736642,0.0872,0.0,5693.0,0.816,0.911,0.630143938548157,G,-1.1585443973435512,1
K02728.01,kepler,NON_HABITABLE,6.3,938.0,182.91,42.3520039,0.2743,0.0,6864.0,2.632,1.535,13.854012640698427,F,-1.2083736304386625,1
K02742.01,kepler,NON_HABITABLE,0.91,1244.0,564.46,0.789160884,0.0142,0.0,4258.0,0.622,0.61,0.11457717446390348,K,-1.2521250321197042,1
K03984.01,kepler,NON_HABITABLE,2.03,1800.0,2479.44,1.44445234,0.0245,0.0,5305.0,1.449,0.939,1.4982111822510578,G,-1.282356282162125,1
K01963.01,kepler,NON_HABITABLE,2.55,783.0,89.02,12.89623554,0.1079,0.0,6072.0,0.923,1.005,1.0433383328779267,F,-1.1643521493495788,1
K01804.01,kepler,NON_HABITABLE,5.1,769.0,82.73,5.90741476,0.0559,0.0,4963.0,0.69,0.667,0.2602375685396177,K,-1.1589168774678678,1
K07818.01,kepler,NON_HABITABLE,1.53,2145.0,4998.98,2.52443998,0.0393,0.0,6461.0,2.225,1.266,7.772374264843435,F,-1.2905147492616897,1
K02793.01,kepler,NON_HABITABLE,1.93,535.0,19.34,4.49686066,0.0413,0.0,3698.0,0.444,0.464,0.03321454273152327,M,-0.9976144197769818,1
K02796.01,kepler,NON_HABITABLE,0.96,2208.0,5646.82,0.5374094,0.013,0.0,5749.0,0.988,1.02,0.9606779752596643,G,-1.2916631800455378,1
K02806.01,kepler,NON_HABITABLE,2.1,491.0,13.7,24.7543849,0.153,0.0,4852.0,0.804,0.778,0.3227676324205584,K,-0.9387734512290731,1
K02163.02,kepler,NON_HABITABLE,1.6,729.0,66.87,17.7838298,0.1351,0.0,6014.0,1.021,1.037,1.2285699527874483,F,-1.1419540276911255,1
K03991.01,kepler,NON_HABITABLE,1.37,1480.0,1135.98,1.570592397,0.0249,0.0,5519.0,0.921,0.837,0.7090152019591031,G,-1.2691867765207623,1
K01947.01,kepler,NON_HABITABLE,1.66,1034.0,269.8,6.422943288,0.0689,0.0,6102.0,1.016,1.049,1.2893503409397211,F,-1.2263137601371261,1
K02141.01,kepler,NON_HABITABLE,18.33,1754.0,2230.29,1.306984786,0.0242,0.0,6102.0,1.026,1.099,1.3148561592270345,F,-1.2808561285459332,1
K02612.01,kepler,NON_HABITABLE,0.51,1032.0,268.27,4.61225043,0.053,0.0,5495.0,0.961,0.932,0.7585990119085849,G,-1.2260754153112896,1
K02614.01,kepler,NON_HABITABLE,1.97,1113.0,361.73,7.99022379,0.0785,0.0,5689.0,1.542,1.007,2.2439190874175643,G,-1.237717567374473,1
K02167.03,kepler,NON_HABITABLE,3.73,503.0,15.15,76.5369531,0.3528,0.0,5596.0,1.466,0.998,1.8987748653716319,G,-0.9570705821955396,1
K07842.01,kepler,NON_HABITABLE,0.7,1530.0,1296.58,3.11141514,0.044,0.0,6450.0,1.273,1.169,2.526913503101034,F,-1.271794314467614,1
K02860.01,kepler,NON_HABITABLE,3.16,416.0,7.08,103.4269873,0.4438,0.0,6208.0,1.024,1.086,1.4031414575788033,F,-0.7935711144083036,1
K02874.01,kepler,NON_HABITABLE,1.0,2194.0,5534.14,0.352515897,0.0092,0.0,5465.0,0.766,0.857,0.47153389324780065,G,-1.2914780159276436,1
K02879.01,kepler,NON_HABITABLE,2.09,3653.0,41863.05,0.339069751,0.0102,0.0,5653.0,2.183,1.216,4.38448030497747,G,-1.3032295874690016,1
K04002.01,kepler,NON_HABITABLE,1.27,1891.0,3049.23,0.524175803,0.0123,0.0,5278.0,0.815,0.911,0.46439493173040014,G,-1.2850669625431033,1
K04004.01,kepler,NON_HABITABLE,1.41,1058.0,296.74,4.94330596,0.0561,0.0,5661.0,1.008,0.964,0.9401310447463324,G,-1.230199927124736,1
K04005.01,kepler,HABITABILITY_ZONE,2.25,291.0,1.7,178.139072,0.5948,0.0,5431.0,0.879,0.881,0.605608095005934,G,-0.25652362257894074,1
K07843.01,kepler,NON_HABITABLE,0.79,1885.0,2985.06,0.619023176,0.0142,0.0,5395.0,0.891,0.995,0.6059208743431249,G,-1.284800973356439,1
K01772.01,kepler,HABITABILITY_ZONE,15.08,240.0,0.78,120.00336404,0.4209,0.0,4315.0,0.668,0.688,0.139370492737207,K,0.24394508400034778,1
K02198.01,kepler,NON_HABITABLE,3.01,1020.0,255.65,23.9210408,0.1871,0.0,7121.0,1.972,1.521,9.008914694588622,F,-1.2240293839095802,1
K02199.01,kepler,NON_HABITABLE,1.96,729.0,66.89,9.03326435,0.0813,0.0,5311.0,0.788,0.884,0.4450946262628533,G,-1.1419892368947675,1
K03933.01,kepler,NON_HABITABLE,1.32,1010.0,245.65,3.490785878,0.0418,0.0,5496.0,0.725,0.81,0.43207348880924806,G,-1.2222990469081023,1
K03935.01,kepler,NON_HABITABLE,1.29,1681.0,1880.33,1.093665854,0.0206,0.0,5845.0,0.874,0.968,0.8032590690510161,G,-1.2782647906247335,1
K03936.01,kepler,HABITABILITY_ZONE,2.98,290.0,1.68,141.608555,0.5029,0.0,5083.0,0.844,0.844,0.42841043674313206,K,-0.2509872958714271,1
K07832.01,kepler,NON_HABITABLE,0.68,1192.0,477.0,3.6092231,0.0463,0.0,6032.0,0.929,1.014,1.0293699116984698,F,-1.2470475809078265,1
K04007.01,kepler,NON_HABITABLE,25.01,858.0,127.97,11.4927112,0.1021,0.0,6198.0,1.005,1.072,1.342867370924854,F,-1.1885107111551978,1
K02172.02,kepler,NON_HABITABLE,2.91,371.0,4.47,116.583183,0.4572,0.0,5738.0,0.981,0.936,0.9398853941732517,G,-0.6599706907345158,1
K04009.01,kepler,HABITABILITY_ZONE,3.06,346.0,3.39,175.13892,0.6095,0.0,5497.0,1.241,0.981,1.2668967474749113,G,-0.5636158942934816,1
K03936.02,kepler,NON_HABITABLE,2.08,643.0,40.51,13.0267964,0.1025,0.0,5083.0,0.844,0.844,0.42841043674313206,K,-1.0941092150404783,1
K07833.01,kepler,HABITABILITY_ZONE,2.22,338.0,3.08,172.820248,0.6105,0.0,6174.0,0.939,1.014,1.1542300994248809,F,-0.5267557722379305,1
K04014.01,kepler,HABITABILITY_ZONE,3.41,329.0,2.77,234.240739,0.7576,0.0,5814.0,1.248,1.055,1.6033339575835133,G,-0.48532253857917734,1
K02135.02,kepler,NON_HABITABLE,1.39,794.0,93.89,20.1890396,0.1493,0.0,6178.0,1.267,1.085,2.1068788134701197,F,-1.1681792409645646,1
K03943.01,kepler,NON_HABITABLE,2.05,619.0,34.77,38.5763483,0.2356,0.0,6167.0,1.221,1.174,1.942771983391356,F,-1.0769783598718021,1
K07834.01,kepler,NON_HABITABLE,1.0,944.0,187.24,7.3812344,0.0744,0.0,6072.0,0.923,1.005,1.0433383328779267,F,-1.2095542437076081,1
K04015.01,kepler,HABITABILITY_ZONE,2.67,301.0,1.94,133.303247,0.4765,0.0,5064.0,0.864,0.811,0.4422796765487136,K,-0.32243509263628833,1
K04016.01,kepler,HABITABILITY_ZONE,3.14,266.0,1.18,125.4132302,0.4426,0.0,4641.0,0.747,0.734,0.2332288052895923,K,-0.04681744959548362,1
K00266.01,kepler,NON_HABITABLE,1.77,710.0,60.2,25.30893566,0.1763,0.0,5949.0,1.292,1.14,1.883630063456803,G,-1.1328995255693144,1
K03946.01,kepler,HABITABILITY_ZONE,3.28,330.0,2.81,308.544422,0.9625,0.0,6325.0,1.349,1.252,2.6239812599239793,F,-0.49101351386158826,1
K01411.01,kepler,HABITABILITY_ZONE,7.82,284.0,1.53,305.0762469,0.9117,0.0,5716.0,1.155,1.083,1.283002667280227,G,-0.20060379465471972,1
K01943.01,kepler,NON_HABITABLE,3.09,782.0,88.52,29.92208104,0.1954,0.0,6127.0,1.637,1.109,3.402386060900266,F,-1.163941274631919,1
K02135.03,kepler,NON_HABITABLE,1.34,1060.0,298.03,8.48651582,0.0838,0.0,6178.0,1.267,1.085,2.1068788134701197,F,-1.2303731500516417,1
K07835.01,kepler,NON_HABITABLE,0.87,1108.0,356.3,3.76565247,0.047,0.0,5815.0,0.877,0.973,0.7923056871712397,G,-1.2371691117150088,1
K07846.01,kepler,NON_HABITABLE,1.28,896.0,152.67,10.5994606,0.0993,0.0,6194.0,1.069,1.161,1.5154266654073174,F,-1.198768121691499,1
K01951.01,kepler,NON_HABITABLE,35.34,1654.0,1769.88,37.3228722,0.3344,0.0,4907.0,19.53,3.573,199.23398829399892,K,-1.2772912900435018,1
K02061.01,kepler,NON_HABITABLE,1.82,597.0,30.1,14.092583189,0.1084,0.0,5081.0,0.77,0.864,0.35601880678812325,K,-1.05955212482665,1
K01631.01,kepler,NON_HABITABLE,6.77,1551.0,1361.22,0.592243731,0.0116,0.0,4920.0,0.591,0.588,0.18438690863230014,K,-1.2727111228380517,1
K07847.01,kepler,HABITABILITY_ZONE,3.93,326.0,2.66,399.37587,1.1026,0.0,6098.0,1.618,1.119,3.2613801604596513,F,-0.4684637411395844,1
K02065.01,kepler,NON_HABITABLE,3.24,380.0,4.91,80.2321467,0.3543,0.0,5436.0,0.888,0.92,0.6203523533781284,G,-0.6899625333249273,1
K02068.01,kepler,NON_HABITABLE,32.16,515.0,16.66,41.88970036,0.2355,0.0,5952.0,0.907,0.989,0.9301671002773753,G,-0.9734033213444315,1
K02147.02,kepler,NON_HABITABLE,1.25,838.0,116.56,10.32736351,0.0934,0.0,5757.0,1.017,1.016,1.0235793930487698,G,-1.182706659504403,1
K01658.01,kepler,NON_HABITABLE,13.43,1997.0,3765.46,1.544928892,0.0274,0.0,6309.0,1.412,1.15,2.8458120460716168,F,-1.2875575124012313,1
K03104.01,kepler,NON_HABITABLE,1.75,1569.0,1439.3,1.236866732,0.0219,0.0,5621.0,0.879,0.921,0.6949071842616136,G,-1.2737351634166165,1
K01422.05,kepler,POTENTIALLY_HABITABLE,1.06,248.0,0.89,34.1420506,0.151,0.0,3526.0,0.383,0.394,0.020427794962128258,M,0.14616109602617805,1
K03137.01,kepler,NON_HABITABLE,0.85,1365.0,823.09,1.332035996,0.022,0.0,5376.0,0.73,0.811,0.4010305618690225,G,-1.2620626961656378,1
K03138.01,kepler,HABITABILITY_ZONE,0.49,211.0,0.47,8.68910764,0.0378,0.0,2703.0,0.118,0.096,0.0006696423436868404,M,0.7033018556784745,1
K00351.05,kepler,NON_HABITABLE,1.53,987.0,224.47,8.71980135,0.0854,0.0,5970.0,1.2,1.089,1.6479898286943313,G,-1.2182565464528345,1
K00351.06,kepler,NON_HABITABLE,1.29,1062.0,300.58,7.00821787,0.0738,0.0,5970.0,1.2,1.089,1.6479898286943313,G,-1.2307104947446161,1
K02925.01,kepler,NON_HABITABLE,1.11,2034.0,4063.57,0.716531851,0.0149,0.0,5552.0,1.03,0.863,0.9081696611529324,G,-1.288394274179217,1
K02037.02,kepler,NON_HABITABLE,2.17,892.0,149.23,5.47715718,0.0576,0.0,5029.0,0.93,0.847,0.4984104620002981,K,-1.1974944650323152,1
K02612.02,kepler,NON_HABITABLE,0.53,875.0,138.36,7.57299816,0.0738,0.0,5495.0,0.961,0.932,0.7585990119085849,G,-1.1931611980837526,1
K01871.02,kepler,NON_HABITABLE,2.26,392.0,5.61,32.376183,0.1789,0.0,4580.0,0.675,0.748,0.18061930548097657,K,-0.7297742798662467,1
K01783.02,kepler,HABITABILITY_ZONE,6.36,321.0,2.51,284.063137,0.8453,0.0,5791.0,1.336,0.996,1.8085140469399126,G,-0.4436275266568074,1
K02957.01,kepler,NON_HABITABLE,0.76,832.0,113.62,4.64490141,0.0495,0.0,4786.0,0.77,0.751,0.28026375586495084,K,-1.1810744901700265,1
K03009.01,kepler,NON_HABITABLE,1.04,1733.0,2145.14,0.764863517,0.0152,0.0,5231.0,0.86,0.808,0.4989195166280081,G,-1.2802844976495409,1
K03077.01,kepler,NON_HABITABLE,1.64,851.0,124.3,4.09578199,0.0457,0.0,4791.0,0.742,0.759,0.26134079284118356,K,-1.186735366281275,1
K00351.04,kepler,NON_HABITABLE,2.62,450.0,9.71,91.9401253,0.4105,0.0,5970.0,1.2,1.089,1.6479898286943313,G,-0.8692239094133279,1
K03094.01,kepler,NON_HABITABLE,1.33,567.0,24.38,4.5770016,0.0436,0.0,3805.0,0.497,0.526,0.04664725927759457,K,-1.0317160634625506,1
K03096.01,kepler,NON_HABITABLE,0.72,676.0,49.51,14.4540329,0.1038,0.0,5559.0,0.79,0.714,0.5369521541803897,G,-1.114709175255702,1
K03102.01,kepler,NON_HABITABLE,0.61,394.0,5.67,9.3210841,0.0626,0.0,3773.0,0.35,0.376,0.02236546952192055,K,-0.7330286053562837,1
K01599.02,kepler,NON_HABITABLE,22.29,755.0,76.81,13.6164547,0.1125,0.0,5823.0,0.972,1.02,0.9786207062766683,G,-1.1532063276883655,1
K02793.02,kepler,NON_HABITABLE,1.4,730.0,66.95,1.766789509,0.0222,0.0,3698.0,0.444,0.464,0.03321454273152327,M,-1.14205710743449,1
K03077.02,kepler,NON_HABITABLE,1.46,694.0,54.85,7.55842923,0.0688,0.0,4791.0,0.742,0.759,0.26134079284118356,K,-1.124457358675637,1
K00339.03,kepler,NON_HABITABLE,2.44,633.0,37.92,35.8656484,0.2134,0.0,6078.0,1.189,1.005,1.738205831197946,F,-1.086858487466887,1
K00577.02,kepler,NON_HABITABLE,0.91,1874.0,2928.31,0.638162933,0.0135,0.0,5244.0,0.888,0.808,0.5372437525918728,G,-1.2845585336299097,1
K05149.01,kepler,NON_HABITABLE,1.33,473.0,11.86,43.681309,0.2361,0.0,5726.0,0.829,0.923,0.6655936134912447,G,-0.9110858876908272,1
K05155.01,kepler,HABITABILITY_ZONE,7.57,347.0,3.41,230.180357,0.8046,0.0,6313.0,1.246,1.31,2.2216413612796777,F,-0.5659494559297441,1
K05274.01,kepler,NON_HABITABLE,1.59,537.0,19.6,55.7583803,0.2778,0.0,5413.0,1.403,0.918,1.522517035730867,G,-0.9996464321781983,1
K05275.01,kepler,NON_HABITABLE,1.16,1421.0,962.72,3.781123,0.0468,0.0,6318.0,1.216,0.951,2.122659562298009,F,-1.2656710800500246,1
K05276.01,kepler,POTENTIALLY_HABITABLE,2.0,235.0,0.72,220.720142,0.6529,0.0,5150.0,0.696,0.77,0.30700263688208923,K,0.314116171996963,1
K05278.01,kepler,HABITABILITY_ZONE,7.22,225.0,0.61,281.5921577,0.7763,0.0,5330.0,0.713,0.797,0.36964310199165307,G,0.44986190393679126,1
K05279.01,kepler,NON_HABITABLE,1.95,414.0,6.92,103.722152,0.435,0.0,5784.0,1.143,1.019,1.3173473685240273,G,-0.7875887585881944,1
K03463.01,kepler,NON_HABITABLE,1.42,618.0,34.42,32.5474295,0.1992,0.0,6068.0,1.061,0.995,1.3750160469538666,F,-1.0758108290929747,1
K03478.01,kepler,NON_HABITABLE,2.97,630.0,37.3,33.4969115,0.2008,0.0,4928.0,1.688,0.962,1.513987855665232,K,-1.0850229737170198,1
K05030.01,kepler,HABITABILITY_ZONE,2.61,279.0,1.43,411.8969,1.1588,0.0,6362.0,1.144,1.221,1.9316187763235517,F,-0.16080028289205947,1
K05033.01,kepler,NON_HABITABLE,5.52,519.0,17.13,127.671711,0.473,0.0,4985.0,2.633,0.865,3.8570660779609,K,-0.9780038740804098,1
K05037.01,kepler,NON_HABITABLE,134.79,1351.0,787.87,349.58811,1.1802,0.0,3860.0,74.32,1.792,1104.727922079955,K,-1.2610044643552158,1
K05156.01,kepler,NON_HABITABLE,30.88,1996.0,3753.6,1.680254289,0.0251,0.0,6423.0,1.246,0.747,2.38057836862165,F,-1.2875221747468923,1
K05158.01,kepler,NON_HABITABLE,4.41,578.0,26.4,151.13008,0.614,0.0,6768.0,2.302,1.349,10.017209322817674,F,-1.0425680454474346,1
K05162.01,kepler,NON_HABITABLE,0.95,101.0,0.03,628.15844,1.0926,0.0,3697.0,0.423,0.441,0.03011433292358519,M,3.0,1
K05281.01,kepler,NON_HABITABLE,23.91,562.0,23.6,263.90141,0.9983,0.0,5094.0,6.247,1.902,23.674100379718226,K,-1.0271620892562778,1
K05283.01,kepler,NON_HABITABLE,0.83,681.0,50.97,18.7821603,0.138,0.0,5919.0,0.94,0.991,0.9771107186342667,G,-1.1175307628951607,1
K05284.01,kepler,HABITABILITY_ZONE,27.61,245.0,0.86,389.316341,1.0162,0.0,5731.0,0.958,0.921,0.8919640736497462,G,0.17302483940189092,1
K05287.01,kepler,NON_HABITABLE,28.1,3293.0,27838.74,3.98916186,0.0725,0.0,4998.0,16.187,3.192,147.30329137272597,K,-1.3017103727048034,1
K03494.01,kepler,NON_HABITABLE,2.67,451.0,9.8,42.8774169,0.2197,0.0,5256.0,0.832,0.768,0.4759515977885856,G,-0.8710338587560434,1
K03508.01,kepler,HABITABILITY_ZONE,1.67,321.0,2.51,190.800788,0.6686,0.0,5993.0,0.986,1.093,1.1298626464235861,G,-0.4430216621579834,1
K03791.02,kepler,NON_HABITABLE,5.94,389.0,5.4,220.142913,0.7211,0.0,6340.0,1.393,1.031,2.8245806179227197,F,-0.7185930465253013,1
K05040.01,kepler,NON_HABITABLE,2.87,789.0,91.56,29.6094263,0.206,0.0,6079.0,1.783,1.329,3.9113436097739647,F,-1.16638432531775,1
K05044.01,kepler,NON_HABITABLE,1.37,400.0,6.04,161.537665,0.6016,0.0,6033.0,1.358,1.111,2.2010380554356104,F,-0.7510610356976524,1
K05164.01,kepler,HABITABILITY_ZONE,1.16,344.0,3.29,209.967521,0.7116,0.0,6437.0,1.042,1.085,1.6794388089144308,F,-0.553145017514205,1
K05165.01,kepler,POTENTIALLY_HABITABLE,1.66,274.0,1.34,369.73011,1.0198,0.0,6283.0,0.999,1.025,1.4011799868430908,F,-0.12255066533515784,1
K05169.01,kepler,NON_HABITABLE,1.72,551.0,21.86,21.3684341,0.1362,0.0,5204.0,0.786,0.736,0.40821499527997934,G,-1.0161385210447178,1
K05288.01,kepler,NON_HABITABLE,1.9,527.0,18.23,29.5632952,0.1816,0.0,5595.0,0.828,0.913,0.6052791963779764,G,-0.9882335635698463,1
K05289.01,kepler,HABITABILITY_ZONE,2.04,324.0,2.6,181.81214,0.63,0.0,6060.0,0.925,1.008,1.039605748955838,F,-0.45834946527620063,1
K05290.01,kepler,HABITABILITY_ZONE,2.06,225.0,0.61,435.50635,1.1173,0.0,5750.0,0.882,0.98,0.7661313947311633,G,0.4493752571153115,1
K05291.01,kepler,HABITABILITY_ZONE,12.74,359.0,3.92,525.560452,1.4077,0.0,4954.0,3.796,1.343,7.819358532632603,K,-0.6161168784314355,1
K04921.01,kepler,NON_HABITABLE,28.41,1046.0,283.07,95.688682,0.5897,0.0,5040.0,13.056,2.981,99.09166800188535,K,-1.2282966247901828,1
K04923.01,kepler,NON_HABITABLE,1.4,696.0,55.36,38.168652,0.2238,0.0,6164.0,1.465,1.026,2.7913897528749207,F,-1.1253244659998405,1
K04926.01,kepler,HABITABILITY_ZONE,1.47,332.0,2.87,69.089357,0.2895,0.0,4848.0,0.698,0.679,0.2424688765371852,K,-0.49964139210968955,1
K04928.01,kepler,NON_HABITABLE,4.91,540.0,20.06,3.290304098,0.0327,0.0,3386.0,0.427,0.43,0.02159226866999226,M,-1.0032354832905055,1
K05046.01,kepler,NON_HABITABLE,1.44,657.0,43.98,40.9882124,0.2381,0.0,6705.0,1.174,1.068,2.5097243994517444,F,-1.1027992042555879,1
K05048.01,kepler,NON_HABITABLE,6.28,488.0,13.45,138.333748,0.5087,0.0,4948.0,2.547,0.916,3.503251882650271,K,-0.9353566427310291,1
K05174.01,kepler,NON_HABITABLE,6.04,1183.0,463.56,22.4932751,0.1861,0.0,5186.0,4.98,1.699,16.16156620289311,K,-1.2461418589316502,1
K05176.01,kepler,POTENTIALLY_HABITABLE,1.26,292.0,1.72,215.732414,0.6553,0.0,5790.0,0.856,0.804,0.7419190023789175,G,-0.2613955249899842,1
K05178.01,kepler,NON_HABITABLE,1.24,1352.0,789.48,4.13960513,0.0537,0.0,6535.0,1.181,1.202,2.2918008343952194,F,-1.2610542570061232,1
K05297.01,kepler,NON_HABITABLE,0.8,811.0,102.43,8.0906952,0.077,0.0,5374.0,0.902,0.928,0.6113619897178992,G,-1.1742158754982095,1
K05300.01,kepler,NON_HABITABLE,2.46,468.0,11.36,188.954072,0.6888,0.0,6392.0,1.899,1.219,5.4236506147014545,F,-0.9023063523481827,1
K04931.01,kepler,HABITABILITY_ZONE,2.71,218.0,0.53,579.81521,1.3446,0.0,5822.0,0.969,0.962,0.97192123035444,G,0.5698231244964282,1
K05057.01,kepler,HABITABILITY_ZONE,7.15,358.0,3.9,493.74242,1.2355,0.0,5015.0,3.243,1.031,5.993387491040701,K,-0.6143860876039475,1
K05308.01,kepler,NON_HABITABLE,22.15,740.0,70.93,9.942228056,0.0831,0.0,5268.0,0.843,0.775,0.49309764085209346,G,-1.1468407690107083,1
K05310.01,kepler,NON_HABITABLE,1.13,632.0,37.67,22.2903562,0.1527,0.0,5597.0,1.0,0.956,0.8841296148053717,G,-1.086118987319016,1
K04938.01,kepler,NON_HABITABLE,2.37,531.0,18.79,55.180772,0.2953,0.0,6306.0,1.076,1.126,1.649434668949632,F,-0.9930433865934299,1
K04940.01,kepler,POTENTIALLY_HABITABLE,1.72,271.0,1.27,84.6405853,0.3212,0.0,4386.0,0.63,0.616,0.13232756426914535,K,-0.09298223489259706,1
K04943.01,kepler,NON_HABITABLE,113.97,2955.0,18026.22,15.2024426,0.1463,0.0,3984.0,41.367,1.803,388.4007697634082,K,-1.2997120774178987,1
K05066.01,kepler,HABITABILITY_ZONE,2.4,322.0,2.54,110.089267,0.4205,0.0,5465.0,0.75,0.817,0.45204107832197343,G,-0.4479510824153279,1
K05067.01,kepler,HABITABILITY_ZONE,2.3,279.0,1.43,219.931324,0.7037,0.0,5557.0,0.912,0.958,0.7145719661643776,G,-0.16260664416905374,1
K05068.01,kepler,POTENTIALLY_HABITABLE,1.57,290.0,1.68,385.29212,1.007,0.0,6440.0,1.053,0.916,1.7182839050198875,F,-0.25115700253897166,1
K05188.01,kepler,HABITABILITY_ZONE,2.09,290.0,1.67,455.195496,1.1739,0.0,6478.0,1.209,1.035,2.3190552029260587,F,-0.24750954103686784,1
K05192.01,kepler,NON_HABITABLE,0.94,367.0,4.29,50.55398,0.2377,0.0,4895.0,0.687,0.698,0.2441287733592144,K,-0.6468937539016122,1
K05329.01,kepler,HABITABILITY_ZONE,10.99,325.0,2.63,200.2350497,0.686,0.0,6108.0,0.997,1.072,1.2464680199033136,F,-0.4630867700155581,1
K05331.01,kepler,NON_HABITABLE,1.17,484.0,13.02,31.5034587,0.1894,0.0,5269.0,0.823,0.91,0.4703348668338656,G,-0.9293136315242703,1
K05332.01,kepler,NON_HABITABLE,1.09,702.0,57.27,22.2381062,0.1599,0.0,6192.0,1.055,1.097,1.4740880322554737,F,-1.1284281360804593,1
K05333.01,kepler,NON_HABITABLE,1.67,690.0,53.65,20.5477769,0.1514,0.0,5922.0,1.057,1.095,1.2379933081141887,G,-1.1224037408554572,1
K05071.01,kepler,HABITABILITY_ZONE,8.86,329.0,2.77,180.4118581,0.6365,0.0,6032.0,0.973,1.055,1.1291866170116838,F,-0.4843962286550704,1
K05196.01,kepler,NON_HABITABLE,5.46,442.0,9.04,392.47291,1.1814,0.0,6626.0,2.704,1.426,12.697371051606067,F,-0.852995780235102,1
K04958.01,kepler,HABITABILITY_ZONE,2.74,308.0,2.12,581.729006,1.368,0.0,5765.0,2.005,1.007,4.000559285635472,G,-0.36728989416712626,1
K05079.01,kepler,NON_HABITABLE,1.54,584.0,27.51,56.001782,0.2842,0.0,6116.0,1.332,0.974,2.2365214458261637,F,-1.0480262611643085,1
K05083.01,kepler,NON_HABITABLE,8.25,812.0,102.62,69.932459,0.415,0.0,5207.0,5.183,1.946,17.791289996358223,G,-1.1743399317557817,1
K05084.01,kepler,HABITABILITY_ZONE,11.67,350.0,3.56,287.377314,0.8748,0.0,5548.0,1.793,1.079,2.7441073625990566,G,-0.5821056555740023,1
K05202.01,kepler,HABITABILITY_ZONE,1.83,227.0,0.63,535.93723,1.3107,0.0,6014.0,0.958,1.043,1.0816317414127226,F,0.4270170385266206,1
K05205.01,kepler,HABITABILITY_ZONE,2.91,310.0,2.2,313.051405,0.9249,0.0,6218.0,1.185,1.072,1.8911861637369498,F,-0.3829983624124755,1
K05207.01,kepler,NON_HABITABLE,0.72,707.0,59.15,18.9828305,0.1431,0.0,5962.0,1.035,1.083,1.2193918743358116,G,-1.1313380826584234,1
K05320.01,kepler,NON_HABITABLE,3.13,422.0,7.53,357.437578,1.1758,0.0,7610.0,1.862,1.693,10.475932481477427,A,-0.8092596841958454,1
K05321.01,kepler,NON_HABITABLE,1.92,404.0,6.28,215.634356,0.7111,0.0,6163.0,1.568,1.03,3.1956227032355753,F,-0.7616925877405082,1
K05322.01,kepler,NON_HABITABLE,8.1,1051.0,288.95,30.928898,0.2282,0.0,5029.0,5.127,1.653,15.14774158757016,K,-1.2291328289786416,1
K05324.01,kepler,NON_HABITABLE,6.84,428.0,7.93,293.392635,0.8787,0.0,5203.0,3.055,1.051,6.162152515447004,G,-0.8220771651925662,1
K05327.01,kepler,NON_HABITABLE,2.09,548.0,21.27,5.43361347,0.0501,0.0,3694.0,0.566,0.567,0.05374216241742665,M,-1.01208727882393,1
K04961.01,kepler,HABITABILITY_ZONE,2.04,198.0,0.36,348.96347,0.9152,0.0,4823.0,0.792,0.837,0.30578355202688035,K,0.9711091395903255,1
K04963.01,kepler,NON_HABITABLE,1.65,570.0,24.93,59.4037839,0.2942,0.0,6373.0,1.209,0.961,2.1723159249000914,F,-1.0348326562335237,1
K04967.01,kepler,NON_HABITABLE,1.94,558.0,22.89,43.581043,0.2498,0.0,6225.0,1.031,1.091,1.4380350251129126,F,-1.022842816033062,1
K05085.01,kepler,HABITABILITY_ZONE,2.82,248.0,0.89,327.063,0.9231,0.0,5750.0,0.882,0.98,0.7661313947311633,G,0.14358479984842581,1
K05087.01,kepler,HABITABILITY_ZONE,1.55,234.0,0.71,651.07431,1.4502,0.0,5696.0,1.261,0.959,1.5080120296233588,G,0.3176721768494874,1
K05088.01,kepler,NON_HABITABLE,1.79,468.0,11.32,49.1782244,0.2402,0.0,5674.0,0.839,0.764,0.6573186548218467,G,-0.9016133088188932,1
K05092.01,kepler,HABITABILITY_ZONE,2.38,354.0,3.72,271.790292,0.8611,0.0,6484.0,1.32,1.151,2.7746908207459646,F,-0.5974634625996319,1
K05211.01,kepler,NON_HABITABLE,0.6,1029.0,265.37,3.5645249,0.0447,0.0,5435.0,0.824,0.937,0.5337616011503878,G,-1.2256176266775916,1
K05213.01,kepler,NON_HABITABLE,0.64,449.0,9.61,48.2455501,0.2363,0.0,5441.0,0.827,0.756,0.5400334150866304,G,-0.8667637967582339,1
K05216.01,kepler,HABITABILITY_ZONE,2.56,243.0,0.83,377.311149,1.0168,0.0,5897.0,0.891,0.983,0.8649173907831287,G,0.19692235466786268,1
K05336.01,kepler,NON_HABITABLE,3.24,413.0,6.9,265.741374,0.9044,0.0,6537.0,1.859,1.397,5.685483843377535,F,-0.787182383256705,1
K05337.01,kepler,HABITABILITY_ZONE,2.99,238.0,0.75,470.65357,1.1952,0.0,6039.0,0.951,1.027,1.0837169414370684,F,0.27243007059427443,1
K05341.01,kepler,NON_HABITABLE,2.26,922.0,170.46,15.18575582,0.1222,0.0,6311.0,1.339,1.05,2.5624097906087453,F,-1.2047294419509162,1
K04972.01,kepler,NON_HABITABLE,1.35,717.0,62.57,26.092284,0.1849,0.0,6346.0,1.214,1.241,2.1534379128199093,F,-1.1362844645021613,1
K04975.01,kepler,NON_HABITABLE,4.1,483.0,12.9,47.0628978,0.2546,0.0,5838.0,0.897,0.992,0.842046275043936,G,-0.9275443688201337,1
K05098.01,kepler,HABITABILITY_ZONE,1.57,325.0,2.62,100.345648,0.3965,0.0,5180.0,0.8,0.825,0.41513918012173223,K,-0.4617933803878153,1
K05099.01,kepler,NON_HABITABLE,1.51,440.0,8.86,111.187116,0.4341,0.0,5806.0,1.281,0.881,1.6799683342762646,G,-0.8483436168618373,1
K05219.01,kepler,NON_HABITABLE,1.2,605.0,31.66,27.765596,0.1847,0.0,5897.0,0.999,1.088,1.087302027531775,G,-1.0658150715158865,1
K05222.01,kepler,HABITABILITY_ZONE,2.77,271.0,1.27,367.6758,1.0505,0.0,6140.0,1.048,1.142,1.4063413948997314,F,-0.08905204421687897,1
K05223.01,kepler,NON_HABITABLE,8.41,363.0,4.12,354.21154,1.0491,0.0,4842.0,3.035,1.227,4.561537416479853,K,-0.6329450406078686,1
K05224.01,kepler,NON_HABITABLE,2.49,376.0,4.72,171.028691,0.6461,0.0,6123.0,1.252,1.229,1.98499951874362,F,-0.6779014717391321,1
K04976.01,kepler,HABITABILITY_ZONE,2.77,320.0,2.48,624.90338,1.6505,0.0,7089.0,1.729,1.532,6.80181165973267,F,-0.4377163048893181,1
K04977.01,kepler,NON_HABITABLE,1.18,410.0,6.66,25.5338535,0.1454,0.0,4445.0,0.635,0.629,0.14181730305517826,K,-0.7778030998754977,1
K04978.01,kepler,HABITABILITY_ZONE,2.75,253.0,0.96,339.18998,0.9053,0.0,5544.0,0.966,0.859,0.7942218842042634,G,0.09012075421414938,1
K04981.01,kepler,HABITABILITY_ZONE,2.32,216.0,0.52,349.73652,0.9325,0.0,5310.0,0.796,0.886,0.45383598673658854,G,0.5978252775356525,1
K05101.01,kepler,HABITABILITY_ZONE,1.64,331.0,2.84,436.18813,1.1232,0.0,6499.0,1.497,0.993,3.601840348935294,F,-0.4942607732423965,1
K05104.01,kepler,NON_HABITABLE,1.63,682.0,51.22,21.1579573,0.1555,0.0,6063.0,1.012,1.117,1.2468264542987704,F,-1.1180085739083625,1
K05107.01,kepler,NON_HABITABLE,16.68,698.0,56.11,169.330666,0.7343,0.0,5106.0,7.052,1.839,30.453874903854903,K,-1.12655213522882,1
K05226.01,kepler,HABITABILITY_ZONE,4.42,289.0,1.65,249.35154,0.777,0.0,5780.0,1.0,1.0,1.0055555421967817,G,-0.24200960426524015,1
K05227.01,kepler,POTENTIALLY_HABITABLE,1.89,259.0,1.06,371.56492,0.929,0.0,5735.0,0.972,0.773,0.920790710288943,G,0.024381500808908396,1
K05228.01,kepler,NON_HABITABLE,1.03,94.0,0.02,546.53309,0.9386,0.0,3434.0,0.36,0.368,0.016236816223656955,M,3.0,1
K05229.01,kepler,HABITABILITY_ZONE,2.06,298.0,1.86,364.63189,1.0531,0.0,6446.0,1.155,1.17,2.075008516214505,F,-0.30234837323165303,1
K05230.01,kepler,NON_HABITABLE,4.42,375.0,4.7,330.738115,1.0084,0.0,5458.0,2.453,1.248,4.810873440292047,G,-0.6762966347343251,1
K05231.01,kepler,NON_HABITABLE,2.03,427.0,7.86,78.876125,0.3616,0.0,6046.0,0.927,1.011,1.0344910792827617,F,-0.8199486763469145,1
K04986.01,kepler,POTENTIALLY_HABITABLE,1.48,211.0,0.47,444.04257,1.0603,0.0,5776.0,0.726,0.807,0.5285385756042188,G,0.7001523937511914,1
K04991.01,kepler,HABITABILITY_ZONE,2.09,300.0,1.92,211.330867,0.6948,0.0,5941.0,0.911,1.001,0.9314717194782982,G,-0.31773861459249114,1
K05110.01,kepler,NON_HABITABLE,8.16,670.0,47.59,105.5904748,0.4506,0.0,4869.0,4.383,1.094,9.727399439108527,K,-1.1108214188756325,1
K05236.01,kepler,HABITABILITY_ZONE,2.06,238.0,0.76,550.86514,1.3399,0.0,5912.0,1.115,1.056,1.3683025824738986,G,0.26878584388888804,1
K05237.01,kepler,POTENTIALLY_HABITABLE,1.84,224.0,0.6,380.39474,0.9626,0.0,5772.0,0.745,0.823,0.555025,G,0.4708597849099203,1
K04992.01,kepler,NON_HABITABLE,1.45,693.0,54.46,12.5747207,0.1003,0.0,5654.0,0.774,0.865,0.5515689985888587,G,-1.123808673665134,1
K05117.01,kepler,NON_HABITABLE,1.95,491.0,13.7,33.3726538,0.1949,0.0,5504.0,0.796,0.892,0.5238832905651034,G,-0.9388177850668772,1
K05119.01,kepler,NON_HABITABLE,20.03,741.0,71.41,143.163697,0.7172,0.0,5145.0,7.653,2.394,36.97427383869838,K,-1.1473822137858258,1
K05245.01,kepler,NON_HABITABLE,3.06,794.0,93.79,7.20281185,0.0643,0.0,5388.0,0.717,0.681,0.39034028048281905,G,-1.168097853744087,1
K05247.01,kepler,HABITABILITY_ZONE,3.22,315.0,2.32,282.0309,0.8986,0.0,6343.0,1.137,1.213,1.8853608529363741,F,-0.4079662881423212,1
K05248.01,kepler,POTENTIALLY_HABITABLE,1.35,301.0,1.94,179.25465,0.5702,0.0,5692.0,0.82,0.77,0.6358899786288288,G,-0.3244299242971942,1
K04999.01,kepler,NON_HABITABLE,2.0,458.0,10.36,65.752109,0.3239,0.0,5816.0,1.03,1.047,1.0936207734944103,G,-0.8830652431763661,1
K05001.01,kepler,NON_HABITABLE,1.92,481.0,12.67,59.9655175,0.3048,0.0,5729.0,1.105,1.048,1.1850442172176925,G,-0.9240440489814425,1
K05003.01,kepler,NON_HABITABLE,15.19,783.0,88.86,112.951287,0.5548,0.0,5215.0,6.428,1.782,27.533644298102164,G,-1.1642194222178017,1
K05004.01,kepler,NON_HABITABLE,2.0,385.0,5.19,103.363691,0.4454,0.0,5762.0,1.022,1.103,1.0372645074274671,G,-0.7072009126325549,1
K05124.01,kepler,HABITABILITY_ZONE,11.67,260.0,1.08,276.879492,0.7871,0.0,5324.0,0.966,0.846,0.6754623557903553,G,0.010001124170234256,1
K05126.01,kepler,NON_HABITABLE,13.73,463.0,10.83,418.04355,1.298,0.0,5110.0,5.469,1.668,18.37359577820944,K,-0.8925899820349864,1
K05130.01,kepler,POTENTIALLY_HABITABLE,1.9,206.0,0.43,370.05918,0.9386,0.0,5228.0,0.751,0.806,0.379591867996691,G,0.7897140052940912,1
K05249.01,kepler,NON_HABITABLE,1.25,744.0,72.59,19.4534296,0.1447,0.0,6372.0,1.015,1.066,1.5301354020066895,F,-1.1487192835648365,1
K05254.01,kepler,NON_HABITABLE,1.2,361.0,4.02,232.916142,0.7527,0.0,5807.0,1.496,1.046,2.292794870842364,G,-0.6248249468664318,1
K00701.04,kepler,POTENTIALLY_HABITABLE,1.43,207.0,0.44,267.282521,0.7279,0.0,4926.0,0.662,0.727,0.23248145723960736,K,0.7707299180296605,1
K02045.03,kepler,NON_HABITABLE,1.31,508.0,15.77,16.9348104,0.115,0.0,4650.0,0.706,0.704,0.20995002175600827,K,-0.9640309087322864,1
K02150.02,kepler,NON_HABITABLE,72.59,509.0,15.83,44.7055876,0.249,0.0,5942.0,0.938,1.028,0.988168434563797,G,-0.9647120508573275,1
K02422.02,kepler,NON_HABITABLE,1.88,406.0,6.41,57.3888262,0.278,0.0,5242.0,0.856,0.869,0.49845999192466905,G,-0.767248178987087,1
K05007.01,kepler,NON_HABITABLE,1.82,1030.0,265.78,14.5168151,0.1218,0.0,5934.0,1.885,1.141,3.969242083944026,G,-1.2256836884687778,1
K05009.01,kepler,POTENTIALLY_HABITABLE,1.76,200.0,0.38,359.98653,0.8826,0.0,5171.0,0.677,0.706,0.2952366023829865,K,0.9288043453687511,1
K05134.01,kepler,HABITABILITY_ZONE,6.93,338.0,3.09,573.23826,1.4857,0.0,5172.0,3.264,1.33,6.867980846276599,K,-0.5285982272928441,1
K05135.01,kepler,POTENTIALLY_HABITABLE,2.0,217.0,0.53,314.765374,0.8508,0.0,5228.0,0.755,0.836,0.3836462250152283,G,0.5832211140688291,1
K05262.01,kepler,NON_HABITABLE,32.58,599.0,30.43,438.98396,1.6209,0.0,5053.0,11.706,2.939,80.4838870347527,K,-1.0609268964022454,1
K02473.03,kepler,NON_HABITABLE,2.08,636.0,38.6,14.5123622,0.1087,0.0,5094.0,0.87,0.813,0.45916521319466513,K,-1.088852207985793,1
K05021.01,kepler,HABITABILITY_ZONE,3.01,269.0,1.25,288.07937,0.8775,0.0,5825.0,0.965,1.083,0.965901978813485,G,-0.07937165427843287,1
K05142.01,kepler,HABITABILITY_ZONE,3.33,264.0,1.14,198.895864,0.608,0.0,5184.0,0.808,0.756,0.4247930506201382,K,-0.024238736128076976,1
K05267.01,kepler,NON_HABITABLE,2.93,1636.0,1692.64,5.1779065,0.066,0.0,5921.0,2.589,1.427,7.4223094255659605,G,-1.2765545780873309,1
K05268.01,kepler,POTENTIALLY_HABITABLE,2.0,225.0,0.6,474.22897,1.2067,0.0,5818.0,0.925,1.039,0.8832284369942953,G,0.459713729829724,1
K05269.01,kepler,HABITABILITY_ZONE,2.88,242.0,0.8,371.50631,0.9999,0.0,5696.0,0.924,0.965,0.8096896265150345,G,0.22157994432828643,1
K03281.01,kepler,NON_HABITABLE,1.98,492.0,13.83,47.0320478,0.2447,0.0,5370.0,1.055,0.881,0.8338669716945406,G,-0.9406156436187648,1
K05027.01,kepler,NON_HABITABLE,6.15,838.0,116.69,62.312419,0.3886,0.0,4999.0,5.615,2.012,17.738903800834482,K,-1.1827789161624078,1
K05649.01,kepler,HABITABILITY_ZONE,2.32,187.0,0.29,426.942225,0.9789,0.0,5126.0,0.669,0.685,0.27839495013012494,K,1.2470757996398218,1
K05651.01,kepler,HABITABILITY_ZONE,1.72,343.0,3.29,83.499618,0.3371,0.0,5141.0,0.773,0.731,0.3760487190131527,K,-0.552303141062992,1
K05652.01,kepler,POTENTIALLY_HABITABLE,1.43,302.0,1.97,91.507044,0.3385,0.0,5040.0,0.626,0.616,0.22780619098002955,K,-0.33247605756903853,1
K05653.01,kepler,HABITABILITY_ZONE,2.02,232.0,0.68,188.664098,0.5592,0.0,4788.0,0.672,0.655,0.213820737597998,K,0.3567994111260496,1
K05772.01,kepler,NON_HABITABLE,1.32,447.0,9.45,75.636309,0.3567,0.0,6072.0,0.994,1.054,1.2100255221542817,F,-0.8630209169180678,1
K05775.01,kepler,HABITABILITY_ZONE,2.19,209.0,0.45,492.23808,1.1939,0.0,5609.0,0.854,0.937,0.6503575880312176,G,0.7304700826687147,1
K05776.01,kepler,NON_HABITABLE,4.6,458.0,10.45,198.6004,0.6699,0.0,5357.0,2.522,1.014,4.7192334371961,G,-0.8849319717878141,1
K05406.01,kepler,NON_HABITABLE,0.82,1479.0,1131.75,5.71966537,0.067,0.0,6356.0,1.865,1.227,5.114320455192163,F,-1.2691107602171885,1
K05528.01,kepler,HABITABILITY_ZONE,2.02,309.0,2.14,201.621794,0.6607,0.0,5919.0,0.923,0.945,0.9420880006964376,G,-0.3717661104225907,1
K05532.01,kepler,NON_HABITABLE,6.04,1176.0,451.88,24.6777128,0.1776,0.0,4995.0,5.058,1.225,14.348097876379178,K,-1.245322602672239,1
K05654.01,kepler,NON_HABITABLE,3.28,405.0,6.34,54.6957124,0.2525,0.0,5299.0,0.757,0.715,0.4070634858992998,G,-0.764491243670338,1
K05657.01,kepler,POTENTIALLY_HABITABLE,2.0,293.0,1.74,284.699924,0.8546,0.0,6054.0,1.028,1.023,1.278941282740327,F,-0.26843223660848153,1
K05660.01,kepler,NON_HABITABLE,10.03,452.0,9.86,402.20969,1.0899,0.0,4961.0,4.649,1.067,11.794803522725115,K,-0.8725546013264734,1
K05782.01,kepler,HABITABILITY_ZONE,6.69,354.0,3.73,584.55603,1.5213,0.0,5208.0,3.62,1.37,8.685518579121618,G,-0.5984951137119463,1
K05787.01,kepler,NON_HABITABLE,1.19,480.0,12.52,69.775633,0.3219,0.0,6224.0,0.983,0.91,1.306411762243385,F,-0.9217865106872298,1
K05407.01,kepler,NON_HABITABLE,1.54,611.0,33.01,58.5029431,0.313,0.0,6525.0,1.412,1.196,3.2560132818708287,F,-1.0708719939565343,1
K05408.01,kepler,HABITABILITY_ZONE,3.24,283.0,1.51,415.748785,1.0584,0.0,5324.0,1.534,0.912,1.7033253767882428,G,-0.192237956959808,1
K05410.01,kepler,NON_HABITABLE,0.97,701.0,57.15,24.1527864,0.1678,0.0,6223.0,1.095,1.073,1.6200266265298435,F,-1.1282424165285563,1
K05411.01,kepler,NON_HABITABLE,1.4,1279.0,632.06,11.1734401,0.1133,0.0,7372.0,1.752,1.552,8.167783548824751,F,-1.2553041978021187,1
K05413.01,kepler,POTENTIALLY_HABITABLE,2.0,236.0,0.74,428.379308,1.0315,0.0,5574.0,0.953,0.798,0.7898568139892707,G,0.2896934037449956,1
K05536.01,kepler,POTENTIALLY_HABITABLE,1.85,226.0,0.62,392.72811,1.0047,0.0,5701.0,0.815,0.877,0.6321411931327442,G,0.4316857927318825,1
K05539.01,kepler,HABITABILITY_ZONE,2.34,209.0,0.45,374.05697,0.9643,0.0,5302.0,0.771,0.865,0.4232162746472035,G,0.7330046589325329,1
K05541.01,kepler,HABITABILITY_ZONE,2.04,250.0,0.93,339.633833,0.9485,0.0,5823.0,0.901,0.984,0.8408750232604549,G,0.11565746318537592,1
K05663.01,kepler,NON_HABITABLE,1.52,392.0,5.6,140.884533,0.5449,0.0,5960.0,1.213,1.087,1.6726356579056958,G,-0.7292558894710597,1
K05665.01,kepler,NON_HABITABLE,1.33,523.0,17.64,100.494129,0.4515,0.0,6018.0,1.75,1.24,3.618924654920298,F,-0.9828329995242127,1
K05666.01,kepler,HABITABILITY_ZONE,1.26,332.0,2.89,182.453195,0.6199,0.0,6164.0,0.927,0.952,1.1176471082706858,F,-0.5017865952141061,1
K05789.01,kepler,POTENTIALLY_HABITABLE,1.57,203.0,0.4,383.26217,0.9285,0.0,5074.0,0.761,0.725,0.3458325567192361,K,0.8661388590075446,1
K05790.01,kepler,HABITABILITY_ZONE,3.71,241.0,0.8,178.266978,0.571,0.0,4899.0,0.713,0.818,0.2638174558390172,K,0.2222397591634267,1
K05794.01,kepler,NON_HABITABLE,4.3,950.0,192.79,30.9771151,0.2202,0.0,5197.0,3.784,1.483,9.410394562426752,K,-1.2110107025421788,1
K05416.01,kepler,HABITABILITY_ZONE,6.28,240.0,0.78,76.377855,0.2952,0.0,3869.0,0.584,0.587,0.06885180394366268,K,0.2406039445034846,1
K05418.01,kepler,NON_HABITABLE,1.21,657.0,44.12,14.2673439,0.113,0.0,5475.0,0.837,0.944,0.5671293459955941,G,-1.1031370959545053,1
K05545.01,kepler,HABITABILITY_ZONE,1.08,206.0,0.43,541.04472,1.2468,0.0,5829.0,0.802,0.879,0.6689900649085194,G,0.7909948967236662,1
K05546.01,kepler,HABITABILITY_ZONE,3.01,258.0,1.04,514.271499,1.3412,0.0,6343.0,1.137,1.213,1.8853608529363741,F,0.03629707443492605,1
K05547.01,kepler,HABITABILITY_ZONE,2.22,210.0,0.46,571.14302,1.3742,0.0,5751.0,0.943,1.06,0.8763782005603108,G,0.7132178553444011,1
K05550.01,kepler,HABITABILITY_ZONE,3.63,206.0,0.42,540.39267,1.2774,0.0,5693.0,0.856,0.95,0.6934369427564254,G,0.8042745826539553,1
K05671.01,kepler,HABITABILITY_ZONE,1.73,356.0,3.81,190.905243,0.6442,0.0,6098.0,1.131,0.976,1.5935643309101897,F,-0.6066083352811443,1
K05677.01,kepler,NON_HABITABLE,1.14,598.0,30.28,20.5142642,0.1387,0.0,5221.0,0.936,0.843,0.5864907685313803,G,-1.0603274969888086,1
K05796.01,kepler,HABITABILITY_ZONE,2.41,230.0,0.67,495.854189,1.2057,0.0,5613.0,1.044,0.948,0.9747110207550557,G,0.37322536082554303,1
K05798.01,kepler,HABITABILITY_ZONE,2.03,212.0,0.48,318.25858,0.8575,0.0,5108.0,0.759,0.833,0.3533310601373595,K,0.6783000431407412,1
K05799.01,kepler,NON_HABITABLE,2.82,393.0,5.65,184.883155,0.6441,0.0,5620.0,1.621,1.042,2.361598162815161,G,-0.7322776071993294,1
K05800.01,kepler,NON_HABITABLE,1.34,874.0,138.34,11.006795,0.0988,0.0,6091.0,1.047,1.058,1.359384994505364,F,-1.1931516562107947,1
K05801.01,kepler,HABITABILITY_ZONE,1.96,314.0,2.29,177.37583,0.6209,0.0,5849.0,0.919,1.014,0.890537513277674,G,-0.4031217167234762,1
K05423.01,kepler,HABITABILITY_ZONE,2.63,266.0,1.18,366.55705,1.0404,0.0,5857.0,1.1,1.116,1.282865059564822,G,-0.043936137653603165,1
K05426.01,kepler,NON_HABITABLE,1.78,435.0,8.48,124.887214,0.4722,0.0,6103.0,1.234,0.898,1.9032617057184515,F,-0.8382029841053085,1
K05552.01,kepler,HABITABILITY_ZONE,2.1,265.0,1.17,295.958914,0.8312,0.0,5505.0,0.992,0.871,0.8142304651418968,G,-0.04036886608795548,1
K05553.01,kepler,HABITABILITY_ZONE,2.32,333.0,2.91,120.938669,0.4403,0.0,5456.0,0.843,0.777,0.5673450971542335,G,-0.504284183667026,1
K05554.01,kepler,HABITABILITY_ZONE,0.96,312.0,2.25,362.22202,0.952,0.0,6113.0,1.277,0.874,2.0516066022803474,F,-0.3938995786071047,1
K05556.01,kepler,HABITABILITY_ZONE,1.86,210.0,0.46,631.99116,1.3923,0.0,5594.0,1.006,0.901,0.8928541465538421,G,0.720864768012569,1
K05680.01,kepler,HABITABILITY_ZONE,2.97,300.0,1.92,557.92882,1.2277,0.0,5553.0,1.844,0.792,2.9129111481053584,G,-0.31852955053157506,1
K05681.01,kepler,NON_HABITABLE,28199.3,702.0,57.44,77.51257,0.3966,0.0,5261.0,3.63,1.383,9.094549007700058,G,-1.1286890141762438,1
K05682.01,kepler,NON_HABITABLE,7.45,638.0,39.27,46.969389,0.2391,0.0,5401.0,1.717,0.824,2.260122661083766,G,-1.0907436987846308,1
K05684.01,kepler,NON_HABITABLE,24.34,675.0,48.97,206.801125,0.9381,0.0,5048.0,8.611,2.571,43.37897378616164,K,-1.113636352139225,1
K05685.01,kepler,NON_HABITABLE,17.96,1646.0,1736.43,14.0019064,0.1113,0.0,4883.0,6.502,0.936,21.653870629566377,K,-1.2769783234969403,1
K05805.01,kepler,NON_HABITABLE,11.07,372.0,4.52,525.757041,1.5407,0.0,5277.0,3.931,1.764,10.795659410695626,G,-0.6636646950298072,1
K05806.01,kepler,POTENTIALLY_HABITABLE,1.26,272.0,1.28,313.82752,0.8983,0.0,5914.0,0.973,0.981,1.0433876012223209,G,-0.09788120330842527,1
K05810.01,kepler,HABITABILITY_ZONE,2.25,278.0,1.41,425.593391,1.0822,0.0,5458.0,1.441,0.931,1.6601861913340676,G,-0.15235151485541215,1
K05433.01,kepler,HABITABILITY_ZONE,2.55,302.0,1.98,237.819002,0.7609,0.0,5878.0,1.035,1.038,1.1521094446240885,G,-0.3329152870093761,1
K05434.01,kepler,HABITABILITY_ZONE,2.96,218.0,0.53,581.87357,1.4117,0.0,5897.0,0.992,1.106,1.0721179461954733,G,0.5691461208440138,1
K05435.01,kepler,NON_HABITABLE,1.71,560.0,23.32,15.9961296,0.1179,0.0,4949.0,0.777,0.855,0.32629210310903534,K,-1.0254731216641881,1
K05563.01,kepler,NON_HABITABLE,3.8,1422.0,965.88,7.62210397,0.083,0.0,5222.0,3.162,1.312,6.698320310464788,G,-1.2657434541141988,1
K05566.01,kepler,NON_HABITABLE,3.18,3183.0,24258.04,0.9886684,0.0222,0.0,6456.0,2.773,1.49,12.03506766404526,F,-1.3011236477765418,1
K05688.01,kepler,NON_HABITABLE,2.03,594.0,29.45,14.5555096,0.109,0.0,5176.0,0.738,0.826,0.35219606922501606,K,-1.056803487887822,1
K05689.01,kepler,HABITABILITY_ZONE,2.76,295.0,1.79,114.12716,0.427,0.0,4816.0,0.823,0.795,0.32827687741223244,K,-0.28279292300630077,1
K05690.01,kepler,NON_HABITABLE,45.89,1971.0,3566.8,17.0497376,0.1902,0.0,5039.0,14.954,3.149,129.89334365629682,K,-1.2869425485604797,1
K05692.01,kepler,NON_HABITABLE,0.59,834.0,114.08,2.64181261,0.0329,0.0,4147.0,0.683,0.678,0.12430032355994096,K,-1.1813300077546385,1
K05829.01,kepler,HABITABILITY_ZONE,1.97,196.0,0.35,583.8531,1.3575,0.0,5591.0,0.86,0.977,0.6511028282554222,G,1.0087396375086408,1
K05830.01,kepler,NON_HABITABLE,11.19,924.0,172.28,72.782432,0.4336,0.0,5099.0,7.317,2.049,32.60625106494613,K,-1.2052871220337393,1
K05831.01,kepler,NON_HABITABLE,1.75,485.0,13.12,10.552241908,0.0785,0.0,4031.0,0.585,0.578,0.0814062285891376,K,-0.9307443829015726,1
K05833.01,kepler,HABITABILITY_ZONE,5.97,334.0,2.96,440.171272,1.1446,0.0,6261.0,1.679,1.03,3.9027516654691183,F,-0.5114071609167651,1
K05834.01,kepler,NON_HABITABLE,1.77,583.0,27.38,37.537859,0.2298,0.0,6095.0,1.082,1.15,1.455606786283795,F,-1.0474282535239448,1
K05835.01,kepler,HABITABILITY_ZONE,2.44,249.0,0.91,474.96952,1.1933,0.0,6287.0,0.962,1.002,1.302622861083537,F,0.13106540144208073,1
K05440.01,kepler,NON_HABITABLE,1.75,448.0,9.49,74.624063,0.3483,0.0,6187.0,0.937,1.011,1.1590291430781752,F,-0.8640483455953321,1
K05446.01,kepler,NON_HABITABLE,7.35,377.0,4.77,416.9504,1.1834,0.0,5751.0,2.611,1.269,6.718648556953137,G,-0.6807024847463478,1
K05568.01,kepler,NON_HABITABLE,6.71,925.0,172.96,62.134919,0.3875,0.0,5889.0,4.912,2.006,26.144337657569963,G,-1.2054931867469936,1
K05570.01,kepler,HABITABILITY_ZONE,2.28,196.0,0.35,574.65297,1.2963,0.0,5596.0,0.821,0.879,0.5955138245106264,G,1.0052428511155063,1
K05572.01,kepler,NON_HABITABLE,0.78,533.0,19.05,21.9578446,0.1482,0.0,5192.0,0.802,0.896,0.42109703358988687,K,-0.9951805399736181,1
K05574.01,kepler,NON_HABITABLE,2.55,158.0,0.15,373.41509,0.856,0.0,4236.0,0.612,0.599,0.10864790597072581,K,2.269285062014764,1
K05694.01,kepler,HABITABILITY_ZONE,1.26,337.0,3.05,107.904526,0.4253,0.0,5565.0,0.802,0.879,0.5557815448040146,G,-0.5236770861963728,1
K05698.01,kepler,NON_HABITABLE,2.33,363.0,4.12,282.029084,0.8997,0.0,6886.0,1.287,1.227,3.355211314026222,F,-0.6329816484503443,1
K05812.01,kepler,NON_HABITABLE,1.5,1443.0,1025.14,3.1318392,0.0399,0.0,6070.0,1.159,0.863,1.6429197353302618,F,-1.2670400374317654,1
K05815.01,kepler,NON_HABITABLE,3.52,379.0,4.85,207.767894,0.6816,0.0,5210.0,1.849,0.976,2.2694437654602035,G,-0.6863575953322834,1
K05816.01,kepler,NON_HABITABLE,14.04,878.0,140.61,82.508054,0.485,0.0,4986.0,7.733,2.231,33.296595283245324,K,-1.1941008097434058,1
K05817.01,kepler,NON_HABITABLE,1.59,450.0,9.65,113.083522,0.4698,0.0,5903.0,1.4,1.079,2.144084585516369,G,-0.8677437296760225,1
K05819.01,kepler,POTENTIALLY_HABITABLE,1.24,212.0,0.48,381.37504,0.9548,0.0,5513.0,0.729,0.796,0.44228451753497455,G,0.668792714834355,1
K05451.01,kepler,HABITABILITY_ZONE,4.4,319.0,2.43,529.39169,1.3401,0.0,5283.0,2.504,1.144,4.400335621187836,G,-0.4294610551482025,1
K05454.01,kepler,HABITABILITY_ZONE,2.62,182.0,0.26,509.997402,1.1218,0.0,5037.0,0.756,0.724,0.33145616771116315,K,1.3755786350928068,1
K05577.01,kepler,HABITABILITY_ZONE,2.94,305.0,2.03,495.51899,1.2514,0.0,6043.0,1.634,1.062,3.207814097752762,F,-0.3469619982915048,1
K05578.01,kepler,NON_HABITABLE,3.0,376.0,4.71,388.048463,1.1326,0.0,5779.0,2.46,1.29,6.081009787052867,G,-0.6769268607029282,1
K05579.01,kepler,NON_HABITABLE,1.57,455.0,10.15,34.0269868,0.188,0.0,4999.0,0.801,0.764,0.36098760452005163,K,-0.8786845062810259,1
K05580.01,kepler,NON_HABITABLE,2.41,405.0,6.39,173.219879,0.6483,0.0,6007.0,1.518,1.215,2.7031415070464297,F,-0.7664828984082385,1
K05581.01,kepler,HABITABILITY_ZONE,4.27,282.0,1.49,374.878133,1.0525,0.0,5636.0,1.354,1.103,1.666540900934367,G,-0.18626907131027395,1
K05702.01,kepler,HABITABILITY_ZONE,2.56,241.0,0.79,511.882,1.2745,0.0,6141.0,1.007,1.046,1.2993018025316363,F,0.2310868344018698,1
K05704.01,kepler,HABITABILITY_ZONE,1.15,313.0,2.26,96.16705,0.3774,0.0,5147.0,0.716,0.779,0.32414358265661286,K,-0.39633617099888446,1
K05706.01,kepler,HABITABILITY_ZONE,3.2,248.0,0.89,425.483539,1.1546,0.0,5977.0,1.022,1.133,1.200962716959474,G,0.14214525107161077,1
K05707.01,kepler,HABITABILITY_ZONE,2.88,347.0,3.43,208.800733,0.7266,0.0,6208.0,1.168,1.175,1.8255226629485943,F,-0.56875582976262,1
K05822.01,kepler,NON_HABITABLE,1.69,842.0,118.84,17.634272,0.1296,0.0,4885.0,1.979,0.933,2.009299013162634,K,-1.1839322013483011,1
K05825.01,kepler,NON_HABITABLE,2.05,363.0,4.12,208.047137,0.6345,0.0,5991.0,1.2,0.784,1.6713002601141675,G,-0.6335011334663977,1
K05826.01,kepler,NON_HABITABLE,1.53,379.0,4.86,30.561533,0.1661,0.0,4294.0,0.664,0.654,0.1350451617734788,K,-0.6869886965014782,1
K05827.01,kepler,NON_HABITABLE,0.79,1093.0,337.78,6.10968225,0.0596,0.0,6024.0,1.009,0.756,1.207860824159589,F,-1.235201470838362,1
K05455.01,kepler,HABITABILITY_ZONE,2.09,267.0,1.2,292.09809,0.8541,0.0,5955.0,0.883,0.972,0.8833710873617482,G,-0.05748452820130067,1
K05457.01,kepler,HABITABILITY_ZONE,3.54,328.0,2.74,578.21623,1.5655,0.0,5166.0,3.244,1.529,6.752646401660356,K,-0.4796292973932534,1
K05458.01,kepler,NON_HABITABLE,2.19,377.0,4.77,56.648588,0.2703,0.0,5023.0,0.782,0.821,0.35072032028256817,K,-0.6808836000619662,1
K05459.01,kepler,NON_HABITABLE,3.1,769.0,82.79,53.554546,0.3144,0.0,6039.0,2.622,1.442,8.23796995051381,F,-1.1589705523763132,1
K05461.01,kepler,NON_HABITABLE,17.89,795.0,94.61,119.079642,0.6497,0.0,4849.0,8.984,2.573,40.20156252773164,K,-1.168716373052638,1
K05583.01,kepler,NON_HABITABLE,1.31,586.0,27.85,20.5858591,0.1302,0.0,5523.0,0.753,0.695,0.4753186288109762,G,-1.0496609149676563,1
K05585.01,kepler,NON_HABITABLE,3.45,496.0,14.32,113.573945,0.4691,0.0,5155.0,2.233,1.067,3.17239191901354,K,-0.9469502909231945,1
K05588.01,kepler,HABITABILITY_ZONE,2.27,199.0,0.37,542.91133,1.2569,0.0,5583.0,0.824,0.899,0.5943190417546564,G,0.9371299102897467,1
K05712.01,kepler,HABITABILITY_ZONE,3.4,215.0,0.5,287.75613,0.8109,0.0,4965.0,0.781,0.856,0.3339441111334196,K,0.6240578226994336,1
K05715.01,kepler,POTENTIALLY_HABITABLE,1.93,260.0,1.08,189.961729,0.6066,0.0,5335.0,0.742,0.83,0.40182801862753853,G,0.00894679460543869,1
K05839.01,kepler,NON_HABITABLE,2.32,413.0,6.87,169.415073,0.6368,0.0,6362.0,1.378,1.199,2.802643152217385,F,-0.785684867431842,1
K05842.01,kepler,NON_HABITABLE,1.85,524.0,17.82,57.7749373,0.3063,0.0,6277.0,1.097,1.148,1.6831254236384772,F,-0.9845452153770371,1
K05466.01,kepler,NON_HABITABLE,1.75,1122.0,374.3,4.09513876,0.0511,0.0,5858.0,0.963,1.056,0.983885938908178,G,-1.2389406740125062,1
K05468.01,kepler,NON_HABITABLE,1.65,442.0,9.04,81.704814,0.3517,0.0,6099.0,0.95,0.867,1.1250619950348149,F,-0.8529493984766449,1
K05470.01,kepler,HABITABILITY_ZONE,2.44,223.0,0.59,578.21805,1.3722,0.0,6089.0,0.95,1.031,1.1177014571181847,F,0.4789351044702362,1
K05591.01,kepler,HABITABILITY_ZONE,4.03,345.0,3.34,317.009388,0.9541,0.0,5066.0,2.27,1.15,3.057786553395904,K,-0.5579454428092154,1
K05592.01,kepler,HABITABILITY_ZONE,2.3,242.0,0.8,482.51701,1.2182,0.0,6168.0,0.96,1.034,1.2017513995170106,F,0.2216293019814476,1
K05597.01,kepler,NON_HABITABLE,0.73,773.0,84.44,7.77710639,0.0713,0.0,5073.0,0.851,0.8,0.4321288678016162,K,-1.160454377584034,1
K05718.01,kepler,HABITABILITY_ZONE,5.2,296.0,1.8,233.64574,0.744,0.0,5780.0,1.0,1.0,1.0055555421967817,G,-0.2873658646994157,1
K05719.01,kepler,NON_HABITABLE,2.19,678.0,49.97,27.285315,0.184,0.0,6304.0,1.094,1.11,1.7029197103726421,F,-1.1156101425642135,1
K05344.01,kepler,NON_HABITABLE,3.66,370.0,4.43,445.351255,1.2938,0.0,7202.0,1.755,1.454,7.4655433232532085,F,-0.6573197807044276,1
K05472.01,kepler,NON_HABITABLE,5.27,630.0,37.25,97.5137491,0.4608,0.0,5437.0,3.18,1.372,7.961342031701179,G,-1.084858835080554,1
K05473.01,kepler,HABITABILITY_ZONE,2.64,223.0,0.58,549.42772,1.3488,0.0,5957.0,0.971,1.083,1.0696546181145201,G,0.48748711763395297,1
K05474.01,kepler,NON_HABITABLE,8.98,486.0,13.14,284.666844,1.0029,0.0,5248.0,4.413,1.66,13.308768497163012,G,-0.9310517278932898,1
K05475.01,kepler,NON_HABITABLE,2.41,369.0,4.4,224.150923,0.6762,0.0,6072.0,1.286,0.818,2.0253668575200323,F,-0.6550815849416349,1
K05476.01,kepler,NON_HABITABLE,2.52,367.0,4.29,148.179343,0.5425,0.0,5635.0,1.183,0.967,1.2712760964018233,G,-0.646801983954803,1
K05598.01,kepler,HABITABILITY_ZONE,2.13,274.0,1.33,376.934014,0.991,0.0,6074.0,1.034,0.913,1.3110973456767854,F,-0.11710248333159783,1
K05600.01,kepler,NON_HABITABLE,4.81,603.0,31.34,17.168095,0.2602,0.0,5053.0,1.907,0.885,2.13596085544854,K,-1.064564605585192,1
K05602.01,kepler,HABITABILITY_ZONE,2.49,240.0,0.79,403.163148,1.0963,0.0,5812.0,0.963,1.079,0.9533441524448456,G,0.2375574658979661,1
K05603.01,kepler,NON_HABITABLE,6.81,393.0,5.65,341.557931,1.0293,0.0,5138.0,3.098,1.245,6.026066734616627,K,-0.7320451792781714,1
K05604.01,kepler,HABITABILITY_ZONE,2.49,321.0,2.49,476.91977,1.2893,0.0,6282.0,1.725,1.257,4.175078421778663,F,-0.44028637383585995,1
K05605.01,kepler,NON_HABITABLE,7.04,1105.0,351.97,9.011888,0.0876,0.0,5627.0,1.735,1.103,2.7189506758987196,G,-1.2367233643268745,1
K05725.01,kepler,HABITABILITY_ZONE,2.23,186.0,0.28,351.25069,0.8302,0.0,4828.0,0.63,0.616,0.19428749772191026,K,1.2859487110408576,1
K05727.01,kepler,HABITABILITY_ZONE,2.61,337.0,3.05,65.3558881,0.2894,0.0,4703.0,0.764,0.755,0.25726537702313607,K,-0.5235602429316081,1
K05732.01,kepler,NON_HABITABLE,1.52,499.0,14.66,39.399926,0.2172,0.0,5913.0,0.795,0.898,0.6960821284606903,G,-0.9511404999185835,1
K05358.01,kepler,NON_HABITABLE,1.54,460.0,10.54,126.586058,0.5029,0.0,6611.0,1.249,1.057,2.68465334614883,F,-0.8869204901701386,1
K05359.01,kepler,NON_HABITABLE,1.53,713.0,61.08,2.7200197,0.0313,0.0,3939.0,0.527,0.55,0.06023651864531192,K,-1.1341749975189124,1
K05479.01,kepler,NON_HABITABLE,5.65,855.0,126.14,18.347081,0.1354,0.0,5465.0,1.702,0.983,2.3279544957287217,G,-1.1876345591241926,1
K05480.01,kepler,NON_HABITABLE,5.78,588.0,28.34,57.140035,0.2891,0.0,5936.0,1.46,0.986,2.3843828583493423,G,-1.0519037318862297,1
K05482.01,kepler,NON_HABITABLE,2.96,547.0,21.1,31.707574649,0.1935,0.0,5861.0,0.865,0.957,0.7954516934838655,G,-1.0109232630068705,1
K05485.01,kepler,NON_HABITABLE,17.37,1528.0,1288.85,9.3589254,0.1014,0.0,5188.0,4.521,1.583,13.34023849875736,K,-1.2716800667131234,1
K05486.01,kepler,NON_HABITABLE,23.47,2292.0,6522.18,4.15472242,0.0609,0.0,6996.0,3.359,1.742,24.350838548342356,F,-1.2929340639191225,1
K05608.01,kepler,NON_HABITABLE,2.12,437.0,8.6,87.565484,0.4009,0.0,6064.0,1.069,1.121,1.3921527551681256,F,-0.8416489956399354,1
K05609.01,kepler,HABITABILITY_ZONE,2.7,258.0,1.04,535.1515,1.2454,0.0,5468.0,1.423,0.898,1.6308669588470712,G,0.034139127968787625,1
K05610.01,kepler,HABITABILITY_ZONE,152.21,248.0,0.9,495.40462,1.2628,0.0,6225.0,1.031,1.091,1.4380350251129126,F,0.14142004975210687,1
K05612.01,kepler,HABITABILITY_ZONE,2.58,223.0,0.58,353.65927,0.9524,0.0,5438.0,0.82,0.92,0.529760078897238,G,0.493514928309746,1
K05613.01,kepler,HABITABILITY_ZONE,2.41,251.0,0.94,346.4174,0.9687,0.0,5754.0,0.946,1.008,0.8838049168545993,G,0.11021711557468335,1
K05736.01,kepler,NON_HABITABLE,2.22,377.0,4.77,161.651504,0.5787,0.0,5725.0,1.289,0.988,1.6080609624810183,G,-0.6809753583700938,1
K05737.01,kepler,POTENTIALLY_HABITABLE,1.32,254.0,0.99,376.24253,1.0124,0.0,5916.0,0.96,0.976,1.0170676425540919,G,0.07363431616692373,1
K05740.01,kepler,NON_HABITABLE,1.01,674.0,48.75,21.7997515,0.1548,0.0,6122.0,0.964,1.041,1.1760399614256234,F,-1.1132062799950575,1
K05360.01,kepler,NON_HABITABLE,2.0,649.0,41.81,54.595746,0.2843,0.0,6014.0,1.699,1.027,3.402006688422848,F,-1.0975037063542616,1
K05365.01,kepler,HABITABILITY_ZONE,2.2,207.0,0.43,585.64118,1.368,0.0,5779.0,0.901,0.993,0.8157462201961968,G,0.7775970545716088,1
K05487.01,kepler,NON_HABITABLE,2.95,553.0,22.17,48.8130123,0.2713,0.0,6202.0,1.11,1.113,1.6423575658469547,F,-1.0181722755191658,1
K05616.01,kepler,NON_HABITABLE,1.71,152.0,0.12,441.61919,0.9487,0.0,4351.0,0.592,0.582,0.11316039556959763,K,2.576998129055302,1
K05618.01,kepler,HABITABILITY_ZONE,3.01,301.0,1.94,318.49078,0.9166,0.0,6026.0,1.176,1.01,1.6429557366707355,F,-0.32436025940256313,1
K05741.01,kepler,HABITABILITY_ZONE,2.12,203.0,0.41,362.0619,0.9112,0.0,5271.0,0.698,0.773,0.3388266956493168,G,0.8475587581746452,1
K05745.01,kepler,NON_HABITABLE,22.86,687.0,52.84,11.374442708,0.0933,0.0,5297.0,0.808,0.838,0.46306005989221327,G,-1.1209749167595264,1
K05747.01,kepler,HABITABILITY_ZONE,2.86,342.0,3.22,411.447056,1.1846,0.0,6519.0,1.672,1.311,4.548740700107866,F,-0.5444305487583565,1
K05748.01,kepler,NON_HABITABLE,1.19,501.0,14.87,29.9371143,0.1758,0.0,5115.0,0.866,0.808,0.46250139451273053,K,-0.9536656399232899,1
K05369.01,kepler,NON_HABITABLE,14.58,411.0,6.75,651.358046,1.8916,0.0,5122.0,6.261,2.123,24.30750671585953,K,-0.7811506976043123,1
K05371.01,kepler,NON_HABITABLE,1.14,422.0,7.53,33.3037881,0.1866,0.0,4899.0,0.713,0.818,0.2638174558390172,K,-0.8092334385191263,1
K05372.01,kepler,HABITABILITY_ZONE,1.64,337.0,3.06,212.60398,0.7026,0.0,5834.0,1.207,1.022,1.5204598262311633,G,-0.5246227485048394,1
K05373.01,kepler,NON_HABITABLE,5.0,790.0,92.03,50.550788,0.3046,0.0,5031.0,3.859,1.47,8.595309843872224,K,-1.166749160932297,1
K05375.01,kepler,NON_HABITABLE,5.94,423.0,7.54,285.374561,0.7937,0.0,5142.0,2.756,0.817,4.783892654859595,K,-0.8098029005254149,1
K05497.01,kepler,NON_HABITABLE,1.05,592.0,29.01,93.359737,0.4308,0.0,6809.0,1.673,1.224,5.420257623679842,F,-1.0549129077563764,1
K05499.01,kepler,POTENTIALLY_HABITABLE,1.19,279.0,1.43,122.58481,0.4192,0.0,5003.0,0.669,0.654,0.2526207134772562,K,-0.16043238266045265,1
K05500.01,kepler,NON_HABITABLE,1.6,531.0,18.83,84.934357,0.3805,0.0,6290.0,1.395,1.016,2.7443892362509184,F,-0.9933818400339204,1
K05502.01,kepler,HABITABILITY_ZONE,2.02,334.0,2.96,421.98194,1.2041,0.0,6760.0,1.515,1.314,4.318239838756886,F,-0.5113319660299736,1
K05622.01,kepler,HABITABILITY_ZONE,3.24,200.0,0.37,469.61309,1.117,0.0,5474.0,0.763,0.847,0.47093715790802265,G,0.9334117425374561,1
K05625.01,kepler,HABITABILITY_ZONE,3.33,306.0,2.06,116.454312,0.4142,0.0,5197.0,0.736,0.697,0.35600918779586027,K,-0.35317717394009845,1
K05626.01,kepler,HABITABILITY_ZONE,6.57,293.0,1.73,397.499229,1.1541,0.0,6423.0,1.231,1.296,2.323606080229043,F,-0.2664528203183776,1
K05628.01,kepler,NON_HABITABLE,1.32,452.0,9.9,24.9093027,0.1507,0.0,4810.0,0.685,0.751,0.2262852044753087,K,-0.8733154503352382,1
K05629.01,kepler,NON_HABITABLE,1.93,407.0,6.48,192.138741,0.6782,0.0,6065.0,1.569,1.126,3.0009849559680406,F,-0.7703678889410912,1
K05749.01,kepler,HABITABILITY_ZONE,2.31,204.0,0.41,281.95332,0.7622,0.0,4864.0,0.692,0.746,0.2414799983902804,K,0.8277956979746486,1
K05755.01,kepler,POTENTIALLY_HABITABLE,1.49,210.0,0.46,388.67155,0.9976,0.0,5354.0,0.788,0.884,0.45968529657783663,G,0.7179843234800403,1
K05379.01,kepler,NON_HABITABLE,7.58,401.0,6.12,520.655224,1.4248,0.0,5227.0,4.313,1.419,12.510181973400213,G,-0.7547446920171486,1
K05380.01,kepler,HABITABILITY_ZONE,3.24,270.0,1.25,369.93355,1.0371,0.0,6158.0,1.024,1.08,1.3584803531253211,F,-0.08357685242780802,1
K05506.01,kepler,HABITABILITY_ZONE,1.61,230.0,0.66,641.60204,1.4993,0.0,6277.0,1.031,1.085,1.4866904630397306,F,0.384802542106047,1
K05509.01,kepler,NON_HABITABLE,1.41,613.0,33.44,28.406342,0.1793,0.0,6085.0,0.936,0.952,1.0821531751669156,F,-1.07238942441371,1
K05632.01,kepler,HABITABILITY_ZONE,2.61,346.0,3.41,264.466625,0.8599,0.0,6551.0,1.236,1.213,2.5349071101260097,F,-0.5655658397301584,1
K05633.01,kepler,NON_HABITABLE,4.35,616.0,34.01,151.77884,0.6438,0.0,6328.0,3.134,1.542,14.189221769522957,F,-1.0743852868416583,1
K05635.01,kepler,NON_HABITABLE,2.23,729.0,66.64,113.993156,0.5697,0.0,7892.0,2.496,1.894,21.773697181297095,A,-1.1416734626159644,1
K05758.01,kepler,HABITABILITY_ZONE,2.7,317.0,2.37,102.493119,0.41,0.0,5166.0,0.791,0.871,0.40148126573019305,K,-0.41812267609908615,1
K05761.01,kepler,NON_HABITABLE,1.56,1379.0,854.43,6.13292733,0.0719,0.0,5877.0,2.034,1.316,4.4465109929654085,G,-1.262949034506978,1
K05762.01,kepler,NON_HABITABLE,1.37,689.0,53.17,12.63063129,0.1019,0.0,5579.0,0.798,0.892,0.5558094655858943,G,-1.121562177840496,1
K05764.01,kepler,HABITABILITY_ZONE,2.03,180.0,0.25,286.02266,0.7259,0.0,4368.0,0.637,0.624,0.1330773345854492,K,1.4325847015190183,1
K05384.01,kepler,NON_HABITABLE,9.5,1064.0,303.36,7.95445779,0.0794,0.0,6217.0,1.196,1.052,1.925220773236402,F,-1.231074330718806,1
K05385.01,kepler,HABITABILITY_ZONE,6815.75,221.0,0.56,331.70918,0.8952,0.0,5282.0,0.805,0.868,0.45444367007523645,G,0.5202896065973813,1
K05387.01,kepler,NON_HABITABLE,1.17,167.0,0.18,297.78282,0.7267,0.0,4192.0,0.59,0.577,0.09684647757075482,K,1.908453354307838,1
K05388.01,kepler,NON_HABITABLE,3.38,517.0,16.87,137.396194,0.5691,0.0,5425.0,2.655,1.304,5.50076043421362,G,-0.9755146635830766,1
K05389.01,kepler,POTENTIALLY_HABITABLE,1.73,241.0,0.8,365.739893,0.9391,0.0,5420.0,0.953,0.825,0.7061186101912035,G,0.23033544927593277,1
K05390.01,kepler,NON_HABITABLE,5.13,497.0,14.46,104.198102,0.412,0.0,5087.0,2.024,0.857,2.4715117366909616,K,-0.9487479733548443,1
K05511.01,kepler,NON_HABITABLE,1.68,590.0,28.65,74.833577,0.3555,0.0,5933.0,1.807,1.07,3.6450912836765905,G,-1.0533108263117559,1
K05512.01,kepler,NON_HABITABLE,3.02,777.0,85.95,8.5852872,0.0795,0.0,5488.0,0.818,0.913,0.5468367939998949,G,-1.1617719001539444,1
K05514.01,kepler,NON_HABITABLE,2.63,551.0,21.84,102.100752,0.4737,0.0,6359.0,1.83,1.358,4.933466570155634,F,-1.0160068024526392,1
K05515.01,kepler,NON_HABITABLE,6.46,1180.0,458.5,6.263491873,0.0651,0.0,6247.0,1.194,0.936,1.9560924989379116,F,-1.245791014206001,1
K05517.01,kepler,NON_HABITABLE,7.12,468.0,11.31,335.43143,1.1236,0.0,5172.0,4.721,1.679,14.368015108827802,K,-0.9013985840956915,1
K05518.01,kepler,HABITABILITY_ZONE,3.1,198.0,0.36,558.21886,1.2704,0.0,5679.0,0.794,0.886,0.5907764705526514,G,0.9680645101938585,1
K05638.01,kepler,HABITABILITY_ZONE,1.56,321.0,2.51,290.02002,0.9025,0.0,6452.0,1.148,1.164,2.057576169300681,F,-0.4427906692537269,1
K05639.01,kepler,NON_HABITABLE,4.92,395.0,5.77,279.21957,0.8635,0.0,5159.0,2.604,1.101,4.327516989919401,K,-0.737846882242863,1
K05640.01,kepler,NON_HABITABLE,9.56,493.0,13.93,348.665961,1.0528,0.0,5183.0,4.89,1.276,15.546665839323058,K,-0.9419384935110742,1
K05642.01,kepler,NON_HABITABLE,2.56,405.0,6.37,222.28056,0.777,0.0,6543.0,1.531,1.268,3.870372568178093,F,-0.7656024754401805,1
K05643.01,kepler,HABITABILITY_ZONE,1.62,190.0,0.31,570.01886,1.282,0.0,5496.0,0.79,0.863,0.5130217633595278,G,1.1569277610990811,1
K05769.01,kepler,NON_HABITABLE,0.97,937.0,182.01,7.58062893,0.0764,0.0,5753.0,1.041,1.034,1.0694824577807769,G,-1.2081234276222734,1
K05393.01,kepler,NON_HABITABLE,18.92,579.0,26.64,248.421771,0.8927,0.0,4895.0,6.428,1.533,21.372593763835496,K,-1.0438076015409785,1
K05398.01,kepler,HABITABILITY_ZONE,2.1,206.0,0.42,551.22396,1.3184,0.0,5691.0,0.887,1.003,0.7435262271085361,G,0.7973518403471997,1
K05897.01,kepler,NON_HABITABLE,2.53,172.0,0.21,395.94327,0.9443,0.0,4596.0,0.678,0.714,0.18478817576376153,K,1.717661761836591,1
K05898.01,kepler,NON_HABITABLE,1.73,406.0,6.41,76.37924,0.3286,0.0,5451.0,0.936,0.81,0.6968689846055905,G,-0.7674201615688269,1
K05899.01,kepler,NON_HABITABLE,1.28,450.0,9.68,58.669218,0.2918,0.0,5548.0,0.986,0.961,0.8298399711741835,G,-0.8684599049836285,1
K05900.01,kepler,HABITABILITY_ZONE,1.68,354.0,3.71,355.84731,1.08,0.0,6823.0,1.493,1.332,4.352269811678873,F,-0.596446321578256,1
K05901.01,kepler,NON_HABITABLE,1.29,597.0,30.02,61.611129,0.323,0.0,6533.0,1.386,1.184,3.1526212867835386,F,-1.0592210785399003,1
K05902.01,kepler,HABITABILITY_ZONE,1.27,321.0,2.51,150.728285,0.5487,0.0,5778.0,0.871,0.967,0.7618003543955681,G,-0.44349895604191636,1
K05903.01,kepler,HABITABILITY_ZONE,2.06,253.0,0.97,253.790434,0.7588,0.0,5426.0,0.85,0.902,0.5642242130040899,G,0.08234050760460826,1
K05907.01,kepler,NON_HABITABLE,36.77,527.0,18.29,587.38162,1.8953,0.0,4784.0,11.839,2.629,66.14384471434111,K,-0.9887551757406693,1
K05909.01,kepler,NON_HABITABLE,1.36,738.0,70.05,7.07987663,0.0666,0.0,4808.0,0.806,0.785,0.3127682282170588,K,-1.1458128899944053,1
K05910.01,kepler,NON_HABITABLE,1.75,494.0,14.03,91.240335,0.4058,0.0,6493.0,1.205,1.065,2.3251470034808226,F,-0.9431570206736057,1
K05911.01,kepler,HABITABILITY_ZONE,3.01,283.0,1.52,357.41382,1.0151,0.0,6233.0,1.076,1.086,1.5743734618596834,F,-0.19492690901713688,1
K05912.01,kepler,HABITABILITY_ZONE,2.25,302.0,1.97,359.854745,1.0501,0.0,6495.0,1.168,1.19,2.1872429103721744,F,-0.3313360026083952,1
K05913.01,kepler,NON_HABITABLE,1.97,391.0,5.54,89.366114,0.3819,0.0,5861.0,0.875,0.929,0.8139499519844758,G,-0.7265289785969765,1
K05915.01,kepler,NON_HABITABLE,1.81,519.0,17.13,37.6259039,0.2172,0.0,5874.0,0.871,0.963,0.8137046336111396,G,-0.978085015572752,1
K05917.01,kepler,NON_HABITABLE,1.56,503.0,15.19,41.9934673,0.2335,0.0,5766.0,0.915,0.963,0.8337492392513429,G,-0.957495014322162,1
K05918.01,kepler,HABITABILITY_ZONE,1.46,353.0,3.67,94.67782,0.3885,0.0,5360.0,0.866,0.869,0.557685885589995,G,-0.5929378033808445,1
K05919.01,kepler,HABITABILITY_ZONE,2.35,341.0,3.2,290.196139,0.9128,0.0,6238.0,1.403,1.204,2.6852920992514204,F,-0.5422174644933558,1
K05921.01,kepler,NON_HABITABLE,3.96,591.0,28.77,175.452812,0.7047,0.0,6184.0,3.304,1.516,14.383106998263395,F,-1.0538465157930144,1
K05922.01,kepler,HABITABILITY_ZONE,2.15,287.0,1.59,367.07446,1.0547,0.0,6315.0,1.116,1.161,1.784499863545501,F,-0.22177269527938728,1
K05923.01,kepler,NON_HABITABLE,10.75,444.0,9.18,366.684634,1.2691,0.0,5090.0,4.962,2.023,14.889474130915069,K,-0.8566467359301356,1
K05924.01,kepler,HABITABILITY_ZONE,2.49,219.0,0.54,291.306507,0.7716,0.0,5031.0,0.748,0.72,0.32293504352377544,K,0.5614322322457643,1
K05925.01,kepler,NON_HABITABLE,1.97,503.0,15.18,93.006,0.4073,0.0,5518.0,1.742,1.04,2.5346488237823377,G,-0.9573437490117508,1
K05929.01,kepler,HABITABILITY_ZONE,4.92,223.0,0.58,466.002988,1.1654,0.0,5830.0,0.876,0.97,0.7986879674917623,G,0.4873243521875184,1
K05930.01,kepler,NON_HABITABLE,1.0,106.0,0.03,302.77571,0.5874,0.0,3358.0,0.303,0.294,0.010517263006888492,M,3.0,1
K05932.01,kepler,HABITABILITY_ZONE,2.79,233.0,0.7,355.86134,0.9429,0.0,5736.0,0.801,0.892,0.6257434511759813,G,0.3328911161491764,1
K05933.01,kepler,NON_HABITABLE,10.37,480.0,12.54,236.506437,0.8455,0.0,5066.0,3.9,1.442,9.025778392196957,K,-0.9220631722897237,1
K05934.01,kepler,NON_HABITABLE,6.13,632.0,37.73,19.3854894,0.1312,0.0,5432.0,0.913,0.801,0.6538457579882041,G,-1.086317261127643,1
K05937.01,kepler,NON_HABITABLE,3.53,420.0,7.38,357.588538,1.1418,0.0,7435.0,1.876,1.547,9.689118553073445,F,-0.8043815903965525,1
K05938.01,kepler,HABITABILITY_ZONE,1.66,257.0,1.03,545.205601,1.3395,0.0,6273.0,1.155,1.073,1.861057660441092,F,0.04334121562461818,1
K05939.01,kepler,NON_HABITABLE,1.52,449.0,9.61,105.053389,0.4566,0.0,6471.0,1.13,1.147,2.017145364640045,F,-0.8668516457077056,1
K05940.01,kepler,NON_HABITABLE,3.14,537.0,19.62,24.7967294,0.1583,0.0,5496.0,0.776,0.869,0.4949998291504357,G,-0.9998412615840765,1
K05941.01,kepler,NON_HABITABLE,60.47,465.0,11.01,44.7060191,0.2219,0.0,5509.0,0.811,0.727,0.5457924305107196,G,-0.8959724087859083,1
K05942.01,kepler,NON_HABITABLE,15.75,799.0,96.53,125.277815,0.6174,0.0,5119.0,7.738,1.997,37.041850899260986,K,-1.1701306741941593,1
K05943.01,kepler,NON_HABITABLE,1.87,719.0,63.31,27.2020672,0.1808,0.0,5869.0,1.396,1.065,2.083156916341707,G,-1.1372944923662431,1
K05945.01,kepler,NON_HABITABLE,4.58,829.0,111.83,40.7282314,0.2692,0.0,6531.0,2.231,1.566,8.158542606958738,F,-1.180047576841584,1
K05948.01,kepler,POTENTIALLY_HABITABLE,1.23,222.0,0.58,398.51312,0.9961,0.0,5776.0,0.759,0.83,0.5776795588732061,G,0.4963395351414674,1
K05949.01,kepler,HABITABILITY_ZONE,1.88,249.0,0.92,559.785594,1.3356,0.0,6201.0,1.111,1.011,1.6442572050208422,F,0.12560511519198617,1
K05950.01,kepler,HABITABILITY_ZONE,1.0,314.0,2.31,109.43946,0.419,0.0,5359.0,0.741,0.823,0.40800562864779905,G,-0.4058625060847881,1
K05952.01,kepler,HABITABILITY_ZONE,2.15,346.0,3.39,164.507439,0.5707,0.0,5866.0,1.02,0.916,1.10984744968901,G,-0.5633183158672739,1
K05953.01,kepler,HABITABILITY_ZONE,4.03,219.0,0.54,370.84786,1.0076,0.0,5291.0,0.886,0.989,0.5542595696373456,G,0.5553961459137764,1
K05954.01,kepler,NON_HABITABLE,0.94,421.0,7.44,73.908995,0.3464,0.0,5865.0,0.918,1.012,0.8983635828452203,G,-0.8062361867925721,1
K05956.01,kepler,HABITABILITY_ZONE,3.19,321.0,2.5,212.646179,0.727,0.0,6108.0,1.03,1.132,1.3303480374075336,F,-0.44122680005346937,1
K05959.01,kepler,POTENTIALLY_HABITABLE,1.74,284.0,1.55,251.48808,0.7757,0.0,5979.0,0.902,0.984,0.936746327401903,G,-0.2053329814859848,1
K05960.01,kepler,NON_HABITABLE,1.62,687.0,52.7,32.4185265,0.1877,0.0,5622.0,1.441,0.84,1.8688998838133188,G,-1.120710062405348,1
K05961.01,kepler,NON_HABITABLE,25.24,424.0,7.65,19.159760875,0.1126,0.0,4492.0,0.516,0.518,0.09766818202464363,K,-0.813364576850774,1
K05964.01,kepler,NON_HABITABLE,0.85,591.0,28.78,32.033211,0.2044,0.0,6039.0,1.005,1.108,1.2102830533966402,F,-1.0538703972318102,1
K05965.01,kepler,NON_HABITABLE,1.69,388.0,5.35,43.3975622,0.2224,0.0,4871.0,0.725,0.778,0.26658962376568207,K,-0.7162810396180057,1
K05845.01,kepler,NON_HABITABLE,1.18,896.0,152.29,22.2659599,0.1716,0.0,6888.0,1.492,1.363,4.514450655217976,F,-1.198631584180787,1
K05846.01,kepler,NON_HABITABLE,6.12,483.0,12.81,199.064336,0.7637,0.0,5157.0,3.436,1.496,7.522973746993008,K,-0.9261881050015113,1
K05847.01,kepler,NON_HABITABLE,17.56,605.0,31.66,277.114286,1.0509,0.0,5117.0,7.549,2.012,35.19939742889746,K,-1.0658139579059618,1
K05848.01,kepler,HABITABILITY_ZONE,3.41,331.0,2.83,323.159363,0.8873,0.0,5251.0,1.811,0.891,2.246465141893514,G,-0.49402451276880216,1
K05849.01,kepler,NON_HABITABLE,1.13,639.0,39.45,21.512259,0.1495,0.0,5611.0,0.997,0.962,0.8876588794004916,G,-1.091245542463568,1
K05850.01,kepler,HABITABILITY_ZONE,3.66,274.0,1.33,303.226376,0.8778,0.0,5952.0,0.955,0.982,1.031224312714746,G,-0.11857700125325668,1
K05967.01,kepler,NON_HABITABLE,4.84,1112.0,361.26,22.8631517,0.1951,0.0,5043.0,4.874,1.893,13.842726318736565,K,-1.2376709213067167,1
K05968.01,kepler,NON_HABITABLE,2.29,600.0,30.59,97.942437,0.4443,0.0,5997.0,2.284,1.217,6.078873484681815,G,-1.0615779729483148,1
K05971.01,kepler,NON_HABITABLE,1.08,149.0,0.12,493.30572,0.9988,0.0,4558.0,0.548,0.544,0.1167758697636639,K,2.7184169599289287,1
K05972.01,kepler,HABITABILITY_ZONE,2.59,199.0,0.37,449.87203,1.0903,0.0,5310.0,0.786,0.853,0.44250469884270194,G,0.949041908378497,1
K05973.01,kepler,POTENTIALLY_HABITABLE,1.82,285.0,1.57,419.93373,1.1253,0.0,6686.0,1.053,1.074,1.9962592508469965,F,-0.21223701267566691,1
K05851.01,kepler,HABITABILITY_ZONE,2.18,277.0,1.4,322.221973,0.9233,0.0,6026.0,1.006,1.007,1.2022843143462392,F,-0.1493887722209157,1
K05852.01,kepler,HABITABILITY_ZONE,3.2,304.0,2.03,235.413973,0.7645,0.0,6028.0,1.001,1.073,1.1919439671057641,F,-0.3448354022716392,1
K05853.01,kepler,HABITABILITY_ZONE,3.15,222.0,0.58,366.68293,0.9305,0.0,5217.0,0.869,0.799,0.5039849991631125,G,0.49653973505619625,1
K05854.01,kepler,HABITABILITY_ZONE,2.93,302.0,1.96,240.57135,0.7621,0.0,6146.0,0.943,1.02,1.143110777700251,F,-0.32753029663553307,1
K05855.01,kepler,HABITABILITY_ZONE,6.15,334.0,2.94,217.792748,0.7021,0.0,5600.0,1.283,0.97,1.4584788347797264,G,-0.5086800937093808,1
K05856.01,kepler,NON_HABITABLE,6.04,449.0,9.65,259.34304,0.9302,0.0,5490.0,3.204,1.592,8.401737392068327,G,-0.8676421741845958,1
K05974.01,kepler,NON_HABITABLE,0.49,761.0,79.48,4.76815507,0.0477,0.0,4680.0,0.649,0.638,0.18204028896130062,K,-1.155858163097122,1
K05978.01,kepler,POTENTIALLY_HABITABLE,1.78,209.0,0.45,364.18129,0.9383,0.0,4988.0,0.85,0.829,0.4029381062362078,K,0.7273279797646759,1
K05979.01,kepler,NON_HABITABLE,0.89,592.0,29.06,37.7935113,0.2279,0.0,6178.0,1.076,1.098,1.5195355634681245,F,-1.0551341029239374,1
K05859.01,kepler,NON_HABITABLE,26.09,790.0,92.12,172.621943,0.7631,0.0,5119.0,9.343,1.983,54.001761471611935,K,-1.1668222207884176,1
K05860.01,kepler,NON_HABITABLE,6.17,425.0,7.68,264.708077,0.8757,0.0,5283.0,2.907,1.277,5.9307172129792605,G,-0.814347051580399,1
K05863.01,kepler,NON_HABITABLE,0.87,825.0,109.61,8.67237968,0.0796,0.0,5620.0,0.882,0.893,0.699160916278069,G,-1.1787382387790473,1
K05864.01,kepler,NON_HABITABLE,1.38,468.0,11.38,35.9216912,0.1958,0.0,5161.0,0.829,0.775,0.43927775147977877,K,-0.9027793315780483,1
K05866.01,kepler,NON_HABITABLE,35.36,984.0,221.33,102.300622,0.4546,0.0,4895.0,9.435,1.195,46.04572377558252,K,-1.2176094870791587,1
K05867.01,kepler,NON_HABITABLE,14.76,510.0,16.01,359.8455,1.2126,0.0,4945.0,6.632,1.835,23.694575315919106,K,-0.9666073025829118,1
K05868.01,kepler,NON_HABITABLE,1.89,863.0,130.87,22.7783121,0.1651,0.0,6538.0,1.477,1.153,3.5911650512382427,F,-1.1898675079805974,1
K05869.01,kepler,HABITABILITY_ZONE,2.42,267.0,1.21,114.406187,0.405,0.0,4641.0,0.691,0.677,0.19957083699094427,K,-0.060453281760837696,1
K05870.01,kepler,POTENTIALLY_HABITABLE,0.75,217.0,0.52,132.114,0.4078,0.0,4342.0,0.523,0.518,0.08759057241571266,K,0.5891436744124632,1
K05871.01,kepler,HABITABILITY_ZONE,2.04,196.0,0.35,623.2344,1.3288,0.0,5600.0,0.839,0.804,0.623692813606664,G,1.009055737001211,1
K05873.01,kepler,NON_HABITABLE,109061.0,802.0,97.62,217.170081,0.9171,0.0,5083.0,11.723,2.176,82.6518690785578,K,-1.1709107592484027,1
K05874.01,kepler,HABITABILITY_ZONE,2.07,266.0,1.18,287.33114,0.8181,0.0,5426.0,1.007,0.883,0.7919044968478675,G,-0.04288588252750761,1
K05875.01,kepler,NON_HABITABLE,2.64,1003.0,238.98,9.8788502,0.0932,0.0,6477.0,1.148,1.102,2.089652518266243,F,-1.2210835980292052,1
K05876.01,kepler,HABITABILITY_ZONE,2.2,337.0,3.04,189.456089,0.6319,0.0,5991.0,1.026,0.938,1.2217622726499593,G,-0.5220248090770819,1
K05877.01,kepler,HABITABILITY_ZONE,2.87,289.0,1.66,230.358183,0.692,0.0,5803.0,0.884,0.83,0.798379767589414,G,-0.2425422245299962,1
K05878.01,kepler,POTENTIALLY_HABITABLE,1.88,251.0,0.94,211.54114,0.628,0.0,5433.0,0.689,0.736,0.3726421477318077,G,0.10793830045312654,1
K05879.01,kepler,POTENTIALLY_HABITABLE,1.6,209.0,0.45,88.523517,0.3027,0.0,3827.0,0.462,0.471,0.04124891318111459,K,0.7442082562244374,1
K05881.01,kepler,NON_HABITABLE,1.27,499.0,14.61,134.35872,0.5414,0.0,6948.0,1.433,1.171,4.311479546942531,F,-0.9505819790611979,1
K05883.01,kepler,NON_HABITABLE,1.69,404.0,6.33,198.781156,0.7141,0.0,6493.0,1.424,1.229,3.247104760682721,F,-0.7637615840569085,1
K05885.01,kepler,NON_HABITABLE,1.87,364.0,4.16,111.149082,0.462,0.0,5763.0,0.948,1.063,0.8931118738520816,G,-0.6361676223473826,1
K05886.01,kepler,NON_HABITABLE,1.84,401.0,6.1,284.87177,0.8901,0.0,6437.0,1.773,1.158,4.8623500130304285,F,-0.7536011458689015,1
K05888.01,kepler,POTENTIALLY_HABITABLE,1.84,273.0,1.32,190.860818,0.6244,0.0,5463.0,0.803,0.893,0.5174288060986078,G,-0.1135777494266485,1
K05889.01,kepler,HABITABILITY_ZONE,2.42,280.0,1.44,374.41813,1.0739,0.0,6195.0,1.124,1.178,1.6764576063721612,F,-0.16681794047593834,1
K05890.01,kepler,HABITABILITY_ZONE,2.19,308.0,2.11,263.30198,0.7722,0.0,5758.0,1.132,0.885,1.2690367710046178,G,-0.3651887476961009,1
K05891.01,kepler,HABITABILITY_ZONE,2.98,182.0,0.26,370.31761,0.8914,0.0,4665.0,0.701,0.689,0.20967050372871804,K,1.3731160602790091,1
K05892.01,kepler,NON_HABITABLE,1.41,484.0,12.93,37.959659,0.2137,0.0,5573.0,0.827,0.902,0.5943768713740236,G,-0.9279112304115413,1
K05893.01,kepler,POTENTIALLY_HABITABLE,1.4,216.0,0.52,405.6296,1.0226,0.0,5583.0,0.79,0.865,0.5462851617127574,G,0.5969324778638458,1
K05895.01,kepler,NON_HABITABLE,1.16,770.0,83.17,11.8307724,0.0968,0.0,5550.0,0.958,0.862,0.7845085135762053,G,-1.1593163612813455,1
K05896.01,kepler,POTENTIALLY_HABITABLE,1.94,212.0,0.48,434.28175,0.9941,0.0,5544.0,0.75,0.693,0.47875147334947016,G,0.6702214656308236,1
K06178.02,kepler,NON_HABITABLE,1.49,589.0,28.41,33.814176,0.2095,0.0,6122.0,0.996,1.07,1.2554131927540864,F,-1.0522418316062474,1
K06179.01,kepler,NON_HABITABLE,2.13,744.0,72.62,16.2957847,0.1306,0.0,6063.0,1.012,1.117,1.2468264542987704,F,-1.148742827857962,1
K06180.02,kepler,NON_HABITABLE,1.5,809.0,101.17,58.92565,0.3495,0.0,7282.0,2.216,1.636,12.440473796691766,F,-1.173373453575638,1
K06182.01,kepler,NON_HABITABLE,1.19,565.0,24.17,19.2405821,0.1306,0.0,5031.0,0.848,0.801,0.4150531212254443,K,-1.0305489918539474,1
K01608.03,kepler,HABITABILITY_ZONE,2.05,327.0,2.71,232.040326,0.7326,0.0,5903.0,1.156,0.974,1.4618456217707154,G,-0.4748356668209688,1
K06182.02,kepler,NON_HABITABLE,1.35,512.0,16.27,28.684308,0.1674,0.0,5243.0,0.821,0.761,0.45888140080978906,G,-0.9693536347349331,1
K00492.02,kepler,HABITABILITY_ZONE,2.99,302.0,1.97,265.29617,0.8106,0.0,5589.0,1.218,1.007,1.3041445336867756,G,-0.33164784264573277,1
K03410.02,kepler,NON_HABITABLE,2.44,530.0,18.66,61.569765,0.3045,0.0,5626.0,1.389,0.991,1.7413982877800853,G,-0.9919159476577596,1
K03440.02,kepler,NON_HABITABLE,2.48,465.0,11.06,58.940569,0.3015,0.0,5819.0,0.99,1.049,1.0124149002643792,G,-0.8969582710844642,1
K03444.04,kepler,NON_HABITABLE,0.74,390.0,5.44,14.1502311,0.0931,0.0,3705.0,0.529,0.536,0.04750714192624268,K,-0.7212399488559618,1
K03456.02,kepler,POTENTIALLY_HABITABLE,1.18,249.0,0.91,486.12702,1.1989,0.0,6008.0,1.062,0.972,1.3239251727135337,F,0.12613311842094446,1
K03503.02,kepler,NON_HABITABLE,0.8,589.0,28.37,31.8245304,0.1911,0.0,6338.0,0.847,0.918,1.0429667671593066,F,-1.052043110089603,1
K04647.02,kepler,NON_HABITABLE,2.08,1016.0,251.93,12.008552,0.1041,0.0,5303.0,1.964,1.042,2.7483003026727326,G,-1.2233977774549785,1
K04657.02,kepler,NON_HABITABLE,0.77,700.0,56.67,10.4314847,0.0884,0.0,5361.0,0.774,0.848,0.445820321355926,G,-1.1274703495927696,1
K04895.02,kepler,NON_HABITABLE,1.85,507.0,15.58,47.5571352,0.2494,0.0,5861.0,0.958,0.914,0.975691707733003,G,-0.9619536045930197,1
K06093.02,kepler,NON_HABITABLE,4.49,1090.0,333.56,27.2497521,0.2193,0.0,5440.0,4.524,1.894,16.14862321731193,G,-1.2347296276758624,1
K01015.03,kepler,NON_HABITABLE,3.14,956.0,197.18,16.9972894,0.1378,0.0,5897.0,1.86,1.204,3.769164654593462,G,-1.212117665713777,1
K06097.02,kepler,NON_HABITABLE,1.7,595.0,29.68,88.433122,0.4212,0.0,7092.0,1.525,1.272,5.30040805614638,F,-1.0577927515607897,1
K06097.03,kepler,NON_HABITABLE,2.35,404.0,6.31,282.34315,0.9132,0.0,7092.0,1.525,1.272,5.30040805614638,F,-0.7632578380145147,1
K06186.01,kepler,NON_HABITABLE,1.72,799.0,96.47,5.34264143,0.0531,0.0,5101.0,0.67,0.699,0.27382027976174583,K,-1.1700851359180975,1
K06188.01,kepler,NON_HABITABLE,2.46,1296.0,666.35,1.645319649,0.0257,0.0,5416.0,0.756,0.847,0.44305018682404107,G,-1.2567285041115221,1
K03878.02,kepler,NON_HABITABLE,1.42,729.0,66.65,15.3573445,0.1223,0.0,5818.0,0.986,1.032,1.0035601502201383,G,-1.1416832947992293,1
K03954.02,kepler,NON_HABITABLE,1.92,955.0,196.51,5.71668787,0.0599,0.0,5638.0,0.883,0.875,0.7097679810299266,G,-1.2119503953490767,1
K00520.04,kepler,NON_HABITABLE,1.51,398.0,5.96,51.1658019,0.2494,0.0,4963.0,0.826,0.789,0.372933936805159,K,-0.7470750230716642,1
K04009.02,kepler,NON_HABITABLE,2.17,453.0,10.0,77.792718,0.3548,0.0,5497.0,1.241,0.981,1.2668967474749113,G,-0.8754938413689177,1
K05987.01,kepler,NON_HABITABLE,55.28,2333.0,6999.38,5.288547653,0.0793,0.0,4918.0,9.169,2.376,44.30908210364796,K,-1.2935241291882844,1
K00600.02,kepler,HABITABILITY_ZONE,2.8,288.0,1.64,294.055263,0.8824,0.0,6108.0,1.011,1.052,1.2817199230304699,F,-0.2357183502724704,1
K06097.04,kepler,NON_HABITABLE,1.51,528.0,18.42,126.505657,0.5347,0.0,7092.0,1.525,1.272,5.30040805614638,F,-0.9898461810577365,1
K06100.02,kepler,NON_HABITABLE,1.52,459.0,10.46,117.684591,0.4789,0.0,6362.0,1.279,1.054,2.414406870965493,F,-0.8851615341103871,1
K01053.02,kepler,NON_HABITABLE,2.46,519.0,17.15,46.245164,0.2466,0.0,5553.0,1.107,0.933,1.0497856839837485,G,-0.978225339465962,1
K06191.01,kepler,NON_HABITABLE,1.19,932.0,178.46,9.7043379,0.092,0.0,6273.0,1.044,1.099,1.5205365283188261,F,-1.2071143446027623,1
K01616.02,kepler,NON_HABITABLE,0.67,582.0,27.11,34.775371,0.2186,0.0,6028.0,1.047,1.149,1.3040103794677278,F,-1.0461062111746584,1
K07859.01,kepler,NON_HABITABLE,0.93,2318.0,6868.33,0.306702491,0.008,0.0,5310.0,0.786,0.732,0.44250469884270194,G,-1.2933682261520902,1
K06191.02,kepler,NON_HABITABLE,1.26,851.0,123.93,12.7713826,0.1104,0.0,6273.0,1.044,1.099,1.5205365283188261,F,-1.186548538989331,1
K06194.01,kepler,NON_HABITABLE,140.14,1083.0,324.71,42.294739,0.3162,0.0,4926.0,7.849,2.351,32.68142603743691,K,-1.2337113051143223,1
K06195.01,kepler,NON_HABITABLE,1.73,1051.0,290.01,1.444486083,0.0205,0.0,4569.0,0.559,0.553,0.12268824618389257,K,-1.2292795658023778,1
K04032.03,kepler,NON_HABITABLE,0.91,1010.0,245.32,5.99273265,0.0632,0.0,5574.0,1.065,0.933,0.9864198051846881,G,-1.2222407624607463,1
K04032.04,kepler,NON_HABITABLE,0.85,1065.0,304.8,5.10110666,0.0567,0.0,5574.0,1.065,0.933,0.9864198051846881,G,-1.2312608093968163,1
K04034.02,kepler,NON_HABITABLE,46.44,1496.0,1184.51,11.6089351,0.1219,0.0,6303.0,3.53,1.786,17.718760975701993,F,-1.270030465383332,1
K04103.02,kepler,NON_HABITABLE,1.1,629.0,37.02,14.2378417,0.1095,0.0,5273.0,0.801,0.861,0.44687990682756223,G,-1.0841843908531497,1
K00521.02,kepler,NON_HABITABLE,1.19,885.0,145.06,10.8206034,0.0958,0.0,6032.0,1.06,0.999,1.3401449441966267,F,-1.1958879455049776,1
K00649.02,kepler,NON_HABITABLE,0.92,1058.0,296.42,10.2090268,0.1014,0.0,6188.0,1.524,1.33,3.0680742410392936,F,-1.2301565160829366,1
K06102.01,kepler,NON_HABITABLE,1.67,665.0,46.21,54.2916336,0.3102,0.0,6711.0,1.565,1.353,4.475817287109201,F,-1.1078593625967132,1
K06103.01,kepler,NON_HABITABLE,9.23,390.0,5.45,453.54212,1.3292,0.0,5874.0,3.006,1.519,9.691888999773367,G,-0.7214894675445573,1
K06103.02,kepler,NON_HABITABLE,118.62,602.0,31.11,122.8054416,0.5563,0.0,5874.0,3.006,1.519,9.691888999773367,G,-1.0636622205323631,1
K01628.03,kepler,NON_HABITABLE,1.76,607.0,32.14,37.8404232,0.2363,0.0,6243.0,1.149,1.226,1.8067917855955402,F,-1.0676530878957957,1
K04192.02,kepler,NON_HABITABLE,1.14,525.0,17.95,32.0273169,0.1945,0.0,5505.0,0.909,0.955,0.6836782597147256,G,-0.9857381153326524,1
K04246.02,kepler,NON_HABITABLE,1.12,982.0,219.87,8.75630628,0.0844,0.0,5839.0,1.227,1.044,1.5766588640478933,G,-1.2173030816463326,1
K04287.02,kepler,NON_HABITABLE,0.85,1142.0,402.64,9.6183111,0.0934,0.0,6134.0,1.665,1.173,3.535886146915632,F,-1.2414853939002237,1
K04385.02,kepler,HABITABILITY_ZONE,2.96,209.0,0.45,386.370512,0.9712,0.0,5119.0,0.834,0.818,0.43029602066686257,K,0.730625893538547,1
K07865.01,kepler,NON_HABITABLE,61.49,2921.0,17224.79,0.518060209,0.0118,0.0,5405.0,1.772,0.816,2.4143761846026606,G,-1.2994767668054483,1
K04385.03,kepler,NON_HABITABLE,1.45,588.0,28.35,17.3695112,0.1228,0.0,5119.0,0.834,0.818,0.43029602066686257,K,-1.0519307018601987,1
K04435.02,kepler,NON_HABITABLE,0.81,759.0,78.58,17.8693759,0.1369,0.0,6328.0,1.013,1.069,1.4824480494526346,F,-1.1549760824061441,1
K04541.02,kepler,NON_HABITABLE,1.98,721.0,63.85,17.236085,0.1278,0.0,5543.0,1.111,0.937,1.0497897850580327,G,-1.138031443080578,1
K06108.01,kepler,POTENTIALLY_HABITABLE,1.07,225.0,0.61,485.92297,1.1294,0.0,5551.0,0.957,0.811,0.7834359478212851,G,0.44867808660637515,1
K01082.04,kepler,NON_HABITABLE,1.45,705.0,58.36,9.6550473,0.0825,0.0,4999.0,0.843,0.8,0.3998364718330709,K,-1.1301229236773136,1
K06111.01,kepler,NON_HABITABLE,3.63,521.0,17.44,228.65412,0.8976,0.0,6845.0,2.674,1.843,14.142016058145536,F,-0.9809754795824002,1
K06209.01,kepler,NON_HABITABLE,2.2,785.0,89.81,12.7143635,0.1074,0.0,5947.0,0.962,1.022,1.042885450054445,G,-1.1649953451983763,1
K01839.02,kepler,NON_HABITABLE,4.93,535.0,19.35,80.4103783,0.3412,0.0,5476.0,1.673,0.819,2.267463736299737,G,-0.9976482656021072,1
K07873.01,kepler,NON_HABITABLE,0.57,1427.0,977.65,1.93188768,0.0304,0.0,5896.0,0.914,1.0,0.9095299429333147,G,-1.266010316521588,1
K07863.01,kepler,NON_HABITABLE,0.52,1015.0,251.14,5.2449156,0.0562,0.0,5823.0,0.878,0.862,0.7984926126367331,G,-1.2232617172512366,1
K06118.01,kepler,HABITABILITY_ZONE,3.65,324.0,2.62,571.280892,1.5017,0.0,7081.0,1.619,1.387,5.936996397040667,F,-0.46051625703796906,1
K06118.02,kepler,NON_HABITABLE,1.16,1610.0,1590.18,4.66185924,0.0609,0.0,7081.0,1.619,1.387,5.936996397040667,F,-1.2754956725021176,1
K01250.02,kepler,NON_HABITABLE,697.14,1789.0,2422.45,1.213672208,0.0226,0.0,6113.0,0.995,1.044,1.2455422246262875,F,-1.2820336485182653,1
K06120.01,kepler,NON_HABITABLE,1.7,430.0,8.05,90.097375,0.3975,0.0,6116.0,1.008,1.025,1.280812865980798,F,-0.8258594883996915,1
K06209.02,kepler,NON_HABITABLE,2.1,927.0,174.28,7.72966941,0.0771,0.0,5947.0,0.962,1.022,1.042885450054445,G,-1.2058885037867162,1
K06214.02,kepler,NON_HABITABLE,4.1,544.0,20.76,154.536881,0.6059,0.0,6049.0,2.522,1.241,7.672187585431617,F,-1.0084570055925661,1
K03283.03,kepler,POTENTIALLY_HABITABLE,1.72,310.0,2.2,87.707513,0.3558,0.0,4944.0,0.721,0.786,0.2798202163730483,K,-0.3829156280272327,1
K03741.03,kepler,NON_HABITABLE,2.81,1351.0,788.0,5.1117547,0.0593,0.0,6432.0,1.345,1.06,2.7894810918967097,F,-1.2610084039729184,1
K03741.04,kepler,NON_HABITABLE,2.9,1094.0,338.33,9.6310258,0.0905,0.0,6432.0,1.345,1.06,2.7894810918967097,F,-1.2352618437141263,1
K04913.02,kepler,NON_HABITABLE,2.96,1530.0,1294.96,8.97377221,0.1005,0.0,6537.0,2.829,1.677,13.166627381022865,F,-1.2717704755654922,1
K06120.02,kepler,HABITABILITY_ZONE,1.67,323.0,2.58,205.41415,0.6918,0.0,6123.0,0.991,1.04,1.243652528074731,F,-0.4549606048309899,1
K01860.04,kepler,NON_HABITABLE,1.58,625.0,35.97,24.8434837,0.1639,0.0,5670.0,1.022,0.949,0.9725876207166839,G,-1.080887770919823,1
K06217.01,kepler,NON_HABITABLE,4.44,1627.0,1656.27,7.7016694,0.071,0.0,5174.0,3.608,0.802,8.404917706619443,K,-1.2761899398506709,1
K04567.02,kepler,NON_HABITABLE,1.11,1149.0,412.73,4.67250377,0.0549,0.0,6146.0,0.987,1.006,1.2522736412427515,F,-1.2423274377699207,1
K07875.01,kepler,NON_HABITABLE,1.32,649.0,41.86,21.9711574,0.1531,0.0,5763.0,0.997,0.989,0.9878238447985476,G,-1.097637615852035,1
K01310.02,kepler,NON_HABITABLE,3.33,416.0,7.09,144.688915,0.5544,0.0,5372.0,1.71,1.084,2.1939713249881914,G,-0.7940807277477588,1
K06130.01,kepler,NON_HABITABLE,1.05,1007.0,243.62,1.54287434,0.0212,0.0,4530.0,0.539,0.537,0.11022117811635783,K,-1.2219338492981162,1
K06132.01,kepler,NON_HABITABLE,13.0,750.0,74.79,33.3200908,0.2241,0.0,6264.0,1.651,1.352,3.7809057638127985,F,-1.1510995747244455,1
K06132.02,kepler,NON_HABITABLE,5.83,1228.0,537.4,7.5844241,0.0836,0.0,6264.0,1.651,1.352,3.7809057638127985,F,-1.250687051794231,1
K01996.02,kepler,NON_HABITABLE,0.84,647.0,41.43,7.07394528,0.0595,0.0,4777.0,0.561,0.561,0.14765270170346984,K,-1.0965295233451153,1
K00750.03,kepler,NON_HABITABLE,1.45,606.0,31.8,14.516741,0.1078,0.0,4954.0,0.828,0.791,0.37203122555357415,K,-1.0663556490460397,1
K03283.02,kepler,NON_HABITABLE,1.34,498.0,14.51,20.5718107,0.1347,0.0,4922.0,0.708,0.795,0.26504991126139305,K,-0.9493397406907681,1
K06132.03,kepler,NON_HABITABLE,4.03,1058.0,296.23,11.867172,0.1126,0.0,6264.0,1.651,1.352,3.7809057638127985,F,-1.2301316294808944,1
K01319.02,kepler,HABITABILITY_ZONE,2.76,319.0,2.43,142.685885,0.5095,0.0,5767.0,0.799,0.866,0.6361918109639035,G,-0.42955056994967467,1
K06137.01,kepler,NON_HABITABLE,1.44,839.0,117.3,12.4970599,0.1075,0.0,6174.0,1.021,1.055,1.364623025962376,F,-1.1831114870563275,1
K06228.01,kepler,NON_HABITABLE,1.88,606.0,31.86,21.0907909,0.142,0.0,5723.0,0.818,0.857,0.6466902322084336,G,-1.0665736617766501,1
K06233.01,kepler,NON_HABITABLE,2.25,754.0,76.54,16.17803,0.1285,0.0,5929.0,1.069,1.079,1.2722601435032208,G,-1.1529282441292483,1
K02311.03,kepler,HABITABILITY_ZONE,1.39,355.0,3.74,104.3519624,0.4297,0.0,5650.0,0.87,0.971,0.6949075125918209,G,-0.5995021014114587,1
K02433.06,kepler,NON_HABITABLE,1.64,1153.0,418.4,6.06330298,0.0671,0.0,6308.0,1.153,1.09,1.896356844656121,F,-1.2427867540722877,1
K02433.07,kepler,NON_HABITABLE,2.85,464.0,10.97,86.431871,0.4018,0.0,6325.0,1.112,1.157,1.7829797230968867,F,-0.895215653996525,1
K02533.03,kepler,NON_HABITABLE,2.38,898.0,153.98,26.1152887,0.1891,0.0,5190.0,2.912,1.319,5.543025582644225,K,-1.1992441886083265,1
K00841.04,kepler,HABITABILITY_ZONE,24.0,235.0,0.72,269.306232,0.7965,0.0,5251.0,0.817,0.926,0.4572007103949878,G,0.3135804452459901,1
K06141.01,kepler,NON_HABITABLE,860.3,787.0,90.63,96.509214,0.5007,0.0,7343.0,2.955,1.793,22.87198163213334,F,-1.1656481252918358,1
K06142.02,kepler,NON_HABITABLE,2121.0,579.0,26.58,111.65546,0.5247,0.0,6967.0,1.863,1.541,7.367220395084955,F,-1.0435118753199326,1
K02012.02,kepler,HABITABILITY_ZONE,2.3,302.0,1.96,180.921729,0.6135,0.0,5818.0,0.848,0.937,0.7423031140468612,G,-0.3285338711653804,1
K06239.01,kepler,POTENTIALLY_HABITABLE,1.77,236.0,0.73,406.496216,1.0581,0.0,5847.0,0.884,0.956,0.8228707322791124,G,0.2976908362777859,1
K00841.05,kepler,HABITABILITY_ZONE,3.71,191.0,0.31,499.47338,1.2023,0.0,5251.0,0.817,0.926,0.4572007103949878,G,1.1407316885733916,1
K06145.01,kepler,NON_HABITABLE,4.07,908.0,160.98,19.672324,0.1473,0.0,6486.0,1.485,1.098,3.5160528549499683,F,-1.2016750566757795,1
K06145.02,kepler,NON_HABITABLE,3.73,767.0,81.91,32.657035,0.2065,0.0,6486.0,1.485,1.098,3.5160528549499683,F,-1.15816192492525,1
K06145.03,kepler,NON_HABITABLE,2.73,1263.0,601.53,7.3138454,0.0762,0.0,6486.0,1.485,1.098,3.5160528549499683,F,-1.2539349159234594,1
K00353.03,kepler,NON_HABITABLE,1.97,1093.0,337.23,11.1619384,0.1027,0.0,6200.0,1.64,1.158,3.5805452319009365,F,-1.2351398252697352,1
K06242.03,kepler,NON_HABITABLE,1.3,573.0,25.44,78.86684,0.3908,0.0,6907.0,1.381,1.291,3.910568444420964,F,-1.037572324732023,1
K00896.03,kepler,NON_HABITABLE,1.51,493.0,14.0,28.8672107,0.1803,0.0,5191.0,0.837,0.937,0.45829987819102824,K,-0.942874812519059,1
K06151.01,kepler,POTENTIALLY_HABITABLE,1.36,211.0,0.47,431.78556,1.0429,0.0,5642.0,0.747,0.811,0.5094109091271041,G,0.7039426110371954,1
K06245.01,kepler,NON_HABITABLE,1.67,437.0,8.64,144.102562,0.5465,0.0,6528.0,1.26,1.046,2.5975049480766326,F,-0.8425976125916226,1
K06245.02,kepler,NON_HABITABLE,1.77,475.0,12.05,112.317402,0.4628,0.0,6528.0,1.26,1.046,2.5975049480766326,F,-0.914174630191903,1
K06246.01,kepler,NON_HABITABLE,1.48,900.0,155.42,9.13315062,0.0867,0.0,6122.0,0.964,1.041,1.1760399614256234,F,-1.1997553498345797,1
K02086.04,kepler,HABITABILITY_ZONE,1.83,333.0,2.9,335.56311,0.9777,0.0,6200.0,1.448,1.105,2.7912490741774323,F,-0.5033908541991491,1
K00337.02,kepler,HABITABILITY_ZONE,1.56,340.0,3.16,154.607419,0.5675,0.0,6017.0,0.931,1.016,1.0235619152064355,F,-0.536844323386362,1
K01519.02,kepler,NON_HABITABLE,1.81,414.0,6.94,57.132855,0.273,0.0,5157.0,0.904,0.83,0.5207389905708575,K,-0.7885338830339063,1
K02163.03,kepler,NON_HABITABLE,1.59,625.0,36.13,28.2251049,0.1838,0.0,6014.0,1.021,1.037,1.2285699527874483,F,-1.0813982830540627,1
K02183.03,kepler,HABITABILITY_ZONE,2.26,325.0,2.63,150.381954,0.5454,0.0,5569.0,0.954,0.955,0.7886790983815372,G,-0.46351288003423696,1
K02184.02,kepler,HABITABILITY_ZONE,2.17,288.0,1.63,95.906433,0.3684,0.0,4620.0,0.736,0.723,0.2223403275956057,K,-0.2331389431876126,1
K02194.03,kepler,POTENTIALLY_HABITABLE,1.37,237.0,0.74,445.21685,1.061,0.0,5670.0,0.95,0.802,0.8403769973468308,G,0.28521804997483613,1
K02209.02,kepler,NON_HABITABLE,2.18,724.0,64.83,35.502865,0.2088,0.0,5528.0,1.839,0.962,2.845314691134614,G,-1.1393384046584174,1
K00945.03,kepler,NON_HABITABLE,2.07,490.0,13.61,66.789347,0.3315,0.0,6297.0,1.031,1.084,1.5057289972044647,F,-0.9376061472516773,1
K06068.01,kepler,NON_HABITABLE,100.03,2251.0,6066.49,6.150251376,0.0875,0.0,8914.0,2.867,2.357,46.75635153667692,A,-1.2923068046420056,1
K06164.01,kepler,NON_HABITABLE,1.84,678.0,49.95,29.5126153,0.1888,0.0,5746.0,1.351,1.027,1.79253603507284,G,-1.115588973640697,1
K06166.01,kepler,NON_HABITABLE,5.41,895.0,151.44,12.2064304,0.1016,0.0,5254.0,1.514,0.937,1.5736448849753462,G,-1.1983170357960964,1
K06166.02,kepler,NON_HABITABLE,4.81,1095.0,340.06,6.6513189,0.0678,0.0,5254.0,1.514,0.937,1.5736448849753462,G,-1.2354525691261666,1
K02210.02,kepler,HABITABILITY_ZONE,3.23,234.0,0.71,210.631486,0.6477,0.0,4895.0,0.759,0.817,0.2979813248021577,K,0.32538776548471376,1
K02281.02,kepler,POTENTIALLY_HABITABLE,1.54,196.0,0.35,455.27405,1.1097,0.0,5178.0,0.818,0.879,0.4333606780115779,K,1.0133666580640195,1
K00365.02,kepler,HABITABILITY_ZONE,0.62,337.0,3.06,117.761,0.4503,0.0,5564.0,0.85,0.877,0.623851246283761,G,-0.5241872822973189,1
K02327.02,kepler,NON_HABITABLE,1.39,441.0,8.98,46.331703,0.2441,0.0,5477.0,0.815,0.907,0.5384940283174288,G,-0.8514810333052277,1
K02393.02,kepler,NON_HABITABLE,1.22,1541.0,1334.22,0.766691517,0.015,0.0,4821.0,0.788,0.765,0.3022008428195761,K,-1.2723362803786868,1
K02450.02,kepler,NON_HABITABLE,1.12,916.0,166.3,7.1931193,0.0712,0.0,5518.0,1.008,0.932,0.8486772473698289,G,-1.2034224188612226,1
K00266.02,kepler,NON_HABITABLE,1.74,575.0,25.84,47.7439509,0.2691,0.0,5949.0,1.292,1.14,1.883630063456803,G,-1.039707982682553,1
K00992.02,kepler,NON_HABITABLE,1.44,1206.0,499.41,4.57834367,0.0546,0.0,5782.0,1.22,1.035,1.4987414584395589,G,-1.248474448146134,1
K01522.02,kepler,NON_HABITABLE,1.02,801.0,97.41,12.654896,0.1054,0.0,5833.0,1.022,0.974,1.0893423995360552,G,-1.170760838546238,1
K06168.01,kepler,NON_HABITABLE,1.59,433.0,8.31,131.258668,0.5376,0.0,6443.0,1.248,1.198,2.4181119673118983,F,-0.8334603958762306,1
K07870.01,kepler,NON_HABITABLE,2.1,440.0,8.87,92.552007,0.4134,0.0,5808.0,1.22,1.097,1.525881481817831,G,-0.8486933467944869,1
K06168.02,kepler,NON_HABITABLE,1.09,522.0,17.51,75.072964,0.3704,0.0,6443.0,1.248,1.198,2.4181119673118983,F,-0.9816522740754576,1
K06172.01,kepler,NON_HABITABLE,1.18,496.0,14.31,31.8134892,0.186,0.0,5505.0,0.776,0.848,0.49825015911291026,G,-0.9467687001084942,1
K02610.02,kepler,NON_HABITABLE,4.02,632.0,37.8,115.230655,0.5311,0.0,6585.0,2.517,1.502,10.732088827816504,F,-1.0865035877881304,1
K02714.03,kepler,NON_HABITABLE,2.57,380.0,4.93,184.262741,0.6503,0.0,6115.0,1.291,1.077,2.0995829644250144,F,-0.6913951457909258,1
K02719.02,kepler,POTENTIALLY_HABITABLE,1.5,303.0,1.99,106.25976,0.4071,0.0,4827.0,0.823,0.796,0.3312863759430277,K,-0.33512064328386515,1
K02828.02,kepler,HABITABILITY_ZONE,3.46,181.0,0.25,505.462916,1.1528,0.0,4817.0,0.833,0.8,0.3365823190483824,K,1.4286947606890952,1
K02869.02,kepler,HABITABILITY_ZONE,2.16,330.0,2.82,274.743032,0.8478,0.0,6277.0,1.207,1.073,2.037594525470802,F,-0.49136387664881326,1
K00423.02,kepler,HABITABILITY_ZONE,11943.8,339.0,3.11,360.477635,1.0133,0.0,6266.0,1.522,1.066,3.2172556879770835,F,-0.531330487687757,1
K02871.03,kepler,NON_HABITABLE,0.75,638.0,39.18,18.0811429,0.1326,0.0,5693.0,0.856,0.95,0.6934369427564254,G,-1.0904778169505303,1
K02926.03,kepler,NON_HABITABLE,2.38,363.0,4.11,20.9569985,0.126,0.0,3891.0,0.564,0.605,0.06568978515941741,K,-0.632383064577719,1
K06085.01,kepler,NON_HABITABLE,25.8,1123.0,376.53,5.902596818,0.0645,0.0,6184.0,1.094,1.022,1.5769113459374922,F,-1.2391516618360738,1
K06173.01,kepler,NON_HABITABLE,1.54,397.0,5.89,214.013044,0.7579,0.0,6698.0,1.37,1.273,3.403426824228868,F,-0.7437301191589487,1
K06176.01,kepler,NON_HABITABLE,1.48,441.0,8.94,143.09688,0.5927,0.0,6725.0,1.31,1.354,3.162324671678156,F,-0.850578235972994,1
K06178.01,kepler,NON_HABITABLE,1.64,809.0,101.4,13.0327301,0.1109,0.0,6122.0,0.996,1.07,1.2554131927540864,F,-1.1735276165650916,1
K02926.04,kepler,HABITABILITY_ZONE,2.25,299.0,1.88,37.6333868,0.1861,0.0,3891.0,0.564,0.605,0.06568978515941741,K,-0.3091975525432655,1
K02971.02,kepler,NON_HABITABLE,1.65,725.0,65.15,31.9533679,0.2167,0.0,6313.0,1.467,1.325,3.079626835121197,F,-1.1397525270618472,1
K03028.02,kepler,HABITABILITY_ZONE,2.11,208.0,0.45,458.16754,1.1212,0.0,5536.0,0.816,0.895,0.5634551511751167,G,0.7486934880895166,1
K03088.02,kepler,NON_HABITABLE,1.92,455.0,10.11,67.8766605,0.3322,0.0,6018.0,0.975,1.058,1.1233437551293413,F,-0.8779574217297341,1
K03214.02,kepler,NON_HABITABLE,1.35,852.0,124.33,25.0901574,0.1746,0.0,6033.0,1.788,1.127,3.815601760524846,F,-1.186749515929935,1
K03371.02,kepler,NON_HABITABLE,1.0,678.0,50.05,12.25384348,0.1016,0.0,5413.0,0.82,0.931,0.5200852337219728,G,-1.1157730829238117,1
K03401.02,kepler,HABITABILITY_ZONE,2.2,283.0,1.52,326.6708,0.9045,0.0,5896.0,1.072,0.924,1.2511638288187619,G,-0.19544917074918072,1
K00238.03,kepler,POTENTIALLY_HABITABLE,1.96,296.0,1.81,362.97828,1.0009,0.0,6086.0,1.216,1.013,1.827635782261033,F,-0.28953927120520007,1
K00593.04,kepler,HABITABILITY_ZONE,2.68,298.0,1.86,240.192808,0.7718,0.0,6004.0,0.977,1.061,1.1174975303881507,F,-0.30368890716060126,1
K00993.03,kepler,NON_HABITABLE,1.43,391.0,5.5,86.723653,0.3799,0.0,5830.0,0.876,0.97,0.7986879674917623,G,-0.7240655550336215,1
K07878.01,kepler,NON_HABITABLE,15.41,828.0,110.92,36.566324,0.2296,0.0,5294.0,2.884,1.206,5.88600965662228,G,-1.1795102982647092,1
K06093.01,kepler,NON_HABITABLE,3.86,1197.0,484.82,20.5736113,0.1819,0.0,5440.0,4.524,1.894,16.14862321731193,G,-1.247556777984926,1
K03184.02,kepler,NON_HABITABLE,0.91,1215.0,515.77,11.3220104,0.1041,0.0,6003.0,2.193,1.173,5.626590998660025,F,-1.2494574390628466,1
K03207.01,kepler,NON_HABITABLE,2.27,3406.0,31694.26,0.954388314,0.0233,0.0,7056.0,2.785,1.836,17.321256694650042,F,-1.302227366707487,1
K03420.01,kepler,NON_HABITABLE,1.87,1232.0,544.74,5.77451117,0.0648,0.0,5821.0,1.492,1.088,2.3026225513548537,G,-1.2510874785892452,1
K00351.07,kepler,NON_HABITABLE,3.37,407.0,6.45,124.922516,0.5036,0.0,5970.0,1.2,1.089,1.6479898286943313,G,-0.7692702382094581,1
K01920.02,kepler,NON_HABITABLE,0.74,723.0,64.55,10.1384691,0.0872,0.0,5483.0,0.779,0.865,0.4941315784206647,G,-1.138972742359949,1
K01992.03,kepler,NON_HABITABLE,3.04,482.0,12.75,85.517344,0.3802,0.0,5592.0,1.451,1.0,1.8548046932962834,G,-0.9251838724726167,1
K06618.01,kepler,NON_HABITABLE,0.94,947.0,189.96,8.6040858,0.0836,0.0,6250.0,0.986,1.052,1.336498912077284,F,-1.2102770797279654,1
K07882.01,kepler,POTENTIALLY_HABITABLE,1.31,295.0,1.79,65.415183,0.2732,0.0,4348.0,0.646,0.636,0.13437481766540876,K,-0.2827597569562617,1
K06753.01,kepler,NON_HABITABLE,13.11,984.0,221.28,72.28198,0.4318,0.0,7694.0,3.627,2.054,41.533501817388185,A,-1.2175991572493212,1
K06889.01,kepler,NON_HABITABLE,0.63,507.0,15.65,75.906736,0.3438,0.0,6140.0,1.206,0.941,1.8623564632673517,F,-0.9627265172509805,1
K06890.01,kepler,NON_HABITABLE,0.72,1130.0,384.49,2.15888911,0.0302,0.0,5269.0,0.713,0.79,0.3530096392114695,G,-1.2398882346147129,1
K06892.01,kepler,NON_HABITABLE,1.87,816.0,104.96,17.5806026,0.1352,0.0,5839.0,1.358,1.063,1.9312929324895234,G,-1.1758587579415134,1
K07023.01,kepler,NON_HABITABLE,0.72,1123.0,375.05,2.71772323,0.0356,0.0,5135.0,0.874,0.812,0.47849716313096863,K,-1.2390122805377408,1
K07157.01,kepler,NON_HABITABLE,1.17,718.0,62.83,23.9830523,0.1582,0.0,5696.0,1.292,0.916,1.5830683278927875,G,-1.1366495900376425,1
K07283.01,kepler,NON_HABITABLE,1.69,391.0,5.51,134.413808,0.5468,0.0,6013.0,1.187,1.206,1.6594377428022693,F,-0.7249184652550058,1
K07894.01,kepler,POTENTIALLY_HABITABLE,1.62,253.0,0.97,347.97611,0.9577,0.0,5995.0,0.878,0.964,0.897099246431177,G,0.08364840067312627,1
K04526.02,kepler,NON_HABITABLE,2.09,919.0,168.38,11.8187288,0.1031,0.0,5803.0,1.328,1.046,1.801777430903863,G,-1.2040827543274026,1
K04535.02,kepler,NON_HABITABLE,0.78,849.0,122.75,5.78901936,0.0565,0.0,5289.0,0.748,0.717,0.39445019411464877,G,-1.1859556471468684,1
K04838.02,kepler,NON_HABITABLE,7.62,625.0,36.11,6.33342309,0.0578,0.0,4352.0,0.613,0.64,0.12144264181154658,K,-1.0813474037091737,1
K04871.02,kepler,NON_HABITABLE,0.76,1288.0,650.66,5.522479,0.0624,0.0,6532.0,1.247,1.056,2.5504236182630495,F,-1.2560910100648839,1
K06368.01,kepler,NON_HABITABLE,1.78,943.0,187.04,9.4588054,0.091,0.0,6247.0,1.066,1.122,1.5591760082679518,F,-1.20950026225041,1
K06372.01,kepler,NON_HABITABLE,1.11,419.0,7.27,71.008017,0.3221,0.0,5847.0,0.849,0.882,0.7590012063347347,G,-0.8003827915800975,1
K06375.01,kepler,NON_HABITABLE,0.97,1220.0,523.63,2.90805147,0.0394,0.0,5889.0,0.869,0.961,0.8182772566647006,G,-1.24991282382346,1
K06631.01,kepler,NON_HABITABLE,0.48,1171.0,443.49,2.56271232,0.0344,0.0,5190.0,0.899,0.823,0.52830354535687,K,-1.2447140284419465,1
K06762.01,kepler,NON_HABITABLE,0.98,758.0,78.11,15.08186,0.115,0.0,5794.0,1.012,0.89,1.0398476119777458,G,-1.1545117705973122,1
K06763.01,kepler,NON_HABITABLE,0.56,1379.0,855.53,2.44693823,0.0358,0.0,5821.0,1.033,1.022,1.1037882090104771,G,-1.262979220791961,1
K06765.01,kepler,NON_HABITABLE,1.3,814.0,103.85,13.05609,0.1078,0.0,6078.0,0.994,0.978,1.2148153253955296,F,-1.1751433509227982,1
K07032.01,kepler,NON_HABITABLE,0.61,1136.0,393.32,3.64049242,0.0466,0.0,5745.0,0.936,1.017,0.8598180142602486,G,-1.2406791476771677,1
K07162.01,kepler,NON_HABITABLE,2.02,1642.0,1720.62,5.1581317,0.0643,0.0,5155.0,3.355,1.331,7.161342383125883,K,-1.2768272039566728,1
K07291.01,kepler,NON_HABITABLE,3.37,966.0,205.72,25.9136674,0.1861,0.0,6167.0,2.346,1.279,7.172103027313267,F,-1.2141689713760353,1
K07426.01,kepler,NON_HABITABLE,0.97,778.0,86.68,6.96197304,0.0656,0.0,5008.0,0.814,0.775,0.37549209707113923,K,-1.1623965806758763,1
K07427.01,kepler,NON_HABITABLE,0.78,1052.0,289.79,7.8935324,0.0775,0.0,6306.0,1.109,0.991,1.7521596233489398,F,-1.2292493806851248,1
K07430.01,kepler,NON_HABITABLE,18.94,4477.0,95168.65,1.320499473,0.0349,0.0,5172.0,13.454,3.257,116.68945778726047,K,-1.3054905443767726,1
K07432.01,kepler,NON_HABITABLE,1.03,750.0,74.8,13.1538409,0.1033,0.0,5443.0,1.008,0.848,0.8034689752661474,G,-1.1511098755568012,1
K00460.02,kepler,NON_HABITABLE,1.24,566.0,24.28,36.0484798,0.2096,0.0,5602.0,1.1,0.944,1.0736247103462861,G,-1.0311442765168424,1
K05875.02,kepler,NON_HABITABLE,1.88,1326.0,730.69,4.2742605,0.0533,0.0,6477.0,1.148,1.102,2.089652518266243,F,-1.2591254972584376,1
K06253.01,kepler,NON_HABITABLE,1.4,531.0,18.86,27.556452,0.1748,0.0,5509.0,0.836,0.937,0.579960418648971,G,-0.9935928302745544,1
K06384.01,kepler,HABITABILITY_ZONE,2.79,203.0,0.4,566.28176,1.2853,0.0,5829.0,0.802,0.879,0.6689900649085194,G,0.8558698753663141,1
K06635.01,kepler,NON_HABITABLE,1.49,1027.0,263.23,0.52740121,0.0097,0.0,3582.0,0.41,0.431,0.02493243811831654,M,-1.2252760763212465,1
K06641.01,kepler,NON_HABITABLE,1.16,1764.0,2284.73,1.400903699,0.0248,0.0,6375.0,0.975,1.033,1.414570829753713,F,-1.2812047689283454,1
K06774.01,kepler,NON_HABITABLE,26.55,756.0,77.09,17.3816224,0.13,0.0,6116.0,1.02,0.969,1.3114899315066983,F,-1.153489180550617,1
K06776.01,kepler,NON_HABITABLE,1.45,658.0,44.37,28.655498,0.1941,0.0,6268.0,1.1,1.188,1.6826586864141995,F,-1.1037124181191917,1
K06777.01,kepler,NON_HABITABLE,1.08,606.0,31.92,13.4450174,0.1006,0.0,5003.0,0.759,0.75,0.3251623649976008,K,-1.0667934272848225,1
K06904.01,kepler,NON_HABITABLE,1.28,501.0,14.92,26.1556767,0.1594,0.0,5204.0,0.76,0.787,0.38165507914217,G,-0.9543291465670626,1
K06907.01,kepler,NON_HABITABLE,1.14,865.0,132.78,4.60687717,0.0482,0.0,5110.0,0.711,0.704,0.3105399740038516,K,-1.1907328438448364,1
K07040.01,kepler,HABITABILITY_ZONE,2.18,212.0,0.48,502.20642,1.1522,0.0,6018.0,0.733,0.807,0.63490886821795,F,0.683016280970117,1
K07041.01,kepler,NON_HABITABLE,0.79,793.0,93.31,8.3613732,0.072,0.0,5470.0,0.777,0.71,0.4869518871467355,G,-1.1677380663225496,1
K07169.01,kepler,NON_HABITABLE,0.72,1052.0,289.46,10.5113779,0.0992,0.0,6575.0,1.305,1.182,2.8674692036074756,F,-1.2292033952803898,1
K07174.01,kepler,NON_HABITABLE,0.37,943.0,187.91,1.58487898,0.0218,0.0,4201.0,0.566,0.552,0.08989557172938421,K,-1.2097327693913764,1
K07301.01,kepler,NON_HABITABLE,1.19,495.0,14.2,20.9525604,0.1364,0.0,4885.0,0.72,0.773,0.2659610111383037,K,-0.9454146824971276,1
K07305.01,kepler,NON_HABITABLE,0.8,1713.0,2035.92,3.72920972,0.0525,0.0,6215.0,2.05,1.37,5.6489400314478,F,-1.2794993417962617,1
K07434.01,kepler,NON_HABITABLE,0.95,900.0,154.92,5.704593,0.061,0.0,5523.0,0.832,0.933,0.5802852556309497,G,-1.1995773480476835,1
K07435.01,kepler,NON_HABITABLE,0.82,1684.0,1899.59,1.36752316,0.0245,0.0,5836.0,1.048,1.044,1.147832212427402,G,-1.278425767363371,1
K07437.01,kepler,NON_HABITABLE,0.84,1385.0,870.41,1.9997244,0.031,0.0,5838.0,0.897,0.992,0.842046275043936,G,-1.2633826141493236,1
K06256.01,kepler,NON_HABITABLE,1.37,568.0,24.62,14.137062,0.101,0.0,4861.0,0.709,0.689,0.25286554953004525,K,-1.0331199246638418,1
K06259.01,kepler,NON_HABITABLE,1.14,1130.0,386.46,4.78113942,0.0548,0.0,5683.0,1.115,0.959,1.1683018630855684,G,-1.240067160263,1
K06259.02,kepler,NON_HABITABLE,1.3,987.0,223.87,7.18864064,0.072,0.0,5683.0,1.115,0.959,1.1683018630855684,G,-1.2181352103834564,1
K06511.01,kepler,NON_HABITABLE,1.46,594.0,29.38,27.122801,0.1802,0.0,5878.0,0.945,1.058,0.9604541872953177,G,-1.056522260839399,1
K06513.01,kepler,NON_HABITABLE,1.17,561.0,23.43,5.62241111,0.0507,0.0,3894.0,0.541,0.548,0.06062797031016948,K,-1.0261529223501396,1
K06516.01,kepler,NON_HABITABLE,0.88,617.0,34.17,11.2901559,0.0849,0.0,5025.0,0.657,0.639,0.2479531978778908,K,-1.07495348925477,1
K06646.01,kepler,NON_HABITABLE,1.38,751.0,75.39,7.1356633,0.0663,0.0,4926.0,0.793,0.763,0.33359437186514784,K,-1.1517346211511785,1
K06781.01,kepler,NON_HABITABLE,0.93,622.0,35.34,14.5909249,0.1048,0.0,5214.0,0.766,0.72,0.39069365384766425,G,-1.0788596066849077,1
K06783.01,kepler,NON_HABITABLE,1.31,802.0,97.71,11.8496351,0.1023,0.0,6032.0,0.929,1.014,1.0293699116984698,F,-1.1709749170055133,1
K06786.01,kepler,HABITABILITY_ZONE,3.0,228.0,0.64,455.62395,1.153,0.0,5883.0,0.892,0.985,0.8586571934828086,G,0.40498400428108533,1
K06913.02,kepler,NON_HABITABLE,3.86,4900.0,136315.31,1.75173647,0.0421,0.0,10894.0,4.378,3.249,243.2179975409949,B,-1.3062227932966488,1
K07179.01,kepler,POTENTIALLY_HABITABLE,1.18,272.0,1.29,407.14656,1.0765,0.0,5845.0,1.198,1.001,1.5091986512710105,G,-0.10222085854385549,1
K07180.01,kepler,HABITABILITY_ZONE,3.94,298.0,1.88,487.83894,1.2051,0.0,5421.0,1.877,0.978,2.741201019577245,G,-0.3067631154620468,1
K07182.01,kepler,NON_HABITABLE,1.74,613.0,33.32,6.853888,0.0625,0.0,4199.0,0.684,0.694,0.13103593511313197,K,-1.0719794366900068,1
K00547.02,kepler,NON_HABITABLE,0.97,784.0,89.33,7.34672485,0.0722,0.0,5271.0,0.821,0.93,0.4687627457125991,G,-1.1646027604253935,1
K07445.01,kepler,NON_HABITABLE,1.3,829.0,111.53,6.933574,0.0682,0.0,5510.0,0.793,0.888,0.5222127611757688,G,-1.1798704295704194,1
K06262.01,kepler,NON_HABITABLE,1.29,1834.0,2675.15,0.673141323,0.0148,0.0,5461.0,0.858,0.957,0.5898722859800459,G,-1.2833845357782514,1
K06263.01,kepler,NON_HABITABLE,3.33,1550.0,1365.41,8.60965352,0.1006,0.0,5418.0,4.233,1.83,13.910644439457188,G,-1.272768397411711,1
K06267.01,kepler,NON_HABITABLE,1.12,674.0,48.8,13.8911152,0.1013,0.0,5472.0,0.79,0.718,0.5041192108537943,G,-1.1133046004246567,1
K06399.01,kepler,NON_HABITABLE,1.24,1017.0,253.3,6.76890076,0.0696,0.0,5737.0,1.125,0.979,1.235205323546629,G,-1.2236324032125427,1
K06401.01,kepler,NON_HABITABLE,41.53,2167.0,5197.02,1.96134311,0.0353,0.0,6221.0,2.198,1.516,6.51914876857277,F,-1.2908885201443394,1
K06526.01,kepler,NON_HABITABLE,9.3,409.0,6.6,486.77832,1.4638,0.0,5039.0,4.95,1.765,14.23254421283811,K,-0.7751736575591025,1
K06653.01,kepler,NON_HABITABLE,1.22,526.0,18.12,28.2682167,0.1779,0.0,5496.0,0.838,0.939,0.5772575792159079,G,-0.9872296310789623,1
K06657.01,kepler,NON_HABITABLE,1.54,2492.0,9138.09,1.6037058,0.0322,0.0,6400.0,2.512,1.732,9.537924413098125,F,-1.2955734223739674,1
K07884.01,kepler,NON_HABITABLE,1.49,2036.0,4086.46,0.70965042,0.0148,0.0,5618.0,1.002,0.865,0.9010670168728027,G,-1.2884547044051147,1
K06793.01,kepler,NON_HABITABLE,0.79,1014.0,250.0,3.62657392,0.0444,0.0,5416.0,0.8,0.89,0.4961229381305575,G,-1.2230644055503386,1
K06918.01,kepler,NON_HABITABLE,6.17,1688.0,1919.35,0.902403563,0.0172,0.0,5776.0,0.755,0.826,0.5716067541659928,G,-1.2785884233278866,1
K06919.01,kepler,NON_HABITABLE,1.09,577.0,26.18,8.7998722,0.0729,0.0,4298.0,0.675,0.668,0.14007734467150335,K,-1.0414893534572423,1
K06921.01,kepler,NON_HABITABLE,1.19,1052.0,289.51,6.87778029,0.0735,0.0,6274.0,1.062,1.115,1.5744243620622025,F,-1.2292100603751308,1
K06925.01,kepler,NON_HABITABLE,0.94,416.0,7.09,12.9489256,0.0882,0.0,3867.0,0.525,0.545,0.05552774096348206,K,-0.7940737975437334,1
K07889.01,kepler,HABITABILITY_ZONE,2.44,332.0,2.86,130.235324,0.5041,0.0,5616.0,0.903,1.006,0.7307664618696048,G,-0.4971994585041614,1
K07892.01,kepler,NON_HABITABLE,2.71,1008.0,244.47,10.692115,0.0996,0.0,6474.0,1.242,1.148,2.4413423351517034,F,-1.2220873922152085,1
K07319.01,kepler,NON_HABITABLE,0.97,370.0,4.43,17.1677675,0.1058,0.0,3761.0,0.526,0.535,0.04987461225278631,K,-0.6570049376038413,1
K07320.01,kepler,NON_HABITABLE,0.75,679.0,50.14,8.50207749,0.0722,0.0,4889.0,0.715,0.693,0.2631400439990438,K,-1.115957519812365,1
K07449.01,kepler,NON_HABITABLE,14.03,1097.0,342.59,1.322475635,0.0193,0.0,4668.0,0.548,0.548,0.12846334220463768,K,-1.2357279725746368,1
K07455.01,kepler,NON_HABITABLE,2.44,2001.0,3791.11,3.773744,0.0536,0.0,7302.0,2.069,1.44,10.964352919007576,F,-1.2876333701623244,1
K06274.01,kepler,NON_HABITABLE,1.5,737.0,69.62,18.1772927,0.1395,0.0,6158.0,1.026,1.092,1.3637920991960053,F,-1.1453067475218346,1
K06276.01,kepler,NON_HABITABLE,0.64,579.0,26.6,3.09872834,0.0313,0.0,3628.0,0.41,0.427,0.02623804891084699,M,-1.0436226863482632,1
K06409.01,kepler,NON_HABITABLE,2.42,960.0,201.01,19.9310602,0.159,0.0,5500.0,2.491,1.348,5.115556943660861,G,-1.2130538101212591,1
K06532.01,kepler,NON_HABITABLE,1.36,1933.0,3285.52,0.813998812,0.0168,0.0,5705.0,0.989,0.945,0.9334904698455527,G,-1.2859781940694983,1
K06664.01,kepler,NON_HABITABLE,0.93,632.0,37.74,14.7639145,0.1096,0.0,5541.0,0.733,0.82,0.4563050342725822,G,-1.0863240866616162,1
K06666.01,kepler,NON_HABITABLE,0.75,1684.0,1898.51,1.118510435,0.0208,0.0,5918.0,0.865,0.956,0.8268500719781146,G,-1.27841683462392,1
K06798.01,kepler,NON_HABITABLE,3.56,2104.0,4636.69,2.64185268,0.0348,0.0,5195.0,2.935,0.805,5.652663449761453,K,-1.2897699767559494,1
K06931.01,kepler,NON_HABITABLE,1.2,1268.0,611.31,2.54031121,0.0368,0.0,5778.0,0.911,1.028,0.8333771993872258,G,-1.2543845103649152,1
K07061.01,kepler,NON_HABITABLE,4.91,2413.0,8016.36,1.371587993,0.0266,0.0,7045.0,1.604,1.341,5.709885875238058,F,-1.2946009389745876,1
K07195.01,kepler,NON_HABITABLE,1.0,1150.0,414.11,5.89773974,0.0657,0.0,6300.0,1.126,1.082,1.799424747997776,F,-1.2424400955264325,1
K07197.01,kepler,NON_HABITABLE,1.46,1234.0,547.5,1.74145041,0.0268,0.0,5238.0,0.764,0.854,0.39586162566335004,G,-1.2512364353098466,1
K07199.01,kepler,NON_HABITABLE,774.73,648.0,41.69,20.2944118,0.1463,0.0,5865.0,0.918,1.012,0.8983635828452203,G,-1.0972056091195264,1
K07327.01,kepler,NON_HABITABLE,1.88,541.0,20.29,17.9908273,0.1208,0.0,4918.0,0.752,0.727,0.29804681767189983,K,-1.004977654471486,1
K07330.01,kepler,NON_HABITABLE,1.09,399.0,5.96,198.11309,0.6915,0.0,6163.0,1.486,1.122,2.870126245735006,F,-0.7473844506531112,1
K07460.01,kepler,NON_HABITABLE,1.58,947.0,189.8,5.70509519,0.0599,0.0,5455.0,0.927,0.88,0.6855406284862429,G,-1.210233868713706,1
K06538.01,kepler,NON_HABITABLE,1.45,385.0,5.22,129.847318,0.5085,0.0,6133.0,1.032,1.035,1.357519146615951,F,-0.7084313559497802,1
K06672.01,kepler,NON_HABITABLE,1.0,1180.0,458.39,2.28494301,0.0321,0.0,5396.0,0.789,0.845,0.475484627552084,G,-1.2457835544979023,1
K06676.01,kepler,POTENTIALLY_HABITABLE,1.81,266.0,1.18,439.21978,1.1379,0.0,6553.0,0.962,1.017,1.537466020474738,F,-0.04512645248588594,1
K06934.01,kepler,NON_HABITABLE,2.16,899.0,154.4,22.2548897,0.1645,0.0,5349.0,2.388,1.197,4.205849681634823,G,-1.1993916889508462,1
K07069.01,kepler,NON_HABITABLE,1.61,1928.0,3274.72,1.01485981,0.0203,0.0,6158.0,1.024,1.08,1.3584803531253211,F,-1.285938705462402,1
K07072.01,kepler,NON_HABITABLE,4.39,1459.0,1069.24,15.3902613,0.1458,0.0,5649.0,4.994,1.74,22.8811624920796,G,-1.267934133722689,1
K07073.01,kepler,HABITABILITY_ZONE,30.25,323.0,2.58,279.036565,0.8734,0.0,6072.0,1.273,1.139,1.9846255089805995,F,-0.455466651727369,1
K07074.01,kepler,NON_HABITABLE,1.49,618.0,34.48,26.8552365,0.1778,0.0,6045.0,0.955,1.038,1.0972022114487685,F,-1.0759978424452257,1
K07076.01,kepler,NON_HABITABLE,1.28,852.0,124.25,16.2347636,0.1338,0.0,6478.0,1.188,1.209,2.2391921673186386,F,-1.186707608414754,1
K07205.01,kepler,NON_HABITABLE,39.82,1535.0,1313.37,2.3518268,0.0349,0.0,5445.0,1.426,1.024,1.6103686144697351,G,-1.2720390176963208,1
K07208.01,kepler,NON_HABITABLE,0.87,1018.0,253.89,3.57944367,0.0429,0.0,5341.0,0.801,0.824,0.47038130684204776,G,-1.2237331836192529,1
K07209.01,kepler,NON_HABITABLE,3.28,1462.0,1079.27,8.2553499,0.0957,0.0,5403.0,3.6,1.714,9.950378062953014,G,-1.2681296842004408,1
K07339.01,kepler,NON_HABITABLE,1.73,919.0,168.88,10.6982275,0.0995,0.0,6277.0,1.097,1.148,1.6831254236384772,F,-1.2042394332293642,1
K07467.01,kepler,NON_HABITABLE,1.33,1253.0,582.45,7.20558084,0.0756,0.0,6002.0,1.693,1.107,3.3511401483622323,F,-1.2530250841846322,1
K07470.01,kepler,POTENTIALLY_HABITABLE,1.9,225.0,0.6,392.50115,1.0021,0.0,5128.0,0.988,0.87,0.6081359332129673,K,0.4611320722525125,1
K07471.01,kepler,NON_HABITABLE,1.3,1156.0,421.14,5.29655591,0.063,0.0,6268.0,1.1,1.188,1.6826586864141995,F,-1.2430059685653547,1
K06291.01,kepler,NON_HABITABLE,0.98,999.0,234.99,8.8324193,0.0812,0.0,6060.0,1.133,0.914,1.559714202216357,F,-1.2203326771091199,1
K06293.01,kepler,NON_HABITABLE,1.21,1125.0,379.27,5.88836941,0.0649,0.0,6243.0,1.084,1.048,1.608150219864061,F,-1.239407877089082,1
K06425.01,kepler,HABITABILITY_ZONE,1.5,231.0,0.68,521.10826,1.2173,0.0,5942.0,0.947,0.884,1.0072221275961695,G,0.36176810930373543,1
K06546.01,kepler,NON_HABITABLE,1.03,1306.0,689.16,3.39401963,0.0448,0.0,6181.0,1.029,1.036,1.3923885208381725,F,-1.2576165783689415,1
K06680.01,kepler,NON_HABITABLE,0.8,1028.0,263.79,5.52507406,0.0599,0.0,5600.0,1.037,0.936,0.9528056660838141,G,-1.225366623326144,1
K06819.01,kepler,NON_HABITABLE,1.01,1620.0,1627.1,3.226232203,0.0455,0.0,6534.0,1.437,1.205,3.390976399126643,F,-1.2758888070112688,1
K06949.01,kepler,NON_HABITABLE,1.24,2173.0,5269.29,2.352446342,0.0376,0.0,6749.0,2.003,1.28,7.499189385487133,F,-1.2910196307457893,1
K07215.01,kepler,NON_HABITABLE,0.83,1007.0,243.14,3.90735046,0.0469,0.0,5497.0,0.809,0.907,0.5383871693658498,G,-1.2218482581488137,1
K07345.01,kepler,HABITABILITY_ZONE,2.16,242.0,0.81,377.501257,1.0357,0.0,5751.0,0.94,1.038,0.8708109629756015,G,0.2197287948695152,1
K07479.01,kepler,NON_HABITABLE,1.1,1132.0,388.54,7.1969168,0.0731,0.0,5530.0,1.575,1.004,2.090048440635458,G,-1.240254163928826,1
K06299.01,kepler,NON_HABITABLE,0.67,1633.0,1680.03,0.947554749,0.0186,0.0,5508.0,0.84,0.955,0.5850985324057656,G,-1.2764294878858813,1
K06301.01,kepler,NON_HABITABLE,2.94,589.0,28.51,50.271927,0.2894,0.0,6520.0,1.215,1.279,2.403464152884163,F,-1.0526633681590623,1
K07879.01,kepler,NON_HABITABLE,6.15,792.0,93.05,128.208643,0.6005,0.0,7128.0,3.811,1.754,33.778734267904234,F,-1.1675408581044948,1
K06557.01,kepler,NON_HABITABLE,1.04,1177.0,453.27,6.63448023,0.0719,0.0,6463.0,1.225,1.126,2.3588673077277584,F,-1.2454220194837358,1
K06687.01,kepler,NON_HABITABLE,0.87,1391.0,884.21,1.002591901,0.0178,0.0,4893.0,0.739,0.746,0.28202294940501405,K,-1.2637474006433944,1
K06689.01,kepler,NON_HABITABLE,0.98,1291.0,656.3,3.37116682,0.0434,0.0,5653.0,1.163,0.958,1.2444288805667314,G,-1.2563228526943409,1
K06954.01,kepler,NON_HABITABLE,0.91,1266.0,607.33,6.613671,0.0711,0.0,6056.0,1.597,1.094,3.090637064373747,F,-1.254202735488516,1
K06957.01,kepler,NON_HABITABLE,0.76,1653.0,1770.63,1.48062814,0.0255,0.0,6187.0,0.937,1.011,1.1590291430781752,F,-1.2772981725826316,1
K07088.01,kepler,NON_HABITABLE,0.92,1135.0,392.64,2.68814059,0.0352,0.0,5636.0,0.734,0.821,0.4897458537555968,G,-1.2406193729259043,1
K07093.01,kepler,NON_HABITABLE,1.41,467.0,11.21,97.991569,0.4411,0.0,6499.0,1.169,1.191,2.1963921381312455,F,-0.8997312883469604,1
K07220.01,kepler,NON_HABITABLE,0.97,1805.0,2518.85,1.057080807,0.0203,0.0,6000.0,0.946,1.003,1.044917456608087,F,-1.282572957943808,1
K07223.01,kepler,POTENTIALLY_HABITABLE,1.59,218.0,0.54,317.062416,0.8404,0.0,5366.0,0.715,0.793,0.38186465928855307,G,0.5644366314392122,1
K07224.01,kepler,NON_HABITABLE,1.62,784.0,89.25,13.4959496,0.1147,0.0,5962.0,1.019,1.102,1.181982278258263,G,-1.1645367230444612,1
K07354.01,kepler,NON_HABITABLE,1.61,664.0,45.99,43.2675604,0.2519,0.0,5747.0,1.729,1.135,2.937984399574437,G,-1.1073945340977631,1
K07358.01,kepler,NON_HABITABLE,1.26,674.0,48.78,11.3251153,0.0886,0.0,5334.0,0.727,0.723,0.3854566808979388,G,-1.1132579082351453,1
K07483.01,kepler,NON_HABITABLE,0.68,648.0,41.74,16.9163386,0.1188,0.0,5628.0,0.81,0.779,0.5930360618505637,G,-1.0973242990797807,1
K07484.01,kepler,NON_HABITABLE,2.14,507.0,15.66,37.0200232,0.2165,0.0,5685.0,0.886,0.987,0.7387270981233572,G,-0.9627733497958402,1
K07489.01,kepler,NON_HABITABLE,0.81,1917.0,3197.67,0.565713361,0.0127,0.0,5220.0,0.881,0.855,0.5191926541154787,G,-1.2856512321966058,1
K06960.01,kepler,NON_HABITABLE,1.2,1133.0,389.31,4.88698386,0.0579,0.0,6152.0,1.009,1.079,1.313839606981442,F,-1.2403234204004534,1
K06966.01,kepler,NON_HABITABLE,1.35,780.0,87.55,8.47484677,0.0777,0.0,5564.0,0.785,0.878,0.5320868293995995,G,-1.1631332178300213,1
K07099.01,kepler,HABITABILITY_ZONE,1.05,337.0,3.06,34.0357766,0.1634,0.0,4367.0,0.501,0.503,0.08224375482264837,K,-0.5246590636464721,1
K07231.02,kepler,NON_HABITABLE,13333.5,1640.0,1708.72,4.74701479,0.0593,0.0,6531.0,1.921,1.234,6.04878537611518,F,-1.276712102727792,1
K07232.01,kepler,NON_HABITABLE,1.18,1283.0,638.54,1.96682825,0.0295,0.0,5595.0,0.796,0.89,0.5593983863279015,G,-1.2555823342932997,1
K07359.01,kepler,NON_HABITABLE,2.26,1172.0,446.38,4.237447181,0.0505,0.0,5993.0,0.993,0.958,1.1459622675297272,G,-1.244925530557782,1
K07360.01,kepler,NON_HABITABLE,7.76,1680.0,1884.15,4.0953585,0.0548,0.0,6839.0,1.7,1.313,5.6959080264736555,F,-1.278296892964859,1
K07361.01,kepler,NON_HABITABLE,1.16,1208.0,504.34,0.92623983,0.0159,0.0,4494.0,0.591,0.632,0.12835179433514105,K,-1.248775625640815,1
K00126.02,kepler,NON_HABITABLE,0.73,2518.0,9497.39,0.875197345,0.0189,0.0,5855.0,1.796,1.174,3.4151908057838303,G,-1.2958478673337432,1
K01106.03,kepler,NON_HABITABLE,1.5,856.0,126.84,13.2298203,0.1143,0.0,6049.0,1.176,1.14,1.6681830027636066,F,-1.1879740205465714,1
K01110.02,kepler,NON_HABITABLE,0.84,1184.0,464.19,3.71840884,0.0477,0.0,5982.0,0.96,1.047,1.0632192012752566,G,-1.2461855751883792,1
K06315.01,kepler,NON_HABITABLE,0.7,782.0,88.33,5.32737192,0.052,0.0,4905.0,0.679,0.659,0.24043091307542974,K,-1.1637813571247952,1
K06318.01,kepler,NON_HABITABLE,1.26,759.0,78.58,5.90260586,0.0587,0.0,4960.0,0.707,0.786,0.27255882220513705,K,-1.1549781260472414,1
K06320.01,kepler,NON_HABITABLE,2.36,1045.0,281.59,22.80265,0.1488,0.0,5011.0,3.324,0.843,6.276454018367059,K,-1.2280833071506152,1
K06449.01,kepler,NON_HABITABLE,1.58,517.0,16.9,29.9315174,0.1814,0.0,5551.0,0.809,0.887,0.559856420180644,G,-0.9758058227910292,1
K06450.01,kepler,NON_HABITABLE,0.78,2699.0,12545.82,0.602277579,0.0139,0.0,6510.0,1.228,0.992,2.4401436747975427,F,-1.2976793361918597,1
K06454.01,kepler,NON_HABITABLE,1.34,667.0,46.8,27.2173855,0.1748,0.0,6263.0,1.019,0.959,1.4393709228536946,F,-1.109135193503196,1
K06568.01,kepler,NON_HABITABLE,0.65,532.0,18.89,6.27651592,0.0543,0.0,3914.0,0.515,0.543,0.056077991915912805,K,-0.9939121908682546,1
K06570.01,kepler,NON_HABITABLE,3.53,1256.0,587.82,16.214474,0.1505,0.0,6801.0,2.637,1.727,13.403125042175606,F,-1.2532855608354967,1
K06705.01,kepler,NON_HABITABLE,0.22,509.0,15.69,0.9951412,0.0091,0.0,3325.0,0.109,0.101,0.0013083209770921955,M,-0.9631980812044179,1
K06707.01,kepler,NON_HABITABLE,1.86,444.0,9.19,43.535891,0.2307,0.0,5481.0,0.778,0.871,0.4921450400924316,G,-0.8567042703838895,1
K07888.01,kepler,NON_HABITABLE,0.6,1137.0,395.05,4.7368156,0.0564,0.0,6088.0,1.011,1.06,1.2650147708438417,F,-1.2408307079277356,1
K06970.01,kepler,NON_HABITABLE,1.87,585.0,27.73,40.7698541,0.238,0.0,5884.0,1.21,1.081,1.5810882353847764,G,-1.0490727132852444,1
K06971.01,kepler,HABITABILITY_ZONE,2.01,288.0,1.63,129.222771,0.461,0.0,4934.0,0.809,0.781,0.34945264674218113,K,-0.23512992688043494,1
K07106.01,kepler,NON_HABITABLE,1.08,1178.0,455.98,5.01880305,0.0587,0.0,6220.0,1.083,1.064,1.5816601122563967,F,-1.2456142168099837,1
K07235.01,kepler,POTENTIALLY_HABITABLE,1.15,237.0,0.75,299.70688,0.8252,0.0,5606.0,0.76,0.832,0.5139658558300532,G,0.27647750798760173,1
K07236.01,kepler,NON_HABITABLE,1.05,785.0,89.86,14.461834,0.1124,0.0,5457.0,1.196,0.903,1.1428069812177102,G,-1.1650307550701648,1
K07370.01,kepler,NON_HABITABLE,0.96,962.0,202.75,4.48538145,0.0495,0.0,5654.0,0.737,0.801,0.500095449316133,G,-1.2134705290167493,1
K07375.01,kepler,NON_HABITABLE,1.51,667.0,46.85,4.84847245,0.0484,0.0,4137.0,0.647,0.643,0.11047025467850327,K,-1.109242612930933,1
K07506.01,kepler,NON_HABITABLE,1.41,830.0,111.98,11.8436119,0.1043,0.0,6077.0,0.999,1.077,1.2262601980300782,F,-1.1801300324696486,1
K01427.02,kepler,NON_HABITABLE,0.84,579.0,26.5,4.88446644,0.0453,0.0,3883.0,0.517,0.516,0.05474511327085923,K,-1.0431028054693974,1
K01574.04,kepler,NON_HABITABLE,1.79,1113.0,362.75,8.9772888,0.0836,0.0,5597.0,1.699,0.969,2.5521294302268007,G,-1.2378191306456008,1
K01602.02,kepler,NON_HABITABLE,1.55,1529.0,1294.06,3.03359398,0.0415,0.0,5557.0,1.616,1.035,2.2435668288220425,G,-1.271757306216802,1
K01681.04,kepler,HABITABILITY_ZONE,10.39,303.0,2.01,21.9139549,0.1174,0.0,3638.0,0.42,0.45,0.02783838713196984,M,-0.34016522373300684,1
K01840.02,kepler,NON_HABITABLE,20.91,963.0,202.91,9.3888216,0.089,0.0,5846.0,1.24,1.064,1.6179806548340758,G,-1.2135094847065016,1
K06579.01,kepler,NON_HABITABLE,1.17,1280.0,633.57,2.6528082,0.0371,0.0,5778.0,0.935,0.962,0.8778657030419733,G,-1.255369320586951,1
K06582.01,kepler,NON_HABITABLE,1.07,1422.0,965.4,2.43135542,0.0357,0.0,6231.0,0.955,1.025,1.238603943804305,F,-1.2657325781949147,1
K06849.01,kepler,NON_HABITABLE,1.88,840.0,117.9,12.54474243,0.1062,0.0,5767.0,1.159,1.015,1.3386325711009275,G,-1.18343474191151,1
K06978.01,kepler,NON_HABITABLE,0.84,1389.0,879.95,3.07551068,0.0416,0.0,5763.0,1.242,1.014,1.5329654976240927,G,-1.2636356447518142,1
K06980.01,kepler,NON_HABITABLE,1.08,1072.0,312.61,6.29340543,0.0703,0.0,6214.0,1.076,1.169,1.555264462808422,F,-1.2322507945490753,1
K06983.01,kepler,NON_HABITABLE,0.85,888.0,147.24,7.7021729,0.0754,0.0,5618.0,0.969,0.962,0.8426926458758169,G,-1.1967390328419738,1
K07116.01,kepler,NON_HABITABLE,0.62,1364.0,818.81,2.52557582,0.0367,0.0,5821.0,1.036,1.031,1.1102086794804458,G,-1.261937973243126,1
K07117.01,kepler,NON_HABITABLE,1.01,927.0,174.36,8.2927558,0.0807,0.0,6146.0,0.943,1.02,1.143110777700251,F,-1.2059140651827445,1
K07117.02,kepler,NON_HABITABLE,1.45,661.0,45.26,22.786522,0.1584,0.0,6146.0,0.943,1.02,1.143110777700251,F,-1.105752018196953,1
K07376.01,kepler,NON_HABITABLE,1.18,1623.0,1643.57,1.284241817,0.0232,0.0,5849.0,0.919,1.014,0.890537513277674,G,-1.2760598770700509,1
K07378.01,kepler,NON_HABITABLE,3.29,577.0,26.17,8.7396758,0.0713,0.0,4406.0,0.628,0.632,0.1339035123945401,K,-1.0413966369241687,1
K07380.01,kepler,NON_HABITABLE,1.21,670.0,47.65,15.9474242,0.1138,0.0,5472.0,0.877,0.772,0.6212669516500046,G,-1.1109541898302606,1
K07383.01,kepler,NON_HABITABLE,1.2,432.0,8.23,50.0122,0.2436,0.0,5357.0,0.814,0.772,0.49162063744714823,G,-0.8311054217989486,1
K07510.01,kepler,NON_HABITABLE,1.04,942.0,186.43,5.60682001,0.0607,0.0,5699.0,0.853,0.95,0.691492382935283,G,-1.2093379654576708,1
K02050.02,kepler,NON_HABITABLE,0.74,1034.0,270.25,3.17796408,0.0392,0.0,5061.0,0.841,0.793,0.4180536803816472,K,-1.2263837685220234,1
K02103.02,kepler,NON_HABITABLE,0.82,1168.0,439.57,3.66520844,0.0457,0.0,5579.0,1.029,0.945,0.9241679548973213,G,-1.24442439989934,1
K02199.02,kepler,NON_HABITABLE,1.18,1047.0,284.82,3.05293416,0.0394,0.0,5311.0,0.788,0.884,0.4450946262628533,G,-1.2285486254430922,1
K02232.02,kepler,NON_HABITABLE,1.73,755.0,76.96,12.834857,0.1045,0.0,5492.0,1.016,0.921,0.8460659953664739,G,-1.1533618533741543,1
K02321.02,kepler,NON_HABITABLE,1.43,582.0,27.17,36.2530992,0.2235,0.0,6002.0,1.081,1.135,1.366249646457903,F,-1.0464080530358197,1
K02421.02,kepler,NON_HABITABLE,0.48,747.0,73.5,4.02321842,0.0402,0.0,4671.0,0.528,0.534,0.11956443736618953,K,-1.1497105905984188,1
K02439.02,kepler,NON_HABITABLE,1.32,1046.0,283.25,7.5017934,0.0799,0.0,6321.0,1.125,1.207,1.8202997796658034,F,-1.228322421125876,1
K02449.02,kepler,NON_HABITABLE,1.46,1840.0,2705.58,0.912351255,0.0179,0.0,5481.0,1.036,0.915,0.8726767979180788,G,-1.283534330581061,1
K06329.01,kepler,NON_HABITABLE,2.06,1074.0,313.87,12.4701111,0.1126,0.0,5623.0,2.109,1.221,4.006085406200096,G,-1.2324071533241074,1
K06331.01,kepler,NON_HABITABLE,1.36,914.0,165.12,5.8229815,0.0609,0.0,5704.0,0.804,0.897,0.6164883516957239,G,-1.2030425155145146,1
K06860.01,kepler,NON_HABITABLE,0.43,1537.0,1316.33,0.576732089,0.0121,0.0,4524.0,0.717,0.707,0.19400968327107432,K,-1.2720816823084247,1
K06985.01,kepler,NON_HABITABLE,0.81,834.0,114.42,10.9279755,0.0976,0.0,6045.0,0.955,1.038,1.0972022114487685,F,-1.1815233290820102,1
K07125.01,kepler,NON_HABITABLE,0.93,953.0,195.36,7.918267,0.0774,0.0,5966.0,1.016,0.985,1.17818943033375,G,-1.211664598253481,1
K07252.01,kepler,NON_HABITABLE,1.17,929.0,176.34,10.2170589,0.0916,0.0,6211.0,1.054,0.98,1.4894366942131319,F,-1.2064980683439428,1
K07389.01,kepler,NON_HABITABLE,11.03,1330.0,739.57,27.5837778,0.2257,0.0,5092.0,7.913,2.012,37.925439445348474,K,-1.2594316034089044,1
K07520.01,kepler,NON_HABITABLE,3.45,2209.0,5635.4,3.14735789,0.0529,0.0,5189.0,4.93,1.992,15.875347177764619,K,-1.2916446662843752,1
K02523.02,kepler,NON_HABITABLE,1.8,1323.0,724.16,2.61090223,0.0362,0.0,5514.0,1.071,0.926,0.9553020265730093,G,-1.2588970391765215,1
K02564.02,kepler,NON_HABITABLE,2.98,1178.0,455.65,17.6637979,0.1569,0.0,5734.0,3.405,1.648,11.2917095171484,G,-1.2455902793445635,1
K02623.02,kepler,NON_HABITABLE,0.68,1318.0,715.51,4.02664625,0.053,0.0,6187.0,1.238,1.23,2.023282213795597,F,-1.2585894089227372,1
K02636.02,kepler,NON_HABITABLE,0.63,1050.0,287.44,5.1777226,0.0592,0.0,5854.0,0.979,1.03,1.014077078448456,G,-1.2289195823017245,1
K00283.03,kepler,NON_HABITABLE,0.73,856.0,126.75,9.48814747,0.0871,0.0,5680.0,1.016,0.978,0.9680002490701904,G,-1.1879301907730104,1
K02756.02,kepler,NON_HABITABLE,0.92,1053.0,291.11,5.06993245,0.0583,0.0,5957.0,0.937,1.026,0.9960572306586023,G,-1.2294328324064838,1
K06342.01,kepler,NON_HABITABLE,0.83,1115.0,365.09,8.1770751,0.08,0.0,6501.0,1.209,1.017,2.3521660440584062,F,-1.23805108037784,1
K06343.01,kepler,HABITABILITY_ZONE,1.96,225.0,0.61,569.45051,1.3564,0.0,6117.0,0.947,1.025,1.1312239473535537,F,0.44773665698968507,1
K06475.01,kepler,NON_HABITABLE,1.54,723.0,64.57,4.84505985,0.05,0.0,4337.0,0.714,0.709,0.1624983002091097,K,-1.1389922624700617,1
K07880.01,kepler,HABITABILITY_ZONE,1.81,258.0,1.05,623.70774,1.4479,0.0,6626.0,1.132,1.039,2.225324196789499,F,0.027785976716675962,1
K06600.01,kepler,NON_HABITABLE,0.69,1356.0,799.75,2.70581614,0.0365,0.0,5992.0,0.961,0.884,1.0725775546026652,G,-1.2613692634834028,1
K06731.01,kepler,NON_HABITABLE,1.14,1199.0,487.47,3.84615171,0.0488,0.0,6106.0,0.966,1.043,1.1686276645097171,F,-1.2477265149787167,1
K06733.01,kepler,NON_HABITABLE,2.48,3112.0,22119.66,1.28940823,0.0286,0.0,5826.0,4.189,1.865,18.213665326045682,G,-1.300707164993446,1
K06734.01,kepler,HABITABILITY_ZONE,2.12,214.0,0.5,498.27269,1.2449,0.0,5618.0,0.932,1.033,0.7795670499959377,G,0.6333307261222356,1
K06862.01,kepler,NON_HABITABLE,0.83,738.0,70.24,11.0495766,0.0895,0.0,5533.0,0.819,0.782,0.5663764599773559,G,-1.1460366485633597,1
K06863.01,kepler,NON_HABITABLE,0.95,365.0,4.2,4.48559215,0.0295,0.0,3236.0,0.193,0.169,0.0036799623898020155,M,-0.639709059077553,1
K06993.01,kepler,NON_HABITABLE,1.09,659.0,44.5,13.8086331,0.1038,0.0,5515.0,0.761,0.782,0.48266531502767307,G,-1.1040223717749555,1
K06994.01,kepler,NON_HABITABLE,0.7,1253.0,583.12,4.25907841,0.0504,0.0,5560.0,1.316,0.942,1.491096171747308,G,-1.2530575502403671,1
K07129.01,kepler,NON_HABITABLE,1.74,506.0,15.49,64.1983721,0.3034,0.0,6088.0,1.077,0.901,1.4355710509128827,F,-0.9609400489823603,1
K07133.01,kepler,NON_HABITABLE,2.16,501.0,14.88,82.78482,0.3793,0.0,5749.0,1.48,1.059,2.1556953041854157,G,-0.9538896856804061,1
K07258.01,kepler,NON_HABITABLE,0.79,1686.0,1909.13,2.4376438,0.0368,0.0,5927.0,1.53,1.118,2.602659061535639,G,-1.2785046052637252,1
K07259.01,kepler,NON_HABITABLE,11.04,1475.0,1115.99,0.721522907,0.0134,0.0,4893.0,0.625,0.614,0.20172308812760106,K,-1.2688233517629652,1
K07264.01,kepler,NON_HABITABLE,1.83,988.0,225.26,19.1644498,0.1538,0.0,5877.0,2.234,1.319,5.363938758221366,G,-1.2184181566566665,1
K07400.01,kepler,NON_HABITABLE,1.09,931.0,178.03,4.15736472,0.0471,0.0,5183.0,0.782,0.806,0.3975878020218298,K,-1.206992338473706,1
K03019.02,kepler,NON_HABITABLE,0.99,1523.0,1274.27,2.012094,0.0309,0.0,5633.0,1.162,0.973,1.224802238326387,G,-1.2714618873960999,1
K03053.02,kepler,NON_HABITABLE,1.38,841.0,118.13,9.4767057,0.0879,0.0,5911.0,0.914,1.006,0.9188210562280292,G,-1.183557148910186,1
K03068.02,kepler,NON_HABITABLE,0.84,713.0,61.01,6.65171459,0.0628,0.0,4889.0,0.686,0.759,0.24222730137566442,K,-1.134080391539396,1
K03344.03,kepler,HABITABILITY_ZONE,2.84,321.0,2.52,208.54335,0.6732,0.0,5533.0,1.166,0.934,1.1479804496996306,G,-0.4439726810868882,1
K03348.02,kepler,NON_HABITABLE,1.44,713.0,61.01,17.7189786,0.1304,0.0,5566.0,1.099,0.938,1.0443904769623653,G,-1.1340811846222718,1
K03395.02,kepler,NON_HABITABLE,0.78,1067.0,306.35,5.0395851,0.0552,0.0,5912.0,0.924,0.884,0.9396721475631806,G,-1.2314600767491124,1
K03425.03,kepler,NON_HABITABLE,1.85,1334.0,748.7,7.64370363,0.0819,0.0,6120.0,2.0,1.251,5.055456644324149,F,-1.259740330028572,1
K06352.01,kepler,NON_HABITABLE,1.16,1039.0,275.15,5.11683678,0.0582,0.0,5955.0,0.91,0.999,0.9382197227923745,G,-1.2271306548388625,1
K06484.01,kepler,NON_HABITABLE,1.34,619.0,34.7,16.1191449,0.1125,0.0,5319.0,0.783,0.729,0.44211799894771747,G,-1.0767534614684364,1
K06601.01,kepler,NON_HABITABLE,1.62,748.0,73.97,17.9925973,0.133,0.0,5931.0,1.087,0.967,1.317241772417316,G,-1.1502285490840496,1
K06605.01,kepler,NON_HABITABLE,2.39,767.0,81.88,74.371666,0.3445,0.0,6865.0,2.211,0.983,9.7821509850312,F,-1.1581340726354266,1
K06739.01,kepler,NON_HABITABLE,1.11,519.0,17.12,19.164111,0.1269,0.0,5103.0,0.674,0.747,0.27753437170696826,K,-0.9779498838877645,1
K06872.01,kepler,NON_HABITABLE,0.88,645.0,40.81,13.5164708,0.1036,0.0,5442.0,0.747,0.811,0.4409304217021557,G,-1.094912381880137,1
K07002.01,kepler,NON_HABITABLE,1.3,1039.0,275.02,4.83014159,0.0549,0.0,5693.0,0.939,0.943,0.8344313840239024,G,-1.2271103781674129,1
K07003.01,kepler,NON_HABITABLE,1.35,1654.0,1771.98,2.41194057,0.0355,0.0,5598.0,1.594,1.028,2.2480342360219256,G,-1.2773106563926824,1
K07007.01,kepler,NON_HABITABLE,0.77,1240.0,561.84,0.800263219,0.014,0.0,4336.0,0.59,0.574,0.11085513820036548,K,-1.2519903017234248,1
K07136.01,kepler,HABITABILITY_ZONE,2.27,217.0,0.52,441.17369,1.1175,0.0,5610.0,0.858,0.953,0.6569324743830579,G,0.5903186929340415,1
K07270.01,kepler,NON_HABITABLE,1.42,692.0,54.13,19.2532128,0.1423,0.0,6060.0,0.953,1.036,1.1034966225314038,F,-1.1232427663215998,1
K07272.01,kepler,NON_HABITABLE,1.26,904.0,157.56,14.1011023,0.122,0.0,6534.0,1.199,1.219,2.3607478186650073,F,-1.2005070819169947,1
K07404.01,kepler,NON_HABITABLE,1.39,1454.0,1056.39,1.817079849,0.0299,0.0,5808.0,0.963,1.077,0.9507223756462779,G,-1.2676793663020278,1
K07408.01,kepler,NON_HABITABLE,19.07,574.0,25.63,5.15998178,0.048,0.0,3900.0,0.534,0.555,0.05943409477627589,K,-1.0385809276915152,1
K07534.01,kepler,NON_HABITABLE,0.92,694.0,54.98,23.3787733,0.164,0.0,6210.0,1.054,1.07,1.4884777007992356,F,-1.1246759695353523,1
K07535.01,kepler,NON_HABITABLE,4.11,576.0,25.98,15.09984259,0.1028,0.0,5191.0,0.65,0.635,0.27639204494590747,K,-1.040444670829426,1
K07539.01,kepler,NON_HABITABLE,1.3,605.0,31.63,15.3416245,0.1109,0.0,5061.0,0.814,0.771,0.3916416479534413,K,-1.0657052551568411,1
K07540.01,kepler,NON_HABITABLE,0.92,625.0,36.07,21.980467,0.1448,0.0,5573.0,0.936,0.837,0.7613819555879291,G,-1.0812289224332268,1
K02704.03,kepler,HABITABILITY_ZONE,2.44,305.0,2.03,8.15275885,0.0439,0.0,3327.0,0.189,0.169,0.003943024922758629,M,-0.3463892994630345,1
K04032.05,kepler,NON_HABITABLE,0.82,948.0,191.14,7.23524221,0.0716,0.0,5574.0,1.065,0.933,0.9864198051846881,G,-1.210584086420287,1
K04084.02,kepler,NON_HABITABLE,1.78,722.0,64.33,10.72900793,0.0944,0.0,5375.0,0.876,0.972,0.5770544533616893,G,-1.1386699690693949,1
K04084.03,kepler,NON_HABITABLE,1.55,851.0,123.81,8.19619768,0.0758,0.0,5323.0,0.995,0.862,0.7160885614237082,G,-1.186487381706516,1
K04157.02,kepler,NON_HABITABLE,0.83,1156.0,422.67,5.215752,0.0628,0.0,6202.0,1.122,1.213,1.6780599479942195,F,-1.243127100715367,1
K06353.01,kepler,NON_HABITABLE,1.98,1362.0,814.46,10.0714369,0.098,0.0,5768.0,2.81,1.236,7.874234731012372,G,-1.2618097854053993,1
K06355.01,kepler,NON_HABITABLE,0.93,1085.0,327.65,4.37198905,0.0515,0.0,5823.0,0.919,0.951,0.8748082972549592,G,-1.2340546724142147,1
K06355.02,kepler,NON_HABITABLE,1.03,940.0,184.66,6.72876606,0.0686,0.0,5823.0,0.919,0.951,0.8748082972549592,G,-1.2088566767953306,1
K06358.01,kepler,NON_HABITABLE,1.32,998.0,233.91,3.09383248,0.0378,0.0,5327.0,0.681,0.772,0.33644937143645803,G,-1.2201264291992862,1
K06617.01,kepler,NON_HABITABLE,0.9,864.0,131.75,8.0018897,0.0776,0.0,5830.0,0.876,0.97,0.7986879674917623,G,-1.1902694620392873,1
K06745.01,kepler,HABITABILITY_ZONE,2.78,314.0,2.29,383.85362,1.1395,0.0,6675.0,1.293,1.336,2.9901766115858375,F,-0.4017209038370769,1
K06746.01,kepler,NON_HABITABLE,7.27,1720.0,2065.56,2.564012541,0.037,0.0,6274.0,1.428,1.024,2.846617943906648,F,-1.2797185706223242,1
K06750.01,kepler,NON_HABITABLE,1.24,1201.0,492.29,5.21395046,0.0582,0.0,5529.0,1.412,0.965,1.6786125412907864,G,-1.2480314793452971,1
K06751.01,kepler,NON_HABITABLE,2.4,604.0,31.43,24.996068,0.1693,0.0,5761.0,0.956,1.035,0.9069889495058516,G,-1.0649342288493109,1
K06752.01,kepler,NON_HABITABLE,0.89,536.0,19.51,8.9429645,0.0704,0.0,4183.0,0.594,0.582,0.09732380022765526,K,-0.9989225524886027,1
K06878.01,kepler,NON_HABITABLE,1.11,1180.0,459.66,2.405625303,0.0344,0.0,5450.0,0.83,0.939,0.5475665427929838,G,-1.245871661493357,1
K06882.01,kepler,NON_HABITABLE,1.87,2474.0,8868.22,0.7735301,0.017,0.0,6296.0,1.35,1.093,2.5800084283089046,F,-1.295356416047692,1
K07016.01,kepler,POTENTIALLY_HABITABLE,1.09,220.0,0.56,384.847556,0.994,0.0,5579.0,0.798,0.892,0.5558094655858943,G,0.5276514031931362,1
K07144.01,kepler,NON_HABITABLE,0.92,1640.0,1705.12,0.839907158,0.0162,0.0,5120.0,0.853,0.797,0.45047699423359416,K,-1.2766770313838458,1
K07148.01,kepler,NON_HABITABLE,2.32,1824.0,2621.69,1.7613778,0.0302,0.0,6544.0,1.207,1.193,2.4070350437323316,F,-1.2831151397100409,1
K07279.01,kepler,NON_HABITABLE,0.93,788.0,90.86,11.7728146,0.097,0.0,5410.0,1.056,0.875,0.8606203421848149,G,-1.165833988213143,1
K07281.01,kepler,NON_HABITABLE,1.14,1999.0,3777.82,2.46506501,0.0395,0.0,6881.0,1.714,1.356,5.933658898071262,F,-1.2875941645560172,1
K07282.01,kepler,NON_HABITABLE,1.6,1101.0,347.1,1.758599866,0.0262,0.0,4744.0,0.725,0.772,0.23985536932165263,K,-1.2362119011889199,1
K00566.02,kepler,NON_HABITABLE,1.1,778.0,86.67,14.1573717,0.1161,0.0,6122.0,0.964,1.041,1.1760399614256234,F,-1.1623905531637728,1
K07415.01,kepler,NON_HABITABLE,10.97,1249.0,572.64,1.291964282,0.0199,0.0,4995.0,0.638,0.625,0.22828534793129185,K,-1.2525396060825005,1
K07416.01,kepler,NON_HABITABLE,0.97,677.0,49.61,37.4646974,0.2238,0.0,6266.0,1.342,1.06,2.501274203854618,F,-1.114911422871235,1
K04301.02,kepler,NON_HABITABLE,1.04,1369.0,829.72,6.31915999,0.0693,0.0,6254.0,1.706,1.11,4.011291946635327,F,-1.2622544588096676,1
K04383.02,kepler,NON_HABITABLE,0.77,1470.0,1103.3,2.58393841,0.0373,0.0,6164.0,1.09,1.032,1.5452481288731112,F,-1.268587608408196,1
K04421.02,kepler,NON_HABITABLE,0.62,1079.0,320.09,6.5595368,0.0708,0.0,5950.0,1.196,1.1,1.615194892138434,G,-1.2331635466164064,1
K00416.04,kepler,NON_HABITABLE,0.74,461.0,10.65,31.5322987,0.182,0.0,5183.0,0.739,0.818,0.35506545618481644,K,-0.8889807764334915,1
K04500.03,kepler,NON_HABITABLE,1.7,629.0,36.94,14.7510068,0.1104,0.0,5295.0,0.8,0.825,0.4532507611369001,G,-1.0839341639374103,1
K07617.01,kepler,HABITABILITY_ZONE,0.64,343.0,3.26,12.9284553,0.0795,0.0,3578.0,0.375,0.401,0.0207643619548347,M,-0.5495572788289013,1
K03184.03,kepler,NON_HABITABLE,0.6,1337.0,754.66,4.02018903,0.0502,0.0,5788.0,1.376,1.039,1.9144572277096374,G,-1.2599390883755952,1
K04524.03,kepler,NON_HABITABLE,1.2,1205.0,498.37,3.33930957,0.0438,0.0,5700.0,1.006,1.003,0.9624764112339664,G,-1.2484107543116805,1
K04782.02,kepler,NON_HABITABLE,3.66,1144.0,403.88,4.29251656,0.0527,0.0,6032.0,0.973,1.055,1.1291866170116838,F,-1.2415909225684527,1
K04957.02,kepler,NON_HABITABLE,0.73,485.0,13.07,4.98792404,0.0425,0.0,3606.0,0.395,0.413,0.023767953608184615,M,-0.9299995683390259,1
K05447.02,kepler,NON_HABITABLE,0.68,1081.0,323.21,3.87594316,0.0485,0.0,5713.0,0.893,1.01,0.7653401978854657,G,-1.2335350248730752,1
K05475.02,kepler,NON_HABITABLE,0.97,1257.0,589.92,5.68325648,0.0584,0.0,6072.0,1.286,0.818,2.0253668575200323,F,-1.2533862469625356,1
K06447.02,kepler,NON_HABITABLE,2.27,568.0,24.57,91.649983,0.4363,0.0,6705.0,1.608,1.325,4.708276157739087,F,-1.032815261656975,1
K06464.03,kepler,HABITABILITY_ZONE,3.39,248.0,0.9,541.742985,1.3418,0.0,6373.0,1.047,1.094,1.6291600340421772,F,0.1389360556246215,1
K07546.01,kepler,NON_HABITABLE,4.9,1158.0,424.45,44.113873,0.3101,0.0,7854.0,3.462,2.039,41.08775620167785,A,-1.24326701215477,1
K07554.01,kepler,POTENTIALLY_HABITABLE,1.98,263.0,1.12,482.62011,1.2328,0.0,6315.0,1.095,1.066,1.717973135050651,F,-0.013627693149594031,1
K07558.01,kepler,NON_HABITABLE,0.94,721.0,63.73,10.1551587,0.083,0.0,5275.0,0.796,0.739,0.4419882272352695,G,-1.1378757834499609,1
K07559.01,kepler,NON_HABITABLE,1.13,2417.0,8061.29,0.708965461,0.0164,0.0,6528.0,1.155,1.177,2.1826256855366144,F,-1.2946437560046253,1
K07567.01,kepler,NON_HABITABLE,1.46,143.0,0.1,608.20572,1.2285,0.0,4486.0,0.646,0.668,0.15226385579740442,K,3.0,1
K02369.03,kepler,NON_HABITABLE,1.28,967.0,206.77,7.2274321,0.0744,0.0,6075.0,0.969,1.048,1.1521987334575932,F,-1.2144142979507715,1
K07572.01,kepler,NON_HABITABLE,1.59,1103.0,349.47,91.069934,0.5548,0.0,9051.0,4.232,2.738,108.2859941243616,A,-1.2364621048465676,1
K07587.01,kepler,HABITABILITY_ZONE,2.57,257.0,1.03,366.088938,0.9845,0.0,5941.0,0.945,0.948,1.0022972455054242,G,0.04538267345671828,1
K07589.01,kepler,NON_HABITABLE,7.01,364.0,4.17,414.45008,1.2215,0.0,7037.0,1.683,1.417,6.257677054617047,F,-0.6369462141565395,1
K02859.05,kepler,NON_HABITABLE,0.66,873.0,137.1,5.43103616,0.0532,0.0,5374.0,0.721,0.68,0.39062127041772465,G,-1.1926266233808624,1
K07591.01,kepler,POTENTIALLY_HABITABLE,1.3,193.0,0.33,328.32211,0.8367,0.0,4906.0,0.668,0.736,0.232893737612701,K,1.0796125352397647,1
K07592.01,kepler,NON_HABITABLE,1.55,132.0,0.07,381.97977,0.8367,0.0,3761.0,0.526,0.535,0.04987461225278631,K,3.0,1
K07593.01,kepler,NON_HABITABLE,1.57,572.0,25.32,67.412998,0.344,0.0,6525.0,1.359,1.194,3.0161691099934993,F,-1.0369469657091184,1
K07903.01,kepler,NON_HABITABLE,0.64,1415.0,945.45,0.694611128,0.0137,0.0,4612.0,0.662,0.726,0.17863554679981428,K,-1.2652685376090074,1
K07905.01,kepler,NON_HABITABLE,0.85,1168.0,439.51,7.4751841,0.0721,0.0,5616.0,1.602,0.894,2.3000015584915072,G,-1.244419805621525,1
K07920.01,kepler,NON_HABITABLE,1.09,2688.0,12313.82,1.04347858,0.0219,0.0,6014.0,2.246,1.281,5.945219714070657,F,-1.297564346168684,1
K07913.01,kepler,NON_HABITABLE,2.03,432.0,8.27,24.2783801,0.1456,0.0,4450.0,0.707,0.698,0.1765930395730708,K,-0.8324130912541468,1
K07915.01,kepler,HABITABILITY_ZONE,2.15,305.0,2.05,382.5891,1.0393,0.0,6337.0,1.239,1.019,2.230345537484115,F,-0.35080518196088134,1
K08201.01,kepler,HABITABILITY_ZONE,2.25,204.0,0.41,392.601892,0.9879,0.0,5307.0,0.753,0.843,0.4052108011469135,G,0.828997656885088,1
K08205.01,kepler,NON_HABITABLE,25.39,608.0,32.37,260.446151,0.9622,0.0,4845.0,7.796,1.748,30.172652899686035,K,-1.0685168736387731,1
K07990.01,kepler,NON_HABITABLE,1.87,377.0,4.79,87.487573,0.3727,0.0,5774.0,0.818,0.907,0.6700518889229251,G,-0.682417686452718,1
K07991.01,kepler,NON_HABITABLE,3.32,1337.0,755.16,11.9451376,0.1176,0.0,5094.0,4.163,1.517,10.513402575861878,K,-1.2599558047888493,1
K07992.01,kepler,POTENTIALLY_HABITABLE,1.84,307.0,2.09,277.13367,0.8391,0.0,6461.0,0.971,1.025,1.4802399947964646,F,-0.3593955171340951,1
K08211.01,kepler,NON_HABITABLE,0.67,922.0,170.39,5.0487451,0.0565,0.0,5450.0,0.83,0.939,0.5475665427929838,G,-1.2047093121619032,1
K07998.01,kepler,HABITABILITY_ZONE,2.96,351.0,3.6,122.11555,0.4405,0.0,5592.0,0.894,0.764,0.7041065734514937,G,-0.5864191992295935,1
K08000.01,kepler,POTENTIALLY_HABITABLE,1.7,267.0,1.2,225.48805,0.6861,0.0,5663.0,0.782,0.847,0.5666233441698468,G,-0.05372100979220809,1
K08107.01,kepler,HABITABILITY_ZONE,1.69,315.0,2.32,578.88761,1.4388,0.0,6180.0,1.917,1.185,4.829396204157363,F,-0.40758231754493407,1
K08109.01,kepler,NON_HABITABLE,250.2,1997.0,3757.91,218.771117,0.802,0.0,3297.0,151.184,1.436,2433.2243962270686,M,-1.2875350360614728,1
K08217.01,kepler,HABITABILITY_ZONE,5.02,304.0,2.02,277.25118,0.8073,0.0,6046.0,1.048,0.91,1.3221777576930074,F,-0.3422976940526539,1
K08007.01,kepler,NON_HABITABLE,9.66,179.0,0.24,67.176626864,0.2177,0.0,3391.0,0.311,0.304,0.011521967542498535,M,1.4853116580149155,1
K08111.01,kepler,HABITABILITY_ZONE,2.33,216.0,0.52,359.33831,0.8852,0.0,5316.0,0.753,0.715,0.40796654617575495,G,0.6001538003111495,1
K08117.01,kepler,NON_HABITABLE,3.45,2097.0,4570.22,0.933745798,0.0195,0.0,6367.0,1.087,1.131,1.7494164177894478,F,-1.289623810548067,1
K08221.01,kepler,HABITABILITY_ZONE,1.35,347.0,3.43,293.38641,0.8842,0.0,6392.0,1.34,1.067,2.7005447127761135,F,-0.5683750722439775,1
K08223.01,kepler,NON_HABITABLE,2.2,402.0,6.18,66.716453,0.3067,0.0,5447.0,0.859,0.864,0.5852083835182432,G,-0.7573765073289646,1
K08012.01,kepler,HABITABILITY_ZONE,0.42,199.0,0.37,34.573718512,0.1219,0.0,3374.0,0.218,0.202,0.005548658680969512,M,0.9455213190621115,1
K08122.01,kepler,NON_HABITABLE,2.21,521.0,17.47,54.753883835,0.292,0.0,6242.0,1.047,1.104,1.499281323345121,F,-0.981267656126164,1
K08232.01,kepler,HABITABILITY_ZONE,3.31,312.0,2.23,189.183958,0.6103,0.0,5573.0,0.981,0.845,0.8363516100536413,G,-0.3901818151997561,1
K08238.01,kepler,HABITABILITY_ZONE,2.73,207.0,0.43,495.662346,1.1347,0.0,5515.0,0.82,0.791,0.5604082010920124,G,0.7791369875855705,1
K08026.01,kepler,NON_HABITABLE,0.93,1002.0,238.09,7.7529342,0.0742,0.0,5975.0,1.072,0.907,1.3195805921900257,G,-1.2209183120686702,1
K08031.01,kepler,NON_HABITABLE,13.97,586.0,27.88,254.336707,0.9935,0.0,5193.0,6.502,2.018,27.698862283879713,K,-1.0497697654200169,1
K08241.01,kepler,NON_HABITABLE,7.67,412.0,6.84,490.63941,1.3982,0.0,5037.0,4.817,1.513,13.456614354070659,K,-0.7846187865109359,1
K08242.01,kepler,POTENTIALLY_HABITABLE,1.36,240.0,0.78,331.55459,0.8995,0.0,5762.0,0.801,0.892,0.6371662421156957,G,0.2431627114550771,1
K08246.01,kepler,POTENTIALLY_HABITABLE,1.58,281.0,1.48,425.64971,1.0826,0.0,6067.0,1.195,0.934,1.7431168484021593,F,-0.17980634355848438,1
K07923.01,kepler,POTENTIALLY_HABITABLE,0.97,208.0,0.44,395.13138,1.0016,0.0,5060.0,0.869,0.856,0.446001511532055,K,0.7571137719426547,1
K07924.01,kepler,NON_HABITABLE,0.68,1548.0,1348.87,0.770658979,0.0154,0.0,5058.0,0.739,0.827,0.3220318946215568,K,-1.2725411329213132,1
K07925.01,kepler,NON_HABITABLE,0.64,1060.0,297.79,4.6318914,0.054,0.0,5926.0,0.887,0.978,0.8741551863056912,G,-1.2303410347772605,1
K08033.01,kepler,HABITABILITY_ZONE,2.23,208.0,0.45,362.13187,0.9196,0.0,5176.0,0.766,0.79,0.3794279507241308,K,0.747655128751312,1
K08035.01,kepler,NON_HABITABLE,1.46,793.0,93.27,29.4856392,0.2057,0.0,6870.0,1.407,1.337,3.972920305290108,F,-1.167708628015348,1
K08037.01,kepler,NON_HABITABLE,0.72,578.0,26.47,3.65034525,0.0359,0.0,3704.0,0.45,0.463,0.03434026560604072,K,-1.0429386419915345,1
K08039.01,kepler,NON_HABITABLE,1.12,505.0,15.41,43.9438891,0.2407,0.0,6008.0,0.875,0.961,0.8987326353279348,F,-0.9600085464003939,1
K08249.01,kepler,NON_HABITABLE,1.96,383.0,5.08,309.191789,0.9234,0.0,6299.0,1.754,1.095,4.363553667851813,F,-0.7006926657361915,1
K08253.01,kepler,POTENTIALLY_HABITABLE,0.95,226.0,0.62,400.11482,1.065,0.0,5547.0,0.911,1.005,0.7078873112918781,G,0.43464862611755406,1
K07930.01,kepler,POTENTIALLY_HABITABLE,1.37,187.0,0.29,377.67241,0.8667,0.0,5031.0,0.615,0.608,0.21830426026762983,K,1.2466639201937242,1
K07931.01,kepler,HABITABILITY_ZONE,2.11,323.0,2.57,242.0367,0.7707,0.0,6086.0,1.116,1.037,1.5393979064986703,F,-0.4538202130345473,1
K07932.01,kepler,HABITABILITY_ZONE,1.03,215.0,0.51,502.25648,1.1141,0.0,5637.0,0.833,0.73,0.6312143338128516,G,0.6227460974022719,1
K08043.01,kepler,NON_HABITABLE,1.24,942.0,186.22,10.7781558,0.1004,0.0,6386.0,1.123,1.161,1.8895999973082922,F,-1.209279158998051,1
K08046.01,kepler,NON_HABITABLE,50.93,676.0,49.27,384.37706,1.2098,0.0,4859.0,12.023,1.594,72.59521583240347,K,-1.1142455867237868,1
K08047.01,kepler,POTENTIALLY_HABITABLE,1.98,208.0,0.44,302.34971,0.8332,0.0,4829.0,0.794,0.843,0.30886204084132146,K,0.7563563877739524,1
K08257.01,kepler,NON_HABITABLE,0.54,767.0,81.83,9.4609418,0.0784,0.0,5485.0,0.788,0.716,0.5063533329168527,G,-1.1580931060924242,1
K08259.01,kepler,POTENTIALLY_HABITABLE,1.73,262.0,1.11,402.27493,1.0699,0.0,6299.0,0.95,1.008,1.2800541863706418,F,-0.006610519045346105,1
K07934.01,kepler,NON_HABITABLE,2.12,624.0,35.77,22.6432436,0.1541,0.0,5880.0,0.891,0.949,0.8549868254222063,G,-1.0802495794666453,1
K07938.01,kepler,NON_HABITABLE,2.33,437.0,8.6,275.5603,0.9025,0.0,5989.0,2.467,1.289,7.05424049445244,G,-0.8416172183673734,1
K07940.01,kepler,HABITABILITY_ZONE,1.86,330.0,2.79,188.881049,0.6607,0.0,6077.0,0.999,1.077,1.2262601980300782,F,-0.4876262694070426,1
K08048.01,kepler,POTENTIALLY_HABITABLE,1.33,247.0,0.88,379.67276,0.9933,0.0,6156.0,0.824,0.906,0.8785036664007716,F,0.15066901202968974,1
K08050.01,kepler,NON_HABITABLE,6.81,464.0,10.93,278.38935,0.9633,0.0,4951.0,4.342,1.537,10.205776512898682,K,-0.8943535861972096,1
K08052.01,kepler,NON_HABITABLE,1.73,1323.0,722.44,7.8687123,0.0855,0.0,6738.0,1.692,1.351,5.316422095503892,F,-1.258836098293258,1
K08053.01,kepler,NON_HABITABLE,1.19,922.0,170.47,9.9105786,0.0952,0.0,6214.0,1.076,1.169,1.555264462808422,F,-1.2047323707196447,1
K08054.01,kepler,NON_HABITABLE,7.33,885.0,144.75,43.9088053,0.2911,0.0,5216.0,4.303,1.703,12.347747312174105,G,-1.195767412845632,1
K08156.01,kepler,HABITABILITY_ZONE,3.12,293.0,1.73,364.98242,1.0483,0.0,6429.0,1.116,1.152,1.9168882821180544,F,-0.26639276100515064,1
K08263.01,kepler,HABITABILITY_ZONE,2.17,308.0,2.13,280.55544,0.8742,0.0,6292.0,1.078,1.129,1.6409187889249748,F,-0.36936802732096236,1
K08055.01,kepler,NON_HABITABLE,0.86,1152.0,415.56,4.40660737,0.054,0.0,6063.0,1.001,1.079,1.2198688407429246,F,-1.2425583276010226,1
K08159.02,kepler,HABITABILITY_ZONE,2.25,301.0,1.93,353.01861,1.0346,0.0,6450.0,1.155,1.183,2.0801638143929284,F,-0.32127637386434,1
K08163.01,kepler,HABITABILITY_ZONE,119.96,338.0,3.07,370.98253,1.0106,0.0,6028.0,1.63,0.999,3.160551662326989,F,-0.526470110945157,1
K08270.01,kepler,HABITABILITY_ZONE,2.09,249.0,0.91,338.00692,0.929,0.0,5741.0,0.898,0.934,0.7892190709085133,G,0.1313197046220551,1
K08272.01,kepler,POTENTIALLY_HABITABLE,1.14,259.0,1.07,432.42787,1.1457,0.0,6263.0,1.009,1.068,1.4112588863697808,F,0.019267548024770233,1
K07949.01,kepler,NON_HABITABLE,0.62,1545.0,1352.47,1.001916708,0.0182,0.0,5521.0,0.734,0.821,0.4509805570448244,G,-1.2725909469229095,1
K07951.01,kepler,NON_HABITABLE,1.09,1825.0,2623.55,0.862329309,0.0177,0.0,5806.0,0.899,0.996,0.827412770766893,G,-1.2831246253216635,1
K07953.01,kepler,POTENTIALLY_HABITABLE,1.43,219.0,0.55,432.96905,1.1163,0.0,5580.0,0.886,0.989,0.6856444261739677,G,0.5481082771653221,1
K07954.01,kepler,POTENTIALLY_HABITABLE,1.74,232.0,0.69,372.15035,0.9758,0.0,5769.0,0.812,0.9,0.6579742907764815,G,0.3480495940313542,1
K08063.01,kepler,HABITABILITY_ZONE,2.11,232.0,0.69,405.35457,1.0427,0.0,5650.0,0.906,0.92,0.7536069533700884,G,0.3454959136868559,1
K08068.01,kepler,NON_HABITABLE,1.28,839.0,117.23,9.4640413,0.0867,0.0,5968.0,0.881,0.97,0.8870779516900553,G,-1.1830717374480948,1
K08275.01,kepler,HABITABILITY_ZONE,3.76,207.0,0.44,389.875816,1.0021,0.0,5289.0,0.79,0.886,0.4399903595809008,G,0.7722248498122758,1
K08276.01,kepler,HABITABILITY_ZONE,3.23,300.0,1.92,385.858683,1.1068,0.0,6551.0,1.195,1.215,2.369522945623799,F,-0.31896306691893395,1
K08277.01,kepler,NON_HABITABLE,0.58,1908.0,3119.75,0.757261281,0.0163,0.0,5651.0,0.953,0.998,0.8344143047291328,G,-1.2853497182355533,1
K08279.01,kepler,HABITABILITY_ZONE,35.3,281.0,1.48,367.0896,1.0624,0.0,6268.0,1.1,1.188,1.6826586864141995,F,-0.1811449898018517,1
K08280.01,kepler,NON_HABITABLE,2.64,542.0,20.35,66.67305,0.3429,0.0,6592.0,1.19,1.211,2.4091144239451476,F,-1.005458932838382,1
K08174.01,kepler,POTENTIALLY_HABITABLE,0.64,233.0,0.7,295.06066,0.7735,0.0,5332.0,0.762,0.708,0.4228294380580845,G,0.32952877309569756,1
K08286.01,kepler,HABITABILITY_ZONE,3.54,286.0,1.58,191.03728,0.634,0.0,5440.0,0.901,0.931,0.640530613251432,G,-0.21813694989363605,1
K08076.01,kepler,NON_HABITABLE,1.42,523.0,17.68,71.10684,0.3499,0.0,6339.0,1.224,1.129,2.1794180982077394,F,-0.9832803333947495,1
K08077.01,kepler,HABITABILITY_ZONE,1.29,327.0,2.7,77.177672,0.3193,0.0,4840.0,0.749,0.727,0.2773574222123843,K,-0.4743300513935387,1
K08078.01,kepler,NON_HABITABLE,29.85,1498.0,1189.65,0.805941833,0.0147,0.0,5022.0,0.672,0.651,0.2587855900891537,K,-1.2701167369051953,1
K08082.01,kepler,NON_HABITABLE,2.48,1623.0,1639.28,8.2766028,0.0937,0.0,6787.0,2.753,1.596,14.488336690251723,F,-1.2760154977464777,1
K08180.01,kepler,NON_HABITABLE,2.76,688.0,53.05,185.97534,0.8105,0.0,7365.0,3.638,2.049,35.08416174163353,F,-1.1213511411236623,1
K08183.01,kepler,NON_HABITABLE,0.6,1026.0,262.67,5.8877038,0.0643,0.0,6065.0,0.947,1.022,1.0932459801649075,F,-1.2251858292466862,1
K07970.01,kepler,NON_HABITABLE,1.28,1299.0,675.28,1.98514635,0.0303,0.0,5581.0,0.845,0.946,0.624102925395036,G,-1.257081706002347,1
K07976.01,kepler,NON_HABITABLE,1.21,1037.0,273.08,5.82561701,0.063,0.0,5999.0,0.967,0.979,1.091096358242398,G,-1.2268176701278517,1
K08085.01,kepler,POTENTIALLY_HABITABLE,1.7,256.0,1.02,419.2615,1.0308,0.0,5979.0,0.975,0.83,1.0945060219547027,G,0.04803128299807866,1
K08089.01,kepler,NON_HABITABLE,41.55,945.0,188.78,141.400279,0.7908,0.0,4936.0,14.907,3.295,118.84360503613438,K,-1.2099652254008983,1
K08297.01,kepler,NON_HABITABLE,43.78,444.0,9.22,229.957537,0.8352,0.0,6419.0,2.057,1.465,6.4719148760104535,F,-0.8574622973382294,1
K07978.01,kepler,NON_HABITABLE,1.66,1444.0,1027.95,7.2681817,0.0821,0.0,6297.0,2.219,1.398,6.974998009149813,F,-1.2670986391920092,1
K07982.01,kepler,HABITABILITY_ZONE,3.26,265.0,1.16,376.37989,1.0287,0.0,6231.0,0.955,1.025,1.238603943804305,F,-0.036003757083481275,1
K08193.01,kepler,HABITABILITY_ZONE,3.72,228.0,0.64,367.947848,0.9955,0.0,5570.0,0.855,0.971,0.6339393649615667,G,0.4132885710409225,1
K07986.01,kepler,NON_HABITABLE,0.72,1608.0,1585.81,1.73984941,0.029,0.0,6119.0,1.031,1.075,1.3425604634586923,F,-1.275448273048611,1
K07988.01,kepler,NON_HABITABLE,19.3,557.0,22.68,333.486169,1.2233,0.0,4989.0,7.824,2.19,34.16696553828641,K,-1.021502963226246,1
