name,mission,habitability_class,pl_rade,pl_eqt,pl_insol,pl_orbper,pl_orbsmax,pl_orbeccen,st_teff,st_rad,st_mass,st_lum,stellar_type,hz_position,n_imputed
1001.01,tess,NON_HABITABLE,11.2154,4045.0,44464.5,1.9316462,0.03648563812236497,0.0,7070.0,2.01,1.7365653054888743,9.094199567533218,F,-1.2932683651434396,3
1007.01,tess,NON_HABITABLE,14.7752,1282.0,448.744,6.9989206,0.08834309907459373,0.0,6596.0,2.7,1.8777432376840313,12.432109495796942,F,-1.2754109896393264,3
101.01,tess,NON_HABITABLE,13.1874503,1525.9048089,1281.2408254,1.4303699,0.024126106956828212,0.0,5600.0,0.890774,0.9156836732711251,0.7030429911316707,G,-1.2702861185901273,3
1011.01,tess,NON_HABITABLE,1.44656,1364.0,575.597,2.4704981,0.03465028383345763,0.0,5413.7,0.94,0.9093515053393894,0.683796951449408,G,-1.2521910375688776,3
1012.01,tess,NON_HABITABLE,24.8132,5098.0,112144.0,0.884182,0.024634196437582134,0.0,8928.0,2.72,2.5510108818790354,42.34959337533861,A,-1.3047261411389983,3
1019.01,tess,NON_HABITABLE,24.2931408,1574.8381848,1453.6663847,5.2341008,0.06979106986535465,0.0,7645.0,1.56203,1.655372943849929,7.509022583485934,A,-1.2748411608062145,3
102.01,tess,NON_HABITABLE,15.4706,1408.0,653.252,4.4119378,0.05589437527709247,0.0,6280.0,1.21,1.196812196812197,2.051653549424798,F,-1.2561606943310786,3
1027.01,tess,NON_HABITABLE,2.87648,992.0,161.092,3.2834565,0.03667306044431975,0.0,4272.0,0.68,0.6103224959334251,0.13875144407820708,K,-1.1742512204722877,3
1027.02,tess,NON_HABITABLE,2.76586,548.0,15.0463,11.02875,0.08225150206861599,0.0,4272.0,0.68,0.6103224959334251,0.13875144407820708,K,-1.0056087138779752,3
1027.03,tess,NON_HABITABLE,2.52314,567.0,17.1793,5.0113292,0.04861402704240809,0.0,4272.0,0.68,0.6103224959334251,0.13875144407820708,K,-1.1300690486714178,3
103.01,tess,NON_HABITABLE,14.581841,1504.858953,1212.004376,3.547854,0.04970998278209794,0.0,6351.0,1.4,1.3019065385469737,2.8728915545771136,F,-1.2695220678307522,3
1032.01,tess,NON_HABITABLE,14.7738943,2385.8536488,7657.6621505,5.6643704,0.08716842760063066,0.0,10395.0,2.3383701,2.7539420404715136,57.5200405289239,B,-1.2941026149085,3
1035.01,tess,NON_HABITABLE,30.9493217,1583.9398898,1487.5644344,6.0744477,0.07637663481581641,0.0,5964.0,2.4303801,1.6108251905837676,6.732768012737257,G,-1.2693747721290725,3
1036.01,tess,NON_HABITABLE,5.98375,1294.0,466.528,3.7795212,0.04881121587106365,0.0,5771.0,1.18,1.0860898512598136,1.3914353165686206,G,-1.2529119182285746,3
104.01,tess,NON_HABITABLE,13.6237732,1755.0767383,2242.3605401,4.0872956,0.05799452115043872,0.0,6036.0,2.2186699,1.5576477583195534,5.886769318260991,F,-1.2769994893943006,3
1042.01,tess,NON_HABITABLE,10.1273702,5499.7476332,216218.1005011,0.758082,0.024022904792782386,0.0,9917.0,3.5086601,3.2182860287921695,107.27500897924241,A,-1.3067466675782855,3
1049.01,tess,NON_HABITABLE,16.808853,1654.404068,1770.4650539,2.1805277,0.035816404011286454,0.0,6599.0,1.2714601,1.2891491718355375,2.7619301809136627,F,-1.2802402598481566,3
105.01,tess,NON_HABITABLE,13.7028527,1549.4409801,1362.1381428,2.1846669,0.03386295330664294,0.0,5630.0,1.23824,1.085386678818644,1.387835359591318,G,-1.2703263175194541,3
1050.01,tess,NON_HABITABLE,21.2315,1670.0,1292.19,3.7354838,0.05324998275877793,0.0,6650.0,1.57,1.4435942684137577,4.342907669636634,F,-1.2747261173617261,3
1052.01,tess,NON_HABITABLE,3.0629855,1006.9932829,243.011763,9.139804,0.09331186536839345,0.0,5958.2,1.58,1.2975296723336485,2.8344525616546146,G,-1.2335547626910393,3
1054.01,tess,NON_HABITABLE,2.43432,853.0,88.0718,15.5077855,0.1274069204103549,0.0,6122.0,1.17,1.1472549328685313,1.7323663323586198,F,-1.176529963074434,3
1055.01,tess,NON_HABITABLE,3.5766828,689.3568807,53.3700317,17.4713078,0.13129719846470297,0.0,5783.54,0.974669,0.9892270826671185,0.957599677588666,G,-1.1250208555321548,3
1056.01,tess,NON_HABITABLE,3.0486928,1263.9861129,603.2401116,5.3079507,0.06400811317946258,0.0,6124.3,1.36963,1.2417431250130053,2.3775357540643256,F,-1.2527299631539484,3
1057.01,tess,NON_HABITABLE,2.9366826,466.7322968,11.2148229,51.1701501,0.26443866859832105,0.0,5599.0,0.943356,0.942154123189272,0.7879303193573604,G,-0.8993542988507331,3
1058.01,tess,NON_HABITABLE,12.8402271,1518.2372485,1255.6817164,11.1296441,0.11999735943199348,0.0,5785.0,3.4475601,1.860942540282204,11.993111050873312,G,-1.2621869162363253,3
1059.01,tess,NON_HABITABLE,17.0216,694.0,38.5799,9.4496506,0.08524203510848767,0.0,5509.0,0.94,0.9253592631499153,0.7332321631805457,G,-1.1727417054839782,3
106.01,tess,NON_HABITABLE,16.3869,1864.0,2005.83,2.8493825,0.04591382619419315,0.0,6900.0,1.77,1.5904111122658608,6.397902331503904,F,-1.2849254632751193,3
1060.01,tess,NON_HABITABLE,3.89739,619.0,24.409,2.0685633,0.03231556441849531,0.0,5687.9,1.14,1.0521509596280127,1.2254969155157411,G,-1.269710414393466,3
1062.01,tess,NON_HABITABLE,2.30057,826.0,77.3573,4.1150576,0.04818926884450459,0.0,5394.0,0.89,0.8816163240872024,0.6041134320404948,G,-1.2244923187706978,3
1063.01,tess,NON_HABITABLE,2.7272824,694.1792631,54.8791715,10.0665238,0.08662924425711184,0.0,5552.0,0.791742,0.8558841364517337,0.5366114160364555,G,-1.146953393494811,3
1064.01,tess,NON_HABITABLE,2.460344,712.2812841,60.831305,6.4438657,0.06058466809819772,0.0,4803.0,0.737189,0.714456328288449,0.2605570024972124,K,-1.1463605526359637,3
1064.02,tess,NON_HABITABLE,2.6014766,575.3502049,25.8970378,12.2265595,0.09285413668726115,0.0,4803.0,0.737189,0.714456328288449,0.2605570024972124,K,-1.0592307417696212,3
1065.01,tess,NON_HABITABLE,22.503541,1523.0800659961,1272.7122222744433,2.160344,0.03373021975373016,0.0,5780.0,1.2,1.096963403458025,1.4479999807633654,G,-1.2713101243958738,5
1066.01,tess,NON_HABITABLE,12.962219,1110.2318504316463,359.3304384109192,4.606184,0.05446910596494147,0.0,5670.0,1.07,1.0161284832624977,1.0660915504292372,G,-1.2372358531079082,5
1067.01,tess,NON_HABITABLE,9.4995191,890.5622134,148.6544991,3.1316735,0.03647639638399618,0.0,4351.0,0.76701,0.6601813842365513,0.1899560349737123,K,-1.1945949364843687,3
1068.01,tess,NON_HABITABLE,13.446487,1149.62184871016,413.10391837802246,3.180362,0.04106908209197491,0.0,5498.0,0.92,0.913634155064911,0.6967697810604583,G,-1.2421329150438225,5
1069.01,tess,NON_HABITABLE,14.4339,1461.0,758.324,2.9776446,0.041703651140860463,0.0,5703.0,1.22,1.091332187820841,1.4184951590573809,G,-1.2616834654732545,3
107.01,tess,NON_HABITABLE,20.5357,1570.0,1009.38,3.9502008,0.05463096198256581,0.0,6153.0,1.71,1.3939867567362663,3.7760226565694164,F,-1.2711954981471345,3
1071.01,tess,NON_HABITABLE,13.200677,1214.9876435,515.0014435,3.5544026,0.04605619073153577,0.0,5639.0,1.11499,1.0315998215531945,1.1325177914912254,G,-1.2502959296793337,3
1073.01,tess,NON_HABITABLE,13.3368705,788.0973496,91.167589,3.9228016,0.04202363951752031,0.0,4444.0,0.6983,0.6433817666098426,0.17134640440606638,K,-1.1700225025801272,3
1074.01,tess,NON_HABITABLE,2.4233421,587.1759148,28.0927293,13.9428705,0.10421633820525564,0.0,5206.0,0.741671,0.7767539856578299,0.3640273058463009,G,-1.0718785861624207,3
1075.01,tess,NON_HABITABLE,1.8625587,1222.5973095,528.0253155,0.6047392,0.011354425358648104,0.0,4046.0,0.580337,0.5339980685302061,0.08131276789723442,K,-1.255063623242765,3
1076.01,tess,NON_HABITABLE,12.9171288,1337.8645148,757.1284067,2.5495611,0.03652229489715904,0.0,5659.0,1.03997,0.999824505941335,0.9992982085327091,G,-1.2595890409163106,3
1077.01,tess,NON_HABITABLE,12.6436029,1374.8018137,844.2700581,1.6062693,0.02584310563562717,0.0,5192.0,0.984326,0.8924375591591053,0.6343243146649648,K,-1.2652219762589638,3
1078.01,tess,NON_HABITABLE,1.3485121,1019.3295979,255.1405815,0.5182425,0.008984165281001317,0.0,3325.0,0.390989,0.3602032249729456,0.016834118784621988,M,-1.214508110298517,3
1079.01,tess,NON_HABITABLE,14.8814743,1747.9490013,2206.1550476,3.1644075,0.04810062151777414,0.0,6519.0,1.7234,1.4826809339360534,4.83271085464435,F,-1.2797868255044298,3
108.01,tess,NON_HABITABLE,12.1086799,1075.3184542,315.9871326,3.0440541,0.03910749887330896,0.0,5523.0,0.809868,0.8611044635304644,0.5498235804180328,G,-1.2372533686092158,3
1080.01,tess,NON_HABITABLE,1.2305102,386.6684768,5.2829448,3.9652485,0.03110577834841712,0.0,3296.0,0.199988,0.2553658679182625,0.004252569272803979,M,-0.6525251967440966,3
1081.01,tess,NON_HABITABLE,11.467011,1435.7035936125656,1004.8435010737595,2.98278,0.04264171282643728,0.0,6027.0,1.23975,1.162631077292006,1.827122686685852,F,-1.2664646157940378,5
1082.01,tess,NON_HABITABLE,3.5059571,441.7489067,8.9995944,16.3469053,0.10642810151862653,0.0,4310.0,0.649613,0.6018361927266928,0.13119376804948024,K,-0.9049703955023893,3
1083.01,tess,NON_HABITABLE,2.4241912,376.2093904,4.7341229,12.9802953,0.08214441161138698,0.0,3614.0,0.491323,0.43887957862554344,0.037100647836319715,M,-0.7221649906580764,3
1084.01,tess,NON_HABITABLE,15.8824638,1839.6713042,2706.9606225,1.3484961,0.025226791692982423,0.0,6346.0,1.14759,1.1777879939752907,1.9242810000409225,F,-1.2848791576460752,3
1085.01,tess,NON_HABITABLE,14.9476,1569.8668140148977,1436.45,3.2541181,0.045618991403522026,0.0,6102.0,1.28,1.1960542144976614,2.046460954061433,F,-1.26599221890975,4
1086.01,tess,NON_HABITABLE,14.6986197,1689.4116185,1925.1426172,3.7178828,0.05322337384855969,0.0,5818.0,2.0840001,1.4551114637815636,4.483168363229589,G,-1.27529872019881,3
109.01,tess,NON_HABITABLE,12.2867389,1209.5741229,505.8840075,2.76676,0.037501724923850406,0.0,5346.0,0.984866,0.919160186096581,0.7137807275169875,G,-1.2487653878202236,3
1091.01,tess,NON_HABITABLE,15.0024,4175.0,50469.2,1.725841,0.03528750588330892,0.0,7348.0,2.39,1.9680755938725532,15.002619776992464,F,-1.2973870130776102,3
1094.01,tess,NON_HABITABLE,9.08382,1760.0,1596.43,0.5971314,0.017534159359776202,0.0,7710.0,2.28,2.0169516110858448,16.54938717749179,A,-1.3040029092828718,3
1095.01,tess,NON_HABITABLE,13.7339261,2962.2418039,18197.1354531,1.4821386,0.03204476101701182,0.0,7066.0,2.6647301,1.9983609036488712,15.947613360826201,F,-1.2988838719675084,3
1097.01,tess,NON_HABITABLE,2.16591,786.0,63.4589,9.188506,0.08607808963261364,0.0,5876.0,0.98,1.0077864214748813,1.031511348043468,G,-1.193132855345328,3
1097.02,tess,NON_HABITABLE,2.6136848,756.6987586,77.4841883,13.9028391,0.11351033851267453,0.0,5876.0,0.983215,1.009438146154311,1.038290427116713,G,-1.1564101639771505,3
1098.01,tess,NON_HABITABLE,3.0538057,957.1991659,198.394783,10.1826983,0.09607742726960644,0.0,6153.0,1.14582,1.1410870900497294,1.6954116677511235,F,-1.2082459108685035,3
1099.01,tess,NON_HABITABLE,2.56374,853.0,87.8902,6.441006,0.06166929616740139,0.0,4867.0,0.8,0.7541886934505528,0.323534105870217,K,-1.160514235191199,3
110.01,tess,NON_HABITABLE,14.9172256,1320.6518234,718.9096994,3.1743504,0.04373497432866253,0.0,5943.0,1.15706,1.1075347152381942,1.504628873535569,G,-1.2608027661355992,3
1103.01,tess,NON_HABITABLE,45.3525,1976.0,2533.34,2.94308,0.0445300299167751,0.0,4437.0,3.13,1.3599886223055697,3.4209056810777136,K,-1.276760898177315,3
1105.01,tess,NON_HABITABLE,2.90726,594.0,20.7383,10.8680523,0.08543857609804027,0.0,4664.0,0.76,0.7044319013400451,0.24623855950866302,K,-1.0726408782272652,3
1106.01,tess,NON_HABITABLE,14.7645,603.0,21.9713,11.1149,0.12159719437955391,0.0,5042.0,4.94,1.9415116165426516,14.208884156770639,K,-1.2654833274337252,3
1107.01,tess,NON_HABITABLE,13.898174,1617.8267296,1619.0081232,4.0782392,0.05704856679242491,0.0,6501.0,1.74836,1.48925571221807,4.919003122584042,F,-1.2744920435917364,3
111.01,tess,NON_HABITABLE,13.086872,1308.0417533,691.8428073,2.1061569,0.031092855508185087,0.0,5380.0,0.940697,0.9040258161588921,0.6679182820432102,G,-1.2575078893294698,3
1115.01,tess,NON_HABITABLE,15.8858,1571.0,1013.74,4.45199,0.06003271207260329,0.0,6708.3,1.57,1.4562501399699264,4.497217795009301,F,-1.2709274091993494,3
1116.01,tess,NON_HABITABLE,2.3107394,971.6657708,210.6631712,5.0100708,0.05564096067437212,0.0,5551.0,0.906282,0.9155384372669567,0.7025970604348035,G,-1.2184546028562444,3
1117.01,tess,NON_HABITABLE,2.56778,1434.0,702.927,2.2281625,0.033417386480357594,0.0,5731.0,1.02,1.0027765558169277,1.011152564521158,G,-1.264140736974178,3
1119.01,tess,NON_HABITABLE,23.9726,1389.0,619.065,10.95663,0.11313543167274316,0.0,6456.0,2.07,1.6092457543922514,6.70640053944364,F,-1.2497317645141732,3
112.01,tess,NON_HABITABLE,13.8516093,1399.9894384,907.8624196,2.4997996,0.03656771310014222,0.0,5650.0,1.13732,1.0439109752007663,1.1875553330732038,G,-1.2636949200995373,3
1123.01,tess,NON_HABITABLE,15.1764,1721.4786349009917,2077.044621320359,1.20928,0.022268650498271588,0.0,5159.8,1.27,1.0074149842259676,1.029991462635704,K,-1.2797018663704822,5
1124.01,tess,NON_HABITABLE,14.0061,1863.0,2000.01,3.5187707,0.05082742850476946,0.0,6690.0,1.49,1.4147930885179916,4.006560621178661,F,-1.274945744597679,3
1125.01,tess,NON_HABITABLE,4.1624907,3996.2877922,60276.5000547,0.7724825,0.021644381484808056,0.0,8271.0,2.5027299,2.266933025495112,26.409170346117442,A,-1.3041384808139587,3
113.01,tess,NON_HABITABLE,14.201803,1270.187448,615.165921,3.372877,0.04485903210972281,0.0,6050.0,1.02,1.058593293088887,1.2557886468896866,F,-1.2547714707952995,3
1130.01,tess,NON_HABITABLE,11.1424,588.0,19.9348,8.34998,0.06910009377106985,0.0,4236.0,0.74,0.6313140996395109,0.15884807475108254,K,-1.070989545118055,3
1130.02,tess,NON_HABITABLE,3.7548333,772.378302,84.108766,4.0686405,0.04280641745434882,0.0,4236.0,0.741921,0.6321329971693282,0.15967386724933225,K,-1.1622985260547216,3
1131.01,tess,NON_HABITABLE,4.906408,3263.6721812,26813.1057089,0.5860366,0.015677451236635696,0.0,5579.0,2.39803,1.4967778407139414,5.019140810216527,G,-1.300298708696012,3
1135.01,tess,NON_HABITABLE,9.06883,1106.0,248.619,8.0277326,0.08118771177015148,0.0,5962.7,1.15,1.1078107039342855,1.5061291996213952,G,-1.218766326269312,3
1136.01,tess,NON_HABITABLE,5.58857,1393.0,626.362,12.5187279,0.10489831114076448,0.0,5729.0,0.98,0.9825746100458806,0.9320992331982324,G,-1.1601944339398067,3
1136.02,tess,NON_HABITABLE,2.51593,1087.0,232.392,6.2586065,0.06607646397537709,0.0,5729.0,0.98,0.9825746100458806,0.9320992331982324,G,-1.2156150632076896,3
1136.03,tess,NON_HABITABLE,2.71349,631.0,26.4328,26.3208756,0.1721585453908707,0.0,5729.0,0.98,0.9825746100458806,0.9320992331982324,G,-1.0641762179346308,3
1136.04,tess,NON_HABITABLE,2.1597669,672.9826313,48.477077,18.795547,0.1374876211813415,0.0,5729.0,0.977727,0.98143446279169,0.927780448385532,G,-1.1132148538139743,3
1137.01,tess,NON_HABITABLE,34.7561624,1982.7142102,3652.2582486,1.3206356,0.030359910876270026,0.0,4919.6,6.3070302,2.140503418106964,20.992477807230866,K,-1.3008107613760775,3
1139.01,tess,NON_HABITABLE,11.3678,3715.0,31621.7,4.4780798,0.0654186957077238,0.0,7947.0,1.83,1.8625263921872943,12.033992648361497,A,-1.2839523515216156,3
114.01,tess,NON_HABITABLE,10.5135877,1338.8392647,759.3373533,3.2887898,0.04494384043508525,0.0,5800.0,1.24175,1.1197440295516223,1.5720813728607543,G,-1.2605397266305087,3
1144.01,tess,NON_HABITABLE,5.29152,810.0,71.6805,4.8878037,0.05048503850237963,0.0,4757.3,0.76,0.7185235600868346,0.26654101803939856,K,-1.1751690995595951,3
1148.01,tess,NON_HABITABLE,15.8043,1482.0,802.858,5.5514888,0.06833463069212839,0.0,6403.9,1.55,1.381287457303535,3.6402924335321396,F,-1.2605806566129332,3
115.01,tess,NON_HABITABLE,10.5505922,970.6340996,209.7699043,4.7423709,0.05279056355438607,0.0,5377.0,0.877585,0.8726866046906359,0.5800070056491031,G,-1.214407602056222,3
1150.01,tess,NON_HABITABLE,20.3402421,3446.0210572,33326.7304874,1.4810903,0.03438482860890729,0.0,9435.0,2.28773,2.4723956211028444,37.36559161876465,A,-1.302190596155889,3
1151.01,tess,NON_HABITABLE,21.2912,2084.3330866,3453.07,3.4741012,0.056194086781860775,0.0,8894.8,1.62,1.9614054253528386,14.80026491296663,A,-1.2898115912790926,3
1153.01,tess,NON_HABITABLE,9.86763,1293.0,464.097,6.0360758,0.07377604187920853,0.0,6528.3,1.69,1.4703378378378378,4.673782888673598,F,-1.2629098598094732,3
1154.01,tess,NON_HABITABLE,2.10208,642.0,28.2504,21.745537,0.15004383797128729,0.0,5704.0,0.93,0.9530038797765734,0.8248570199092096,G,-1.0822474994496947,3
116.01,tess,NON_HABITABLE,11.9514993,1089.1458169,332.556249,2.7985802,0.03625364062079729,0.0,4920.0,0.906655,0.8116332134439257,0.43394955089763126,K,-1.2340928921996681,3
1165.01,tess,NON_HABITABLE,14.688,1348.0,549.715,2.2552845,0.033457616523669305,0.0,5787.0,0.96,0.9823421442471414,0.9312174505579591,G,-1.2621579118275486,3
1169.01,tess,NON_HABITABLE,17.4647,1079.0,225.822,6.7075429,0.07362613454877381,0.0,6134.3,1.24,1.1834489581049275,1.9615443261131345,F,-1.237489889418508,3
117.01,tess,NON_HABITABLE,16.4747611,1658.3915202,1787.5955937,3.5862962,0.05128689592730657,0.0,5704.8,2.00441,1.3992888753270794,3.83380064058845,G,-1.273842476382046,3
1173.01,tess,NON_HABITABLE,9.39131,890.0,104.311,7.0643978,0.07012114377404857,0.0,5429.6,0.96,0.9216735625374597,0.7216199331593697,G,-1.1961751264509932,3
1174.01,tess,NON_HABITABLE,2.35888,723.0,45.5604,8.9534775,0.0769962268503874,0.0,5029.5,0.76,0.7596355591315945,0.33298229696537596,K,-1.1260419015352545,3
1176.01,tess,NON_HABITABLE,12.4023108,1028.5320293,264.4796635,14.0077666,0.12799050040379048,0.0,6557.7,1.57435,1.4255283759724542,4.129557013656127,F,-1.2231368546328014,3
1179.01,tess,NON_HABITABLE,8.67407,1715.0,1437.18,1.2615323,0.020796953544786403,0.0,4927.9,0.78,0.754019999535291,0.3232447357087084,K,-1.2595283085620947,3
118.01,tess,NON_HABITABLE,4.44029,788.0,64.2648,6.0344667,0.06468777297283633,0.0,5586.0,1.05,0.9916747570798737,0.9671125830620529,G,-1.219284562430613,3
1180.01,tess,NON_HABITABLE,3.00336,707.0,41.6645,9.6867516,0.07901418576091991,0.0,4738.1,0.73,0.7013573136813755,0.24196765773912735,K,-1.088556053529712,3
1181.01,tess,NON_HABITABLE,16.7087,3037.0,14140.0,2.1031647,0.036557003636990985,0.0,6122.0,1.93,1.4734847904263981,4.713924575500492,F,-1.28673708830367,3
1184.01,tess,NON_HABITABLE,2.35215,820.0,75.272,5.7484439,0.0544711605169423,0.0,4534.0,0.69,0.6524988321980345,0.1812670867281939,K,-1.1336104186625002,3
1187.01,tess,NON_HABITABLE,4.47229,1159.0,300.014,2.5941968,0.04042642378171387,0.0,6389.0,1.4,1.3096962485870909,2.942268716597745,F,-1.2774607946946357,3
119.01,tess,NON_HABITABLE,2.04482,1117.0,258.843,5.5411114,0.057742380741225535,0.0,5332.0,0.82,0.8365092438764501,0.48964686477472585,G,-1.1962121967671644,3
119.02,tess,NON_HABITABLE,1.79811,710.0,42.2657,10.6917268,0.08949429139941002,0.0,5332.0,0.82,0.8365092438764501,0.48964686477472585,G,-1.133672653195206,3
1190.01,tess,NON_HABITABLE,14.1288,1904.0,2184.62,3.6950015,0.05438695576151952,0.0,7106.7,1.63,1.5719381800216472,6.10578980993117,F,-1.279607942486347,3
1192.01,tess,NON_HABITABLE,28.3312,541.9708474039911,20.4053,45.9403293,0.2718555288837052,0.0,6479.3,1.28,1.2700088613560632,2.6015190165643745,F,-1.0776424151292952,4
1194.01,tess,NON_HABITABLE,8.76741,1052.0,203.685,2.3106428,0.03327386055765119,0.0,5339.9,0.99,0.9205012847203118,0.7179556141814841,G,-1.2558205140498742,3
1196.01,tess,NON_HABITABLE,15.6557,1206.0,351.929,5.5376617,0.07257944207124371,0.0,6689.0,2.06,1.6632919426800172,7.653744050677676,F,-1.2737854900628036,3
1197.01,tess,NON_HABITABLE,16.2166,1937.0,2340.04,4.5960377,0.06735104340239868,0.0,7649.0,2.12,1.9295066023252492,13.860697193809195,A,-1.285010166812989,3
1198.01,tess,NON_HABITABLE,19.3662,2344.0,5011.92,3.612771,0.05692915545967201,0.0,8324.0,1.71,1.8858354888790316,12.64780663380784,A,-1.287880936565853,3
1199.01,tess,NON_HABITABLE,10.678,1182.0,324.114,3.6714717,0.04960269021480287,0.0,5618.0,1.54,1.2078577017182368,2.1284482305006147,G,-1.2630836172040594,3
120.01,tess,NON_HABITABLE,12.215808,1129.3077173141926,384.6701281632888,11.535076,0.11430179081838016,0.0,5479.3,2.48771,1.4972648629741758,5.02567652059482,G,-1.2396714070903876,5
1201.01,tess,NON_HABITABLE,2.2187585,639.9817426,39.6452664,2.4919771,0.028068480644082166,0.0,3948.0,0.482388,0.47506066178021567,0.050932650553929426,K,-1.1385290533662016,3
1203.01,tess,NON_HABITABLE,2.9641461,662.8890748,45.6335702,25.5195307,0.1739143562892548,0.0,5742.22,1.17321,1.0775598051983724,1.3482347988963348,G,-1.1035104316701088,3
1204.01,tess,NON_HABITABLE,2.2402361,2222.614552,5767.3673643,1.3812115,0.02808629108870104,0.0,6711.0,1.7756799,1.5493275935325608,5.761996935040113,F,-1.2938170920230503,3
1205.01,tess,NON_HABITABLE,3.5905923,2954.822621,18015.5142019,2.3922703,0.04525945834942817,0.0,6090.0,4.1956,2.1611654132425446,21.814840115740957,F,-1.2965878875609649,3
1207.01,tess,NON_HABITABLE,0.9817044,1418.1144376,955.7979966,2.6282553,0.0389967247785266,0.0,6282.0,1.10743,1.1453276668243493,1.7207548689842775,F,-1.2689706369605809,3
1208.01,tess,NON_HABITABLE,1.7581475,1056.3800546,294.3078003,3.4239436,0.04267272370524052,0.0,5626.0,0.823019,0.8842566530350929,0.6113829798061048,G,-1.2347256770641994,3
1208.02,tess,NON_HABITABLE,2.5070075,716.2888325,62.2119369,10.983042,0.09281419277560626,0.0,5626.0,0.823019,0.8842566530350929,0.6113829798061048,G,-1.1463430890716937,3
1208.03,tess,NON_HABITABLE,2.261664,610.6445415,32.8605569,17.726449,0.12770673233470306,0.0,5626.0,0.823019,0.8842566530350929,0.6113829798061048,G,-1.0848392479389957,3
1209.01,tess,NON_HABITABLE,3.2352713,668.3063106,47.143655,40.7199388,0.25147523124297183,0.0,5914.0,1.55953,1.2795341001642033,2.680448442205245,G,-1.0982448537718652,3
121.01,tess,NON_HABITABLE,15.3936,928.0,123.522,14.7741056,0.12391949034265844,0.0,6053.0,1.23,1.1630460407708976,1.8297326124462154,F,-1.1836815260837512,3
1211.01,tess,NON_HABITABLE,2.80447,562.0,16.6472,18.1663644,0.13662210813098652,0.0,5572.9,1.14,1.0308781945728567,1.1293522296351903,G,-1.132756065462113,3
1212.01,tess,NON_HABITABLE,2.5033335,429.5758177,8.047858,105.5850893,0.4486544261875147,0.0,5909.57,1.1142,1.0807148919297285,1.3640947700245307,G,-0.7805042658267002,3
1214.01,tess,NON_HABITABLE,2.4311768,611.0168649,32.9407734,19.1807264,0.13453463908958233,0.0,5262.4,0.937973,0.8829837321110703,0.6078701384452351,G,-1.0721197195594507,3
1215.01,tess,NON_HABITABLE,0.879419,1092.1250255,336.2098533,1.2124493,0.017273384837645282,0.0,3751.0,0.518,0.4677196560092871,0.04785667115647597,K,-1.2011174048559543,3
1216.01,tess,NON_HABITABLE,0.8887417,694.0557871,54.8401357,4.5541831,0.045130912100487634,0.0,4280.0,0.635812,0.5912645032129167,0.12221576400105368,K,-1.132018431990941,3
1217.01,tess,NON_HABITABLE,12.5121956,1035.0005398,271.196017,41.4856125,0.29820696221252413,0.0,6354.0,3.4868701,2.055600772850688,17.8548040851269,F,-1.212676138542852,3
1218.01,tess,NON_HABITABLE,1.8971927,730.4597521,67.2831271,13.7738265,0.11069642888421698,0.0,5455.96,1.01825,0.9538323869390771,0.8277291662458139,G,-1.142250033054973,3
1219.01,tess,NON_HABITABLE,2.04421,2462.0,6105.33,1.9142544,0.0343153213461972,0.0,6734.0,1.59,1.4711106915071575,4.6836173611111125,F,-1.288089736971914,3
122.01,tess,NON_HABITABLE,2.6347763,431.253644,8.1743139,5.0780325,0.040047156291650135,0.0,3318.0,0.334125,0.33228026270278765,0.012190406297878415,M,-0.8100367101570778,3
1220.01,tess,NON_HABITABLE,8.2807306,685.259664,52.1124723,70.3607265,0.3887380229160012,0.0,6308.0,2.0982201,1.5830363369865923,6.280056269646632,F,-1.0961463827189013,3
1221.01,tess,NON_HABITABLE,3.239855,399.0780255,5.9944903,91.6827832,0.39980672355075697,0.0,5802.0,1.01814,1.0142736711454694,1.058328784557769,G,-0.7743118577028938,3
1222.01,tess,NON_HABITABLE,2.7392825,994.4291411,231.1087411,10.1944993,0.09814790324250161,0.0,6082.0,1.32661,1.213645155698751,2.1695362296816567,F,-1.218105058058627,3
1224.01,tess,NON_HABITABLE,2.1023854,492.7241583,13.9295288,4.1782656,0.03674806324339827,0.0,3442.0,0.404403,0.37922043137093897,0.020680779855878205,M,-0.9577531202931299,3
1224.02,tess,HABITABILITY_ZONE,3.3839124,303.1226876,1.9952383,17.9453645,0.09709688161410547,0.0,3442.0,0.404403,0.37922043137093897,0.020680779855878205,M,-0.3793752767631419,3
1225.01,tess,NON_HABITABLE,2.4586343,686.1495861,52.3837065,13.896396,0.10928727154229552,0.0,5522.87,0.888163,0.9017472711810317,0.661209899345823,G,-1.1247070108744526,3
1225.02,tess,NON_HABITABLE,2.3157186,820.6868999,107.208941,8.1213102,0.07639275898567306,0.0,5522.87,0.888163,0.9017472711810317,0.661209899345823,G,-1.1804615351025174,3
1226.01,tess,NON_HABITABLE,2.329279,1123.4398689,376.4612937,3.9287851,0.04832802517202433,0.0,5668.15,0.986943,0.9755758654962143,0.9058247681891873,G,-1.2399586436083152,3
1227.01,tess,HABITABILITY_ZONE,6.4522449,243.7718547,0.8345555,27.3613778,0.1253551088995489,0.0,3050.0,0.44128,0.35101901174027594,0.015181775208833785,M,0.09224736051780905,3
1228.01,tess,NON_HABITABLE,2.84674,1115.0,257.066,29.0497517,0.22937736495136463,0.0,8208.0,1.8,1.90786340533454,13.249183393733952,A,-1.2230908702491348,3
1229.01,tess,NON_HABITABLE,21.6314984,672.8454841,48.4375724,31.8132264,0.22357198841743994,0.0,6028.84,1.98893,1.4730489710071994,4.708350012136746,F,-1.1679365037918075,3
123.01,tess,NON_HABITABLE,24.9862,3184.0,17074.7,3.3088922,0.052221956506628,0.0,6188.0,2.62,1.7353002456688278,9.067728599705728,F,-1.2860415943231225,3
1230.01,tess,NON_HABITABLE,3.2396838,688.6094029,53.1389289,25.0571312,0.17084473133024172,0.0,5696.0,1.15281,1.0595526103234962,1.2603469159505063,G,-1.1002025963633437,3
1231.01,tess,NON_HABITABLE,3.878568,122.2177444,0.05273,24.2454967,0.12255544275276596,0.0,3535.0,0.465271,0.4177496433318394,0.030455403029844348,M,-0.3420516848683418,3
1232.01,tess,NON_HABITABLE,10.7048234,785.7055082,90.0658585,14.2545623,0.11660366105841798,0.0,5739.0,1.09597,1.0409005439948078,1.173915784051978,G,-1.161616429069229,3
1233.01,tess,NON_HABITABLE,2.6231641,690.9961983,53.8795095,14.1758947,0.11156503291036982,0.0,5723.87,0.864173,0.9218574838203806,0.7221961067707118,G,-1.1290065919761008,3
1233.02,tess,NON_HABITABLE,3.0026428,620.3638839,35.0031418,19.5901578,0.13841603410769066,0.0,5723.87,0.864173,0.9218574838203806,0.7221961067707118,G,-1.0854594913450974,3
1233.03,tess,NON_HABITABLE,2.056748,910.1452592,162.1675094,6.2036219,0.06430696191342244,0.0,5723.87,0.864173,0.9218574838203806,0.7221961067707118,G,-1.205649990045611,3
1233.04,tess,NON_HABITABLE,1.553135,1072.0653989,312.1807495,3.79589,0.04634862534621971,0.0,5723.87,0.864173,0.9218574838203806,0.7221961067707118,G,-1.2347749185319064,3
1235.01,tess,NON_HABITABLE,2.00495,1086.0,231.437,3.4447015,0.03630405856842105,0.0,3912.0,0.63,0.5379510981748794,0.08374737314938596,K,-1.1370430057979588,3
1236.01,tess,NON_HABITABLE,12.7529892,1077.4145935,318.4581858,3.0300715,0.0386826251342067,0.0,5242.82,0.857369,0.8410513521557115,0.5003686059914452,G,-1.2345735931501678,3
1237.01,tess,NON_HABITABLE,4.96046,705.0,41.1042,12.72038,0.116668039835999,0.0,6212.0,1.48,1.3092903963344609,2.9386233783944804,F,-1.2161426317029367,3
1237.02,tess,NON_HABITABLE,2.9728283,1255.4607699,587.1290759,6.238755,0.07253877964875345,0.0,6212.0,1.47768,1.3082637932783476,2.9294176179773705,F,-1.2515308539971115,3
1238.01,tess,NON_HABITABLE,2.5248559,700.5995436,56.9377632,3.2947689,0.03500195162998843,0.0,3853.0,0.62326,0.5269959944370858,0.07713105239998473,K,-1.1362417145159571,3
1238.02,tess,NON_HABITABLE,1.2407226,1140.0845694,399.2723837,0.7645807,0.01321775940547367,0.0,3853.0,0.62326,0.5269959944370858,0.07713105239998473,K,-1.2443485524129871,3
1239.01,tess,NON_HABITABLE,4.6025162,640.0266601,39.6563977,12.6396982,0.09870692832126596,0.0,5217.0,0.789425,0.8030636200729151,0.41591042736052203,G,-1.0989960268871775,3
124.01,tess,NON_HABITABLE,21.2705,1785.0,1687.83,1.8428078,0.03565000207162282,0.0,5080.0,4.09,1.7799141017684676,10.036820921371518,K,-1.2944342295343199,3
1240.01,tess,NON_HABITABLE,13.4646314,1758.3994294,2259.3896676,1.7208555,0.02959017330013697,0.0,5832.83,1.33402,1.1671701359693365,1.855823489905861,G,-1.2800065636074922,3
1241.01,tess,NON_HABITABLE,7.6126429,1654.2989516,1770.0151344,4.7802597,0.06418279198414792,0.0,5826.0,2.3387201,1.5435947114856223,5.677186061889675,G,-1.2728173544278958,3
1242.01,tess,NON_HABITABLE,2.0605,1539.0,931.396,0.3814849,0.008783323742171773,0.0,4255.0,0.71,0.62115847686877,0.1488708491054627,K,-1.278568614263212,3
1243.01,tess,NON_HABITABLE,2.1961507,519.9004855,17.2664038,4.6595169,0.040998277819455343,0.0,3489.0,0.490729,0.4234435372344149,0.03215007833991581,M,-0.9948052607128435,3
1244.01,tess,NON_HABITABLE,2.2730301,699.0536347,56.4368797,6.4002807,0.05921917431971927,0.0,4599.0,0.720551,0.676346815858628,0.20925594204304077,K,-1.1315208067490141,3
1245.01,tess,NON_HABITABLE,2.36747,572.0,17.8782,4.8204512,0.04314965469209545,0.0,3692.0,0.52,0.46125070370800586,0.04526350357095757,M,-1.030412633100556,3
1246.01,tess,NON_HABITABLE,4.3869878,585.8091542,27.832077,18.6548829,0.12956032743153179,0.0,5141.0,0.876154,0.8337032710470371,0.48310999411340366,K,-1.053036715353924,3
1246.02,tess,NON_HABITABLE,3.2819879,954.8757629,196.4755358,4.3074513,0.048763020918455253,0.0,5141.0,0.876154,0.8337032710470371,0.48310999411340366,K,-1.2132506199334707,3
1246.03,tess,NON_HABITABLE,2.4489454,859.6105665,129.0410781,5.9041278,0.060170116424159786,0.0,5141.0,0.876154,0.8337032710470371,0.48310999411340366,K,-1.1906313595923486,3
1246.04,tess,NON_HABITABLE,3.241643,462.4282696,10.8068346,37.9251983,0.20791967720899973,0.0,5141.0,0.876154,0.8337032710470371,0.48310999411340366,K,-0.897657063111052,3
1247.01,tess,NON_HABITABLE,2.18203,735.0,48.5414,15.9234883,0.12503150018063783,0.0,5711.85,1.08,1.0284006658224838,1.1185345324653995,G,-1.1470058622761827,3
1248.01,tess,NON_HABITABLE,6.9564258,961.6063113,202.0738994,4.3601536,0.049413527236344096,0.0,5227.0,0.874131,0.8466705206762183,0.5138753140245541,G,-1.214939062107417,3
1249.01,tess,NON_HABITABLE,3.25485,735.0,48.6058,13.0791581,0.10660136564535853,0.0,5453.0,1.0,0.9447331947331947,0.7965933949099814,G,-1.1453278632537582,3
125.01,tess,NON_HABITABLE,2.66889,1343.0,540.772,4.6517186,0.05111220986262966,0.0,5154.0,0.85,0.823242067444344,0.4593145664385839,K,-1.2060002208826666,3
125.02,tess,NON_HABITABLE,2.62011,710.0,42.2592,9.1549418,0.08026990709215225,0.0,5154.0,0.85,0.823242067444344,0.4593145664385839,K,-1.1467043509322092,3
125.03,tess,NON_HABITABLE,2.54717,562.0,16.5853,19.9815709,0.13506270830974904,0.0,5154.0,0.85,0.823242067444344,0.4593145664385839,K,-1.0352762505014852,3
1251.01,tess,NON_HABITABLE,10.0859,830.7863704257836,112.667,5.9630544,0.06180412891598678,0.0,5273.0,0.94,0.8857178062424221,0.6154340246864233,G,-1.201362564255146,4
1252.01,tess,NON_HABITABLE,3.9968417,1479.5361862,1132.461295,1.1219715,0.019543049739760558,0.0,5780.0,0.624,0.7910315596950801,0.39153919479841404,G,-1.2668975464425183,3
1254.01,tess,NON_HABITABLE,6.5875997,1801.3210938,2488.20146,1.0180114,0.01972187139221793,0.0,5451.0,1.0933,0.9874600486383783,0.9507758339136315,G,-1.2820670561179017,3
1255.01,tess,NON_HABITABLE,2.63881,483.0,9.06856,10.288886,0.08694729107796899,0.0,5126.0,0.87,0.8283462409239997,0.47081210774283627,K,-1.135297399429412,3
1257.01,tess,NON_HABITABLE,14.5502,1271.0,433.78,5.4526479,0.06803369806998852,0.0,6509.0,1.57,1.4129857282864886,3.9861267235086784,F,-1.2629783149833285,3
1258.01,tess,NON_HABITABLE,3.60391,1152.0,372.358,10.2613397,0.10073411105038783,0.0,6124.0,1.49,1.295096094780894,2.8132477178982027,F,-1.227168427242791,3
1259.01,tess,NON_HABITABLE,12.5541925,897.2038496,153.1388971,3.4779776,0.04011693504918912,0.0,4699.0,0.765001,0.7120493987041472,0.25706354724748004,K,-1.2008913237470085,3
126.01,tess,NON_HABITABLE,13.7911583,1324.2410445,726.7569274,3.0353977,0.04145764228123052,0.0,5751.0,1.07224,1.0317228460009376,1.1330581262154527,G,-1.2562643206632704,3
1260.01,tess,NON_HABITABLE,2.5802896,813.0378617,103.2675998,3.1274634,0.035486950441810654,0.0,4225.0,0.693431,0.6095397286345037,0.13804099131858452,K,-1.1783024317687112,3
1260.02,tess,NON_HABITABLE,2.7733674,607.6028794,32.2107098,7.4931613,0.06354049254556947,0.0,4225.0,0.693431,0.6095397286345037,0.13804099131858452,K,-1.074236158612725,3
1260.03,tess,HABITABILITY_ZONE,3.8319135,323.1161011,2.5760566,49.825166,0.22468445457623232,0.0,4225.0,0.693431,0.6095397286345037,0.13804099131858452,K,-0.47646310349916304,3
1261.01,tess,NON_HABITABLE,3.8092663,704.2235859,58.1250403,18.0574016,0.13589344828684957,0.0,5897.0,1.01,1.0267518457683626,1.1113784437943086,G,-1.132281650789836,3
1262.01,tess,NON_HABITABLE,2.16145,572.0,17.8402,20.8774413,0.14256524197654563,0.0,5396.0,0.9,0.886884108849718,0.6186820176623568,G,-1.0601354307432942,3
1263.01,tess,NON_HABITABLE,1.46266,1449.0,733.19,1.0214555,0.01842523190476088,0.0,5098.0,0.82,0.7997982230461634,0.409186917113782,K,-1.2702444770476866,3
1264.01,tess,NON_HABITABLE,7.84317,1009.0,172.233,2.7441672,0.036479055902514906,0.0,5040.0,0.97,0.8599834255206579,0.5469659920309226,K,-1.2419620265131033,3
1265.01,tess,NON_HABITABLE,17.9781,2634.0,7992.22,2.2047452,0.03874651815676322,0.0,6532.23,1.99,1.5964733882268343,6.496010744331928,F,-1.288990882423309,3
1266.01,tess,NON_HABITABLE,2.4691414,390.8242112,5.5137471,10.8948421,0.07166825582221609,0.0,3618.0,0.435666,0.4137319634698971,0.029300585381959017,M,-0.7328912814892306,3
1266.02,tess,HABITABILITY_ZONE,1.9112282,325.8292621,2.6636757,18.8016111,0.10311208892587574,0.0,3618.0,0.435666,0.4137319634698971,0.029300585381959017,M,-0.47971462134817644,3
1267.01,tess,NON_HABITABLE,9.7548481,1192.2564672,477.5289979,6.7900981,0.08144033511835877,0.0,6378.0,2.00068,1.5629569205990992,5.967439591423829,F,-1.2639948165363764,3
1268.01,tess,NON_HABITABLE,9.31888,860.0,91.0972,8.157721,0.07473501265253492,0.0,5091.2,0.9,0.8367873193060942,0.4902982702286334,K,-1.162840801301211,3
1269.01,tess,NON_HABITABLE,2.3483383,994.5309519,231.2034004,4.2529641,0.049461276284983514,0.0,5591.0,0.848906,0.8924686540001712,0.6344127253080823,G,-1.2243567856354873,3
1269.02,tess,NON_HABITABLE,2.22995,757.0,54.6767,9.2378703,0.08297462560103473,0.0,5591.0,0.85,0.8930435388205913,0.6360489364717989,G,-1.1665508951441372,3
127.01,tess,NON_HABITABLE,10.3261619,525.9431131,18.0832336,3.7955178,0.034965802602268725,0.0,3424.0,0.445372,0.39588485582804456,0.02456266891377541,M,-1.0024526219752412,3
1271.01,tess,NON_HABITABLE,13.1383,1509.0,861.554,6.1349783,0.07416334470771783,0.0,5828.7,2.05,1.4458469097629745,4.370078561449461,G,-1.2610476332404772,3
1272.01,tess,NON_HABITABLE,4.5947,923.0,120.595,3.3159772,0.0399806965515327,0.0,4972.7,0.81,0.7753690228690229,0.3614379790500207,K,-1.2182876056745322,3
1273.01,tess,NON_HABITABLE,9.34848,1078.0,225.013,4.6313014,0.05487823269281985,0.0,5736.0,1.07,1.0279564338613205,1.116603118217367,G,-1.2383657893582256,3
1274.01,tess,NON_HABITABLE,9.38964,534.0,13.544,19.3203478,0.12914754165870282,0.0,4968.1,0.8,0.7698551156629734,0.3512659067415494,K,-1.0096163046905564,3
1277.02,tess,NON_HABITABLE,2.72638,788.0,64.0545,14.8559691,0.11379483492025286,0.0,5544.0,0.86,0.8907300924987558,0.6294837150031433,G,-1.1122661489488108,3
1278.01,tess,NON_HABITABLE,8.6976173,407.866275,6.5402175,14.4751062,0.09186854668841903,0.0,3841.0,0.55035,0.4936708342568743,0.05939499916987972,K,-0.7904042719756564,3
1279.01,tess,NON_HABITABLE,3.2264735,749.8978043,74.7359105,9.6141636,0.08447312905169702,0.0,5477.0,0.840608,0.8699878309610584,0.5728655572779086,G,-1.1561213356780389,3
128.01,tess,NON_HABITABLE,2.3216,1178.0,320.012,4.9404714,0.058970352760962345,0.0,6086.0,1.13,1.1208431638306144,1.5782630512905722,F,-1.245248425358178,3
1280.01,tess,NON_HABITABLE,3.289074,626.5734732,36.4257934,9.6926392,0.07892230347426317,0.0,4665.0,0.746003,0.6980645965636448,0.23745561881264587,K,-1.086722470257553,3
1281.01,tess,NON_HABITABLE,2.47201,1227.0,376.532,6.390888,0.07225831063374692,0.0,6191.0,1.32,1.2323141838086256,2.30614063766214,F,-1.2443633984194462,3
1282.01,tess,NON_HABITABLE,17.1331258,2332.2259008,6992.032823,0.9689927,0.021046939292008668,0.0,6430.0,1.41398,1.3246656777076993,3.0791095115544684,F,-1.2934122361220588,3
1283.01,tess,NON_HABITABLE,11.8729,903.0,110.512,10.338505,0.08789161294052736,0.0,5336.96,0.84,0.8474367006566709,0.5157379310756888,G,-1.1412650669631426,3
1286.01,tess,NON_HABITABLE,10.4852,2958.0,12724.9,0.6166953,0.01597518786460765,0.0,6588.0,1.57,1.430135194031554,4.183197575600903,F,-1.2991782714429638,3
1287.01,tess,NON_HABITABLE,2.4070295,950.8147029,193.1543783,9.6001126,0.09188218636202336,0.0,5891.0,1.2103699,1.1228500373580799,1.589596987706477,G,-1.2095016534601675,3
1288.01,tess,NON_HABITABLE,4.94551,1639.0,1198.41,2.6998294,0.038283892427597534,0.0,6180.0,0.92,1.0269660018736175,1.112305962764805,F,-1.2599133975362018,3
129.01,tess,NON_HABITABLE,5.9162923,1320.951709,719.5629045,0.980972,0.016986690785640603,0.0,4486.0,0.764401,0.6795064290358748,0.21319365752939515,K,-1.2592387011556903,3
1290.01,tess,NON_HABITABLE,2.25345,1192.0,335.249,5.3987355,0.06296450956849173,0.0,5875.23,1.26,1.1425726470112194,1.7042578051759216,G,-1.2434689595766828,3
1291.01,tess,NON_HABITABLE,5.05452,1649.0,1230.42,7.16199,0.08233909495918917,0.0,6229.0,1.81,1.4518819159601897,4.4434999902270205,F,-1.2561077389378426,3
1293.01,tess,NON_HABITABLE,3.76716,1198.0,342.918,1.6849938,0.028442276556404102,0.0,5923.0,1.11,1.081127463238856,1.3661789782588356,G,-1.2764053936921391,3
1294.01,tess,NON_HABITABLE,9.43435,1170.0,311.498,3.9152737,0.05229121754673316,0.0,5714.0,1.58,1.2443497277222093,2.397561899190618,G,-1.2633986794374816,3
1295.01,tess,NON_HABITABLE,14.9685779,1671.1249287,1843.1329908,3.1968838,0.0476988623805601,0.0,6470.0,1.59715,1.416611656867695,4.027200430398692,F,-1.277184214617391,3
1296.01,tess,NON_HABITABLE,14.5727196,1461.6208264,1078.5986988,3.9443668,0.05278145598142857,0.0,5494.0,1.75475,1.260868973892816,2.527434054316369,G,-1.2641852938403386,3
1298.01,tess,NON_HABITABLE,9.8153513,1326.6264827,732.0077048,4.5371361,0.05716523590869113,0.0,5731.0,1.48668,1.2106339131935258,2.1480844048530408,G,-1.2561866651273614,3
130.01,tess,NON_HABITABLE,2.2963233,841.9410276,118.7538488,14.3392144,0.12148317667982446,0.0,6295.7,1.1374201,1.1632636355024777,1.8311022982847562,F,-1.1862101944449026,3
1300.01,tess,NON_HABITABLE,18.1267,2281.0,4494.25,2.8716983,0.04660664901878561,0.0,6840.0,1.91,1.637745681459167,7.1942554040150855,F,-1.2859947089810546,3
1301.01,tess,NON_HABITABLE,2.5856853,737.3642914,69.8633506,6.0964074,0.058384401599523135,0.0,4820.4,0.731699,0.7143696349251841,0.26043055976920076,K,-1.15226316124587,3
1302.01,tess,NON_HABITABLE,14.8589,1277.0,442.536,5.6666168,0.06911477877260741,0.0,6530.0,1.47,1.3716570064790952,3.539827549356926,F,-1.2593135737871466,3
131.01,tess,NON_HABITABLE,16.0959,708.0,41.7384,6.2407826,0.05850796756498208,0.0,4174.0,0.9,0.6860367439471318,0.2215080470539658,K,-1.138608174840746,3
1311.01,tess,NON_HABITABLE,26.5174686,1714.087545,2040.1072476,6.1406417,0.08224867322610868,0.0,8298.0,1.87493,1.968519118742527,15.016148291184193,A,-1.2806899989666882,3
132.01,tess,NON_HABITABLE,3.6396725,1284.923458,644.2138136,2.1096805,0.0316832562226176,0.0,5673.0,0.940806,0.9533151621300606,0.8259352495716307,G,-1.2618945067966971,3
1327.01,tess,NON_HABITABLE,27.6744,2902.0,11779.7,3.9392211,0.0709049651031282,0.0,8715.0,4.12,3.0647120578578892,88.21830480613184,A,-1.2995388148980531,3
133.01,tess,NON_HABITABLE,1.9226211,577.2199136,26.2353114,8.1995368,0.06570503712394783,0.0,4028.0,0.650533,0.5628566552180608,0.10036706449319735,K,-1.0240991714251424,3
1333.01,tess,NON_HABITABLE,15.2105,1609.0,1112.85,4.7201912,0.06381969180044071,0.0,6696.0,1.8,1.55641488329923,5.868153970275593,F,-1.2736330352420187,3
1337.01,tess,NON_HABITABLE,21.2012,2277.0,4468.21,3.3448312,0.056513619880165705,0.0,9364.0,1.76,2.1522435576498937,21.45683522171571,A,-1.2931283821968877,3
1338.01,tess,HABITABILITY_ZONE,7.8498891,254.6525048,0.9938316,95.174,0.4361208054190676,0.0,5723.2,1.51811,1.2216990070529847,2.2277009168939754,G,-0.9072219836592911,3
1339.01,tess,NON_HABITABLE,3.20594,777.0,60.7382,8.8803281,0.0817199296458857,0.0,5555.7,0.92,0.9232224945969673,0.726483091245591,G,-1.1778011640823318,3
1339.02,tess,NON_HABITABLE,3.1455035,545.0001759,20.8500726,28.580474,0.1781513607059517,0.0,5555.7,0.920435,0.9234407306428473,0.7271702539759736,G,-1.0220064069684127,3
1339.03,tess,NON_HABITABLE,3.2843583,494.1094771,14.086845,38.3511223,0.2167345977396125,0.0,5555.7,0.920435,0.9234407306428473,0.7271702539759736,G,-0.9596462871557376,3
134.01,tess,NON_HABITABLE,1.4616853,891.6389885,149.3747543,1.4015183,0.01955506531011201,0.0,3794.0,0.597007,0.5078795379305661,0.06653388193269462,K,-1.205455912758801,3
1345.01,tess,NON_HABITABLE,16.9325,2137.0,3465.35,8.47134,0.10194338470181301,0.0,5146.0,4.88,1.9694881425656843,15.045737545639646,K,-1.2737208543796619,3
1346.01,tess,NON_HABITABLE,2.7049797,811.847988,102.6644008,5.5025577,0.05570702558031219,0.0,4965.0,0.784109,0.7616950789366848,0.33660812838252796,K,-1.177608591582674,3
1346.02,tess,NON_HABITABLE,2.5235818,1186.6066429,468.5415425,1.7622537,0.026076293119862003,0.0,4965.0,0.784109,0.7616950789366848,0.33660812838252796,K,-1.2479978549253246,3
1347.01,tess,NON_HABITABLE,1.7536544,1678.5549814,1876.1315489,0.8474218,0.016567270050582273,0.0,5300.0,0.846387,0.8447613572772075,0.509256003141825,G,-1.2779463767983472,3
1347.02,tess,NON_HABITABLE,1.6177405,938.9141348,183.6641995,4.8420438,0.05295053337252656,0.0,5300.0,0.846387,0.8447613572772075,0.509256003141825,G,-1.20767800290499,3
1349.01,tess,NON_HABITABLE,2.7546,673.0,34.1387,12.71672,0.11056602349489943,0.0,5711.1,1.27,1.1150524664546928,1.5458993362914968,G,-1.187380927260254,3
135.01,tess,NON_HABITABLE,17.0952,1715.0,1436.49,4.1269046,0.05770028116026719,0.0,6888.0,1.59,1.5047535555540985,5.1269786948877325,F,-1.2748218363104074,3
1350.01,tess,NON_HABITABLE,17.4013,1925.0,2282.41,5.5402372,0.07779448654666496,0.0,6415.0,3.39,2.046304161166553,17.533989799462148,F,-1.2843377833072847,3
1352.01,tess,NON_HABITABLE,13.3622,1150.9213960594832,414.975,5.2958813,0.06705532876489984,0.0,5958.7,1.93,1.4341806306294969,4.230730986211912,G,-1.2650117686357218,4
1355.01,tess,NON_HABITABLE,15.2590586,2652.9602078,11706.9549101,2.1702725,0.04249674061056161,0.0,9218.0,1.8527499,2.1737959766857644,22.329300712292532,A,-1.2975484336840357,3
136.01,tess,NON_HABITABLE,1.3543237,723.3961549,64.718104,0.4628844,0.007164395982379424,0.0,3043.0,0.188624,0.22896763856753205,0.0027485042981397266,M,-1.1215968077557992,3
1361.01,tess,NON_HABITABLE,10.2256,2085.0,3143.23,2.237462,0.03894178983404794,0.0,7050.0,1.66,1.5736814972871127,6.132920772843207,F,-1.288270895014245,3
1362.01,tess,NON_HABITABLE,17.5081,1849.0,1941.36,1.9173816,0.04725232988833627,0.0,8129.0,7.39,3.8285385139918673,214.84837898659757,A,-1.3055002989506814,3
1364.01,tess,NON_HABITABLE,9.49405,2597.0,7558.32,1.7753644,0.041331714080453844,0.0,9598.0,3.23,2.9885166814337922,79.76690423772936,A,-1.3035651690426535,3
1371.01,tess,NON_HABITABLE,36.2553,1883.0,2088.59,5.0095595,0.06553022331348804,0.0,6527.0,1.75,1.4959129250968972,5.0075495859067605,F,-1.269582982947044,3
1373.01,tess,NON_HABITABLE,15.4014,1604.0,1099.44,3.8529998,0.05501631557229117,0.0,6893.4,1.57,1.4964319894561497,5.014503449720232,F,-1.2760820539418047,3
1379.01,tess,NON_HABITABLE,30.6957,1283.0,449.947,1132.0244686,2.428811840656473,0.0,5984.0,2.07,1.4915933386436233,4.949960583386945,G,0.19465065489692032,3
138.01,tess,NON_HABITABLE,7.84585,997.7073618124399,234.343,6.1982658,0.06700095420707025,0.0,5722.0,1.11,1.0444388560953461,1.1899592293828043,G,-1.2252905820501059,4
1381.01,tess,NON_HABITABLE,28.2675,3318.0,20126.7,6.5601782,0.09663709420517214,0.0,9976.0,2.62,2.797568721847483,61.25239222583419,A,-1.2929253668577059,3
1386.01,tess,NON_HABITABLE,4.31235,667.0,32.9135,25.8386422,0.1718636055289633,0.0,5769.0,1.03,1.014361667342637,1.0586961056516313,G,-1.0797331561589527,3
1388.01,tess,NON_HABITABLE,14.5331,1118.0,259.687,4.4652986,0.05541902961859397,0.0,6051.2,1.18,1.1388228916900682,1.6819952057785126,F,-1.251049125765114,3
139.01,tess,NON_HABITABLE,2.3337648,554.9934842,22.4219066,11.0708575,0.08341407706962009,0.0,4356.0,0.700727,0.6317365066885606,0.15927363736221345,K,-1.0218762251038331,3
1398.01,tess,NON_HABITABLE,13.1465,1588.0,1056.97,6.5560604,0.10213151537598388,0.0,8918.0,4.58,3.3065407899766734,119.53512454465813,A,-1.2970686364746051,3
140.01,tess,NON_HABITABLE,12.7387194,2221.9981475,5760.9720984,2.2813432,0.040008189650027275,0.0,6174.0,2.35511,1.6415189511651096,7.260785449981991,F,-1.289479707050988,3
1404.01,tess,NON_HABITABLE,2.4024,1157.0,297.944,6.8674054,0.07218607302778252,0.0,6051.5,1.03,1.064033563862709,1.281803078290858,F,-1.2220676127086465,3
1404.02,tess,NON_HABITABLE,3.73311,749.0,52.4908,14.431887,0.11843326602168235,0.0,6051.5,1.03,1.064033563862709,1.281803078290858,F,-1.1657685641532498,3
1406.01,tess,NON_HABITABLE,9.43898,1007.0,171.146,10.5739824,0.10217651333547056,0.0,6519.0,1.27,1.2727893100835466,2.6243761143303077,F,-1.2230144348523218,3
1407.01,tess,NON_HABITABLE,2.0515332,1062.3035336,300.9646623,9.9783319,0.09839357705420362,0.0,6073.5,1.47131,1.2763353762647918,2.6537452332563833,F,-1.2266973547137117,3
1408.01,tess,NON_HABITABLE,8.3621,1293.0,465.179,4.4247042,0.05892974975207994,0.0,6594.0,1.49,1.3944911249159397,3.7814905407879125,F,-1.2681767441020462,3
1408.02,tess,NON_HABITABLE,1.39527,1864.0,2005.35,2.2222094,0.037233605132477164,0.0,6594.0,1.49,1.3944911249159397,3.7814905407879125,F,-1.2835539486124012,3
1409.01,tess,NON_HABITABLE,15.2763,1516.0,876.886,4.7182888,0.06638046623135416,0.0,6112.0,2.74,1.7527997578567693,9.439070247824615,F,-1.2801649272480606,3
141.01,tess,NON_HABITABLE,1.7202,1835.0,1882.94,1.0082361,0.020109936689045628,0.0,5795.29,1.13,1.0673038414255542,1.2976342209452125,G,-1.2856123204558616,3
1410.01,tess,NON_HABITABLE,3.43106,980.0,153.719,1.2168732,0.019892123488971243,0.0,4634.6,0.78,0.70914204627656,0.2528907502680216,K,-1.2554252356700428,3
1411.01,tess,NON_HABITABLE,1.404,1125.0,266.85,1.4520486,0.021191283007403538,0.0,4184.0,0.69,0.6021294913799241,0.13144969877328092,K,-1.2293862795706376,3
1412.01,tess,HABITABILITY_ZONE,6.97384,367.0,3.01841,4.731977,0.046380910263793165,0.0,4223.45,0.66,0.5944468121978473,0.1248682455459198,K,-1.1290429442585763,3
1413.01,tess,NON_HABITABLE,6.1579891,891.1240042,149.0299553,6.1182129,0.0629034703090049,0.0,5427.0,0.890109,0.8870642875834047,0.6191849348586441,G,-1.199766422226964,3
1414.01,tess,NON_HABITABLE,17.9176077,1813.9505159,2558.7198805,3.0197807,0.0473826300240766,0.0,7128.0,1.58815,1.5562778204384318,5.866087169858787,F,-1.2829801846996671,3
1415.01,tess,NON_HABITABLE,4.7909139,942.9968937,186.8796664,14.4204896,0.12697567107428703,0.0,6383.0,1.41048,1.3133545657916432,2.975280753382806,F,-1.2084861726145641,3
1416.01,tess,NON_HABITABLE,1.60037,1590.0,1061.92,1.0697621,0.018733643423335555,0.0,4946.0,0.8,0.7664305070487845,0.3450572306114504,K,-1.2659889058957787,3
1417.01,tess,NON_HABITABLE,19.9197757,1793.7963398,2446.8848714,3.0726434,0.04786301126725544,0.0,7164.0,1.55831,1.5493737137539179,5.762683055758372,F,-1.2824635463349114,3
1419.01,tess,NON_HABITABLE,10.0433,1015.0,176.587,2.8997405,0.037242646127821404,0.0,5224.0,0.82,0.8195656958009332,0.45116467494990053,G,-1.2335247301291712,3
142.01,tess,NON_HABITABLE,12.600718,1026.213105,262.1025386,0.8533534,0.013920598331360114,0.0,3658.0,0.608076,0.4941926819755557,0.05964653783617068,M,-1.2313851562447067,3
1420.01,tess,NON_HABITABLE,12.090823,872.4987884,136.9557694,6.9561134,0.06897875129427294,0.0,5387.0,0.940037,0.9048844539664861,0.6704594372015141,G,-1.1938371739720024,3
1422.01,tess,NON_HABITABLE,3.84805,786.6834253,90.515093,13.001789,0.10924184215119419,0.0,5914.0,1.00826,1.028824426539043,1.1203792766741218,G,-1.1676997468869843,3
1424.01,tess,NON_HABITABLE,3.5246468,796.4215716,95.080851,4.8962484,0.05014785054061469,0.0,4528.99,0.799965,0.7017954245346989,0.24257281591221236,K,-1.1696110897306256,3
1425.01,tess,NON_HABITABLE,28.2906,2668.0,8422.18,1.0318213,0.02140451737990297,0.0,5810.6,1.49,1.2288186427716954,2.2800856756287784,G,-1.2904064485673534,3
143.01,tess,NON_HABITABLE,17.30428,2068.197749,4324.0354536,2.3109689,0.039529487128426195,0.0,6371.0,1.95411,1.5429639748418758,5.667912604050495,F,-1.2870591618731526,3
1430.01,tess,NON_HABITABLE,1.97737,733.0,48.0098,7.4341456,0.06846975659661614,0.0,5064.0,0.78,0.7748447163389505,0.3604613490390268,K,-1.1527639227348048,3
1431.01,tess,NON_HABITABLE,15.9327,1720.0,1454.53,2.650232,0.045470653934265484,0.0,7400.0,1.94,1.7856908047671949,10.167754440247236,F,-1.2902896416535554,3
1432.01,tess,NON_HABITABLE,2.19963,916.0,117.102,6.1095756,0.06369004573162827,0.0,5587.0,0.91,0.9233642270125564,0.7269293105150577,G,-1.206987339061338,3
1433.01,tess,HABITABILITY_ZONE,24.6478297,348.5191947,3.4868062,12.4379715,0.07688125965814198,0.0,3275.0,0.476997,0.3918707117587204,0.023581488929041574,M,-0.6199241152527155,3
1434.01,tess,NON_HABITABLE,2.4078494,474.9939578,12.0302137,29.871853,0.17501311864222954,0.0,5393.86,0.735511,0.8014343149713065,0.41254538638413124,G,-0.9343991641112791,3
1435.01,tess,NON_HABITABLE,0.9996714,1707.7366899,2010.0397143,0.6858178,0.014178437890632311,0.0,5142.0,0.82354,0.8084405687080423,0.4271617879441081,K,-1.280044244856129,3
1436.01,tess,NON_HABITABLE,1.4302423,1474.8095115,1118.0589981,0.8675883,0.016171018843549344,0.0,5011.22,0.74524,0.7494889348678269,0.31554470869712087,K,-1.2702668808847388,3
1437.01,tess,NON_HABITABLE,2.00342,868.0,94.5008,18.840891,0.14584864498774722,0.0,6093.0,1.22,1.165963005504539,1.8481579473441376,F,-1.1620804831011429,3
1438.01,tess,NON_HABITABLE,2.259057,883.3765229,143.9144538,5.1396666,0.05501678569293571,0.0,5374.0,0.815924,0.841000383063499,0.5002473243820331,G,-1.2027348877039121,3
1438.02,tess,NON_HABITABLE,2.49195,623.0,25.1545,9.4280902,0.08251161572127713,0.0,5374.0,0.82,0.8430984014613734,0.5052578427420654,G,-1.1499562999635924,3
1439.01,tess,NON_HABITABLE,3.68027,801.0,68.4355,27.6438617,0.19503058339590776,0.0,5873.0,1.62,1.2950638646284598,2.8129676830235986,G,-1.149675423013531,3
144.01,tess,NON_HABITABLE,1.99779,1052.0,203.434,6.267832,0.06879094407029934,0.0,5950.0,1.15,1.1054511695052576,1.493338472761126,G,-1.2323582457127789,3
1440.01,tess,NON_HABITABLE,2.43592,1056.0,207.048,15.5174519,0.12790025997125273,0.0,5780.0,1.34,1.1591881028781619,1.8055755315685416,G,-1.1787566358798933,3
1440.02,tess,NON_HABITABLE,1.43332,1239.4886654,557.8163511,4.6274206,0.05708874191318493,0.0,5780.0,1.34,1.1591881028781619,1.8055755315685416,G,-1.2513876999862037,3
1441.01,tess,NON_HABITABLE,2.33525,790.0,64.932,22.092974,0.16075073488586566,0.0,5885.0,1.24,1.135353197340772,1.6615903043539941,G,-1.138066546789472,3
1442.01,tess,NON_HABITABLE,1.1833779,967.4422529,207.0242436,0.4090681,0.007379641060391267,0.0,3328.0,0.308799,0.32040179304220556,0.010538523087972023,M,-1.210866635591911,3
1443.01,tess,NON_HABITABLE,2.11441,564.0,16.8576,23.5407467,0.14832737884407782,0.0,5236.0,0.75,0.7856044723172766,0.3809042238761343,G,-0.978705672708062,3
1444.01,tess,NON_HABITABLE,1.4344026,2147.7419002,5028.6262848,0.4702719,0.011472105820941665,0.0,5466.0,0.92499,0.9107765155227113,0.6880932459688741,G,-1.2908823661763902,3
1445.01,tess,NON_HABITABLE,2.67352,1013.0,175.261,9.8130697,0.0929637225632086,0.0,6240.0,1.06,1.1130410963229191,1.5347752941182753,F,-1.2065202994754014,3
1445.02,tess,NON_HABITABLE,2.14401,1267.0,428.772,4.7842093,0.05758601564014175,0.0,6240.0,1.06,1.1130410963229191,1.5347752941182753,F,-1.245878353043778,3
1446.01,tess,NON_HABITABLE,2.4720516,822.8089031,108.3220651,6.3170657,0.06254001339857145,0.0,5180.0,0.83031,0.8177556841590029,0.4471922682856673,K,-1.1810480496281668,3
1446.02,tess,NON_HABITABLE,1.7133121,920.906304,169.9741138,4.5057387,0.04992580110509926,0.0,5180.0,0.83031,0.8177556841590029,0.4471922682856673,K,-1.2070460128540823,3
1448.01,tess,NON_HABITABLE,2.6354043,388.1291894,5.3632275,8.0970819,0.05628915979646017,0.0,3391.0,0.381586,0.36290895399259304,0.01734565620956031,M,-0.7208885290358006,3
1449.02,tess,NON_HABITABLE,1.614201,1160.0492093,427.9831307,2.3691849,0.03199572380034277,0.0,5780.0,0.604385,0.7784995298128614,0.3673105635020961,G,-1.237181886276998,3
145.01,tess,NON_HABITABLE,8.86428,1501.0,842.866,5.13002,0.0615609387167748,0.0,5430.7,1.58,1.182654894354393,1.9562850395861633,G,-1.2492815438525853,3
1450.01,tess,NON_HABITABLE,1.0924808,660.3898166,44.9492524,2.0439268,0.023343595738010363,0.0,3407.0,0.473603,0.4062122662539589,0.027227773804856796,M,-1.1149642917170703,3
1451.01,tess,NON_HABITABLE,2.51948,751.0,53.0216,16.5379864,0.1277301308267717,0.0,5781.0,1.03,1.0164716240089764,1.0675323319873413,G,-1.1395592309820517,3
1452.01,tess,POTENTIALLY_HABITABLE,1.6184944,304.152939,2.0225025,11.0619937,0.06470083434571781,0.0,3248.0,0.275364,0.2952862870373059,0.007602792120965647,M,-0.28724007670598106,3
1453.01,tess,NON_HABITABLE,2.12746,646.0,28.9612,6.5886877,0.061597315252242525,0.0,4920.0,0.71,0.7182372987530784,0.26611650974871953,K,-1.145372790033658,3
1453.02,tess,NON_HABITABLE,1.17405,963.0,142.833,4.3135263,0.04644270093018531,0.0,4920.0,0.71,0.7182372987530784,0.26611650974871953,K,-1.1858616278733554,3
1454.01,tess,NON_HABITABLE,13.6925582,1444.134709,1027.9022729,2.6794168,0.03927418925968415,0.0,6075.0,1.14394,1.1256971924528065,1.6057810621912338,F,-1.2672273906330156,3
1455.01,tess,NON_HABITABLE,18.4921,1306.0,483.742,3.6231364,0.050387998281390387,0.0,6458.8,1.35,1.300146821023101,2.8573904817494964,F,-1.2688597585465478,3
1456.01,tess,NON_HABITABLE,10.3984,1008.0,171.765,18.712253,0.14641462104946837,0.0,6125.0,1.27,1.1958635564138245,2.0451563943342665,F,-1.1688367107722082,3
1458.01,tess,NON_HABITABLE,15.4018,1761.0,1597.59,2.7759678,0.04090098466437961,0.0,6140.0,1.24,1.1845486205050704,1.9688451729191798,F,-1.2697685180983433,3
1461.01,tess,NON_HABITABLE,20.2503751,1387.9223847,876.963913,3.5686777,0.048397789895393915,0.0,6046.0,1.28529,1.1875239704382041,1.988701214076061,F,-1.2626427244035534,3
1462.01,tess,NON_HABITABLE,1.28228,1462.0,759.183,2.1779407,0.0342331369674858,0.0,5801.89,1.26,1.1283100091346083,1.6207415386805255,G,-1.2728824567116297,3
1463.01,tess,NON_HABITABLE,12.0920506,1308.6978872,693.2320081,2.8791023,0.0398851763262526,0.0,5583.0,1.1145999,1.021176484331347,1.087434785184807,G,-1.2572281265907168,3
1464.01,tess,NON_HABITABLE,2.686447,698.0518398,56.1140618,11.3125266,0.09332620361794677,0.0,5290.0,0.854841,0.8473679261972181,0.5155705308213157,G,-1.1308061283172264,3
1465.01,tess,NON_HABITABLE,12.5242,1231.0,382.328,1.4200248,0.022428693725417007,0.0,4910.0,0.77,0.7464496732864747,0.3104574808428555,K,-1.254464292960399,3
1466.01,tess,NON_HABITABLE,2.40733,1001.0,167.099,1.8718991,0.025486711574164354,0.0,4201.0,0.75,0.6303140542790067,0.1578439582769751,K,-1.2215283311887448,3
1467.01,tess,NON_HABITABLE,1.8721145,525.9795517,18.0882455,5.9711357,0.049914632003789296,0.0,3834.0,0.490737,0.4653183591096453,0.04688141936389977,K,-0.9922165862474546,3
1468.01,tess,HABITABILITY_ZONE,2.013576,308.4743596,2.1399188,15.5324385,0.08635346452753609,0.0,3382.0,0.369306,0.3560741634295825,0.016075402306241916,M,-0.37124692685665356,3
1468.02,tess,NON_HABITABLE,1.4548629,623.5511988,35.7280633,1.880531,0.02113360904984756,0.0,3382.0,0.369306,0.3560741634295825,0.016075402306241916,M,-1.0802126512583519,3
1469.01,tess,NON_HABITABLE,1.2815317,950.5390679,192.9304989,3.0929386,0.0374610825074764,0.0,4884.29,0.750598,0.7331263359733861,0.2888785419994708,K,-1.21388195012823,3
1469.02,tess,NON_HABITABLE,1.39215,789.0,64.6487,6.7650398,0.06311346217197705,0.0,4884.29,0.75,0.7328342376040013,0.2884184273880035,K,-1.147972532549574,3
1470.01,tess,NON_HABITABLE,2.2007181,661.896336,45.3608214,2.5272822,0.027608747338443953,0.0,3624.0,0.49012,0.4395548526603745,0.03732951229906579,M,-1.1129975032232777,3
1471.01,tess,NON_HABITABLE,3.91576,1060.0,209.722,20.7724316,0.1458836129755946,0.0,5625.56,0.97,0.9598984839825381,0.8489873574803848,G,-1.0917295629880985,3
1471.02,tess,NON_HABITABLE,3.28372,542.0,14.3711,52.5637056,0.27089787709116386,0.0,5625.56,0.97,0.9598984839825381,0.8489873574803848,G,-0.9047322828906327,3
1472.01,tess,NON_HABITABLE,4.4784698,826.0146095,110.0200699,6.3634106,0.06289350217953334,0.0,5103.0,0.859483,0.8196300857237607,0.4513064763088115,K,-1.180911699649309,3
1473.01,tess,NON_HABITABLE,2.1916,1144.0,284.941,5.2544884,0.05967934755853197,0.0,5958.0,0.99,1.027050441836667,1.1126718352816303,G,-1.2319663136131511,3
1475.01,tess,NON_HABITABLE,5.2961699,1813.345207,2555.3062468,8.4953513,0.10876555650414961,0.0,10012.0,1.88016,2.3784384822475038,32.00130521186166,B,-1.2834441049524958,3
1476.01,tess,NON_HABITABLE,12.9438,2361.0,5165.92,1.2174936,0.02484822877616846,0.0,6596.04,1.46,1.380808291123852,3.6352438172590262,F,-1.2919813600516907,3
1477.01,tess,NON_HABITABLE,18.2785375,1809.0414376,2531.1335542,2.7324809,0.04352232352769882,0.0,6695.0,1.61271,1.4729988181156826,4.707708824198932,F,-1.2822972895961575,3
1478.01,tess,NON_HABITABLE,12.3422,1119.0,261.013,10.1802014,0.09172694029684855,0.0,5623.0,1.04,0.9934784034973052,0.9741676936379423,G,-1.1818559821171128,3
148.01,tess,NON_HABITABLE,7.42915,1272.0,435.152,4.86709,0.05767126084531084,0.0,5814.3,1.15,1.0802394512360367,1.3616959197076377,G,-1.2418279100236853,3
1482.01,tess,NON_HABITABLE,15.4584,1570.0,1009.66,5.7121916,0.07249335228284892,0.0,6720.0,1.79,1.5576485176185875,5.886780796649483,F,-1.268763444632748,3
1490.01,tess,NON_HABITABLE,11.9767,1456.0,746.666,3.9943,0.06138675668427774,0.0,4939.0,5.11,1.934296980228818,13.998858226209261,K,-1.287330553319253,3
1491.01,tess,NON_HABITABLE,5.56985,1180.0,322.83,4.4902667,0.05553790388882641,0.0,5899.0,1.23,1.1334559052548363,1.6505113602569577,G,-1.2503625414109683,3
1493.01,tess,NON_HABITABLE,18.0411,1760.0,1594.76,5.147905,0.07083330226373111,0.0,6064.0,2.9,1.789088685429274,10.245365978506388,F,-1.2794433555357336,3
1494.01,tess,NON_HABITABLE,12.9814741,1378.3967823,853.1354811,5.0267996,0.06355434612383927,0.0,6434.0,1.4782799,1.3552926094773028,3.373900575637295,F,-1.2622557747422816,3
150.01,tess,NON_HABITABLE,13.8892762,1335.1143401,750.9220273,5.8574075,0.07016996002814573,0.0,5982.9,1.67987,1.3434554166848345,3.2575645846648715,G,-1.2563598768069404,3
1516.01,tess,NON_HABITABLE,17.2767,1839.0,1899.83,2.0560153,0.03409747701024929,0.0,6485.0,1.24,1.251107134197945,2.450067234078264,F,-1.2799199931217091,3
1518.01,tess,NON_HABITABLE,19.576504,2917.5260913,17123.005499,1.902606,0.03977828304970215,0.0,9918.0,1.82241,2.3196412674841334,28.952315702735472,A,-1.299754392586795,3
1527.01,tess,NON_HABITABLE,15.2343,1757.0,1582.94,5.0625809,0.07511310920064647,0.0,7664.0,2.76,2.205889303028556,23.6774462134882,A,-1.2886681241210067,3
153.01,tess,NON_HABITABLE,12.4425,973.7325254767825,212.617,7.6316384,0.0836433800136665,0.0,6338.3,1.49,1.3404159989467244,3.228184971731418,F,-1.2457812532832266,4
1532.01,tess,NON_HABITABLE,12.3602,1092.0,236.656,8.905407,0.09338413813871446,0.0,6659.0,1.41,1.36991067147584,3.521834919183058,F,-1.2413606140581548,3
1533.01,tess,NON_HABITABLE,2.93272,1011.0,173.908,3.6458046,0.043413374695450604,0.0,5053.0,0.88,0.8212290656406026,0.454838530322654,K,-1.2212234294346336,3
1533.02,tess,NON_HABITABLE,9.29431,628.0,25.9007,8.0637954,0.07369775993995563,0.0,5053.0,0.88,0.8212290656406026,0.454838530322654,K,-1.159334001150001,3
1537.01,tess,NON_HABITABLE,3.24146,990.0,159.69,6.4902646,0.06850845458578261,0.0,5999.0,0.96,1.0183291037391742,1.0753568951791692,G,-1.2188903869765242,3
1538.01,tess,NON_HABITABLE,5.62882,1306.0,483.652,6.54692,0.0708370616062677,0.0,6034.0,1.12,1.1063384207182079,1.4981385486670236,F,-1.2301786460867468,3
1546.01,tess,NON_HABITABLE,3.03424,2159.0,3611.25,1.13345,0.02307387808361573,0.0,6223.0,1.4,1.275667515253947,2.6481951485569466,F,-1.290401241084263,3
155.01,tess,NON_HABITABLE,5.28759,1499.0,839.203,5.4499753,0.06847174070715091,0.0,6220.5,1.79,1.4418679470009557,4.322171048539053,F,-1.2645505984092968,3
1551.01,tess,NON_HABITABLE,6.44889,1506.0,855.787,1.67546,0.03201315676584214,0.0,6745.5,1.78,1.559185636600211,5.910051991269479,F,-1.2917941017694299,3
1553.01,tess,NON_HABITABLE,18.5099,1364.0,576.071,5.9382163,0.07654906942302357,0.0,6775.5,2.09,1.6970247264972955,8.293783244162578,F,-1.273308903125634,3
1554.01,tess,NON_HABITABLE,6.3734064,799.4458445,96.5333103,9.4341589,0.08481827360398585,0.0,5450.4,0.938168,0.914623511518392,0.6997927600747094,G,-1.1702000586058998,3
1559.01,tess,NON_HABITABLE,9.72728,1225.0,374.648,3.4648951,0.059448344253147656,0.0,8455.3,2.54,2.334638038068099,29.708329265837293,A,-1.2949110191258715,3
1560.01,tess,NON_HABITABLE,6.2776081,5634.0594403,238125.9359212,0.2580006,0.010410466037906798,0.0,9035.0,2.08687,2.2612549596009783,26.145570920536347,A,-1.307137309527595,3
1563.01,tess,NON_HABITABLE,5.13949,93.0,0.0125876,1098.2258586,1.8344920522653512,0.0,4582.0,0.74,0.6828803599027948,0.21745955210318949,K,3.0,3
1564.01,tess,NON_HABITABLE,24.4148,5012.449864144319,149293.0,0.5596691,0.01728278891707424,0.0,8368.0,2.3,2.198666033119313,23.368835337472163,A,-1.305015929501464,4
1565.01,tess,HABITABILITY_ZONE,23.8658,337.1960300369543,3.0575184726945626,1099.2560385,2.699875993432614,0.0,8494.0,2.18,2.172772125322635,22.287262290159948,A,-0.52173364998084,5
157.01,tess,NON_HABITABLE,13.4432705,1463.9513087,1085.4942586,2.0845434,0.03222572381203813,0.0,5638.0,1.10646,1.0274639860456616,1.1144649973849645,G,-1.267871117028697,3
1573.01,tess,NON_HABITABLE,13.1431,581.0,18.9464,21.216464,0.16276629600198664,0.0,5925.0,1.55,1.277991252912045,2.667543592926144,G,-1.1725913528407068,3
1580.01,tess,NON_HABITABLE,18.3428,1574.0,1021.14,4.7947749,0.06535655265705063,0.0,6333.0,2.18,1.6199865634175006,6.887246858815985,F,-1.275619787527292,3
1586.01,tess,NON_HABITABLE,20.9267,1349.0,550.041,1.80794,0.03862946799706023,0.0,4628.0,8.61,2.352711111441059,30.638987845340456,K,-1.300324861528261,3
1588.01,tess,NON_HABITABLE,17.1017,2467.0,6158.1,3.581083,0.07283418872216367,0.0,9503.0,5.96,4.019365835631232,260.99377368489945,A,-1.3037297261136964,3
159.01,tess,NON_HABITABLE,17.3305867,1660.7594667,1797.8272074,3.7628372,0.05447873840719937,0.0,6979.2,1.58746,1.52345881117782,5.38670097587313,F,-1.2775920575197681,3
1598.01,tess,NON_HABITABLE,4.33066,1549.0,958.145,1.1020719,0.02318965506295357,0.0,6011.0,1.73,1.369756774750746,3.5202526042315516,F,-1.2929087033666804,3
1599.01,tess,NON_HABITABLE,18.2179311,2510.7866744,9392.0471009,1.2198382,0.026254868530580722,0.0,7398.5,1.60242,1.6225778165401923,6.93141874484699,F,-1.2961989939908998,3
1601.01,tess,NON_HABITABLE,14.6101,1593.0,1071.42,5.33155,0.06878484335340876,0.0,5917.0,2.22,1.5273962995005315,5.442606504092071,G,-1.2693069361529392,3
1603.01,tess,NON_HABITABLE,14.269,1229.0,379.567,4.7321735,0.06255433824381991,0.0,6739.0,1.56,1.4582481466114623,4.521949755780636,F,-1.269399904133759,3
1605.01,tess,NON_HABITABLE,20.9625,1185.0,327.472,8.7094632,0.08858835244321805,0.0,5597.0,1.59,1.2227214939657796,2.23516807918946,G,-1.2282761354149212,3
1606.01,tess,NON_HABITABLE,6.97602,691.0,38.0033,4.7126743,0.05867828573338643,0.0,5626.5,1.55,1.2136063771324255,2.169258957624018,G,-1.2550338017134643,3
161.01,tess,NON_HABITABLE,4.61938,1539.983796873266,1330.16,2.7684331,0.03758379580004815,0.0,5388.0,0.98,0.9240900678874506,0.729217714006134,G,-1.2492839367630393,4
1610.01,tess,NON_HABITABLE,2.29951,1083.0,228.804,2.5287981,0.03732564737213247,0.0,5740.2,1.19,1.0848612141446974,1.385149758009483,G,-1.2662329188000438,3
1611.01,tess,NON_HABITABLE,2.38101,641.0,28.0911,16.2016817,0.11514668618889434,0.0,5071.0,0.78,0.7759157892090872,0.36245855763370094,K,-1.046341435550555,3
1612.01,tess,NON_HABITABLE,15.5276,1373.0,591.067,2.8641388,0.04311461314147704,0.0,6082.0,1.53,1.3033642627342314,2.88578010623449,F,-1.2749634207274532,3
1616.01,tess,NON_HABITABLE,4.72169,1218.0,365.857,1.3433022,0.02665715371156697,0.0,6713.0,1.45,1.4004716633304344,3.8467795935061573,F,-1.2912110574662832,3
162.01,tess,NON_HABITABLE,15.6068,849.0,86.3134,7.764691,0.07495091245464514,0.0,5404.7,0.99,0.9316716218520701,0.7534448511785775,G,-1.1909349985101743,3
1620.01,tess,NON_HABITABLE,2.28827,2451.0,5992.53,1.5982014,0.029888177905350068,0.0,6594.0,1.49,1.3944911249159397,3.7814905407879125,F,-1.2887600411540876,3
1621.01,tess,NON_HABITABLE,1.35756,1423.0,680.81,6.453624,0.07346028097326675,0.0,7257.0,1.02,1.269787029412571,2.5997018675604866,F,-1.2471495178601328,3
1626.01,tess,NON_HABITABLE,15.6399082,1590.6670806,1512.9973764,3.3326189,0.047667528441048206,0.0,5768.2,1.6948299,1.3009992505077523,2.864891543457434,G,-1.2711287941968086,3
1627.01,tess,NON_HABITABLE,13.5478019,1143.9473896,404.711186,5.0172146,0.058802856939853265,0.0,5930.0,1.10013,1.077582115548571,1.3483464605398214,G,-1.2401484212117042,3
1628.01,tess,NON_HABITABLE,18.0537588,1949.0214829,3410.2601185,2.1436364,0.036547998338041815,0.0,6148.0,1.77061,1.417323515420062,4.035301334159687,F,-1.2848677374500308,3
1629.01,tess,NON_HABITABLE,17.3816,1491.0,821.405,4.5421594,0.05937342398586049,0.0,5939.3,1.73,1.3534181354644994,3.3552738066797287,G,-1.2652694133877356,3
163.01,tess,NON_HABITABLE,14.6260711,1584.3518526,1489.1126253,4.2311173,0.05848679895833679,0.0,6671.0,1.6640199,1.4908840759231792,4.940552337633823,F,-1.273677641915384,3
1630.01,tess,NON_HABITABLE,2.39173,584.0,19.3677,12.0557353,0.09818218717498144,0.0,5504.0,0.83,0.8687426614624085,0.5695929377892914,G,-1.1306448393575397,3
1631.01,tess,NON_HABITABLE,2.8346585,860.5738999,129.6204972,15.2521892,0.1172214425305422,0.0,5473.0,0.949022,0.923713446825386,0.7280296441072872,G,-1.1205961835835607,3
1634.01,tess,NON_HABITABLE,1.8303854,848.0098579,122.2150262,0.98933,0.014415294545493848,0.0,3455.0,0.465258,0.40828991621244914,0.027789108604398212,M,-1.190760857834077,3
1638.01,tess,NON_HABITABLE,5.386904,1109.3660254,357.9484179,0.9150623,0.015138539577107216,0.0,3810.0,0.701237,0.5527529445904601,0.09335213593025368,K,-1.2416547767305153,3
1640.01,tess,NON_HABITABLE,1.3929217,560.7827791,23.3722044,1.9495403,0.02048430933034981,0.0,3414.0,0.260187,0.30170325186617747,0.008285523715597131,M,-0.9997820246600594,3
1641.01,tess,NON_HABITABLE,12.8352,2202.0,3903.88,1.8646725,0.043517281367133384,0.0,9898.0,3.4,3.1619906804672557,99.96370456123056,A,-1.3039445376602234,3
1642.01,tess,NON_HABITABLE,20.3559,554.0,15.6505,37.4590076,0.2338489037021886,0.0,5730.0,1.5,1.2158330064230431,2.185222765394512,G,-1.0919145987458192,3
1643.01,tess,NON_HABITABLE,2.7170462,508.9693869,15.8594327,20.0795217,0.13004232681927938,0.0,4763.0,0.777584,0.7276590195980042,0.2803571702342181,K,-0.9714460560959868,3
1648.01,tess,NON_HABITABLE,2.77433,637.0,27.4026,7.3315684,0.06780047838912588,0.0,4871.6,0.84,0.7735438584735576,0.35804677774939947,K,-1.153776394844487,3
1651.01,tess,NON_HABITABLE,17.8182,1367.0,580.386,3.7649949,0.05283616607754293,0.0,6724.0,1.42,1.3881792694950539,3.7134896528595127,F,-1.27215427516937,3
1653.01,tess,NON_HABITABLE,21.7036,2489.0,6376.83,10.9568722,0.1205491248175281,0.0,7106.5,2.5,1.9467018530826912,14.361432758180761,F,-1.2661012563841756,3
1655.01,tess,NON_HABITABLE,3.61232,1243.0,396.593,3.2786617,0.043268412937335916,0.0,5411.0,1.15,1.0053102988559577,1.0214109908489561,G,-1.2509372558329903,3
1656.01,tess,NON_HABITABLE,20.062,1388.0,617.103,1112.7562924,2.2515944004509163,0.0,6324.0,1.26,1.2298462221392101,2.2877219840552123,F,0.7417614041702519,3
1659.01,tess,NON_HABITABLE,2.1822904,1031.1383185,267.1706249,5.8775548,0.06454559198176112,0.0,5977.0,1.00568,1.038452987555065,1.162913361395381,G,-1.227449965651693,3
1659.02,tess,NON_HABITABLE,1.18609,1288.0,456.908,3.3985674,0.044830782070856626,0.0,5977.0,1.01,1.0406809873083778,1.17292564325577,G,-1.2528918280532286,3
166.01,tess,NON_HABITABLE,9.1484302,1002.9601068,239.1418795,5.0611315,0.05593063450735138,0.0,5254.0,1.00217,0.9112435032537802,0.6895055719111881,G,-1.2171093459379128,3
1664.01,tess,NON_HABITABLE,2.5354,750.0,52.6622,11.835079,0.10943992042264188,0.0,6225.0,1.34,1.2484335537052866,2.4291913730539,F,-1.2131665775148257,3
1669.01,tess,NON_HABITABLE,2.3437,1198.0,342.997,2.6800536,0.03769250663892065,0.0,5550.0,1.07,0.9946231185373654,0.9786653183099332,G,-1.2574306841857084,3
1670.01,tess,NON_HABITABLE,10.1271,544.0,14.5514,40.7501028,0.25160309911220924,0.0,6453.0,1.31,1.2795904510914964,2.6809206632540765,F,-1.0981558659440662,3
1670.02,tess,NON_HABITABLE,2.35616,1043.0,196.694,10.9836724,0.10498531633938049,0.0,6453.0,1.31,1.2795904510914964,2.6809206632540765,F,-1.2215717330963285,3
1670.03,tess,NON_HABITABLE,2.9538423,443.4993569,9.1430897,123.0586028,0.5258102500956102,0.0,6453.0,1.31225,1.2806888645762038,2.69013784143177,F,-0.8681002357110137,3
1675.01,tess,NON_HABITABLE,10.3743,1922.0,2269.81,3.133084,0.05152904879341593,0.0,7478.0,2.06,1.8594852963613646,11.955589482896388,F,-1.2894037263558968,3
1676.01,tess,NON_HABITABLE,16.4091,1626.0,1161.72,3.1915257,0.04859424054608133,0.0,6673.0,1.69,1.502927927927928,5.102142909989434,F,-1.2802926814499218,3
1677.01,tess,NON_HABITABLE,4.8452813,2608.950134,10949.2435224,0.6435807,0.01572818861411306,0.0,5919.7,1.49305,1.2531716212763688,2.4662790056691453,G,-1.2961400405346764,3
168.01,tess,NON_HABITABLE,3.40668,1015.0,176.692,2.31446,0.03055931746563969,0.0,4801.5,0.73,0.7107420995000369,0.2551808991401042,K,-1.2265664424982157,3
1680.01,tess,NON_HABITABLE,1.4202459,370.455897,4.4510969,4.8026561,0.03549360677880697,0.0,3231.0,0.213459,0.25862343215128486,0.004473747651977559,M,-0.5785673400016319,3
1681.01,tess,NON_HABITABLE,8.73996,1677.0,1313.48,1.5379237,0.025612949633709015,0.0,5672.5,0.93,0.9477409726564889,0.8067865057965902,G,-1.2706420999082995,3
1682.01,tess,NON_HABITABLE,17.805,1808.0,1775.39,2.7347651,0.044387220523885246,0.0,6767.9,1.77,1.5599628067687128,5.921844176285203,F,-1.2848039213028128,3
1683.01,tess,NON_HABITABLE,2.4878486,848.2229732,122.3379291,3.057524,0.035451534062043315,0.0,4402.0,0.695095,0.6358370025019962,0.16344934789466622,K,-1.189086940528778,3
1684.01,tess,NON_HABITABLE,9.15106,1392.0,624.87,1.1549925,0.024342274045886805,0.0,4815.0,2.99,1.4424659265901187,4.3293455705860335,K,-1.2938192403497526,3
1685.01,tess,NON_HABITABLE,1.9200407,964.704855,204.6910522,0.6691449,0.011098097621682183,0.0,3457.0,0.462408,0.40727310034756803,0.02751331412810139,M,-1.2177279800255763,3
1686.01,tess,NON_HABITABLE,3.7076274,1209.2246588,505.2996309,6.7053949,0.07565693167203386,0.0,6141.0,1.45858,1.2849253641456662,2.7259105991866015,F,-1.2467866984339822,3
1687.01,tess,NON_HABITABLE,3.9130735,819.8012135,106.7468895,10.2596322,0.09186541166810629,0.0,5734.0,0.978325,0.9825913621401076,0.9321628009450592,G,-1.1788041895593526,3
169.01,tess,NON_HABITABLE,11.0535293,1579.7828847,1472.0095217,2.2554459,0.03523875867094583,0.0,5817.0,1.29661,1.14756534529367,1.7342419968021603,G,-1.2730632731421592,3
1691.01,tess,NON_HABITABLE,2.88015,834.0,80.3869,16.7368995,0.1279568208204054,0.0,5759.0,1.0,0.9977477477477478,0.9910213811585081,G,-1.1327904745956578,3
1692.01,tess,NON_HABITABLE,4.9572307,909.5495957,161.7433903,17.7286608,0.14782280666726477,0.0,6554.0,1.45796,1.3710488193943422,3.533553543697145,F,-1.2015601804879648,3
1692.02,tess,NON_HABITABLE,7.3178089,793.0,72.9642265,32.2079698,0.2200897025777277,0.0,6554.0,1.45796,1.3710488193943422,3.533553543697145,F,-1.148574331792187,3
1693.01,tess,NON_HABITABLE,1.5574734,700.8548645,57.0208084,1.766692,0.021226214154227107,0.0,3474.0,0.46126,0.4087675283341166,0.027919366263003596,M,-1.1348595194300346,3
1694.01,tess,NON_HABITABLE,5.4800266,953.4195932,195.2881696,3.7701296,0.04387491447808182,0.0,5058.0,0.81833,0.7927143845442485,0.3948816527936047,K,-1.2137136714204775,3
1695.01,tess,NON_HABITABLE,1.7992966,618.3628631,34.5537033,3.1342946,0.031999214102342605,0.0,3575.0,0.516105,0.44495773107292247,0.03919900360606181,M,-1.0871880291944862,3
1696.01,tess,NON_HABITABLE,3.1713853,491.6465759,13.8080731,2.5005291,0.023916039789654592,0.0,3181.0,0.280475,0.29186661751088583,0.007256675452485974,M,-0.9230005907528301,3
1697.01,tess,NON_HABITABLE,2.34185,587.0,19.7169,10.716524,0.07878508120293806,0.0,4067.0,0.65,0.568073497268368,0.10414012945821481,K,-0.9734618173254037,3
1699.01,tess,NON_HABITABLE,3.0070741,1096.3569775,341.4514343,4.5470055,0.05368905575392279,0.0,5654.4,1.03909,0.9985890236547443,0.9943680285122289,G,-1.2357374580488416,3
170.01,tess,NON_HABITABLE,13.941,1245.0,399.006,3.7115129,0.049051903935068024,0.0,5973.0,1.22,1.1429996769864779,1.70680706021465,G,-1.2581957996325244,3
1701.01,tess,NON_HABITABLE,4.5073642,1320.8410635,719.3218467,1.3341738,0.021654109252009564,0.0,4685.1,0.878958,0.7609858899613013,0.33535625953115444,K,-1.258407047513743,3
1703.01,tess,NON_HABITABLE,5.3210497,1759.6991613,2266.0772453,1.2016105,0.022357608746841354,0.0,5747.6,1.07532,1.0325927592781339,1.136884384895128,G,-1.2810436594242898,3
1706.01,tess,NON_HABITABLE,2.07194,1297.0,470.034,4.5156072,0.05271553409786,0.0,5617.0,0.97,0.9584378772122093,0.8438317737835682,G,-1.2308505625027424,3
1706.02,tess,NON_HABITABLE,1.67743,1111.0,253.592,7.4057777,0.07331198087640968,0.0,5617.0,0.97,0.9584378772122093,0.8438317737835682,G,-1.1999482699801993,3
1708.01,tess,NON_HABITABLE,9.64245,1006.0,170.262,11.44192,0.10582028952993837,0.0,6259.0,1.24,1.2075064846484096,2.125973696095687,F,-1.2099165820780349,3
1709.01,tess,NON_HABITABLE,18.0261,1194.0,338.345,7.6288424,0.08380692123337555,0.0,6157.0,1.6,1.3492822975507077,3.3144486119328196,F,-1.2464979092403037,3
171.01,tess,NON_HABITABLE,12.1897562,1639.963909,1709.4569331,1.238601,0.02222555011205992,0.0,5237.0,1.1072299,0.9547180952221866,0.8308078973498056,G,-1.2763364657186727,3
1710.01,tess,NON_HABITABLE,5.21152,654.0,30.5138,24.2833782,0.16264102895761015,0.0,5675.0,0.98,0.9733131282964518,0.8974501307282441,G,-1.073323463615012,3
1713.01,tess,NON_HABITABLE,3.2761782,1949.7515652,3415.3727761,0.5572565,0.012598096930313208,0.0,5097.6,0.946,0.8589838525449762,0.5444274317180627,K,-1.2864112405437205,3
1714.01,tess,NON_HABITABLE,19.6131,1789.0,1701.38,3.4744763,0.0512447705157884,0.0,6642.3,1.67,1.4871350166252082,4.891044331565436,F,-1.278007772268914,3
1716.01,tess,NON_HABITABLE,2.72432,959.0,140.474,8.082354,0.08219610518751659,0.0,5878.6,1.24,1.1341184886809623,1.6543740981694004,G,-1.2218667383088522,3
1717.01,tess,NON_HABITABLE,13.1098,1227.0,377.016,4.052389,0.05469231029738723,0.0,6578.0,1.36,1.3290367832395145,3.1199526546571703,F,-1.2672678744787709,3
1718.01,tess,NON_HABITABLE,4.24332,948.0,134.155,5.5870396,0.05956810952656452,0.0,5378.0,0.94,0.903354895120756,0.6659377110977057,G,-1.209337497039366,3
1719.01,tess,NON_HABITABLE,9.65945,1481.0,799.261,2.7552586,0.04969581467743892,0.0,6096.4,4.17,2.156826244722021,21.640168492181765,F,-1.2952197110464583,3
172.01,tess,NON_HABITABLE,9.80856,993.0,161.969,9.47686,0.09673949348007331,0.0,5801.8,1.79,1.3448162454642143,3.270783416055755,G,-1.236220160739906,3
1720.01,tess,NON_HABITABLE,13.1204,1267.0,428.036,2.6158597,0.03650332621883842,0.0,5267.0,1.08,0.948306819487035,0.8087149930416311,G,-1.25399840532405,3
1721.01,tess,NON_HABITABLE,15.3479,1608.0,1112.27,4.1250429,0.05617908046054637,0.0,6304.0,1.62,1.390104308295217,3.7341310654943216,F,-1.2698745870611172,3
1722.01,tess,NON_HABITABLE,3.86469,952.0,136.86,9.6052235,0.09156423051181466,0.0,6137.0,1.09,1.1100513001591137,1.5183510682073873,F,-1.2075277799405042,3
1723.01,tess,NON_HABITABLE,2.95921,802.0,68.9542,13.7270395,0.11385554955523348,0.0,5777.0,1.09,1.0449350433467819,1.1922221229407952,G,-1.166228422660635,3
1725.01,tess,NON_HABITABLE,22.6154555,2428.5408709,8220.5839513,1.0914304,0.023264655114648043,0.0,6154.0,1.74942,1.4101918912324707,3.9546937034079956,F,-1.2938196052491386,3
1726.01,tess,NON_HABITABLE,2.2881711,885.9071544,145.5706555,7.107934,0.0708072605187914,0.0,5694.11,0.902932,0.9374045401781238,0.772161618462643,G,-1.1988853288896062,3
1726.02,tess,NON_HABITABLE,2.5734283,621.931143,35.3582059,20.5438153,0.14367116136114905,0.0,5694.11,0.902932,0.9374045401781238,0.772161618462643,G,-1.084601536091164,3
1727.01,tess,NON_HABITABLE,2.1988321,1430.8837135,990.6913333,1.8308782,0.028882080190588477,0.0,5566.0,0.98869,0.9588417819656737,0.8452551030593339,G,-1.2666460640539872,3
1728.01,tess,NON_HABITABLE,4.9395,718.0,44.3221,3.4913952,0.03661578183270471,0.0,3907.0,0.63,0.5372635328653511,0.08332003699754473,K,-1.1351117786815823,3
173.01,tess,NON_HABITABLE,11.9868976,777.9510591,86.5625631,29.7537451,0.2074631612700103,0.0,6409.0,1.46863,1.345612915260436,3.2785407605654893,F,-1.1520270471598337,3
173.02,tess,NON_HABITABLE,2.6317754,1151.7002703,415.7946307,9.1702265,0.09466002343555191,0.0,6409.0,1.46863,1.345612915260436,3.2785407605654893,F,-1.237890276678646,3
1730.01,tess,NON_HABITABLE,2.75524,910.0,114.271,6.2262315,0.051334410482004336,0.0,3691.0,0.53,0.4655385585816769,0.04697022388849851,M,-0.9834881684786344,3
1730.02,tess,NON_HABITABLE,1.47809,944.0,132.347,2.1555232,0.02531008112335566,0.0,3691.0,0.53,0.4655385585816769,0.04697022388849851,M,-1.1489868598037665,3
1730.03,tess,NON_HABITABLE,2.4359,439.0,6.20302,12.5739572,0.08201747368410335,0.0,3691.0,0.53,0.4655385585816769,0.04697022388849851,M,-0.788362801910595,3
1731.01,tess,NON_HABITABLE,15.8493,1369.0,583.697,3.9228042,0.052061868304880174,0.0,6193.0,1.3,1.2233379084613585,2.2396787784635017,F,-1.2619972806878361,3
1732.01,tess,NON_HABITABLE,2.2236629,657.7908482,44.2458262,4.1192231,0.04080256087810683,0.0,3876.0,0.632571,0.5340870957098948,0.08136700672203427,K,-1.1127966399325886,3
1734.01,tess,NON_HABITABLE,2.7122882,586.7970552,28.0202951,28.8745078,0.1838653551589055,0.0,5773.0,0.988898,0.9946057928556632,0.978597129262474,G,-1.0537757318041137,3
1735.01,tess,NON_HABITABLE,2.37414,904.0,110.973,10.3857602,0.10041328362473723,0.0,6439.0,1.26,1.2522105984115077,2.4587224173644753,F,-1.2216836108300309,3
1736.01,tess,NON_HABITABLE,2.69175,1099.0,242.723,7.0731057,0.07584800472552104,0.0,5656.0,1.41,1.1635703195475824,1.8330340769840248,G,-1.232731297699374,3
1737.01,tess,NON_HABITABLE,2.79468,1605.0,1104.29,14.4479828,0.1361638725649014,0.0,6669.0,1.95,1.6134358428949251,6.776521221534472,F,-1.2378517459114853,3
1738.01,tess,NON_HABITABLE,4.3816478,709.1406179,59.7654849,3.6985817,0.038569107608852383,0.0,3948.0,0.6692,0.5595369712778027,0.09802010217612499,K,-1.1401548429730362,3
1739.01,tess,NON_HABITABLE,1.95844,685.0,36.5628,8.3033493,0.07247436360259599,0.0,4814.0,0.78,0.7365921138340653,0.29437997186248976,K,-1.1258421752465853,3
174.01,tess,NON_HABITABLE,1.87042,462.0,7.60884,17.6671687,0.11745977984251586,0.0,4813.0,0.69,0.6926503924501852,0.23017403894403218,K,-0.9725105338171552,3
174.02,tess,HABITABILITY_ZONE,1.60982,374.0,3.2713,29.7975205,0.16642987868955889,0.0,4813.0,0.69,0.6926503924501852,0.23017403894403218,K,-0.8318315754961637,3
174.03,tess,NON_HABITABLE,1.15643,638.0,27.5458,12.1623316,0.09157756784666338,0.0,4813.0,0.69,0.6926503924501852,0.23017403894403218,K,-1.0468637148060773,3
174.04,tess,NON_HABITABLE,0.757588,855.0,89.0886,3.9766833,0.04346355198962721,0.0,4813.0,0.69,0.6926503924501852,0.23017403894403218,K,-1.1850833588494594,3
174.05,tess,NON_HABITABLE,0.969819,720.0,44.8107,7.9076222,0.06872928403234822,0.0,4813.0,0.69,0.6926503924501852,0.23017403894403218,K,-1.1125011719911226,3
1740.01,tess,NON_HABITABLE,2.4616462,582.3179815,27.1745153,19.428419,0.13395811073707564,0.0,5366.0,0.835173,0.8495962147048507,0.5210150579881734,G,-1.054161237259729,3
1741.01,tess,NON_HABITABLE,1.36492,503.0,10.665,10.9406641,0.08066969223854599,0.0,4324.0,0.61,0.5850921621382601,0.1171917721070713,K,-0.9851641995281348,3
1742.01,tess,NON_HABITABLE,1.87711,770.0,58.618,21.2690422,0.1534176480163474,0.0,5707.0,1.16,1.0649042118612826,1.2860035840778705,G,-1.1234855693507118,3
1743.01,tess,NON_HABITABLE,3.30511,506.0,10.8837,4.2660553,0.035267591614675346,0.0,3281.0,0.32,0.32155472613625263,0.010691030991579767,M,-0.8398411101354827,3
1744.01,tess,NON_HABITABLE,2.54102,598.0,21.2584,22.3417286,0.16231766913414028,0.0,6179.0,1.14,1.1429949154418133,1.7067786193062895,F,-1.1387040374440016,3
1745.01,tess,NON_HABITABLE,3.4443503,519.0,13.8196717,5.984871,0.04847664327084448,0.0,3759.0,0.424468,0.42429555378637285,0.032409618820434645,K,-0.9388169198892476,3
1746.01,tess,NON_HABITABLE,1.4761503,576.4840036,26.1017752,2.5253323,0.0260718356201487,0.0,3340.0,0.410465,0.37073040869394713,0.018890038357616303,M,-1.0484976615500206,3
1746.02,tess,NON_HABITABLE,1.365807,499.6923767,14.7343811,3.8776815,0.03470089504102573,0.0,3340.0,0.410465,0.37073040869394713,0.018890038357616303,M,-0.9619663328988247,3
1747.01,tess,NON_HABITABLE,2.08088,808.0,71.0366,2.7546548,0.03319123504464113,0.0,4435.0,0.7,0.6428598783227001,0.1707911201936352,K,-1.1992511516083517,3
1748.01,tess,NON_HABITABLE,1.5299007,1144.0968579,404.9227459,1.8318623,0.026436248287966334,0.0,4837.0,0.768226,0.7345041698801834,0.2910563392546527,K,-1.242407016810439,3
1749.01,tess,NON_HABITABLE,1.9980298,625.4009463,36.1538988,4.4891367,0.04265872377501485,0.0,3959.0,0.561356,0.5138996995682183,0.06974506047284505,K,-1.0873165626875072,3
1749.02,tess,NON_HABITABLE,2.2493746,495.1628187,14.2073509,9.0447039,0.0680501166555585,0.0,3959.0,0.561356,0.5138996995682183,0.06974506047284505,K,-0.9548042815461676,3
1749.03,tess,NON_HABITABLE,1.3399401,771.7556976,83.8378977,2.3889051,0.028013362203936246,0.0,3959.0,0.561356,0.5138996995682183,0.06974506047284505,K,-1.1637475910699797,3
175.01,tess,NON_HABITABLE,1.36751,479.0,8.77401,3.6906759,0.032448657317951164,0.0,3469.0,0.31,0.3346253391312777,0.012538203009773072,M,-0.9105458058531916,3
175.02,tess,HABITABILITY_ZONE,3.04528,329.0,1.96064,7.4507305,0.05183129123883809,0.0,3469.0,0.31,0.3346253391312777,0.012538203009773072,M,-0.6719727040250637,3
175.03,tess,NON_HABITABLE,0.826635,567.3025213,24.4782213,2.2531062,0.023403389784587628,0.0,3469.0,0.31416,0.3368630849549963,0.012876970068345523,M,-1.0256948244550277,3
1750.01,tess,NON_HABITABLE,2.619494,612.9150641,33.3520232,11.3373614,0.08867826028499878,0.0,4765.0,0.768675,0.7237823042102282,0.274430162804475,K,-1.076636476917049,3
1751.01,tess,NON_HABITABLE,2.56325,1037.0,192.521,37.4685042,0.23246152269361614,0.0,6114.0,1.27,1.1937158830880201,2.0305041889762943,F,-1.0851023946149232,3
1752.01,tess,NON_HABITABLE,1.8032935,952.065635,194.1728744,0.9351891,0.01444023541948818,0.0,3652.0,0.526987,0.4593084099211379,0.04450590018958373,M,-1.2156042547475001,3
1752.02,tess,HABITABILITY_ZONE,2.4202837,291.1102616,1.6972705,32.7135406,0.15445181509236225,0.0,3652.0,0.526987,0.4593084099211379,0.04450590018958373,M,-0.30089832776258923,3
1753.01,tess,NON_HABITABLE,2.6170633,1001.7564461,237.9959598,5.3846239,0.05945627627623369,0.0,5700.0,0.959022,0.9670809273211025,0.8746841826580799,G,-1.22232435053498,3
1754.01,tess,NON_HABITABLE,2.8235075,404.1671972,6.3061639,16.2143217,0.10040561904990626,0.0,3849.0,0.593295,0.5136377475973088,0.0696029635486932,K,-0.785413188361613,3
1755.01,tess,NON_HABITABLE,11.0047,597.0,21.2072,60.1848926,0.3253909989346883,0.0,6499.0,1.27,1.2688844494911746,2.592318147226421,F,-1.0314032788193035,3
1756.01,tess,NON_HABITABLE,1.7104603,696.3924073,55.5823764,2.7830114,0.03048717025687,0.0,3756.0,0.562607,0.48809215441090553,0.056755415503162925,K,-1.1335672485045167,3
1757.01,tess,NON_HABITABLE,1.6780073,970.7631647,209.8814988,2.125687,0.027956706261723516,0.0,4428.0,0.707159,0.6451189901865741,0.17320455343381058,K,-1.21736006696974,3
1757.02,tess,NON_HABITABLE,1.6316574,729.4723335,66.920057,5.0097113,0.049510227856191455,0.0,4428.0,0.707159,0.6451189901865741,0.17320455343381058,K,-1.1459819775762796,3
1758.01,tess,NON_HABITABLE,3.39245,531.0,13.1989,20.7051499,0.13733029174597564,0.0,5169.0,0.81,0.805977130977131,0.4219790370477862,K,-1.0185717606179747,3
1759.01,tess,NON_HABITABLE,3.09094,435.0,5.95531,18.8500438,0.11319514638733871,0.0,3960.0,0.63,0.5445517251463503,0.08793394408459657,K,-0.783834214906583,3
1761.01,tess,NON_HABITABLE,2.4230886,926.7725725,174.3466841,11.5922513,0.10636872631544922,0.0,6311.0,1.19407,1.1947767185804012,2.037731717806136,F,-1.207244236965279,3
1762.01,tess,NON_HABITABLE,4.0770689,637.122924,38.9416122,24.141229,0.16555297174769942,0.0,6156.0,0.94842,1.0386581675956328,1.1638327187068678,F,-1.0984396419865474,3
1763.01,tess,NON_HABITABLE,1.9296055,554.7006125,22.3746156,3.797872,0.0356584384186013,0.0,3520.0,0.472869,0.41935976762405325,0.030927659249718565,M,-1.030486286245909,3
1764.01,tess,HABITABILITY_ZONE,9.77368,248.0,0.636581,47.3860753,0.21642483104803475,0.0,4415.0,0.62,0.6022824803146595,0.1315833445449827,K,-0.48763831937212126,3
1765.01,tess,NON_HABITABLE,5.65971,984.0,156.241,3.493958,0.042773916633502544,0.0,5203.4,0.9,0.8552284603388849,0.5349689545468295,G,-1.2293422555180182,3
1766.01,tess,NON_HABITABLE,16.72,1790.0,1704.57,2.7033942,0.0428166902052927,0.0,6518.0,1.61,1.4328508040306647,4.215061221439319,F,-1.2812000161546764,3
1767.01,tess,NON_HABITABLE,16.2509,1388.0,617.309,4.3532339,0.05682843618799114,0.0,5914.0,1.59,1.2919733634650028,2.786212521904526,G,-1.2630204648216503,3
1768.01,tess,NON_HABITABLE,3.2807,1566.0,998.435,7.3377236,0.07603432046205734,0.0,5994.0,1.1,1.0891476500228499,1.407171514477785,G,-1.2216023375298644,3
1769.01,tess,NON_HABITABLE,3.5774,1599.0,1086.19,0.6097554,0.013575933864841712,0.0,5493.0,0.89,0.8977972688563223,0.6497003783718662,G,-1.2867299335823659,3
177.01,tess,NON_HABITABLE,2.02068,610.0,23.0419,2.8531016,0.030448158307766707,0.0,3703.0,0.52,0.4626249609509062,0.045805354201405114,K,-1.1138652055891942,3
1771.01,tess,NON_HABITABLE,13.0356,1183.0,325.569,3.2122302,0.04183443139841146,0.0,5357.7,1.04,0.946604880387251,0.8029249565313357,G,-1.245597199328351,3
1772.01,tess,NON_HABITABLE,2.8337706,877.6725493,140.2332705,8.0542207,0.07770713268234239,0.0,5583.1,0.995254,0.9649749734421802,0.8670900454491163,G,-1.1949282051068582,3
1773.01,tess,NON_HABITABLE,2.0231121,1831.2668801,2657.8322415,0.7365463,0.015369531360031637,0.0,5250.0,0.963515,0.8928165272585116,0.6354024487715911,G,-1.2833690309221122,3
1774.01,tess,NON_HABITABLE,2.7396616,747.4400609,73.7609475,16.7100422,0.13042987575444973,0.0,5853.7,1.09271,1.0601238316711041,1.2630670053920188,G,-1.149991172652821,3
1775.01,tess,NON_HABITABLE,8.69623,760.0,55.4426,10.2405483,0.08686412249473596,0.0,5251.0,0.84,0.8337874211439056,0.4833050750719538,G,-1.1377342748991217,3
1776.01,tess,NON_HABITABLE,1.4033915,1240.8853925,560.3349224,2.8009915,0.03841835241626105,0.0,5723.87,0.945408,0.9642132065725583,0.8643553061617015,G,-1.2529900694984537,3
1777.01,tess,NON_HABITABLE,1.81908,580.0,18.7938,14.6503935,0.11736913379883872,0.0,5859.45,0.98,1.0049479488276025,1.0199391736420353,G,-1.1497689764123502,3
1778.01,tess,NON_HABITABLE,2.8972637,1149.830319,413.1007903,6.5273884,0.0727009006320347,0.0,6023.0,1.32944,1.2031531475868744,2.095480608512764,F,-1.2407245353118308,3
1779.01,tess,NON_HABITABLE,10.9698,606.0,22.5072,1.8817191,0.02002836666766993,0.0,3138.0,0.31,0.3026965448815074,0.00839517696043616,M,-1.0086726435091409,3
178.01,tess,NON_HABITABLE,2.54474,622.0,24.9125,6.5578513,0.057136276449219384,0.0,4111.0,0.66,0.5786195752158426,0.11209145034663101,K,-1.07473540880803,3
178.02,tess,NON_HABITABLE,3.751004,535.9397866,19.4977725,20.708504,0.12422811923398884,0.0,4111.0,0.701202,0.5964069935781431,0.1265234162366123,K,-0.8285935814071185,3
178.03,tess,NON_HABITABLE,2.2807327,551.2319188,21.8201851,9.9616347,0.07551727423008452,0.0,4111.0,0.660806,0.5789727760348761,0.11236539239092445,K,-0.9994471279775433,3
178.04,tess,NON_HABITABLE,1.5148369,801.6779386,97.6159379,3.2384253,0.03570385859497073,0.0,4111.0,0.660806,0.5789727760348761,0.11236539239092445,K,-1.163143661904542,3
178.05,tess,HABITABILITY_ZONE,2.6196767,225.1300261,0.6070922,15.2321843,0.10023068270654517,0.0,4111.0,0.660806,0.5789727760348761,0.11236539239092445,K,-0.8978356675041356,3
1780.01,tess,NON_HABITABLE,10.1999,1091.0,235.772,1.7063264,0.026130526566080888,0.0,4974.0,0.9,0.8175243805445696,0.4466865264745289,K,-1.2560577299282591,3
1781.01,tess,NON_HABITABLE,15.6498,1848.0,1939.51,2.9720774,0.046062422788035996,0.0,6101.12,1.95,1.4760482365876568,4.746813852265129,F,-1.2808045494186764,3
1782.01,tess,NON_HABITABLE,2.4703077,697.8376698,56.0452278,4.9877056,0.04856601887477763,0.0,4336.0,0.668693,0.6142940935420587,0.14239848156961127,K,-1.1325627571484205,3
1782.02,tess,NON_HABITABLE,2.1268375,974.9472494,213.5233995,1.8290294,0.02488164490058994,0.0,4336.0,0.668693,0.6142940935420587,0.14239848156961127,K,-1.2190666323088486,3
1782.03,tess,NON_HABITABLE,2.9737536,448.7537809,9.5841474,18.7559765,0.11744244480820117,0.0,4336.0,0.668693,0.6142940935420587,0.14239848156961127,K,-0.8810012104115418,3
1783.01,tess,NON_HABITABLE,2.2822776,1520.4997021,1263.1832531,1.4198659,0.024126337833720313,0.0,5406.0,0.984511,0.9293087052315412,0.7458302975813478,G,-1.2714400927648997,3
1784.01,tess,NON_HABITABLE,6.75578,1014.0,175.656,2.0937563,0.03437935471743128,0.0,6435.69,1.23,1.2365775275283095,2.338220151067621,F,-1.278956242686715,3
1785.01,tess,NON_HABITABLE,4.25882,1120.0,261.664,11.0023133,0.11859998853665477,0.0,6264.0,2.87,1.8385116026326094,11.425244427582806,F,-1.2615842704645637,3
1787.01,tess,NON_HABITABLE,28.8458,1172.0,313.381,8.7046669,0.0934949224564149,0.0,6427.0,1.67,1.4389318085377372,4.287072738795933,F,-1.247708481837674,3
1789.01,tess,NON_HABITABLE,12.3921,1287.0,455.479,3.2087149,0.04932820261299552,0.0,5971.4,2.26,1.5552637906066524,5.850813351487689,G,-1.2818364368627462,3
179.01,tess,NON_HABITABLE,2.6757659,918.6796864,168.3361754,4.1374379,0.046529799234248305,0.0,5058.0,0.802633,0.7850747479022525,0.37987790447617203,K,-1.2058949515780621,3
1792.01,tess,NON_HABITABLE,1.28915,973.0,149.167,8.8164887,0.08206426090043664,0.0,5502.5,0.99,0.9485305565972239,0.8094784742118546,G,-1.1842310812123495,3
1793.01,tess,NON_HABITABLE,4.36639,562.0,16.5899,55.087,0.2669441968134106,0.0,5175.0,0.87,0.8362644941048963,0.4890740635821889,K,-0.7838540344269769,3
1794.01,tess,NON_HABITABLE,3.3302665,992.0587214,228.9130329,8.7655468,0.0865830608253118,0.0,5707.0,1.29921,1.1269930231086713,1.61318772913551,G,-1.2159890400146809,3
1796.01,tess,NON_HABITABLE,3.812114,594.0533593,29.4322068,2.6438856,0.02735200198206784,0.0,3456.0,0.425432,0.3905372718287085,0.023262155384496445,M,-1.0627763788210258,3
1797.01,tess,NON_HABITABLE,2.99324,1143.0,283.719,3.6451549,0.047133470560832016,0.0,5922.0,1.05,1.0513243665282872,1.2216503413257862,G,-1.2511697728908546,3
1797.02,tess,NON_HABITABLE,1.53671,1926.0,2287.71,1.0376109,0.020395848491674563,0.0,5922.0,1.05,1.0513243665282872,1.2216503413257862,G,-1.2845105449544847,3
1798.01,tess,NON_HABITABLE,2.3381058,737.0887807,69.7589934,8.0214735,0.07257815716520476,0.0,5165.2,0.784618,0.7926654947546423,0.39478424623513064,K,-1.150739963919942,3
1798.02,tess,NON_HABITABLE,1.374002,1943.1657306,3369.4605233,0.4378083,0.010443013238461552,0.0,5165.2,0.784618,0.7926654947546423,0.39478424623513064,K,-1.287036159671938,3
1799.01,tess,NON_HABITABLE,1.6277147,911.9619079,163.4661355,7.093853,0.07138453723102849,0.0,5690.0,0.956941,0.9643363224719147,0.8647968527553983,G,-1.2041463537315056,3
180.01,tess,NON_HABITABLE,10.0508253,2917.1103577,17113.247799,0.8353899,0.019942148776181973,0.0,6082.0,2.0701201,1.5160651493506305,5.282888662095104,F,-1.297985262357673,3
1800.01,tess,NON_HABITABLE,12.4249,1289.0,459.542,4.1244833,0.051889340088619555,0.0,5634.0,1.26,1.0956599645054255,1.4411300403809975,G,-1.250369903076483,3
1801.01,tess,NON_HABITABLE,1.98891,504.0,10.7276,10.6439385,0.0746662963199827,0.0,3815.0,0.55,0.49017320215297916,0.05772956146710715,K,-0.881639685919789,3
1802.01,tess,NON_HABITABLE,2.5066457,397.8391483,5.9204002,16.7961107,0.10256594590751476,0.0,3859.0,0.582436,0.5102377202286106,0.06777823352251139,K,-0.7669626650177288,3
1803.01,tess,NON_HABITABLE,4.21693,576.0,18.3406,12.8858629,0.09553956459382079,0.0,4868.61,0.69,0.7006533611441713,0.24099766730043276,K,-1.0417159536241762,3
1803.02,tess,NON_HABITABLE,2.98555,769.0,58.2524,6.2932111,0.05925010443461452,0.0,4868.61,0.69,0.7006533611441713,0.24099766730043276,K,-1.1435986477567046,3
1804.01,tess,NON_HABITABLE,2.74529,1060.0,210.206,4.9246365,0.05604450712519346,0.0,5428.81,1.06,0.9683475375206453,0.8792755764574582,G,-1.2275680968724552,3
1805.01,tess,NON_HABITABLE,2.9822257,538.7398234,19.9084441,24.0510453,0.15376324037922398,0.0,5232.43,0.855433,0.8384363614255949,0.4941745988164658,G,-1.0084771592963657,3
1806.01,tess,HABITABILITY_ZONE,2.8411799,308.7009384,2.1462129,15.1512051,0.08518466188563731,0.0,3272.0,0.401575,0.35922810440949304,0.01665256840720886,M,-0.40014087824098593,3
1806.02,tess,NON_HABITABLE,2.7663658,378.8654659,4.8692389,8.1960758,0.05655451252231916,0.0,3272.0,0.401575,0.35922810440949304,0.01665256840720886,M,-0.7059210589687043,3
1806.03,tess,NON_HABITABLE,1.8451862,961.1999156,201.7325126,0.5019031,0.00878637775768489,0.0,3272.0,0.401575,0.35922810440949304,0.01665256840720886,M,-1.216101732355978,3
1807.01,tess,NON_HABITABLE,1.53904,1706.0,1407.22,0.54937,0.011586185931586503,0.0,4612.99,0.74,0.6874989680113472,0.22340258928339451,K,-1.276158465892701,3
1809.01,tess,NON_HABITABLE,12.4681,1281.0,447.82,4.6170519,0.05529627084605091,0.0,5797.0,1.11,1.058128634880238,1.2535852381605284,G,-1.2418750198228978,3
181.01,tess,NON_HABITABLE,7.0590799,850.9218562,123.9023995,4.5320502,0.04922760002674588,0.0,4983.0,0.805573,0.7748488907027458,0.36046911683524646,K,-1.1969375127244561,3
1810.01,tess,NON_HABITABLE,15.4709,1697.0,1378.13,1.3273482,0.023601934819048768,0.0,5555.05,1.07,0.9955281359695481,0.9822321719799179,G,-1.2771212350833772,3
1811.01,tess,NON_HABITABLE,11.7215,762.0,55.9743,3.7130701,0.042365987852689434,0.0,4719.0,0.81,0.7358108108108108,0.293132962696583,K,-1.2020955600585417,3
1812.02,tess,NON_HABITABLE,2.7371461,623.412155,35.6962064,11.6098182,0.09130413556461105,0.0,5059.36,0.738692,0.7533572259708217,0.32210972198132737,K,-1.0882182698085991,3
1812.03,tess,HABITABILITY_ZONE,5.0923959,307.5828267,2.1152872,48.3320223,0.23628173315837836,0.0,5059.36,0.738692,0.7533572259708217,0.32210972198132737,K,-0.7361512737159902,3
1814.01,tess,NON_HABITABLE,5.1407901,977.8321546,216.0619339,6.3684627,0.0739695947894114,0.0,4971.0,2.3894999,1.3312847252018538,3.141114707079146,K,-1.2524208831092178,3
1817.01,tess,NON_HABITABLE,6.0631073,957.0695694,198.2873611,13.3983724,0.11987620749062998,0.0,6131.3,1.45244,1.2801926939264148,2.6859713588613934,F,-1.209132206522166,3
1818.01,tess,NON_HABITABLE,10.0325305,1378.4287279,853.2145726,5.5115114,0.06800064358970082,0.0,6236.9,1.63332,1.3809504579310334,3.6367411745134337,F,-1.26079794046817,3
182.01,tess,NON_HABITABLE,11.6236,1780.0,1670.21,1.76918,0.02809635845639171,0.0,5569.0,0.96,0.9453366859015605,0.7986307867001841,G,-1.2666119105527511,3
1820.01,tess,NON_HABITABLE,11.4272,1151.0,292.245,4.860673,0.059417477275682896,0.0,5778.2,1.4,1.1844869093106791,1.9684349228347382,G,-1.251574674044683,3
1821.01,tess,NON_HABITABLE,2.4304,708.0,41.924,9.4893231,0.0806912308251997,0.0,5120.0,0.77,0.7783752193944502,0.36707601181554655,K,-1.1263848007618733,3
1822.01,tess,NON_HABITABLE,14.5701,1037.0,192.623,9.6136615,0.09600421468798735,0.0,5637.7,1.71,1.2772434809770923,2.6613057905740574,G,-1.2288343361644465,3
1823.01,tess,NON_HABITABLE,8.20695,486.0,9.29717,38.8135498,0.20354383140471727,0.0,4760.0,0.82,0.7467711929579712,0.31099272227526986,K,-0.8068956761693038,3
1824.01,tess,NON_HABITABLE,2.45459,544.0,14.6287,22.8085719,0.1469031980318567,0.0,5182.0,0.82,0.8129765382160099,0.4368295907152555,K,-1.0036048892714005,3
1825.01,tess,NON_HABITABLE,10.7723,768.0,57.9125,10.1824299,0.09034783674792411,0.0,5450.0,1.01,0.9489227674135283,0.8108181598245359,G,-1.1716560535276697,3
1826.01,tess,NON_HABITABLE,12.9812632,1182.988488,462.8529919,4.1419805,0.05063209098148277,0.0,5418.3,1.15614,1.009350351229163,1.0379292569391243,G,-1.2414468824720026,3
1827.01,tess,NON_HABITABLE,1.3241394,639.3631768,39.492214,1.467119,0.017441697938027554,0.0,3297.0,0.331472,0.3288637836003709,0.011696722761789723,M,-1.0876722744817935,3
1828.01,tess,NON_HABITABLE,8.09838,1020.0,180.272,9.0941239,0.09176172198978448,0.0,5759.8,1.56,1.2463596490358662,2.4130900060103015,G,-1.2285289913700077,3
1829.01,tess,NON_HABITABLE,15.9901,930.0,124.221,6.2895835,0.0660948192229791,0.0,5565.0,1.02,0.9737308555437449,0.8989917960928363,G,-1.2138671572450397,3
1831.01,tess,NON_HABITABLE,4.4033839,3711.6634241,44853.3980885,0.5553244,0.016057106034397695,0.0,6864.0,2.2681701,1.7909718631131846,10.288570832215223,F,-1.3030438970904341,3
1832.01,tess,NON_HABITABLE,7.61178,837.0,81.7443,4.1508569,0.045132069979679286,0.0,4652.0,0.78,0.7118044274109,0.2567099723436677,K,-1.1871739494887592,3
1833.01,tess,NON_HABITABLE,17.0086591,1622.8246189,1639.1071763,3.6935997,0.05243425273097773,0.0,6097.47,1.78076,1.409697877100883,3.9491550296446167,F,-1.2735778926971661,3
1834.01,tess,NON_HABITABLE,16.0243,2139.0,3477.13,1.2164402,0.022163885664857365,0.0,5610.0,1.02,0.9816046899551499,0.928424299949649,G,-1.278240473155721,3
1835.01,tess,NON_HABITABLE,1.8245844,843.1141848,119.4171181,5.6419598,0.057859299831509274,0.0,5297.0,0.782479,0.8117830816422782,0.43427015509006106,G,-1.1889338593173864,3
1836.01,tess,NON_HABITABLE,8.2227994,897.7592727,153.5184581,20.3807824,0.16337019310157055,0.0,6351.0,1.61988,1.4004164772371401,3.8461732943701006,F,-1.195132047198198,3
1837.01,tess,NON_HABITABLE,7.8231031,1453.0357399,1053.479741,5.8182239,0.0717729069329131,0.0,5961.28,1.99038,1.457072622528852,4.507386427289583,G,-1.2633499651985314,3
1838.01,tess,NON_HABITABLE,14.231871,1618.6367047,1622.2528254,2.1747062,0.03465625240142924,0.0,6046.76,1.2561899,1.1741512849605313,1.9006240958335368,F,-1.2752968370630509,3
1839.01,tess,NON_HABITABLE,2.6855348,1405.3497526,921.846663,1.4238067,0.023543587807982616,0.0,5382.69,0.848099,0.858808475470767,0.5439829490758681,G,-1.2659480674904748,3
1840.01,tess,NON_HABITABLE,14.2866,1442.0,718.188,7.8456075,0.08632957084335097,0.0,6266.0,1.65,1.3944599330893226,3.7811522162542923,F,-1.2487543052800698,3
1841.01,tess,NON_HABITABLE,15.3684,1027.0,185.119,4.3011975,0.04996316530250201,0.0,5115.16,1.03,0.8993971617826944,0.6543438891614144,K,-1.2248152117202102,3
1842.01,tess,NON_HABITABLE,12.4956,1208.0,354.639,9.5739531,0.1013871862685884,0.0,6115.0,2.05,1.516865485134007,5.294052915942597,F,-1.2492116970046987,3
1844.01,tess,NON_HABITABLE,11.0975,918.0,118.075,3.2130578,0.03737088772990545,0.0,4652.87,0.7,0.6744404604399868,0.2069066574744242,K,-1.1967105028241596,3
1845.01,tess,NON_HABITABLE,13.3480688,1066.031538,305.2117259,3.6610026,0.044666121042532834,0.0,5271.0,0.943402,0.8869825791031495,0.618956831119413,G,-1.231695166396447,3
1846.01,tess,NON_HABITABLE,1.7902006,523.4432264,17.7418678,3.9306746,0.03562163394003037,0.0,3512.0,0.411452,0.3902903142849883,0.023203371566566357,M,-0.9876401696547381,3
1847.01,tess,NON_HABITABLE,8.9807,485.0,9.24196,35.4557945,0.19617460057979322,0.0,5076.0,0.83,0.801187817874852,0.41203807427199246,K,-0.8887316639077518,3
1847.02,tess,NON_HABITABLE,4.21676,550.0,15.1947,12.7645811,0.09927860679901943,0.0,5076.0,0.83,0.801187817874852,0.41203807427199246,K,-1.0967796323602585,3
1849.01,tess,NON_HABITABLE,8.40839,942.0,130.902,9.862756,0.09104318469836784,0.0,5595.0,1.14,1.0349662650747606,1.1473733978809573,G,-1.1927990123480399,3
185.01,tess,NON_HABITABLE,15.342,2251.0,4266.74,0.9414525,0.020455603841125845,0.0,6400.0,1.35,1.2883104685929037,2.7547496923796566,F,-1.2929571205810693,3
1850.01,tess,NON_HABITABLE,16.4641,774.0,59.8747,7.39143,0.07342070418977048,0.0,5224.6,1.14,0.9664494635405889,0.8724018891029699,G,-1.2016039344284808,3
1851.01,tess,NON_HABITABLE,10.0342,562.0,16.6492,6.0179742,0.0572106953613401,0.0,4567.0,0.76,0.6897814093953658,0.22638411054106358,K,-1.1442212115293144,3
1852.01,tess,NON_HABITABLE,13.4654,1321.0,505.623,2.3601883,0.03324932139047383,0.0,5356.0,0.9,0.8803097270198461,0.6005400870042648,G,-1.2508092555561419,3
1853.01,tess,NON_HABITABLE,3.89334,1272.0,435.33,1.2436239,0.020913216609461407,0.0,4968.8,0.84,0.7889778971966936,0.3874889724124125,K,-1.2636394808854463,3
1854.01,tess,NON_HABITABLE,12.697976,1089.5431103,333.0417477,2.5267353,0.03345261613495202,0.0,4836.0,0.871731,0.7822601644836013,0.3744595058498427,K,-1.2345984503240286,3
1855.01,tess,NON_HABITABLE,19.5876,1505.0,852.162,1.3641482,0.02376910338305711,0.0,5347.0,1.08,0.9627105684065267,0.8589798132991259,G,-1.2745967720199234,3
1857.01,tess,NON_HABITABLE,10.4239,2359.0,5149.47,0.7759895,0.020396641929470063,0.0,7218.0,2.26,1.8799434036572358,12.490479171389559,F,-1.3019891919411768,3
1858.01,tess,NON_HABITABLE,18.3695,933.0,126.014,2.0912089,0.027604475331160384,0.0,4220.9,0.77,0.6416882741293036,0.1695494608827566,K,-1.2175464253456625,3
1859.01,tess,NON_HABITABLE,11.1495,615.0,23.786,63.4839358,0.3412142798635984,0.0,6415.0,1.4,1.3150260501934872,2.990456053023016,F,-1.0379960306966705,3
186.01,tess,NON_HABITABLE,3.12194,505.0,10.8612,35.6134391,0.18589360007290606,0.0,4628.53,0.71,0.6756875781295906,0.20844128394090847,K,-0.7487676160095229,3
186.02,tess,NON_HABITABLE,1.00084,966.0,144.765,7.7897726,0.06748465238280617,0.0,4628.53,0.71,0.6756875781295906,0.20844128394090847,K,-1.1062206471482627,3
1860.01,tess,NON_HABITABLE,1.0883,1515.0,876.703,1.0662082,0.020057779849076716,0.0,5668.0,0.93,0.9469891287821911,0.8042294523671006,G,-1.2791172284551224,3
1861.01,tess,NON_HABITABLE,11.1888239,466.0296958,11.1474457,742.5142746,1.5938709721720112,0.0,5490.0,1.06113,0.9797839445506937,0.9215550303072786,G,0.9783876940883779,3
1862.01,tess,NON_HABITABLE,11.4462895,1379.0312841,854.7074229,5.6442112,0.0693749901595549,0.0,6310.0,1.63591,1.3982432788285373,3.822354490246581,F,-1.261037187690984,3
1864.01,tess,NON_HABITABLE,19.0536,1818.0,1816.48,1.6453265,0.028975598426741092,0.0,6023.0,1.32,1.198873902290317,2.065827362127766,F,-1.2821582874041715,3
1865.01,tess,NON_HABITABLE,7.38849,1509.0,861.54,1.2239134,0.026129730577340353,0.0,6618.5,1.92,1.5888535370609305,6.372875885679184,F,-1.2956776579816371,3
1866.01,tess,NON_HABITABLE,10.9791817,2134.7771952,4908.3013736,2.1863095,0.03868494881146699,0.0,6728.0,1.92153,1.6157837831810133,6.81605333483502,F,-1.289521203521873,3
1868.01,tess,NON_HABITABLE,12.1777996,1126.900714,381.1216482,8.8263579,0.09127014832387761,0.0,6016.0,1.56043,1.3019780147465239,2.8735225070302066,F,-1.2357358749850738,3
1869.01,tess,NON_HABITABLE,5.5640916,1858.5229504,2819.6338493,1.6024387,0.027760753337800807,0.0,5435.9,1.39294,1.1115047967874663,1.5263191919775951,G,-1.2789738225070009,3
187.01,tess,NON_HABITABLE,19.2342563,3117.5523161,22324.2050264,0.5125807,0.014192196854013265,0.0,6725.0,1.55195,1.451459187975114,4.43832719601808,F,-1.3006587063323545,3
1870.01,tess,NON_HABITABLE,16.4097207,1666.9054026,1824.5880178,2.7633917,0.04258762260395816,0.0,6511.0,1.43103,1.349415648393649,3.3157590865281708,F,-1.2777090725530436,3
1872.01,tess,NON_HABITABLE,11.1799,1949.965924766831,3419.38,2.2349708,0.03714455924770519,0.0,6305.2,1.57,1.3687444483011164,3.5098574852301456,F,-1.2826173263252914,4
1873.01,tess,NON_HABITABLE,3.93465,672.0,34.0216,24.9341884,0.16548402489696895,0.0,5699.0,0.97,0.9724296710401247,0.8941961728123317,G,-1.0687496479423466,3
1873.02,tess,HABITABILITY_ZONE,3.6185236,183.0091807,0.2651017,900.1930987,1.8081782988814916,0.0,5699.0,0.971675,0.9732689066804892,0.8972870424506472,G,1.320941761826248,3
1873.03,tess,NON_HABITABLE,3.1039232,923.4952393,171.8935756,7.0056805,0.07100970111224633,0.0,5699.0,0.971675,0.9732689066804892,0.8972870424506472,G,-1.2066248187547495,3
1874.01,tess,NON_HABITABLE,19.3843075,1006.6890424,242.7182138,17.8683999,0.1549298876308524,0.0,7013.0,1.63559,1.553870206732026,5.829871189094222,F,-1.2215067683390342,3
1875.01,tess,NON_HABITABLE,15.4356,631.0,26.4473,11.3091849,0.10260534129939448,0.0,5817.0,1.25,1.1267504699511675,1.6117994065162424,G,-1.1985547571502275,3
1876.01,tess,NON_HABITABLE,11.487382,1412.5995193,941.0164562,6.4827647,0.07853822518871593,0.0,6748.0,1.73025,1.537811769637433,5.5925866519060214,F,-1.2641712498734903,3
1878.01,tess,NON_HABITABLE,6.9705803,1293.8496408,662.3022648,3.2351013,0.04376041375069249,0.0,5976.0,1.06446,1.068191061504938,1.3019543533652118,G,-1.2570854765667032,3
1879.01,tess,NON_HABITABLE,17.0437214,1001.2767573,237.5404319,13.7045951,0.12489997868964965,0.0,6531.0,1.49611,1.383996921909733,3.668939048085228,F,-1.2200726056499456,3
188.01,tess,NON_HABITABLE,3.4842503,2358.2580075,7309.4764762,1.1619531,0.02428754153634974,0.0,6340.3,1.66089,1.4156435688424218,4.016203231913872,F,-1.2932400816388425,3
1880.01,tess,NON_HABITABLE,8.0540139,667.2699818,46.8519157,1.7263781,0.021884320518176514,0.0,3631.4,0.556058,0.4691457792529264,0.048443024921413586,M,-1.1729045015700472,3
1882.01,tess,NON_HABITABLE,18.4456585,2248.1874488,6037.4156662,3.0898836,0.051901662466387735,0.0,8828.7,1.63132,1.9536196623912672,14.566662917899961,A,-1.2912008706550357,3
1883.01,tess,NON_HABITABLE,5.5521734,524.924579,17.943561,4.5063838,0.04008763449620227,0.0,3477.0,0.493576,0.42320947791663305,0.03207905315870676,M,-1.001464097430198,3
1884.01,tess,NON_HABITABLE,9.0508641,833.6239348,114.1304957,6.7822781,0.06643216192346346,0.0,5225.0,0.882285,0.8502848091608316,0.5227062354211174,G,-1.183301921598705,3
1885.01,tess,NON_HABITABLE,14.1513,1176.0,318.224,6.5440665,0.0771834413270219,0.0,6232.0,1.76,1.4323773869365801,4.20949331924184,F,-1.2580949488561495,3
1886.01,tess,NON_HABITABLE,12.8342008,1274.3892523,623.3463235,2.5128483,0.03564200902739713,0.0,5744.0,0.924044,0.9566089383753147,0.8374092197252031,G,-1.256262491113741,3
1887.01,tess,NON_HABITABLE,2.5006782,913.1591724,164.3262502,2.2001583,0.02820782926172379,0.0,4250.0,0.705729,0.6185596542570141,0.14639503856068098,K,-1.2083342224001903,3
1889.01,tess,NON_HABITABLE,5.4104686,1369.4455626,831.1895877,0.9134495,0.01658367428434488,0.0,4791.0,0.771805,0.7292117237331005,0.2827577838947606,K,-1.2669600675054034,3
189.01,tess,NON_HABITABLE,8.0065,1332.0,523.7,2.1940608,0.033794799721440894,0.0,6054.0,1.04,1.0696280019158255,1.3089741057888253,F,-1.2692324747038537,3
1890.01,tess,NON_HABITABLE,10.0136343,759.6234924,78.6890952,19.9676936,0.1506189563779446,0.0,5857.0,1.26949,1.1433087933113553,1.7086541858240851,G,-1.1511329947888047,3
1891.01,tess,NON_HABITABLE,14.7142,681.5288290941722,51.0242,15.3617729,0.12652678409897455,0.0,5984.0,1.22,1.1451046487673002,1.7194149997230108,G,-1.176953537810899,4
1892.01,tess,NON_HABITABLE,2.231604,557.2150449,22.7830749,1837.8897313,2.7395735278388136,0.0,5256.0,0.795285,0.8120643211397292,0.4348722735964619,G,3.0,3
1894.01,tess,HABITABILITY_ZONE,6.2876421,197.8803761,0.362353,739.2389832,1.6027934711662688,0.0,5611.0,1.0692,1.0051790335673039,1.020877624977009,G,0.8763933755238247,3
1895.01,tess,HABITABILITY_ZONE,9.5710516,256.91938,1.0296947,748.0739416,1.792572609764798,0.0,6762.0,1.37387,1.3731616447282238,3.555385170841092,F,0.00032349805526529204,3
1898.01,tess,NON_HABITABLE,9.7055757,681.5974916,51.0073705,45.5221456,0.2781863544935753,0.0,6303.91,1.61034,1.3859337542997452,3.6895201657675054,F,-1.110335708939987,3
1899.01,tess,HABITABILITY_ZONE,12.1826517,323.8830195,2.600601,29.0902271,0.14931900437332574,0.0,3854.0,0.617863,0.524845505260043,0.07587975660332336,K,-0.5628438595823655,3
190.01,tess,NON_HABITABLE,11.7679183,972.9644217,211.7916534,10.0205998,0.09615937119370514,0.0,6038.0,1.27527,1.1813208192366718,1.9474729387483236,F,-1.21497429255696,3
1900.01,tess,NON_HABITABLE,12.5182693,1265.7755651,606.6634527,3.0566277,0.04139190844620669,0.0,5735.0,1.03865,1.0126088355966172,1.051397282421272,G,-1.2543070575656858,3
1901.01,tess,NON_HABITABLE,15.437,1676.0,1310.22,1.3666563,0.024206955127850243,0.0,5790.4,1.02,1.0131700172399822,1.053729932493151,G,-1.2774419898448959,3
1902.01,tess,NON_HABITABLE,16.7675,1587.0,1054.66,1.6091845,0.029513850811371194,0.0,6393.0,1.43,1.324483037606501,3.077411716897686,F,-1.2867555799960768,3
1903.01,tess,NON_HABITABLE,12.3434,1761.0,1599.92,3.8404319,0.05447461208561822,0.0,5909.0,2.04,1.4621864374310363,4.570997724420987,G,-1.2748265692701262,3
1904.01,tess,NON_HABITABLE,17.0257,1597.0,1080.87,4.3247708,0.061171153433100804,0.0,6457.0,2.13,1.6326544098456466,7.105212363271173,F,-1.2783144448159385,3
1905.01,tess,NON_HABITABLE,12.8433,687.0,37.0251,5.72226,0.05357796404776554,0.0,4233.2,0.73,0.626619484661784,0.15417557626535477,K,-1.1218797711840984,3
1906.01,tess,NON_HABITABLE,12.3182,925.0,121.918,9.6246665,0.08967957878855753,0.0,5473.0,1.2,1.038699084277815,1.1640161206727229,G,-1.1953814233471398,3
1907.01,tess,NON_HABITABLE,20.3433,1735.0,1506.5,5.4774433,0.0731255121336444,0.0,6942.0,2.09,1.738727127347683,9.139569082915632,F,-1.2766059214527727,3
1908.01,tess,NON_HABITABLE,12.8031,1527.0,903.013,3.65688,0.05117507046215672,0.0,6239.0,1.53,1.337009147517078,3.1954903801809027,F,-1.2704871028773563,3
1909.01,tess,NON_HABITABLE,12.7595,1138.0,278.886,4.1536624,0.05143997702685315,0.0,5818.8,1.09,1.0524957642766584,1.227104155585999,G,-1.2459424279020435,3
191.01,tess,NON_HABITABLE,12.7393,1059.0,209.118,8.1587261,0.07851910140851756,0.0,5600.0,1.0,0.9702009702009702,0.8860267183485988,G,-1.1949750370807353,3
1910.01,tess,NON_HABITABLE,13.3752,1087.0,232.397,5.4161129,0.06089603934343428,0.0,5652.0,1.1,1.0270040904119364,1.1124709865930662,G,-1.2303694013636668,3
1911.01,tess,NON_HABITABLE,9.95177,1125.0,266.851,7.8181434,0.08262517272770412,0.0,5549.0,1.64,1.2311481771834676,2.29742480440725,G,-1.2348125645851438,3
1912.01,tess,NON_HABITABLE,13.4237,1507.0,857.119,5.4053583,0.06743721054759652,0.0,6410.0,1.59,1.4003296009148913,3.845218977410712,F,-1.2625447860197443,3
1913.01,tess,NON_HABITABLE,13.011038,1330.3337928,740.224566,3.3489038,0.045181811288286355,0.0,5711.0,1.2295901,1.0971500232341962,1.4489855902997013,G,-1.2582115313838973,3
1914.01,tess,NON_HABITABLE,11.5425702,1531.5517841,1300.3125192,4.1933422,0.05714471315590102,0.0,6405.0,1.6277601,1.4157546966523884,4.017464465843772,F,-1.2706493612122498,3
1915.01,tess,NON_HABITABLE,13.2497142,1622.3537935,1637.2058065,2.2920348,0.03625148042038282,0.0,6208.0,1.26526,1.2098047213834144,2.142205353028487,F,-1.275806673170343,3
1916.01,tess,NON_HABITABLE,14.4776426,2800.5022616,14536.662674,1.888231,0.038631294714977976,0.0,8549.0,2.12128,2.157187988068601,21.654690119277166,A,-1.298501697619281,3
1917.01,tess,NON_HABITABLE,15.6593,1958.0,2440.7,1.82069,0.03134152044569232,0.0,6155.0,1.35,1.2389923334670818,2.356538157742415,F,-1.281804340532015,3
1919.01,tess,NON_HABITABLE,19.6222,1491.0,822.444,4.2337078,0.056267329320588054,0.0,6333.7,1.46,1.3258903028925144,3.0905115953124325,F,-1.2658302861195534,3
192.01,tess,NON_HABITABLE,7.23153,1091.0,235.573,3.9227122,0.04249447306736355,0.0,4800.0,0.64,0.6652806652806653,0.19589331145810898,K,-1.177616217203514,3
1920.01,tess,NON_HABITABLE,10.5577,1301.0,476.965,2.5441537,0.03788546071838458,0.0,5652.0,1.31,1.1207570478179356,1.5777780661920338,G,-1.2683737628377094,3
1921.01,tess,NON_HABITABLE,14.829,1416.0,669.018,5.17958,0.06492778529800591,0.0,6116.0,1.65,1.361078351543935,3.4318832550240157,F,-1.2616385303445437,3
1922.01,tess,NON_HABITABLE,19.1571223,1599.5559785,1547.1013862,4.5768651,0.06239408965242065,0.0,6687.0,1.78295,1.5469439663555458,5.726619550589615,F,-1.2740081269150245,3
1923.01,tess,NON_HABITABLE,12.1025,1210.0,355.909,4.2042078,0.05440210900090606,0.0,6781.0,1.07,1.21523231834268,2.180907485879928,F,-1.259171469029904,3
1924.01,tess,NON_HABITABLE,17.7861,2332.0,4913.69,2.8240691,0.04826773316244957,0.0,8004.2,1.84,1.8810507848555535,12.519935266578358,A,-1.2911423187940794,3
1925.01,tess,NON_HABITABLE,13.4487,1178.0,320.327,2.3447752,0.03424411495663601,0.0,5515.0,1.04,0.9743968335919685,0.9014537630891148,G,-1.2602337403641948,3
1926.01,tess,NON_HABITABLE,3.0265786,1391.8701134,886.9841113,1.3372349,0.02224683733737588,0.0,5111.9,0.860256,0.821428718133167,0.4552810025689048,K,-1.2645016436710796,3
1927.01,tess,NON_HABITABLE,15.4112805,1032.6277308,268.7176151,4.1117731,0.04848870859323137,0.0,5424.8,0.916164,0.8995887594393024,0.6549016441920218,G,-1.227362606148659,3
1928.01,tess,NON_HABITABLE,14.7731999,1346.0744113,775.8848566,2.278575,0.03308353468253026,0.0,4879.0,1.21163,0.9304424253050434,0.7494764976604843,K,-1.2572738688545848,3
1929.01,tess,NON_HABITABLE,14.7144,1298.0,471.61,3.8537616,0.04836383046730925,0.0,5697.0,1.06,1.0161851163063573,1.066329241068652,G,-1.2453926121670567,3
193.01,tess,NON_HABITABLE,12.9674,1571.0,1013.69,0.7920646,0.016352933183224314,0.0,5422.0,0.98,0.9299213712111651,0.7477990596147832,G,-1.283880064604176,3
1930.01,tess,NON_HABITABLE,12.863,1297.0,471.142,2.8786641,0.042215703977683657,0.0,6017.0,1.35,1.2112131389880472,2.1521983458689635,F,-1.2702827780046944,3
1931.01,tess,NON_HABITABLE,11.3749,1639.0,1200.24,3.8186276,0.05477188884424046,0.0,6090.0,2.03,1.5032769180360326,5.106883570320295,F,-1.2765387883203285,3
1932.01,tess,NON_HABITABLE,18.3701736,1583.7517779,1486.8578958,5.6107737,0.07151455092833549,0.0,6013.5,2.21327,1.5499517955980793,5.771288254826118,F,-1.268914993054852,3
1933.01,tess,NON_HABITABLE,15.0902486,1912.7466985,3163.3762217,3.2633165,0.050783788360500896,0.0,6561.0,2.08347,1.6407308386847594,7.24685153610563,F,-1.2839431692656362,3
1934.01,tess,NON_HABITABLE,18.5483,1599.0,1085.35,4.5111234,0.06091525912896002,0.0,6540.6,1.71,1.4817990868046846,4.821223793507602,F,-1.2717072555811708,3
1935.01,tess,NON_HABITABLE,11.2110231,1365.1232387,196.663,4.4352884,0.05722726375292234,0.0,6245.0,1.38,1.2710003305148945,2.609652338968512,F,-1.2611188521888572,3
1936.01,tess,NON_HABITABLE,12.801,1361.0,570.233,2.3506186,0.03406403449020503,0.0,5593.0,0.97,0.9543427180430633,0.8295020356730781,G,-1.258395150907992,3
1937.01,tess,NON_HABITABLE,14.6661,1646.0,1220.35,0.9466787,0.019010756552521695,0.0,5707.0,1.07,1.0227593040527467,1.0941925560424748,G,-1.2848950381339912,3
1938.01,tess,NON_HABITABLE,11.4460032,864.4786335,131.9890966,12.7060866,0.11098121875810457,0.0,6200.5,1.10563,1.129549575123591,1.6278754971399223,F,-1.19005826735224,3
194.01,tess,NON_HABITABLE,15.9746,1023.8273106847915,259.864,4.8996461,0.06098432797650983,0.0,5940.0,1.5,1.2603923312657723,2.5236144667135476,G,-1.2570339441494,4
1940.01,tess,NON_HABITABLE,19.3376794,1860.4566612,2831.3869926,3.4158668,0.05120375398053768,0.0,5986.0,2.19052,1.5349138378988305,5.55054982937293,G,-1.2799890066810566,3
1943.01,tess,NON_HABITABLE,3.2459,2157.0,3594.0,1.742573,0.027327652430632756,0.0,5309.7,0.95,0.8966138934967456,0.6462816971869114,G,-1.2630924951694154,3
1949.01,tess,NON_HABITABLE,15.4381,1546.0,948.955,4.6211026,0.06019562024038867,0.0,6531.7,1.45,1.3626487059996126,3.4477489315381953,F,-1.2652623186150844,3
195.01,tess,NON_HABITABLE,14.2954,1708.0,1414.87,2.0727598,0.032220813623714095,0.0,5640.0,1.13,1.0387044765042173,1.1640402920133157,G,-1.2687830445061719,3
1951.01,tess,NON_HABITABLE,19.9103402,1620.2980383,1628.9232666,4.829406,0.06290902450025142,0.0,5877.5,1.95583,1.4240717363988682,4.112704139410995,G,-1.26718949117139,3
1954.01,tess,NON_HABITABLE,9.7548163,1685.6817323,1908.1975034,4.9064175,0.06791490677019513,0.0,7119.5,1.98083,1.7359882221197507,9.082117105987384,F,-1.2788836271888293,3
1958.01,tess,NON_HABITABLE,33.3954,865.0,93.0211,14.6483913,0.14655002880199564,0.0,4851.6,5.42,1.9568534767794032,14.663351081468054,K,-1.2571966325733444,3
196.01,tess,NON_HABITABLE,8.4237328,3797.3512801,49141.0122425,1.1630372,0.02843368846453134,0.0,6495.0,4.0595698,2.2672156957910645,26.422344946856196,F,-1.302319531249741,3
1960.01,tess,NON_HABITABLE,5.7387,1724.0,1467.54,5.3418199,0.07570988542015682,0.0,6466.2,3.28,2.028895751220518,16.94489689814612,F,-1.2845944529479285,3
1961.01,tess,NON_HABITABLE,5.02216,824.7518303956108,109.429,6.7018963,0.07652581769286133,0.0,6231.8,1.52,1.331094774210051,3.1393223627191253,F,-1.2504160493883503,4
1964.01,tess,NON_HABITABLE,5.8435673,2978.9067943,18610.0980659,0.6466988,0.01649200221661478,0.0,6308.3,1.71404,1.4308578568187076,4.191659246544952,F,-1.2988412318445894,3
1966.01,tess,NON_HABITABLE,6.3159749,3509.3947426,35846.7581896,0.6227257,0.01697330488426767,0.0,6390.7,2.30849,1.6822328413508736,8.008375510647253,F,-1.301676894364054,3
1967.01,tess,NON_HABITABLE,4.3877473,2918.8715623,17154.6137164,0.4262223,0.01155635949049064,0.0,5343.0,1.4990799,1.1333687721562067,1.6500038942461273,G,-1.297543852166047,3
1968.01,tess,NON_HABITABLE,13.8556,1614.075409106898,1605.22,3.97195,0.055035643720007556,0.0,6535.3,1.55,1.4096297443301415,3.948391611120238,F,-1.2717700228033808,4
197.01,tess,NON_HABITABLE,8.3566078,789.1468373,91.6541814,14.278122,0.13205581819998652,0.0,5105.0,2.90324,1.5069918146336934,5.157551504603868,K,-1.229801020270913,3
1970.01,tess,NON_HABITABLE,17.5040682,1833.2621832,2669.4348198,2.5599667,0.04093441277883248,0.0,6432.2,1.56996,1.3962960550493635,3.8011065537333573,F,-1.2810059481823697,3
1972.01,tess,NON_HABITABLE,4.06445,1026.0,184.105,4.7631,0.06026041094524435,0.0,6105.1,1.48,1.2867593043563292,2.741506431081768,F,-1.2597826497477425,3
1974.01,tess,NON_HABITABLE,14.7798,987.0,157.789,5.438218,0.06303297773808421,0.0,5342.0,1.49,1.1297196829391793,1.628856337330861,G,-1.2418738405270904,3
198.01,tess,NON_HABITABLE,1.4777754,420.9334696,7.4195034,10.2150168,0.0698673354434476,0.0,3763.0,0.447336,0.4360384838825701,0.03614924936775696,K,-0.8034767013557379,3
1981.01,tess,NON_HABITABLE,4.72716,3064.0,14633.4,2.4763492,0.04671242338583228,0.0,8749.3,2.14,2.2174501856926776,24.177728103444707,A,-1.2968500163643892,3
1982.01,tess,NON_HABITABLE,9.89011,897.0,107.942,17.1725007,0.14437001500535918,0.0,6617.0,1.41,1.3612702978158333,3.4338195919189753,F,-1.2025655491191303,3
1985.01,tess,NON_HABITABLE,23.8125,861.0,112.151,30.7864669,0.22072385714177858,0.0,6101.8,2.05,1.5135911393607009,5.24848918617941,F,-1.177155486984116,3
1987.01,tess,NON_HABITABLE,11.9748,1131.0,271.803,2.5861465,0.042117966446918814,0.0,5635.4,2.33,1.490309211263835,4.932936704144132,G,-1.2838072623115842,3
199.01,tess,HABITABILITY_ZONE,10.223,358.0,2.75278,104.8729635,0.41540508564696627,0.0,5350.0,0.88,0.8694984170150848,0.571577576510004,G,-0.5526562877752657,3
1994.01,tess,NON_HABITABLE,11.5159,1841.0,1910.26,4.0337201,0.061446421671230066,0.0,7369.0,2.22,1.902211142643133,13.092870890769285,F,-1.2865385429042577,3
1995.01,tess,NON_HABITABLE,13.2277,1546.0,949.504,3.1056464,0.05905864815635992,0.0,7804.8,4.44,2.8492262789419636,65.90339155769836,A,-1.2999167204437851,3
1997.01,tess,NON_HABITABLE,5.11603,1363.0,573.168,1.8359766,0.03272836767538748,0.0,6311.5,1.61,1.3874559450198745,3.7057558987342807,F,-1.2865112153963267,3
1999.01,tess,NON_HABITABLE,21.2234,1035.1913229218032,271.595,7.2133579,0.0751988196225934,0.0,5843.0,1.16,1.090281287875499,1.4130392779568062,G,-1.2227546652854224,4
200.01,tess,NON_HABITABLE,6.1757682,836.7056912,115.8275563,8.1382222,0.07687678387180599,0.0,5414.0,0.951985,0.9151809716599462,0.7015004063978062,G,-1.183438406339887,3
2000.01,tess,NON_HABITABLE,8.34235,970.0,147.466,9.1270519,0.08593360092895219,0.0,5400.0,1.18,1.0162684451226813,1.066679046953971,G,-1.1952673924562254,3
2000.02,tess,NON_HABITABLE,2.47118,1185.0,328.067,3.098367,0.041818126263244236,0.0,5400.0,1.18,1.0162684451226813,1.066679046953971,G,-1.2541382560671315,3
2001.01,tess,NON_HABITABLE,22.0496668,3128.1792663,22630.1553062,2.7435213,0.05355681311717289,0.0,7896.3,3.9611499,2.722751188198484,54.9581145507309,A,-1.2999864497178204,3
2005.01,tess,NON_HABITABLE,12.4978402,1221.3889754,525.9409472,17.3057923,0.15954047020463305,0.0,6995.5,2.2275901,1.8088813373012795,10.706322277978956,F,-1.242742170226942,3
2009.01,tess,HABITABILITY_ZONE,2.2407785,276.8338183,1.3880259,1071.0898448,1.8104216735261531,0.0,4755.33,0.701499,0.6900298308770851,0.22671041138850948,K,3.0,3
201.01,tess,NON_HABITABLE,11.4471492,598.2132842,30.2653161,52.9781419,0.3006114632456141,0.0,6461.8,1.33031,1.2912300287525245,2.7798058827835193,F,-1.0614443785180232,3
201.02,tess,NON_HABITABLE,1.18919,1237.0,389.669,5.8492379,0.06918156419183515,0.0,6461.8,1.33,1.2910795733583462,2.778510486343982,F,-1.252741441703375,3
2010.01,tess,NON_HABITABLE,11.7582195,437.2015486,8.6347102,1134.6723963,2.163051883760681,0.0,5842.0,1.0735199,1.0486734672034153,1.209375370428969,G,1.4009517069280613,3
2011.01,tess,NON_HABITABLE,1.5422129,806.3295569,99.9013415,11.5778362,0.10039781242391924,0.0,5739.0,1.02607,1.0071598334007144,1.0289483836610271,G,-1.1735309921432358,3
2011.02,tess,NON_HABITABLE,2.7050278,603.6616824,31.3830711,27.5920718,0.179127469338429,0.0,5739.0,1.02607,1.0071598334007144,1.0289483836610271,G,-1.066559538697517,3
2012.01,tess,NON_HABITABLE,15.1633,1715.0,1438.0,3.0565259,0.04510877786016699,0.0,5981.0,1.6,1.3107125908154593,2.9514123163579167,G,-1.2737547169707846,3
2013.01,tess,NON_HABITABLE,1.0972867,533.2271643,19.1060128,2.6162769,0.02571441982951658,0.0,3352.0,0.325635,0.33139292048056146,0.012060710849038968,M,-0.9872302617850817,3
2014.01,tess,NON_HABITABLE,22.6223,1869.0,2029.17,4.8099755,0.0679586345665763,0.0,6417.0,2.65,1.8097919571235588,10.727897499211828,F,-1.2813468208351086,3
2015.01,tess,NON_HABITABLE,5.37673,657.0,31.0153,3.3491408,0.029835394060778272,0.0,3223.0,0.32,0.31587043045935453,0.009954876785497146,M,-0.8978077384648756,3
2016.01,tess,NON_HABITABLE,2.98458,850.0,86.7877,6.8161105,0.06589798828662165,0.0,5175.0,0.84,0.821719654241042,0.4559263565379739,K,-1.1754344359132929,3
2016.02,tess,NON_HABITABLE,2.74738,1160.0,301.374,2.4590369,0.03339574264918877,0.0,5175.0,0.84,0.821719654241042,0.4559263565379739,K,-1.241777015050588,3
2016.03,tess,NON_HABITABLE,3.23582,624.0,25.3267,25.3369848,0.1581312470124969,0.0,5175.0,0.84,0.821719654241042,0.4559263565379739,K,-0.9871707591701464,3
2018.01,tess,NON_HABITABLE,2.2761564,576.3403106,26.0757607,7.4355709,0.06205807795483878,0.0,4218.9,0.622512,0.576695779235227,0.11060814057623687,K,-1.052766975856415,3
2019.01,tess,NON_HABITABLE,3.99579,933.0,126.052,15.3468182,0.13186843693124997,0.0,5588.0,1.8,1.2988719187389632,2.8461993182474603,G,-1.2022138995713203,3
202.01,tess,NON_HABITABLE,9.455763,1153.8594476,418.9214934,1.7386695,0.025649373224398784,0.0,4746.0,0.820258,0.7446919322135735,0.30754353032528076,K,-1.2461978345282005,3
2020.01,tess,NON_HABITABLE,13.2583,1372.0,588.518,5.633477,0.07010884491138146,0.0,6412.8,1.7,1.4485911706196655,4.403351302162042,F,-1.263895722086386,3
2021.01,tess,NON_HABITABLE,13.8352,1179.0,321.85,3.9415041,0.048039296980666765,0.0,5729.0,0.92,0.9520207483388279,0.8214585495407997,G,-1.2368917026585189,3
2023.01,tess,NON_HABITABLE,1.6608182,602.7435196,31.192573,11.1900486,0.08761704596198518,0.0,4958.0,0.695992,0.7166091082798843,0.2637116374683376,K,-1.0747904984221581,3
2024.01,tess,NON_HABITABLE,8.33267,1602.0,1095.91,2.8758831,0.04290096946273261,0.0,6084.0,1.46,1.2736183593788872,2.6312204957845124,F,-1.2734919219709904,3
2025.01,tess,NON_HABITABLE,11.9849813,1098.1716895,343.7177625,8.8720542,0.09091086085515841,0.0,6042.0,1.47996,1.2734426387860502,2.6297686827089417,F,-1.2326782803074117,3
2026.01,tess,NON_HABITABLE,2.5719,821.0,75.7071,7.1925327,0.06677253837780155,0.0,5050.0,0.77,0.7677333706917917,0.34740948637596847,K,-1.1538072528956165,3
2030.01,tess,NON_HABITABLE,14.4076,1470.0,776.933,1.3254567,0.02712105205017157,0.0,5778.0,2.29,1.5148476455567526,5.265939012636807,G,-1.2936543528348519,3
2031.01,tess,NON_HABITABLE,13.6015651,1207.9176608,503.1185454,5.7156075,0.06751027050458336,0.0,6664.0,1.18444,1.2565078286175058,2.4926470893976327,F,-1.2510093910893703,3
2032.01,tess,NON_HABITABLE,13.5294,719.4696490452994,63.3708,17.0096703,0.14439330700212702,0.0,6542.0,1.5,1.3881290624815967,3.7129524510311067,F,-1.2066639737473879,4
2033.01,tess,NON_HABITABLE,8.51397,860.0,90.9855,18.8243063,0.16518530862792236,0.0,7014.0,1.95,1.696901934632629,8.291383046769202,F,-1.2308783750958383,3
2035.01,tess,NON_HABITABLE,5.90105,1386.0068659071017,872.772,8.51226,0.11063212288309239,0.0,9387.0,2.35,2.4930697351210593,38.63115619028922,A,-1.2854110467781574,4
2036.01,tess,NON_HABITABLE,4.24615,1807.0,1770.66,1.261045,0.027130171860197626,0.0,6549.0,2.18,1.675239539526482,7.87603539578665,F,-1.2966196664644178,3
2037.01,tess,NON_HABITABLE,2.91771,1056.0,206.982,11.1516668,0.10364098804250414,0.0,6319.0,1.19,1.194250725093262,2.034145688716654,F,-1.209789706888971,3
2037.02,tess,NON_HABITABLE,2.8717764,1183.747051,464.0413077,5.5470937,0.06507721045900228,0.0,6319.0,1.1913199,1.1949128489102945,2.038660575890902,F,-1.2471255616355121,3
2038.01,tess,NON_HABITABLE,19.158,2421.0,5711.67,3.7321195,0.058369086786836846,0.0,6570.0,2.8,1.904662638367594,13.16049580976988,F,-1.2877678887735289,3
2039.01,tess,NON_HABITABLE,4.96692,895.0,106.719,11.2479927,0.10803271089932841,0.0,6308.0,1.48,1.3295241178489665,3.1245313011531946,F,-1.2257090347423576,3
204.01,tess,NON_HABITABLE,2.8243863,507.3369958,15.6569489,43.8297863,0.2423633024500694,0.0,5605.0,1.03654,0.9886494465628188,0.9553649638326469,G,-0.9681933603729425,3
2040.01,tess,NON_HABITABLE,11.2224,995.0,163.361,3.8608551,0.0453374525774539,0.0,5019.0,0.92,0.8340359811332828,0.4838816442546518,K,-1.220114929503113,3
2043.01,tess,NON_HABITABLE,3.7307,964.0,143.432,12.0135752,0.1086957950468225,0.0,6178.0,1.23,1.1870640079105574,1.9856218767455234,F,-1.2036292887273623,3
2045.01,tess,NON_HABITABLE,12.6842,1236.0,388.441,9.07763,0.09508764752147296,0.0,6125.9,1.72,1.3918992604304097,3.7534550244088716,F,-1.2422985087686662,3
2046.01,tess,NON_HABITABLE,16.2528494,1828.8199186,2643.654975,1.4971447,0.027024324838179726,0.0,6081.0,1.2431901,1.1746742602769642,1.9040125647171375,F,-1.2829506756467934,3
2048.01,tess,NON_HABITABLE,2.60168,646.0,29.035,13.7905315,0.10263639349871324,0.0,5021.6,0.76,0.7584423747361,0.33089511631248575,K,-1.0640297787609203,3
2049.01,tess,NON_HABITABLE,11.7443,1299.0,473.142,5.30329,0.07444269332923764,0.0,6054.7,3.48,1.9568427565050883,14.663029761847369,F,-1.283149434435693,3
205.01,tess,NON_HABITABLE,2.26991,1399.0,636.914,4.2529842,0.05604151807546406,0.0,6222.5,1.45,1.2981431439108637,2.83981687726209,F,-1.264109024903138,3
2050.01,tess,NON_HABITABLE,2.03572,708.0,41.8338,13.5970194,0.11046602275726843,0.0,5985.0,0.88,0.9727005655766883,0.8951929918270239,G,-1.1490283045157577,3
2051.01,tess,NON_HABITABLE,5.5717234,4559.9324771,102177.3532273,1.1633325,0.03175752183885413,0.0,11265.0,2.61707,3.157275962539909,99.36882916968882,B,-1.3055525302475086,3
2055.01,tess,NON_HABITABLE,31.434,1544.1463427501453,1344.6,4.6981739,0.06271537775764362,0.0,6782.0,1.61,1.490885878020247,4.940576225127607,F,-1.271055733987941,4
2056.01,tess,NON_HABITABLE,2.95608,1081.0,226.74,10.2207,0.10628687024683446,0.0,6748.7,1.72,1.5334090564434133,5.528815476145854,F,-1.2476431063002882,3
2057.01,tess,NON_HABITABLE,9.9822897,1195.2228223,482.2991657,5.5986337,0.06948889227864435,0.0,6081.3,1.83732,1.4281127852442546,4.159585243612823,F,-1.262984603334636,3
206.01,tess,NON_HABITABLE,1.5332682,840.1706554,117.7581671,0.7363132,0.011192406783800115,0.0,3358.0,0.351676,0.3450052746730608,0.014167817033655675,M,-1.180345357968473,3
2063.01,tess,NON_HABITABLE,11.6504,660.0,31.6166,21.07626,0.18996855591553993,0.0,7577.0,2.46,2.058915477651949,17.97024811787901,A,-1.2481799980286334,3
2064.01,tess,NON_HABITABLE,8.9006,813.0,72.699,8.8036803,0.0822455180991271,0.0,5701.0,0.94,0.9576099399560115,0.8409198061682303,G,-1.1863311878834224,3
2067.01,tess,NON_HABITABLE,2.33219,749.0,52.4568,8.8128067,0.08039051897364774,0.0,5491.0,0.88,0.8924141696878188,0.6342578184627935,G,-1.170820591788555,3
2068.01,tess,NON_HABITABLE,2.3663308,481.070845,12.6577686,7.7690887,0.05977983799242806,0.0,3700.0,0.542573,0.4721766327531258,0.04970704696640876,K,-0.9403943273413496,3
2069.01,tess,NON_HABITABLE,1.0470381,847.8110943,122.1004834,5.9214229,0.060150804112244396,0.0,5268.0,0.823126,0.8280424541095746,0.4701218270727855,G,-1.1890332777033628,3
2070.01,tess,NON_HABITABLE,2.2843976,1062.7584328,301.4805095,6.3839247,0.06937660625367503,0.0,5849.0,1.16353,1.0930602261828066,1.4275008208809974,G,-1.2299136705410005,3
2071.01,tess,NON_HABITABLE,2.587582,1029.3310585,265.3024804,5.6739336,0.06265004038469457,0.0,5873.3,1.00286,1.0190043004879537,1.078211767646992,G,-1.2267869775723932,3
2073.01,tess,NON_HABITABLE,2.8396233,514.56613,16.568599,53.1991439,0.28290467145113085,0.0,5729.0,1.15632,1.0673123101526198,1.297675406745985,G,-0.9676618823997556,3
2074.01,tess,NON_HABITABLE,3.5953731,443.7085028,9.1603487,177.5830512,0.6990235007192394,0.0,6594.0,1.59978,1.4449497756631227,4.3592422855278965,F,-0.8485061706479385,3
2075.01,tess,NON_HABITABLE,2.3133532,669.0065237,47.3415434,4.7981694,0.046310100256873626,0.0,4065.0,0.667797,0.5755147508212055,0.10970485239745315,K,-1.1172400802043765,3
2076.01,tess,NON_HABITABLE,2.4103206,671.7367777,48.1191014,10.3563596,0.08573873690227425,0.0,5149.6,0.772148,0.7839663990547183,0.3777372346207017,K,-1.1176747056489,3
2076.02,tess,HABITABILITY_ZONE,3.17021,388.0,3.78846,35.1257472,0.19345846756104856,0.0,5149.6,0.77,0.7828752011315744,0.37563854107548056,K,-0.8749035600686436,3
2076.03,tess,NON_HABITABLE,3.78219,641.0,28.033,21.0153047,0.13736027653952154,0.0,5149.6,0.77,0.7828752011315744,0.37563854107548056,K,-1.001054391391518,3
2077.01,tess,NON_HABITABLE,1.56167,979.0,152.993,6.1155829,0.06185104930062074,0.0,5284.0,0.85,0.8440068072130217,0.5074389473953447,G,-1.1902744157652154,3
2079.01,tess,NON_HABITABLE,1.2607994,773.6710387,84.6732757,1.4923179,0.019284209332544287,0.0,3577.0,0.480553,0.42959900234534965,0.034060659797549644,M,-1.1659303912795635,3
2079.02,tess,NON_HABITABLE,2.0623382,420.1570972,7.3649163,9.3174113,0.06538695547101472,0.0,3577.0,0.480553,0.42959900234534965,0.034060659797549644,M,-0.8216386545953407,3
208.01,tess,NON_HABITABLE,2.1229458,615.4050768,33.8973151,22.4586196,0.15267724580327666,0.0,5493.0,0.978381,0.9413199903638932,0.7851436575293131,G,-1.072463894453217,3
2080.01,tess,HABITABILITY_ZONE,3.0597346,339.8006415,3.1507778,63.5809449,0.2790235736596604,0.0,4868.0,0.72252,0.7168844889452365,0.26411723073608223,K,-0.561655233106661,3
2081.01,tess,NON_HABITABLE,1.947929,432.3359777,8.2567001,10.5054362,0.07275336875405883,0.0,3742.0,0.515547,0.46549132603463494,0.04695116479522785,K,-0.8471829015467698,3
2081.02,tess,NON_HABITABLE,1.3996848,549.743853,21.5855207,5.1097197,0.04499612340568848,0.0,3742.0,0.515547,0.46549132603463494,0.04695116479522785,K,-1.023737694190321,3
2082.01,tess,NON_HABITABLE,2.6056,668.0,33.1236,30.2004765,0.1968355210579814,0.0,6004.0,1.15,1.1154838355814398,1.5482929108893801,F,-1.0919199044041683,3
2083.01,tess,NON_HABITABLE,3.0570342,494.7274115,14.1574455,17.969639,0.11744369863002795,0.0,4410.0,0.767286,0.6692538898581734,0.20061509895167873,K,-0.9485549427647643,3
2084.01,tess,NON_HABITABLE,2.07448,554.0,15.739,6.0784031,0.049242783351109674,0.0,3630.0,0.47,0.4311508350564066,0.034555479707700856,M,-0.9448445252894934,3
2086.01,tess,NON_HABITABLE,2.75297,468.0,7.9761,41.7540004,0.22589282487550918,0.0,5337.0,0.91,0.882046694033652,0.6052939124696438,G,-0.9097723696348755,3
2086.02,tess,NON_HABITABLE,2.4206095,598.3529678,30.2935939,20.261655,0.13959751687348568,0.0,5337.0,0.914083,0.8840232687537586,0.6107377793562804,G,-1.0637498441253044,3
2088.01,tess,HABITABILITY_ZONE,3.5130935,292.6629465,1.7337719,124.72987,0.448648442026075,0.0,4902.0,0.831423,0.7743869073541895,0.3596102043094269,K,-0.27880608248958777,3
2089.01,tess,NON_HABITABLE,2.65286,434.0,5.92112,49.9950015,0.24727792810510818,0.0,5274.27,0.78,0.8070182152537592,0.4241635539826958,G,-0.786650269381122,3
209.01,tess,NON_HABITABLE,2.3149088,845.782334,120.9359556,4.3794298,0.047178943125361424,0.0,4892.0,0.742779,0.730449059664968,0.28468182240957113,K,-1.1880739730434378,3
2090.01,tess,NON_HABITABLE,3.6785805,459.2148716,10.5095659,230.92212,0.8639552517464898,0.0,6395.0,2.1204,1.6133296825650036,6.774737880144527,F,-0.8524641936663115,3
2091.01,tess,HABITABILITY_ZONE,2.0323111,347.4769843,3.4452852,177.2188871,0.6333886040045589,0.0,5809.0,1.15025,1.0793720675651994,1.3573276623004433,G,-0.5606459692066417,3
2092.01,tess,NON_HABITABLE,2.66568,1042.0,195.793,4.3032642,0.05126922985239272,0.0,5468.73,1.05,0.9708559782107801,0.8884218616174676,G,-1.2349757899158536,3
2093.01,tess,HABITABILITY_ZONE,2.2249096,337.4556203,3.0646979,53.8108713,0.24281378916127802,0.0,4455.0,0.730261,0.6595693102259609,0.18925255824630144,K,-0.5406733670817597,3
2094.01,tess,POTENTIALLY_HABITABLE,1.7151271,297.7046646,1.8563658,18.7931749,0.09910098841982025,0.0,3457.0,0.376775,0.3676326682954587,0.018266543923389198,M,-0.29935074478265117,3
2095.01,tess,HABITABILITY_ZONE,1.2984859,351.2711274,3.5982457,17.664866,0.10109339272039596,0.0,3746.0,0.463205,0.44170068213362207,0.038063812011726664,K,-0.5957875780766375,3
2095.02,tess,POTENTIALLY_HABITABLE,1.4475246,300.6575117,1.9311199,28.1722501,0.13799506764958464,0.0,3746.0,0.463205,0.44170068213362207,0.038063812011726664,K,-0.33510244058435557,3
2096.01,tess,NON_HABITABLE,1.6229796,454.5004101,10.0845871,3.1190716,0.027430866248433855,0.0,3285.0,0.247331,0.2830403340866865,0.006417905421294411,M,-0.8380224865460407,3
2096.02,tess,HABITABILITY_ZONE,2.041471,357.8973634,3.8775285,6.3878202,0.044237551570839494,0.0,3285.0,0.247331,0.2830403340866865,0.006417905421294411,M,-0.5488801110074021,3
210.01,tess,HABITABILITY_ZONE,2.1513682,345.2246743,3.3568205,9.0105414,0.058324779887471874,0.0,3275.0,0.330146,0.3260153147740394,0.01129671070673725,M,-0.553627112738766,3
2100.01,tess,NON_HABITABLE,3.0681221,561.884745,23.5564568,23.6573994,0.15469013281209962,0.0,5535.0,0.846615,0.882336575130121,0.606090014449805,G,-1.036088558239408,3
2101.01,tess,NON_HABITABLE,2.5831328,849.1403218,122.8680194,9.0753271,0.08435630600310699,0.0,5619.0,0.997589,0.972318469806013,0.8937872232876275,G,-1.1869655456440862,3
2102.01,tess,NON_HABITABLE,2.12647,808.0950027,100.7791488,6.7060238,0.06524782541158246,0.0,5292.0,0.807811,0.824040191627114,0.4610983601960826,G,-1.1775105652715734,3
2103.01,tess,NON_HABITABLE,1.2172175,1031.3932912,267.4349792,2.6620728,0.03425512400791099,0.0,4884.0,0.799716,0.7566886597608364,0.32784525438480777,K,-1.2274882910849054,3
2103.02,tess,NON_HABITABLE,1.7004976,524.0644631,17.826244,20.2926468,0.13267977396955055,0.0,4884.0,0.799716,0.7566886597608364,0.32784525438480777,K,-0.9905715442446654,3
2104.01,tess,NON_HABITABLE,1.46772,947.0,133.517,3.2723118,0.03868669507957939,0.0,4907.0,0.72,0.7213665229277315,0.2707845834656911,K,-1.207478266267009,3
2104.02,tess,NON_HABITABLE,1.35959,846.0,85.3357,5.904369,0.0573377753987001,0.0,4907.0,0.72,0.7213665229277315,0.2707845834656911,K,-1.1580792435410623,3
2104.03,tess,NON_HABITABLE,1.86864,574.0,18.1396,15.1808746,0.1076109272054768,0.0,4907.0,0.72,0.7213665229277315,0.2707845834656911,K,-1.0249263898663104,3
2104.04,tess,NON_HABITABLE,1.16969,1160.0,301.491,1.9803146,0.027678845473693738,0.0,4907.0,0.72,0.7213665229277315,0.2707845834656911,K,-1.2366335218093636,3
2104.05,tess,NON_HABITABLE,1.6790876,643.7214903,40.5800926,9.56111,0.07913600123812779,0.0,4907.0,0.723757,0.7232461394285092,0.2736178944166559,K,-1.101432749778928,3
2105.01,tess,NON_HABITABLE,2.2277479,561.0187018,23.4115602,15.9152686,0.11203562371172109,0.0,4718.0,0.821067,0.7406634484714322,0.30094258804056667,K,-1.028467844347546,3
2107.01,tess,NON_HABITABLE,14.183,1322.0,508.468,2.45457,0.03500244399068256,0.0,5565.0,0.97,0.9495650323457263,0.8130155526179832,G,-1.2564407249172096,3
2108.01,tess,NON_HABITABLE,29.3148832,1207.2104771,501.9413628,6.8019625,0.07671588259451362,0.0,6300.0,1.42268,1.301870661967202,2.8725748950946204,F,-1.2475589819363622,3
2109.01,tess,NON_HABITABLE,15.7288,3053.0,14429.0,0.67249,0.017201712166878196,0.0,6647.0,1.7,1.501494746617533,5.082709261990255,F,-1.2994273775767018,3
211.01,tess,NON_HABITABLE,7.6270781,1003.4097296,239.5709931,6.5638575,0.06999490829274957,0.0,5873.97,1.08871,1.0618459323345208,1.2712940982363579,G,-1.2243835716515765,3
2112.01,tess,NON_HABITABLE,4.4835127,1091.1652269,335.0295174,14.0120582,0.1320540495652942,0.0,7184.0,1.58046,1.564702424842016,5.994141935235498,F,-1.2356047440517144,3
2112.02,tess,NON_HABITABLE,5.5521957,902.0914695,156.5032302,155.8237,0.6579195279430663,0.0,7184.0,1.58046,1.564702424842016,5.994141935235498,F,-0.939573546001024,3
2114.01,tess,NON_HABITABLE,14.369,1670.0,1293.02,6.2099619,0.07737117321228275,0.0,6382.0,2.1,1.6022863200655058,6.591139435173204,F,-1.2684073158246307,3
2119.01,tess,NON_HABITABLE,12.0629,491.0,9.67439,7.2008611,0.055580733448104255,0.0,3606.0,0.5,0.44175797868307176,0.03808356610829132,M,-0.9174052856609427,3
212.01,tess,NON_HABITABLE,4.4688,2623.6739175,11198.5149308,0.3352715,0.006434538066180034,0.0,3332.0,0.3,0.31618356923201896,0.009994410671692905,M,-1.2212348980195755,3
2120.01,tess,HABITABILITY_ZONE,2.6346124,354.6027378,3.7367095,5.7998189,0.04082971214857487,0.0,3179.0,0.240233,0.26994826333747396,0.005310337839717263,M,-0.5377224311888181,3
2121.01,tess,NON_HABITABLE,12.4030722,953.6736208,195.4879901,2.3195654,0.028828471428062715,0.0,4325.66,0.628365,0.5940623810124199,0.12454554752886329,K,-1.1973575139235808,3
2122.01,tess,NON_HABITABLE,14.5431829,1233.5328348,547.1719916,3.5852284,0.04655733303947981,0.0,5852.0,1.06725,1.0473963997896578,1.203495046471461,G,-1.2514519380521967,3
2123.01,tess,NON_HABITABLE,4.0217464,729.1224998,66.7917777,10.3088514,0.08830582709133392,0.0,5432.0,0.843702,0.8644263127735758,0.5583569324409109,G,-1.1470663812262742,3
2124.01,tess,NON_HABITABLE,21.2028076,1761.6794429,2276.2950187,3.5539283,0.05238488973193584,0.0,6184.0,2.0085199,1.5183826339000162,5.315264879727301,F,-1.2786271111937544,3
2125.01,tess,NON_HABITABLE,15.3999,1656.0,1248.65,5.0316347,0.06744824887035038,0.0,6350.0,2.16,1.6168669300076073,6.834348390283266,F,-1.2743844614908828,3
2126.01,tess,NON_HABITABLE,16.758883,1443.2894048,1025.5021895,1.306188,0.022249362070469056,0.0,5489.0,0.820181,0.8612351776906217,0.5501575054958796,G,-1.2686005261809736,3
2127.01,tess,NON_HABITABLE,10.7299795,768.0533689,82.2406616,5.5080682,0.054553856713109077,0.0,4790.0,0.740113,0.7139342338359533,0.2597962207980117,K,-1.1624286468027154,3
2128.01,tess,NON_HABITABLE,2.629079,777.2060824,86.231465,16.3413889,0.1301333965083736,0.0,5991.11,1.12506,1.1009530862218968,1.4691808296460342,G,-1.1619720788689416,3
2129.01,tess,NON_HABITABLE,14.3694,1581.0,1038.78,4.627664,0.061529156145070624,0.0,6727.6,1.55,1.4511078401841475,4.434031297527196,F,-1.2696709353515065,3
213.01,tess,NON_HABITABLE,2.30502,500.0,10.453,23.5199045,0.13899266959642348,0.0,4566.4,0.67,0.6475674791662916,0.17584908847033257,K,-0.853120155368849,3
213.02,tess,NON_HABITABLE,1.1359985,629.8978948,37.2050274,7.7565534,0.06637988175269843,0.0,4566.4,0.672062,0.6485631943516105,0.17693314456804324,K,-1.092443899759401,3
2130.01,tess,NON_HABITABLE,13.6314528,1333.3240765,746.902456,5.0052605,0.062228098794337015,0.0,6115.0,1.46701,1.283177323467509,2.711107287057691,F,-1.257855153126087,3
2131.01,tess,NON_HABITABLE,16.4012,1825.0,1845.3,1.8468345,0.03201422870983833,0.0,6352.0,1.36,1.2833751363845234,2.71277943650994,F,-1.2831540253210874,3
2132.01,tess,NON_HABITABLE,21.0498466,1428.2108779,983.3097556,3.2440454,0.045123255846241356,0.0,5703.0,1.38951,1.1646834050536448,1.8400581586198506,G,-1.2640963660161941,3
2133.01,tess,NON_HABITABLE,2.4536347,765.3931102,81.1071602,3.8266587,0.04065494956619456,0.0,4175.0,0.716312,0.6121830077001594,0.14045107999540993,K,-1.160430971066016,3
2134.01,tess,NON_HABITABLE,3.21883,690.0,37.6631,9.2292078,0.07534202884107001,0.0,4406.0,0.77,0.6698283626273336,0.2013048006479036,K,-1.0785043549596514,3
2134.02,tess,HABITABILITY_ZONE,5.95763,356.0,2.69104,95.8531625,0.3586454499304263,0.0,4406.0,0.77,0.6698283626273336,0.2013048006479036,K,-0.20824022085742663,3
2135.01,tess,NON_HABITABLE,13.9432645,1377.4020358,850.6754194,2.7884723,0.0397061253081857,0.0,5833.0,1.12956,1.0740396302095732,1.3307032743270157,G,-1.2625035312583148,3
2136.01,tess,NON_HABITABLE,2.1705803,379.2777558,4.8904688,7.8519082,0.054161725221724355,0.0,3384.0,0.34388,0.34380128135454335,0.013971079499287472,M,-0.6783990431878592,3
2137.01,tess,NON_HABITABLE,18.6317683,617.9412206,34.4595552,14.1502269,0.10587348296499381,0.0,4882.0,0.873952,0.7907063798620563,0.39089577084972815,K,-1.0765529411113464,3
2139.01,tess,NON_HABITABLE,13.9977478,1403.6558119,917.4100949,1.4013784,0.023077788459037525,0.0,4984.0,0.934977,0.83493405450592,0.4859691494672816,K,-1.2643169761388153,3
214.01,tess,NON_HABITABLE,1.57606,623.0,25.0891,18.5537012,0.1288194715573955,0.0,5346.2,0.8,0.8284453653021051,0.47103750786049425,G,-1.0512530989036544,3
214.02,tess,NON_HABITABLE,0.808552,794.0,66.2914,9.695961,0.08357730849724927,0.0,5346.2,0.8,0.8284453653021051,0.47103750786049425,G,-1.1421066585892534,3
2140.01,tess,NON_HABITABLE,13.7703405,1363.7991993,817.5658193,2.4706114,0.03603101433532559,0.0,5854.0,1.01613,1.0223533689704458,1.0924564416900309,G,-1.2624316523294592,3
2141.01,tess,NON_HABITABLE,2.85973,767.0,57.4643,18.2616878,0.13355990601625284,0.0,5674.0,0.94,0.9530746885301542,0.8251021966961971,G,-1.1072924592717157,3
2142.01,tess,NON_HABITABLE,1.5550304,374.0815959,4.6279256,9.3004351,0.06173573579058585,0.0,3472.0,0.363966,0.36289735428677933,0.017343438630076743,M,-0.6638498946173711,3
2143.01,tess,NON_HABITABLE,12.1202,1818.0,1816.63,5.5899401,0.07497345782932238,0.0,7437.0,1.95,1.7992386210240752,10.47984981740015,F,-1.2780238532318728,3
2144.01,tess,NON_HABITABLE,2.1417,528.0,12.9381,37.3415931,0.21000293543639084,0.0,5452.0,0.88,0.8860757700123817,0.6164295411890911,G,-0.9412969904764781,3
2145.01,tess,NON_HABITABLE,12.2521,1327.0,515.939,10.2611329,0.11223957264403835,0.0,6202.0,2.78,1.791545479336557,10.301758146166383,F,-1.2617467438456962,3
2147.01,tess,NON_HABITABLE,10.15497,733.1847347,68.292759,26.2049782,0.18473026654220062,0.0,6115.0,1.3363301,1.2246923761426252,2.2496142650794058,F,-1.1401931468531625,3
2149.01,tess,NON_HABITABLE,5.50799,1645.0,1217.74,0.5842495,0.01456396430568284,0.0,6020.0,1.34,1.2073204808523417,2.124664062326282,F,-1.296172520940139,3
215.01,tess,NON_HABITABLE,3.082863,592.4436342,29.1144876,26.2851404,0.17245816582565573,0.0,5821.0,0.96445,0.9904011491358733,0.9621538949870634,G,-1.0676241739926924,3
2152.01,tess,NON_HABITABLE,15.3058361,1745.8918919,2195.7879328,3.3772835,0.0507085022434681,0.0,6688.0,1.73235,1.525062921173798,5.409424315304817,F,-1.2798942642146498,3
2154.01,tess,NON_HABITABLE,16.0547024,1436.3420387,1005.8946259,3.8240826,0.05188036493182259,0.0,6243.0,1.38719,1.2738989721676104,2.6335401802354683,F,-1.265881862276666,3
2155.01,tess,NON_HABITABLE,10.8811,1426.0,686.503,3.7246883,0.05265823637562578,0.0,6144.0,1.74,1.40410475065192,3.8868522747204124,F,-1.273131015708438,3
2158.01,tess,NON_HABITABLE,10.7988,837.0,81.4989,8.6007557,0.08590928181867304,0.0,5389.0,1.5,1.143477150368897,1.7096608343817201,G,-1.2193885802227202,3
2159.01,tess,NON_HABITABLE,13.5943,1121.0,263.046,10.0509704,0.09691916413732131,0.0,5844.0,1.41,1.2022462778352316,2.089169922228621,G,-1.217526959231622,3
216.01,tess,NON_HABITABLE,10.4625162,448.7222169,9.5814512,34.5059318,0.19091190733968036,0.0,5025.77,0.801736,0.7796361706088408,0.3694604191989357,K,-0.8770555294681698,3
216.02,tess,NON_HABITABLE,6.4840125,563.8759593,23.8921547,17.3890454,0.12089852556300255,0.0,5025.77,0.801736,0.7796361706088408,0.3694604191989357,K,-1.0358090732093737,3
2160.01,tess,NON_HABITABLE,2.73215,1401.0,640.033,2.2390502,0.03525722883957599,0.0,6021.0,1.25,1.1662651847302696,1.8500746190735489,F,-1.2742177436329525,3
2163.01,tess,NON_HABITABLE,3.72907,1410.0,657.521,5.2132496,0.06466205730991564,0.0,6318.0,1.47,1.3271254160696666,3.1020433746387037,F,-1.259343209469779,3
2165.01,tess,NON_HABITABLE,14.0337,3042.0,14232.8,0.9499997,0.023381721892258078,0.0,7421.0,2.16,1.8895699980451106,12.748290136850791,F,-1.300917756642799,3
2166.01,tess,NON_HABITABLE,3.3405,1518.0,882.558,5.1354577,0.06802431332110113,0.0,6515.0,1.99,1.5922623857852258,6.4277435809987065,F,-1.2729638562816847,3
2169.01,tess,NON_HABITABLE,10.4375,1068.0,216.17,8.2148505,0.09000024608463318,0.0,6183.0,1.81,1.4411600395539979,4.313689149742597,F,-1.2502198237933926,3
2170.01,tess,NON_HABITABLE,2.23168,1097.0,240.688,9.2786686,0.0892980379619208,0.0,6018.0,1.12,1.1034048087308874,1.4823115386553543,F,-1.2088556286260945,3
2174.01,tess,NON_HABITABLE,4.21067,1292.0,463.247,2.9601848,0.04302536978841413,0.0,6069.0,1.33,1.2125974079531716,2.1620540269334296,F,-1.269614352275187,3
2175.01,tess,NON_HABITABLE,20.3565337,1414.0444235,944.8725135,4.4379727,0.05761122372753664,0.0,5967.0,1.5696599,1.2951870611358183,2.814038200875048,G,-1.262609892347738,3
2176.01,tess,NON_HABITABLE,12.9299942,1042.3456808,278.9767986,7.8914271,0.08134512466983822,0.0,5883.0,1.27992,1.1530919458147986,1.7678920980519592,G,-1.2256234918118263,3
2177.01,tess,NON_HABITABLE,15.9014832,1566.7048126,1423.8679407,3.5224751,0.050029148916731894,0.0,6179.0,1.5817,1.3463374615311559,3.285607796683091,F,-1.2719032781757598,3
2178.01,tess,NON_HABITABLE,12.0899079,1509.6104781,1227.3844251,3.024111,0.04375844361692528,0.0,6041.0,1.36388,1.2222796854812825,2.231939278114033,F,-1.269574463737322,3
2179.01,tess,NON_HABITABLE,11.7952966,770.7126737,83.3855897,15.1689723,0.1219563162251773,0.0,5713.0,1.12898,1.0516737303305146,1.2232750090798628,G,-1.1579696231845875,3
218.01,tess,NON_HABITABLE,0.6505972,900.9491556,155.7120176,0.4384814,0.0074829839164951145,0.0,3146.0,0.284538,0.29073849175298927,0.007145129962680493,M,-1.1879331898297902,3
218.02,tess,HABITABILITY_ZONE,1.8017268,337.3521453,3.0609406,8.3522143,0.05337138183314405,0.0,3146.0,0.284538,0.29073849175298927,0.007145129962680493,M,-0.43972206409036024,3
2180.01,tess,HABITABILITY_ZONE,11.3192423,360.169028,3.9769164,260.1740061,0.8633984343340346,0.0,5739.0,1.62762,1.2684881404786394,2.5890810429016704,G,-0.5703980974389203,3
2181.01,tess,NON_HABITABLE,4.97002,846.0,85.2468,8.379057,0.07855799540002309,0.0,5574.0,0.91,0.9212157152976533,0.7201871239599201,G,-1.1823600086660242,3
2182.01,tess,NON_HABITABLE,15.2165016,1678.3044553,1875.0117415,3.5484481,0.05160207308837947,0.0,6295.0,1.78185,1.4558109536164177,4.491795036088965,F,-1.2763863426389517,3
2184.01,tess,NON_HABITABLE,13.4176028,1676.0537927,1864.9741402,6.9067868,0.08574238976458438,0.0,5731.8,3.1513801,1.7628489440468673,9.657403991666103,G,-1.2719164031543042,3
2185.01,tess,NON_HABITABLE,10.1239555,948.9016343,191.6045333,7.2147718,0.07264126288884318,0.0,5440.3,1.08637,0.9823933381079065,0.9314115839097111,G,-1.2062051266200702,3
2186.01,tess,NON_HABITABLE,14.3955457,1281.2166202,636.8120268,4.476922,0.056035441490611994,0.0,5772.2,1.37148,1.171142623810472,1.881218104905269,G,-1.2536354435091503,3
2187.01,tess,NON_HABITABLE,12.683,1131.0,271.924,2.7492277,0.03825995972397746,0.0,5344.0,1.14,0.9885361430848116,0.9549270833816903,G,-1.2559816587058255,3
2188.01,tess,NON_HABITABLE,14.2690959,1368.9996875,830.1076146,3.735051,0.04980244428898292,0.0,5829.0,1.36818,1.1812432823353556,1.9469616935432692,G,-1.260750941418491,3
2189.01,tess,NON_HABITABLE,11.8751226,1025.9981962,261.8830502,4.4343277,0.05030666828404117,0.0,4979.4,1.00254,0.8637768238833415,0.5566807311936522,K,-1.2170149012023117,3
2190.01,tess,NON_HABITABLE,19.5006469,1273.3471283,621.3098726,5.3160704,0.06303286115774459,0.0,5477.0,1.5522701,1.182224797548047,1.953440818236895,G,-1.2477859176788233,3
2191.01,tess,NON_HABITABLE,15.3487909,1235.4438742,550.5706841,4.0115394,0.05040341985854352,0.0,5741.0,1.13908,1.0615448255831006,1.2698527123186243,G,-1.2482966971134157,3
2192.01,tess,NON_HABITABLE,11.6261491,985.937996,223.3157822,6.2643442,0.06580481610707946,0.0,5262.0,1.12916,0.9687289170826042,0.8806615907972377,G,-1.2132983517164044,3
2193.01,tess,NON_HABITABLE,12.9814367,1596.3943994,1534.9059997,2.1223673,0.033882549882749836,0.0,6079.0,1.19653,1.1520401550102246,1.7614505993979985,F,-1.2747575925043833,3
2194.01,tess,NON_HABITABLE,1.7005,541.0,14.2526,15.3419095,0.10583601851543155,0.0,4669.0,0.69,0.6719270065135914,0.20383951977908246,K,-0.9868592378730549,3
2195.01,tess,NON_HABITABLE,8.9598265,1018.7487636,254.5595417,4.164514,0.04806108450928935,0.0,5101.7,0.933443,0.8539501044645165,0.5317775318338404,K,-1.21910801993478,3
2196.01,tess,NON_HABITABLE,3.5030245,1720.8556767,2072.5203184,1.1953968,0.022092998252081643,0.0,5728.0,1.02917,1.0067467724360144,1.0272614338695243,G,-1.279900566298514,3
2197.01,tess,NON_HABITABLE,13.0889,1386.0,612.686,4.954648,0.0633001264749128,0.0,6562.0,1.47,1.3783787559748581,3.6097263858913617,F,-1.2640242302965252,3
2198.01,tess,NON_HABITABLE,18.4504689,1584.4693148,1489.5542795,4.9549631,0.06563225406628308,0.0,6282.4,1.99207,1.5362134374122864,5.569372145680712,F,-1.271613221408142,3
2199.01,tess,NON_HABITABLE,8.6110106,1337.4811458,756.2609502,3.3771114,0.04548332987997445,0.0,5614.86,1.28017,1.100642890024834,1.4675257482745763,G,-1.2581963079776992,3
220.01,tess,NON_HABITABLE,2.84818,796.0,66.8553,10.6953083,0.09023707762480976,0.0,5272.71,0.88,0.8569370090429174,0.5392567593087283,G,-1.1405823155780175,3
2200.01,tess,NON_HABITABLE,7.18912,1147.0,288.087,2.9360281,0.03704235780547571,0.0,4983.6,0.83,0.7866035479040805,0.3828455502230221,K,-1.2274321252253593,3
2201.01,tess,NON_HABITABLE,6.61528,2547.0,6992.14,1.3477642,0.02614967120016514,0.0,6252.0,1.47,1.313261807734656,2.974440303948294,F,-1.289046084270247,3
2202.01,tess,NON_HABITABLE,11.3754057,652.0656914,42.7254261,11.9124942,0.09461827662204793,0.0,5064.0,0.823883,0.7963429606887936,0.4021615830769254,K,-1.1043064599340366,3
2203.01,tess,NON_HABITABLE,20.0727443,1595.1946687,1530.297116,3.05631,0.04523391078652472,0.0,6344.0,1.44638,1.3218374615720936,3.0528975008605364,F,-1.2742625911736638,3
2204.01,tess,NON_HABITABLE,10.0926189,1188.0003255,470.7466523,2.2250514,0.03135893659104765,0.0,5103.0,0.883426,0.8309680661486598,0.4768011971929996,K,-1.2473513493159294,3
2206.01,tess,NON_HABITABLE,10.5045599,1073.1116296,313.4011658,1.7690121,0.0251687342970353,0.0,4683.0,0.701795,0.6796776203770608,0.2134085823700455,K,-1.2348534308205945,3
2207.01,tess,NON_HABITABLE,10.9709265,1178.0320316,455.1446051,8.000489,0.0860674062680477,0.0,6146.0,1.55738,1.3288119653143402,3.1178421236793294,F,-1.242763683894335,3
2208.01,tess,NON_HABITABLE,12.4716613,804.0969257,98.7994686,0.6743453,0.010264516427161304,0.0,3228.0,0.321846,0.3172716459218217,0.010132696775315206,M,-1.1694026108581443,3
2209.01,tess,NON_HABITABLE,13.6350253,1306.3669377,688.3062667,3.4391152,0.04377262038680866,0.0,4955.0,1.21438,0.9460076305077242,0.8009004870311353,K,-1.2425310021097704,3
2210.01,tess,NON_HABITABLE,11.7994875,675.6336681,49.2454527,12.7846809,0.09951812535028413,0.0,5077.7,0.836244,0.8044651285539618,0.4188214280617327,K,-1.0980028152073216,3
2211.01,tess,NON_HABITABLE,1.666703,1057.0895356,295.0992437,3.0911721,0.039049022586260196,0.0,5253.0,0.834386,0.8313130203593156,0.4775934154815991,G,-1.232066709469907,3
2212.01,tess,NON_HABITABLE,8.9112749,936.3411803,181.6592422,5.1293855,0.05515114112655998,0.0,5116.3,0.920804,0.850576300949425,0.5234233736854119,K,-1.2048792885200017,3
2213.01,tess,NON_HABITABLE,9.3730831,1161.5074108,430.1391198,5.179282,0.06053231112183682,0.0,5784.0,1.21172,1.1030700676542156,1.4805135953896613,G,-1.241377597841354,3
2215.01,tess,NON_HABITABLE,2.8693434,751.4597253,75.3605118,5.7772122,0.0565456323056152,0.0,4882.7,0.729818,0.7226716272369866,0.27274953382787387,K,-1.160717753767654,3
2216.01,tess,NON_HABITABLE,6.2844217,1262.9460957,601.257159,5.6807412,0.06772252291908425,0.0,6295.0,1.38612,1.2840142009517934,2.7181868548506674,F,-1.2533298984317356,3
2217.01,tess,NON_HABITABLE,11.7278481,1360.8170209,810.4382547,3.8300359,0.050543590218985315,0.0,5916.0,1.3126301,1.1742836723391075,1.9014814340785018,G,-1.2594253462936391,3
2218.01,tess,NON_HABITABLE,10.1929,3243.0,18378.3,0.3456911,0.00999664037944327,0.0,6282.0,1.05,1.1152346623658733,1.5469099634567445,F,-1.2988657164539967,3
2219.01,tess,NON_HABITABLE,12.8424534,1022.940591,258.7751983,10.1688722,0.0935892807091237,0.0,5161.7,1.3986,1.0575799266416732,1.2509869994736345,K,-1.1946176874466528,3
2220.01,tess,NON_HABITABLE,13.3635819,1792.5088851,2439.8676565,1.3926549,0.02496186585903307,0.0,5615.0,1.2094899,1.0698541144214835,1.3100812917583677,G,-1.2798857758260616,3
2221.01,tess,NON_HABITABLE,4.0269258,754.6240935,76.6379132,8.4536777,0.06528135828960455,0.0,3588.0,0.698009,0.5193457992198217,0.07274891031719852,M,-0.9763616337643889,3
2222.01,tess,NON_HABITABLE,17.5083,1943.0,2366.82,2.2456869,0.03712860833893028,0.0,6381.0,1.5,1.3539669134355041,3.360719043475963,F,-1.2820295766718557,3
2223.01,tess,NON_HABITABLE,13.513657,1254.9567552,586.1868131,6.9309657,0.07720273394312926,0.0,5847.0,1.59136,1.277882698528717,2.666637368705969,G,-1.244783979338925,3
2224.01,tess,NON_HABITABLE,4.9709812,2138.6881512,4944.3687757,0.5055105,0.011865076099503545,0.0,4996.3,1.01489,0.8720304933082472,0.5782647066417795,K,-1.288438666293463,3
2226.01,tess,NON_HABITABLE,4.77441,1280.0,446.986,0.9017685,0.019289639696625827,0.0,5828.0,1.36,1.1775047693402083,1.9224307273895271,G,-1.2907688262908783,3
2227.01,tess,NON_HABITABLE,2.81922,1164.0,305.107,4.2217717,0.05274565998906378,0.0,5763.48,1.21,1.0983762993762993,1.4554745393421284,G,-1.2496859215724936,3
2227.02,tess,NON_HABITABLE,3.1457403,879.5749032,141.4530508,11.5472009,0.10313746824466573,0.0,5763.48,1.20847,1.0976816517268821,1.4517960795996114,G,-1.1919683718026992,3
2229.01,tess,NON_HABITABLE,5.51463,1196.0,339.923,4.98668,0.06299925761692624,0.0,6046.0,1.64,1.3414168101011434,3.237836971449718,F,-1.2616892665107304,3
2233.01,tess,NON_HABITABLE,11.5931606,1316.9386126,710.8584449,2.50876,0.035697626674670024,0.0,5226.0,1.13416,0.9642291266184766,0.8644123927764603,G,-1.257025158023037,3
2234.01,tess,NON_HABITABLE,13.4791,1111.0,253.391,2.91615,0.04799295441672002,0.0,6103.0,2.69,1.7341760638639394,9.044253989969034,F,-1.2879487030410075,3
2235.01,tess,NON_HABITABLE,8.14257,434.0,5.93171,17.14012,0.14650571457971856,0.0,6378.0,1.67,1.4279612688429575,4.157820270702378,F,-1.2109176452345685,3
2236.01,tess,NON_HABITABLE,14.2116,1349.0,551.242,3.5315897,0.050396954513727894,0.0,6209.0,1.62,1.36915571862389,3.5140778521556233,F,-1.2728902396198192,3
2238.01,tess,NON_HABITABLE,2.40673,1464.0,764.344,3.3904897,0.04778949535201724,0.0,6113.8,1.43,1.2666391983917764,2.5740186878786147,F,-1.2688896136144951,3
224.01,tess,NON_HABITABLE,17.179547,515.743249,16.720729,705.5844658,1.1850994463909574,0.0,3689.0,0.487,0.44601227708395835,0.03957193195733899,M,3.0,3
2241.01,tess,NON_HABITABLE,21.7252,1023.0,181.989,3.3243,0.05480689216447356,0.0,4779.7,5.76,1.9874012474012472,15.600633429388168,K,-1.2908188593377792,3
2242.01,tess,NON_HABITABLE,6.77621,1485.0,808.553,6.53144,0.08129281752147065,0.0,6037.2,2.58,1.6800379574132127,7.966661704739368,F,-1.2702479600556922,3
2244.01,tess,NON_HABITABLE,12.894,612.0,23.3924,5.46377,0.0659020335878209,0.0,5286.9,1.95,1.2790634214726613,2.6765065886911485,G,-1.2544244551087362,3
2245.01,tess,NON_HABITABLE,4.13478,1530.0,911.152,3.7981107,0.04877979005716126,0.0,5042.0,1.51,1.073408407445863,1.3275777658154013,K,-1.251593988853626,3
2248.01,tess,NON_HABITABLE,10.3408,500.0,10.4285,62.1624516,0.3654041261858656,0.0,7546.0,1.66,1.6843972451813547,8.049670245172802,A,-1.1324383138919478,3
2251.01,tess,NON_HABITABLE,18.1309835,965.8481969,205.6631556,11.5743561,0.10665658855791638,0.0,5776.0,1.4578,1.208230612477976,2.1310779737172196,G,-1.2092468784273729,3
2252.01,tess,NON_HABITABLE,8.6993926,1420.5246749,962.3125052,12.379649,0.12977877105905805,0.0,6582.0,2.7841101,1.9027194534893792,13.106871263791763,F,-1.2605372840714324,3
2254.01,tess,NON_HABITABLE,2.90965,794.0,66.2935,26.4579842,0.18243140166484004,0.0,5706.0,1.37,1.1570862385752976,1.792515475986899,G,-1.1221438559027672,3
2255.01,tess,NON_HABITABLE,11.4014,671.9010484728111,48.2015,11.9526103,0.10785802075727435,0.0,6049.0,1.25,1.1716887730332837,1.8847297001669847,F,-1.201661878036345,4
2256.01,tess,NON_HABITABLE,2.3118575,666.9105884,46.751059,13.9631929,0.10637657452809349,0.0,5270.9,0.813544,0.8236619004976593,0.4602522396046714,G,-1.0938336139078608,3
2257.01,tess,HABITABILITY_ZONE,2.2253696,230.7752258,0.6703132,35.1896444,0.14687763055830594,0.0,3446.0,0.326932,0.3413639587429523,0.013579089954136985,M,0.4272439750460511,3
2259.01,tess,NON_HABITABLE,5.4428798,1030.9494518,266.9749353,16.5899263,0.14672288017191895,0.0,6690.0,1.7449,1.531034815740026,5.494652946224658,F,-1.2236745159194677,3
2260.01,tess,NON_HABITABLE,1.76224,1825.0,1844.98,0.3524597,0.00940295576307137,0.0,5432.0,0.9,0.8928010524966028,0.6353583974097469,G,-1.2936848403654162,3
2261.01,tess,NON_HABITABLE,5.7647423,1369.4137781,831.1124236,1.9011452,0.029293204686493636,0.0,5392.0,0.986402,0.927791807175611,0.7409725726604816,G,-1.2630412873536583,3
2262.01,tess,NON_HABITABLE,1.62102,1956.0,2431.71,1.4937444,0.027477196611559646,0.0,6328.0,1.28,1.2403525187383155,2.3669033894253255,F,-1.28532788251928,3
2264.01,tess,NON_HABITABLE,4.1767182,373.1040687,4.5797413,121.3342908,0.4860990395990996,0.0,6140.0,0.957395,1.0408487530191908,1.173682164397768,F,-0.6915343135124593,3
2265.01,tess,NON_HABITABLE,2.4799192,2142.9193755,4983.6132078,0.8294084,0.018723995834906425,0.0,5951.67,1.52424,1.2730316402338298,2.626375336357829,G,-1.2940195815312792,3
2266.01,tess,NON_HABITABLE,1.9763187,502.933455,15.1203939,2.326343,0.022670382850826856,0.0,3244.0,0.261162,0.28721658624256197,0.006805155667108335,M,-0.9311815874571598,3
2267.01,tess,NON_HABITABLE,1.2734423,400.3206181,6.0694989,3.4950422,0.02869167443533269,0.0,3022.0,0.242745,0.25795460433453016,0.00442764850691783,M,-0.7156571551665639,3
2267.02,tess,NON_HABITABLE,0.901106,479.450797,12.4881234,2.0344366,0.020002474181971458,0.0,3022.0,0.242745,0.25795460433453016,0.00442764850691783,M,-0.8956352168630999,3
2267.03,tess,NON_HABITABLE,0.9131404,460.9675388,10.6709326,2.2891027,0.02163869821608585,0.0,3022.0,0.242745,0.25795460433453016,0.00442764850691783,M,-0.8617443613672469,3
2268.01,tess,NON_HABITABLE,3.1263063,1017.9407073,253.7528508,7.1566025,0.07481678377358442,0.0,5910.35,1.13489,1.0908468000220921,1.4159732466983914,G,-1.2232875313045142,3
2269.02,tess,NON_HABITABLE,1.42162,682.0,35.9524,2.8411415,0.03110750764085983,0.0,3872.0,0.55,0.497496890887637,0.06125781244918149,K,-1.1367182781402427,3
2269.03,tess,NON_HABITABLE,1.8465904,458.4764117,10.4421274,10.4029111,0.07386523961029831,0.0,3872.0,0.548484,0.4968107765966445,0.06092058024453603,K,-0.8974809124988764,3
2271.01,tess,NON_HABITABLE,29.1697,642.0,28.3073,26.5456672,0.19425604619012915,0.0,6180.0,1.68,1.3877677587027224,3.709088314399085,F,-1.1709265716848507,3
2272.01,tess,NON_HABITABLE,5.1519952,967.3721204,206.9642192,32.8236817,0.24215900803982274,0.0,6258.0,2.63025,1.7583598192975705,9.559408136633376,F,-1.2019961534002337,3
2273.01,tess,NON_HABITABLE,2.1305645,582.409103,27.1915284,46.5710978,0.2697347957659972,0.0,6495.0,1.15083,1.207142166036566,2.123409134038649,F,-1.0548222215009464,3
2274.01,tess,NON_HABITABLE,1.8334769,771.4561825,83.7078249,2.6796164,0.030793651256188558,0.0,3943.0,0.63072,0.5425237511929651,0.08663133835547442,K,-1.1657484370208118,3
2274.02,tess,NON_HABITABLE,1.44009,1104.0,247.175,1.1188024,0.017198834587034296,0.0,3943.0,0.63,0.5422140030939543,0.08643366280468781,K,-1.2293157428296895,3
2275.01,tess,NON_HABITABLE,2.3244125,494.4464236,14.1253091,20.1546939,0.129370742181741,0.0,4863.0,0.712388,0.711109113881324,0.25570839077189683,K,-0.9573371985291866,3
2276.01,tess,NON_HABITABLE,1.9249103,383.3506039,5.1039406,76.8663962,0.34025592253069803,0.0,5482.02,0.877042,0.8894560406902452,0.6258899178795798,G,-0.7171776967708878,3
2278.01,tess,NON_HABITABLE,1.87124,704.0,40.7842,1.4663344,0.017532658031620085,0.0,3412.0,0.32,0.3343933939582121,0.012503475772755105,M,-1.0938414075687377,3
2279.01,tess,NON_HABITABLE,2.34132,1160.0,301.599,3.1434463,0.038393573992488765,0.0,4962.0,0.79,0.7640890626943858,0.3408599160035324,K,-1.219308170489545,3
228.01,tess,NON_HABITABLE,13.7470239,1432.3687809,994.8105653,2.6865041,0.03881722426336647,0.0,5738.0,1.18274,1.0811323530952128,1.3662036949162557,G,-1.2641720901752638,3
2280.01,tess,NON_HABITABLE,9.1300283,1375.4544745,845.8744041,18.6016754,0.1747667263140527,0.0,6175.0,3.7007,2.0580341623904763,17.939499331541153,F,-1.2530738052834143,3
2281.01,tess,NON_HABITABLE,2.8961818,520.2849849,17.3175389,210.668358,0.7806860113352332,0.0,6683.0,1.52592,1.4302469204963417,4.184504944723523,F,-0.7839494972666737,3
2282.01,tess,NON_HABITABLE,2.8228669,1203.1992033,495.3032121,12.5520766,0.12495544651079953,0.0,7020.0,1.84505,1.6520183219800497,7.448339065421307,F,-1.2468401115252765,3
2285.01,tess,POTENTIALLY_HABITABLE,1.5781136,287.0767134,1.6051398,27.2672016,0.1324238491966035,0.0,3546.0,0.460014,0.4166754694698748,0.030143365089363536,M,-0.2587159703606614,3
2286.01,tess,NON_HABITABLE,3.7472354,434.6883098,8.4378703,179.4031712,0.7028331024925389,0.0,6863.0,1.4648,1.4390531753403337,4.288519295580852,F,-0.8421814604760189,3
2287.01,tess,NON_HABITABLE,1.7481305,898.9288685,154.3200348,11.8120707,0.106230446730617,0.0,6037.0,1.20105,1.146239570796034,1.7262416419985371,F,-1.1985076212624313,3
2288.01,tess,NON_HABITABLE,2.7931797,518.7006367,17.1075621,8.9172211,0.06886969929862286,0.0,4066.0,0.605243,0.5480320271402489,0.09020357665355991,K,-0.9939029454598934,3
2289.01,tess,NON_HABITABLE,3.3507179,453.9864688,10.0390505,63.39545,0.3109333894642074,0.0,5717.0,1.0149601,0.9978525112188911,0.9914376755308568,G,-0.8795545497286588,3
229.01,tess,NON_HABITABLE,10.9257115,1085.5253926,328.1564535,3.1260778,0.03926431337804768,0.0,5100.0,0.874706,0.826370692617866,0.466336732957251,K,-1.2306978878364436,3
2290.01,tess,NON_HABITABLE,1.1988782,1386.5985937,873.6229278,0.3862197,0.008257917348625443,0.0,3863.0,0.566304,0.5036434617182178,0.06434173998781585,K,-1.2650739518524639,3
2291.01,tess,NON_HABITABLE,1.977596,451.5202868,9.8226818,9.405877,0.06742990175270303,0.0,3869.0,0.475701,0.4623165488351934,0.045683330472035336,K,-0.8751329154251518,3
2292.01,tess,NON_HABITABLE,2.4422,894.0,106.205,7.0767314,0.07217506892962879,0.0,5781.0,1.0,1.0015592515592515,1.006251608999285,G,-1.2107779548943676,3
2293.01,tess,NON_HABITABLE,2.1199939,503.4234887,15.1794104,6.0683318,0.04986069663987425,0.0,3668.0,0.499376,0.4490728897250085,0.04066936120427257,M,-0.969181497833984,3
2294.01,tess,HABITABILITY_ZONE,3.6888424,314.1604363,2.3021148,340.3877311,1.0300109903490688,0.0,6424.0,1.27808,1.2582247660003811,2.50629920937133,F,-0.4132339515744941,3
2295.01,tess,NON_HABITABLE,7.64759,709.0,42.0912,60.06632,0.3179875568283739,0.0,5660.0,1.47,1.1889094420630444,1.9979982548852178,G,-0.9998882535399776,3
2296.01,tess,HABITABILITY_ZONE,1.8388146,315.0609123,2.3286226,139.2632286,0.5051372302761081,0.0,5373.01,0.90717,0.8866162080764552,0.617934816063292,G,-0.42428878117269414,3
2297.01,tess,NON_HABITABLE,1.9509885,504.6753756,15.3309639,22.048775,0.13961300628733755,0.0,4836.0,0.794435,0.7467739406812766,0.3109972994559385,K,-0.9648998314373293,3
2300.01,tess,NON_HABITABLE,3.2987328,933.2585799,179.2788125,4.8566656,0.05352211996042971,0.0,5607.0,0.796892,0.8671694454069927,0.5654782022536206,G,-1.2118472808639618,3
2300.02,tess,NON_HABITABLE,5.7063938,634.6510571,38.3407878,15.4432661,0.11573568217274398,0.0,5607.0,0.796892,0.8671694454069927,0.5654782022536206,G,-1.0978213918508433,3
2301.01,tess,NON_HABITABLE,4.01623,2872.0,11299.9,6.0541622,0.07202746480481731,0.0,6187.0,1.61,1.3600871317179692,3.421896948266895,F,-1.256278389420319,3
2302.01,tess,NON_HABITABLE,9.8603222,1480.1291921,1134.2779729,1.3103832,0.022396114395554192,0.0,5228.0,0.928507,0.8727740954408123,0.5802396338545895,G,-1.2694209581895652,3
2304.01,tess,NON_HABITABLE,3.9938238,1001.354025,237.6137635,9.4070515,0.09260471077880225,0.0,6223.0,1.2331001,1.197216366044695,2.0544263666877507,F,-1.2208974328303988,3
2305.01,tess,NON_HABITABLE,15.2109193,1958.3065353,3475.7112909,0.918902,0.018539669541157135,0.0,5382.0,1.1659,1.0068111630501355,1.0275242699376552,G,-1.2847357274989721,3
2306.01,tess,NON_HABITABLE,13.2344892,1302.3502129,679.8798081,2.9905745,0.040721296183350346,0.0,5535.6,1.10305,1.0072469887787645,1.0293045933654053,G,-1.2546241625425678,3
2307.01,tess,NON_HABITABLE,14.1985341,1444.2022665,1028.0946298,2.6820061,0.03867985407840135,0.0,5465.0,1.285,1.0732858597790034,1.3269716080928007,G,-1.2636647586374925,3
2308.01,tess,NON_HABITABLE,13.9784675,1418.9101379,957.9449856,3.86866,0.052301179973993465,0.0,6373.5,1.3337801,1.2752454552360089,2.6446922210040027,F,-1.26561821892007,3
2309.01,tess,NON_HABITABLE,4.03042,822.6676779,108.2477155,20.2656358,0.15776592124479066,0.0,6276.1,1.37617,1.2755561336228363,2.6472703882622226,F,-1.176302168756288,3
231.01,tess,NON_HABITABLE,12.7400071,1036.7433695,273.0272959,3.3610013,0.041466985178617556,0.0,5375.0,0.817705,0.8420744161172514,0.5028076669703893,G,-1.229344707689823,3
2310.01,tess,NON_HABITABLE,13.6531,1186.0,328.976,2.9432073,0.040074813106420436,0.0,5266.7,1.18,0.9911816703569676,0.9651905221442297,G,-1.253723311501859,3
2311.01,tess,NON_HABITABLE,9.012542,1350.2664813,785.5954321,1.5933772,0.02541049039938028,0.0,5289.4,0.885125,0.8621491257860985,0.5524965476995881,G,-1.2628267020280435,3
2314.01,tess,NON_HABITABLE,11.9220549,934.5436034,180.2682649,15.937546,0.1357674009105606,0.0,6093.1,1.55033,1.3143894329284844,2.984669418016198,F,-1.2016320850796869,3
2315.01,tess,NON_HABITABLE,9.984491,1826.3371679,2629.3283978,1.440707,0.025855547398798702,0.0,5941.2,1.1648901,1.1109392916259582,1.5232153533230683,G,-1.2810698737699235,3
2319.02,tess,NON_HABITABLE,3.207554,1003.1064616,239.281495,11.6207544,0.10946024359481306,0.0,6329.0,1.39619,1.2956301174555593,2.817890670797948,F,-1.2200721452490115,3
232.01,tess,NON_HABITABLE,14.8542602,1497.5477444,1188.6218545,1.3382314,0.0228689788326756,0.0,5436.0,0.894974,0.8909602633413318,0.6301346191024817,G,-1.270237345545345,3
2321.01,tess,NON_HABITABLE,2.90826,101.0,0.0174179,716.3497402,1.5474595032143836,0.0,5645.84,0.97,0.9633588934804664,0.8612960274375642,G,0.9881591676541249,3
2322.01,tess,NON_HABITABLE,1.9090249,458.0310383,10.4016117,20.2254946,0.12559333039982384,0.0,4465.0,0.697547,0.6460734263325024,0.17423183624163363,K,-0.8952480351810775,3
2322.02,tess,NON_HABITABLE,1.02968,581.0,18.9311,11.3071786,0.08528200559843292,0.0,4465.0,0.7,0.6472084231591557,0.17545940134409685,K,-1.0293383657235946,3
2324.01,tess,NON_HABITABLE,2.62395,3265.0,18869.1,1.0361758,0.022206954154730344,0.0,6413.0,1.5,1.3607569057924915,3.4286423731137665,F,-1.2934140813328563,3
2325.01,tess,NON_HABITABLE,8.95578,1415.0,667.336,4.26991,0.05831380190679286,0.0,6580.0,1.62,1.4509654740771776,4.432291487803306,F,-1.2717679782549858,3
2327.01,tess,NON_HABITABLE,3.1369358,406.5961278,6.459129,82.7899763,0.376263500457263,0.0,6115.0,0.957772,1.0368148460775608,1.155592804074947,F,-0.8275336973176642,3
2328.01,tess,NON_HABITABLE,10.1067,589.0,20.0982,17.1019622,0.12476620375174255,0.0,5302.3,0.93,0.8858892832642575,0.6159107609290128,G,-1.090832263395237,3
2329.01,tess,NON_HABITABLE,10.7773,925.0,121.853,6.5346715,0.07026333349598805,0.0,5424.0,1.33,1.0837252167965072,1.3793571032004535,G,-1.2274884241742832,3
233.01,tess,NON_HABITABLE,2.0205499,361.1637726,4.0210338,11.6700285,0.07352260193150506,0.0,3644.0,0.380272,0.38931328175285856,0.02297189810190557,M,-0.6413704863392614,3
233.02,tess,NON_HABITABLE,1.7056002,424.2232195,7.6541813,7.2011383,0.05328934205587239,0.0,3644.0,0.380272,0.38931328175285856,0.02297189810190557,M,-0.825360288108415,3
2330.01,tess,NON_HABITABLE,11.6656,1586.0,1052.08,2.2088214,0.03486783936276292,0.0,5960.4,1.26,1.1591358985513203,1.805250295352994,G,-1.2741763609836658,3
2331.01,tess,NON_HABITABLE,7.48939,919.0,118.46,4.7150942,0.043583501777570595,0.0,3798.0,0.57,0.49678224506511276,0.06090658692706511,K,-1.0665457555533968,3
2332.01,tess,NON_HABITABLE,11.9137,964.0,143.814,7.4972297,0.07419865447383946,0.0,5596.2,1.0,0.9695426195426196,0.8836242354521624,G,-1.2011534788664837,3
2333.01,tess,NON_HABITABLE,8.78678,1067.0,215.552,14.2197641,0.12950901669844503,0.0,6115.0,1.83,1.433163318009979,4.218739752575887,F,-1.2230403323052175,3
2334.01,tess,NON_HABITABLE,10.9403,875.0,97.3629,7.9980831,0.08442749753437666,0.0,5556.0,1.7,1.2550481137666638,2.481084190036442,G,-1.2360697326862502,3
2335.01,tess,NON_HABITABLE,6.15666,1350.0,551.777,1.4492052,0.025879502829016052,0.0,6004.9,1.12,1.101002913916269,1.469446820501511,F,-1.2805191279070713,3
2336.01,tess,NON_HABITABLE,10.7188,1340.0,536.15,7.7119842,0.08771011734868983,0.0,6458.0,1.83,1.51355171017309,5.247942313055744,F,-1.2571740526105797,3
2337.01,tess,NON_HABITABLE,11.5655979,1272.4603411,619.5809037,2.994263,0.046429097858653706,0.0,4784.0,3.22859,1.4892626481339746,4.919094760386896,K,-1.2810915015704671,3
2338.01,tess,NON_HABITABLE,12.2765,537.0,13.8485,22.6539607,0.15734581254121555,0.0,5523.0,1.12,1.0126461878731625,1.05155242329573,G,-1.0984649523657677,3
2339.01,tess,NON_HABITABLE,12.0232332,1297.9266601,670.6896654,9.7728388,0.10296135198266909,0.0,5636.8,2.43731,1.5246202669292128,5.403146640373986,G,-1.2488945642052036,3
234.01,tess,NON_HABITABLE,10.4761821,662.6197999,45.5594673,2.8392793,0.030459447418205936,0.0,3642.0,0.54933,0.4676600564140533,0.04783228310208203,M,-1.117993513719851,3
2343.01,tess,NON_HABITABLE,6.72917,1215.0,362.749,3.2553185,0.045011488835296855,0.0,5927.0,1.25,1.1480574239987227,1.7372184987182004,G,-1.2628757256266134,3
2344.01,tess,NON_HABITABLE,10.7065,1094.0,237.935,8.3129806,0.09118262217309901,0.0,5929.0,2.03,1.4635351144557696,4.5878856780747865,G,-1.2512712074059735,3
2345.01,tess,NON_HABITABLE,1.4203085,1314.8062038,706.2654804,1.0526157,0.017957920674036506,0.0,4621.0,0.758575,0.6972827300971597,0.2363935572249327,K,-1.2590378895710936,3
2345.02,tess,NON_HABITABLE,2.3404732,384.3775426,5.1588515,42.1289893,0.2101181234190474,0.0,4621.0,0.758575,0.6972827300971597,0.2363935572249327,K,-0.7143195933573465,3
2346.01,tess,NON_HABITABLE,14.877,1715.0,1437.43,3.3311975,0.047881110185855336,0.0,6605.0,1.33,1.3196911978135935,3.0331178161752055,F,-1.2720515144213425,3
2347.01,tess,NON_HABITABLE,8.1147,1735.0,1505.41,1.1736318,0.024658866582156845,0.0,6033.7,1.93,1.4522321430898004,4.447789037206387,F,-1.2938284823768886,3
2348.01,tess,NON_HABITABLE,4.985,1613.0,1124.6,1.2043785,0.024437560684888393,0.0,6595.0,1.38,1.3422333354276588,3.245727705378846,F,-1.2912482575257394,3
2349.01,tess,NON_HABITABLE,22.4042,1060.0,210.056,11.5738497,0.1084709166056564,0.0,5782.0,1.61,1.2710560523021335,2.6101100070016,G,-1.217407476203833,3
2350.01,tess,NON_HABITABLE,7.55444,993.0,161.98,8.6251769,0.08196205865979442,0.0,5484.0,1.08,0.9873769884311563,0.9504559762164837,G,-1.1940727908428255,3
2350.02,tess,NON_HABITABLE,3.8394,1205.0,350.476,4.8714085,0.0560020446872629,0.0,5484.0,1.08,0.9873769884311563,0.9504559762164837,G,-1.2307727221576574,3
2351.01,tess,NON_HABITABLE,20.7884,944.0,132.072,5.2524792,0.06138217318739152,0.0,5728.0,1.27,1.1183520736552468,1.5642789076564494,G,-1.242302142408397,3
2352.01,tess,NON_HABITABLE,5.37039,1496.0,833.25,1.6804461,0.02771942817044336,0.0,5695.0,1.04,1.006199450100863,1.0250293540282454,G,-1.2722085383018895,3
2353.01,tess,NON_HABITABLE,6.2303216,1534.0120939,1308.6880472,5.7517969,0.07326065361297007,0.0,6510.3,1.97616,1.5855711367242495,6.3203761525780715,F,-1.2697804176757355,3
2355.01,tess,NON_HABITABLE,4.10761,2228.0,4096.84,1.2709769,0.024264726344712186,0.0,6296.0,1.17,1.1798623092682576,1.9378729972631323,F,-1.2859197181015587,3
2356.01,tess,NON_HABITABLE,3.52758,1473.0,782.333,3.66275,0.04909692257982547,0.0,6150.0,1.22,1.1768705865506177,1.9182925262360082,F,-1.2610867787753557,3
2357.01,tess,NON_HABITABLE,12.2608,1047.0,200.057,7.0924883,0.08108766791456526,0.0,6493.0,1.58,1.4139941865768821,3.9975186236390736,F,-1.254046707952221,3
2359.01,tess,NON_HABITABLE,18.5118,1802.0,1753.41,5.1858,0.07059203535112568,0.0,6130.0,2.7,1.7450827845668755,9.273936901748232,F,-1.277994909789696,3
2361.01,tess,NON_HABITABLE,12.1387,888.0,103.489,8.71546,0.08182878058396481,0.0,5395.0,1.06,0.9623167811958571,0.8575752466829855,G,-1.188157673612755,3
2362.01,tess,NON_HABITABLE,13.4708551,1174.4675265,449.6608267,6.9444047,0.07694099652377029,0.0,6104.5,1.41945,1.2600385295896421,2.5207820688069598,F,-1.2431525967282928,3
2363.01,tess,NON_HABITABLE,13.5659,1434.0,702.661,5.5436298,0.07044237368675282,0.0,6510.0,1.81,1.5173785957458394,5.301219835889658,F,-1.2677764014815442,3
2364.01,tess,NON_HABITABLE,9.57594,1062.0,211.813,4.0197555,0.047343969862971756,0.0,5216.0,0.94,0.8761433865656123,0.5892515701062286,G,-1.2249391246821333,3
2366.01,tess,NON_HABITABLE,12.9307,874.0,97.2728,17.1869882,0.14922257104854914,0.0,6049.7,2.05,1.5006673958160595,5.071515858432485,F,-1.2186178940429797,3
2367.01,tess,NON_HABITABLE,14.4892,1186.0,329.499,5.74984,0.06461424233837161,0.0,6046.0,1.08,1.0885633245905855,1.4041541654889027,F,-1.2347902220100884,3
2368.01,tess,NON_HABITABLE,11.4726621,910.9289033,162.7267425,5.1750108,0.05540908914685955,0.0,5177.0,0.892685,0.847424393480519,0.5157079718384184,K,-1.2036012264630893,3
2369.01,tess,NON_HABITABLE,10.7493,1435.0,705.699,3.36376,0.04556632889522055,0.0,5713.3,1.27,1.1154820011198536,1.548282725974917,G,-1.259471985777526,3
237.01,tess,HABITABILITY_ZONE,1.7175409,352.0718502,3.6311669,5.4361667,0.03811590760927519,0.0,3139.0,0.211299,0.24998486410285595,0.003905304092335798,M,-0.46931282115366646,3
2370.01,tess,NON_HABITABLE,5.24953,824.0,76.8372,12.6826724,0.10761856126558571,0.0,5851.0,1.04,1.0337617177419052,1.14204122540312,G,-1.1711487554409825,3
2371.01,tess,NON_HABITABLE,12.907,1253.0,409.667,4.8984239,0.058901433522815475,0.0,5774.0,1.29,1.1361752179019675,1.6664076439593258,G,-1.2470562720085057,3
2373.01,tess,NON_HABITABLE,11.2448,805.0,69.8726,13.3368173,0.11176275008389785,0.0,5517.0,1.2,1.0470496707401251,1.2019022224665703,G,-1.1694393226227202,3
2374.01,tess,NON_HABITABLE,8.01917,755.0,54.2011,4.31362,0.04740690689825732,0.0,4929.5,0.8,0.7638736725630778,0.34047573657897595,K,-1.1979673935126378,3
2375.01,tess,NON_HABITABLE,17.7265,789.0,64.3828,6.1600755,0.06729483697912922,0.0,5669.0,1.19,1.0714048679464634,1.317693674264531,G,-1.2291453286637548,3
2376.01,tess,NON_HABITABLE,9.3708418,1449.2615097,1042.5767464,3.1821969,0.044499697932571886,0.0,5672.5,1.3954,1.1609072982063975,1.816310802137957,G,-1.2644353136656363,3
2377.01,tess,NON_HABITABLE,16.6532667,935.0496086,180.6590045,1.6766585,0.022874960572268878,0.0,4155.0,0.622666,0.5680313191871365,0.1041092042931152,K,-1.212232673015552,3
2378.01,tess,NON_HABITABLE,11.5840209,950.2186404,192.6704823,3.4972769,0.041316730236640724,0.0,4940.0,0.80797,0.769304449547024,0.35026196306010315,K,-1.213725491641576,3
2379.01,tess,NON_HABITABLE,11.5779216,584.247334,27.5364506,5.4693888,0.04891887175746629,0.0,3770.0,0.638902,0.5220741037589987,0.0742897003158444,K,-1.062578252706095,3
238.01,tess,NON_HABITABLE,1.57925,1412.0,660.277,1.2730965,0.021013753008819542,0.0,5024.0,0.77,0.7637806840308042,0.3403099784989707,K,-1.2602964180153862,3
2380.01,tess,NON_HABITABLE,17.7519701,1671.1997882,1843.4632721,5.2153618,0.06919701611339066,0.0,6067.2,2.3901401,1.625075968382819,6.974204408135955,F,-1.2738301401782302,3
2381.01,tess,NON_HABITABLE,18.0229867,1078.5360791,319.7861956,5.0451188,0.05754176487499402,0.0,5337.0,1.16636,0.9985899455681421,0.9943717005833436,G,-1.2304126126787451,3
2382.01,tess,NON_HABITABLE,12.7709747,1366.4599455,823.9647363,4.6612025,0.058959109488476324,0.0,5884.5,1.52373,1.2584537345368656,2.5081240671927567,G,-1.2586332869684058,3
2383.01,tess,NON_HABITABLE,22.286,1290.0,459.818,3.1353607,0.04166520901974587,0.0,5503.0,1.06,0.9815809540168305,0.9283345032204826,G,-1.2503431817027872,3
2384.01,tess,NON_HABITABLE,11.6264152,799.5461856,96.5817843,2.1357026,0.0261047720215256,0.0,3678.2,0.666652,0.5203057325314796,0.07328826546818579,M,-1.1770421380030953,3
2385.01,tess,NON_HABITABLE,13.5726225,1006.6637991,242.6938695,3.1581288,0.03854138013982096,0.0,4367.6,1.02417,0.7657774263994306,0.3438826305500345,K,-1.219360002486325,3
2386.01,tess,NON_HABITABLE,13.8044661,1509.0388299,1225.5263733,2.7567395,0.04071358889892633,0.0,6034.0,1.28427,1.1846966278919682,1.9698293731262628,F,-1.2699625786505333,3
2387.01,tess,NON_HABITABLE,12.3816484,1111.8221321,361.1289137,5.6601098,0.06428449707113322,0.0,5859.8,1.1873699,1.1062403331618365,1.4976073216749375,G,-1.2375441996160066,3
2389.01,tess,NON_HABITABLE,10.5103504,1235.1886902,550.1159381,2.3372423,0.03305398017017495,0.0,5335.0,0.910484,0.8819506009619889,0.6050301847217355,G,-1.2513752135596918,3
239.01,tess,NON_HABITABLE,9.8517709,1412.8217887,941.6088632,4.1567834,0.055202618656333954,0.0,6362.5,1.38831,1.2988072340268357,2.8456323898891442,F,-1.264841288134418,3
2390.01,tess,NON_HABITABLE,8.4965052,2177.929595,5317.3634661,2.1192866,0.03868384161745745,0.0,7022.0,1.99761,1.7194511994486363,8.740965732692736,F,-1.2919100306278846,3
2391.01,tess,NON_HABITABLE,21.4721115,1164.3472682,434.3612918,7.8369842,0.08484440770155835,0.0,5774.8,1.75826,1.3266372071203079,3.0974813043293006,G,-1.2435009885278063,3
2392.01,tess,NON_HABITABLE,3.28952,1431.0,697.86,5.9123675,0.0719600063091935,0.0,6187.3,1.76,1.4221034348832964,4.090013500945522,F,-1.2609028427508056,3
2392.02,tess,NON_HABITABLE,2.96344,2021.0,2770.93,3.4072141,0.04983294208967721,0.0,6187.3,1.76,1.4221034348832964,4.090013500945522,F,-1.2759823710962703,3
2392.03,tess,NON_HABITABLE,2.4628421,1209.6187141,505.9586098,9.1696498,0.09643190072880424,0.0,6187.3,1.76167,1.4227779660299704,4.097778913523845,F,-1.2442876179677633,3
2393.01,tess,NON_HABITABLE,9.05304,653.0,30.3347,18.84184,0.13940732873524758,0.0,5603.0,1.1,1.0181004809939984,1.0743915166439912,G,-1.124577127551084,3
2394.01,tess,NON_HABITABLE,3.47575,1105.0,248.389,3.4977868,0.04246726820821307,0.0,5356.0,0.81,0.8351351351351352,0.48643747047345454,G,-1.2260230496642648,3
2395.01,tess,NON_HABITABLE,11.8276114,1036.7520296,273.0364186,7.8686762,0.08182793946755512,0.0,6394.0,1.13572,1.1805433696573984,1.9423513223385396,F,-1.2290218483695607,3
2396.01,tess,NON_HABITABLE,8.891,1599.0,1087.82,1.5099302,0.028242225034320452,0.0,5735.0,1.76,1.3181457500130436,3.0189348085816756,G,-1.2875407752704653,3
2397.01,tess,NON_HABITABLE,7.59354,1130.0,271.529,6.00327,0.06433843007581294,0.0,5527.0,1.06,0.9858618813103803,0.9446355795259895,G,-1.2187077075774744,3
2398.01,tess,NON_HABITABLE,8.75357,398.0,4.19986,19.4061437,0.13119618829994764,0.0,5099.0,0.82,0.7999551077505662,0.4095080684116762,K,-1.0273797053976412,3
2399.01,tess,NON_HABITABLE,11.2463,1109.0,251.65,5.4681892,0.06875641728771101,0.0,6597.0,1.61,1.4502173602623958,4.4231574457811265,F,-1.2648852210801238,3
240.01,tess,NON_HABITABLE,3.6117414,453.4125095,9.9883786,19.4723016,0.1213926489887397,0.0,4333.0,0.702945,0.6293946394334167,0.15692500775793947,K,-0.8875932335164043,3
2401.01,tess,NON_HABITABLE,18.1157,1704.0,1402.27,5.8681984,0.07913527763821616,0.0,6294.0,3.1,1.9199117347068921,13.58704620487829,F,-1.2803541240688496,3
2402.01,tess,NON_HABITABLE,8.55825,999.0,165.972,5.5094951,0.05983946434731646,0.0,5519.0,0.97,0.9417159772715298,0.7864656430463983,G,-1.2169452563078622,3
2403.01,tess,NON_HABITABLE,21.9555549,2159.4341567,5139.026625,1.8098811,0.03324039027268298,0.0,6278.2,1.89121,1.495817817232863,5.006276217866355,F,-1.28946784782786,3
2404.01,tess,NON_HABITABLE,4.2523478,751.630191,75.428916,20.362741,0.15315835030139638,0.0,6142.0,1.18003,1.1559259510907247,1.7853363845306427,F,-1.1519615993644623,3
2404.02,tess,NON_HABITABLE,9.1295659,487.5546513,13.3540875,74.6068965,0.36400093954080753,0.0,6142.0,1.18003,1.1559259510907247,1.7853363845306427,F,-0.9344789347183143,3
2404.03,tess,NON_HABITABLE,9.5163991,487.555473,13.3541775,74.6065192,0.3639997123292342,0.0,6142.0,1.18003,1.1559259510907247,1.7853363845306427,F,-0.9344802005785184,3
2405.01,tess,NON_HABITABLE,4.1930997,946.5097378,189.6799154,1.9792573,0.026063243716906694,0.0,4001.0,0.756551,0.602922281366425,0.13214335688000273,K,-1.2111262668503011,3
2406.01,tess,NON_HABITABLE,2.722618,410.2983965,6.6976166,3.0766835,0.025833501445420633,0.0,3163.0,0.1966,0.24297669824809956,0.0034854471746754716,M,-0.706855835364116,3
2407.01,tess,NON_HABITABLE,3.7942392,657.0962083,44.0592242,2.7029187,0.029126878756064192,0.0,3596.0,0.524573,0.4512282975192928,0.04145580087220662,M,-1.1127793702714295,3
2408.01,tess,NON_HABITABLE,5.45543,787.0,63.7261,9.4636148,0.07921517309645132,0.0,4935.0,0.75,0.7404427178926203,0.3005840038929108,K,-1.1108064573866203,3
241.01,tess,NON_HABITABLE,12.9811619,1679.40501,1879.9347662,1.3866519,0.025348011994555962,0.0,6286.0,1.07661,1.1299969179752067,1.6304558218954621,F,-1.2825833962666842,3
2410.01,tess,NON_HABITABLE,4.00703,1325.0,512.916,0.7988525,0.015435446535446401,0.0,4785.0,0.86,0.768784901263807,0.3493167261675552,K,-1.2739488979917675,3
2411.01,tess,NON_HABITABLE,1.7472713,1288.7431256,651.9082071,0.782765,0.014064715158385957,0.0,4099.0,0.727642,0.605773785183831,0.13466102050412912,K,-1.2571187598037727,3
2414.01,tess,NON_HABITABLE,12.9084635,1449.482283,1043.2121756,1.7771109,0.02837056291053643,0.0,5627.0,0.97906,0.9646177442076302,0.8658067874901948,G,-1.2679206882055682,3
2415.01,tess,NON_HABITABLE,12.0910878,1196.5565655,484.4555527,0.5153654,0.009879417429493054,0.0,3558.0,0.617346,0.48433286607972603,0.05502699063721734,M,-1.2518977082012241,3
2416.01,tess,NON_HABITABLE,11.5451,942.0,130.93,8.2754608,0.08331350815218957,0.0,5515.2,1.39,1.126528915992664,1.6105320621071515,G,-1.2194624403409604,3
2419.01,tess,NON_HABITABLE,3.61081,888.0,103.276,18.8812961,0.14715654728159963,0.0,5924.0,1.35,1.1924923774913068,2.022192273595481,G,-1.1673186875612764,3
2420.01,tess,NON_HABITABLE,11.8252,1166.0,307.599,5.84259,0.0721286418125026,0.0,5707.0,2.2,1.4665365476734218,4.62563714843705,G,-1.2637214181559357,3
2421.01,tess,NON_HABITABLE,10.753,1475.0,786.037,4.3474,0.05692725290924174,0.0,5618.0,1.79,1.3022127041638725,2.875594946595977,G,-1.263675162089394,3
2422.01,tess,NON_HABITABLE,10.0179,1148.5601554203797,411.58,18.23603,0.13563910239177815,0.0,6159.7,0.88,1.0010933456612743,1.004380560302899,F,-1.123407617200673,4
2425.01,tess,HABITABILITY_ZONE,8.48837,364.0,2.93192,50.6939885,0.24865489442179906,0.0,5216.0,0.78,0.7981022986619204,0.40572731468156353,G,-0.771913708236808,3
2426.01,tess,NON_HABITABLE,2.38239,1226.0,376.072,4.08165,0.049986456652240635,0.0,5716.0,1.02,1.0001519443464595,1.0006079159223764,G,-1.24107073470628,3
2427.01,tess,NON_HABITABLE,1.99844,783.0,62.7136,1.30613,0.019521330812418063,0.0,4072.0,0.68,0.5817493453747441,0.11453642225452534,K,-1.2304439550706603,3
2429.01,tess,NON_HABITABLE,2.1949984,835.9337133,115.4006791,7.0846492,0.0691176372381345,0.0,5517.8,0.842833,0.8776278536410957,0.5932552534086677,G,-1.1862648127951734,3
243.01,tess,NON_HABITABLE,25.668105,1802.9989447,2497.4850189,3.4373093,0.05059567437970042,0.0,6046.0,1.94932,1.4624579569864797,4.574393901496538,F,-1.2773392182142864,3
2430.01,tess,NON_HABITABLE,4.67495,1598.0,1082.9,1.10071,0.023340453789274802,0.0,6409.0,1.59,1.4001111407587425,3.8428200262383214,F,-1.293533296185297,3
2431.01,tess,NON_HABITABLE,5.59553,1998.0,2649.15,0.224195,0.006032783572235744,0.0,4079.0,0.68,0.5827494056442979,0.11532603396354736,K,-1.2854594838276119,3
2432.01,tess,NON_HABITABLE,8.96794,1446.0,727.6,1.82738,0.03562038373589273,0.0,6130.5,2.89,1.8055873180873179,10.628549093498808,F,-1.2948846569474919,3
2434.01,tess,NON_HABITABLE,7.5531443,4522.7647415,98886.497136,1.3808138,0.035765345500632824,0.0,9431.0,3.83824,3.2010870612205236,105.00015590851734,A,-1.3051328331675296,3
2437.01,tess,NON_HABITABLE,4.1062551,1126.8564017,381.0617054,5.1660127,0.06008013821357389,0.0,5927.0,1.11457,1.0840823643968889,1.3811763010958173,G,-1.2394849856844135,3
2439.01,tess,NON_HABITABLE,5.0510341,679.0808773,50.2582088,14.3614789,0.11123729402805237,0.0,5283.0,0.946146,0.8902938371624789,0.6282514047935125,G,-1.1165195269231403,3
244.01,tess,NON_HABITABLE,1.2711131,409.942287,6.6743946,7.397216,0.05331255239648449,0.0,3342.0,0.407103,0.3694300974729649,0.018626407416947308,M,-0.7715604710715392,3
2440.01,tess,NON_HABITABLE,15.3572514,2092.161358,4527.9508872,0.6461571,0.014511615639019397,0.0,5256.8,1.14951,0.9764533699809678,0.9090882289125906,G,-1.2889665801724184,3
2441.01,tess,NON_HABITABLE,2.9698317,363.3971818,4.1214233,12.8900899,0.08006411611876915,0.0,3478.0,0.46769,0.41208072150828684,0.028835613055465427,M,-0.6601135307186601,3
2441.02,tess,NON_HABITABLE,2.0319062,481.205367,12.6719325,5.5514857,0.04566044078556717,0.0,3478.0,0.46769,0.41208072150828684,0.028835613055465427,M,-0.9393464254046238,3
2443.01,tess,NON_HABITABLE,2.6868893,486.9971964,13.2931176,15.6692322,0.10476255048451096,0.0,4214.44,0.732115,0.6247455988876989,0.15233960368493699,K,-0.9400078936995043,3
2444.01,tess,NON_HABITABLE,15.7358835,800.5813089,97.0829105,1.6473887,0.021297018965132312,0.0,3556.0,0.594044,0.47483720148763964,0.05083688680845296,M,-1.1797599526572176,3
2445.01,tess,NON_HABITABLE,1.4062147,964.4647664,204.4873602,0.3711334,0.006775681798932492,0.0,3333.0,0.272233,0.3012862942942216,0.008239815799030126,M,-1.2070658297428534,3
2446.01,tess,NON_HABITABLE,4.2075538,690.8611696,53.8374071,18.685862,0.1387340104413741,0.0,5926.0,0.987496,1.0202415284015232,1.0834577717016352,G,-1.126245858804146,3
2448.02,tess,NON_HABITABLE,3.80858,1035.0,191.036,19.7580247,0.18701964155370665,0.0,9671.0,1.78,2.235399049968222,24.97009807259214,A,-1.2583607489269542,3
2449.01,tess,NON_HABITABLE,11.9082,1215.0,362.642,16.6542431,0.1313507148589032,0.0,6054.0,1.08,1.0900036994825346,1.4116007738462333,F,-1.1575721932158922,3
245.01,tess,NON_HABITABLE,12.5053,886.0,102.621,8.7709021,0.09083153017198974,0.0,6208.0,1.46,1.2995763930019941,2.8523791608571787,F,-1.2358192893594997,3
2450.01,tess,NON_HABITABLE,6.4171164,582.0683673,27.1279511,17.8832414,0.1256971692060872,0.0,5426.0,0.776644,0.8284464909078662,0.47104006785363467,G,-1.0575238714861448,3
2453.01,tess,NON_HABITABLE,3.0014777,550.7815271,21.7489585,4.4414275,0.04031786050454887,0.0,3609.0,0.502498,0.44322855129628,0.03859321098042027,M,-1.0270854461080325,3
2454.01,tess,NON_HABITABLE,2.5051088,659.8835801,44.8115834,8.5063687,0.07226244931766394,0.0,4431.2,0.82124,0.695712933161568,0.23427195810825502,K,-1.1041748893529162,3
2455.01,tess,NON_HABITABLE,14.6186346,526.8565787,18.2091901,4.720489,0.04159499493767348,0.0,3553.0,0.489916,0.43085357083557363,0.03446027878606037,M,-1.0011215264765685,3
2457.01,tess,NON_HABITABLE,2.7591068,452.1179596,9.8747938,14.1993538,0.09441763239269518,0.0,4045.0,0.631569,0.5569325563421589,0.09620783106614492,K,-0.8904025490965289,3
2458.01,tess,NON_HABITABLE,2.3797323,1396.0501486,897.6872949,3.7369689,0.050318269466585984,0.0,6092.0,1.32975,1.217078447227894,2.1941902805152904,F,-1.2631251540218988,3
2459.01,tess,NON_HABITABLE,2.9365337,435.7259839,8.5187297,19.1047019,0.1177775481323511,0.0,4195.0,0.675093,0.5971555116984917,0.12715978374236156,K,-0.8547311116400322,3
246.01,tess,NON_HABITABLE,15.0953,916.2147815,166.5367856,7.8728937,0.07708769828071407,0.0,5070.0,1.26,0.9859772843525927,0.9450779658871359,K,-1.2006540858282098,3
2460.01,tess,NON_HABITABLE,6.5688522,2362.2278419,7358.8192788,0.515461,0.012820006155423468,0.0,5994.0,1.03783,1.0579217023969056,1.2526048982986528,G,-1.2941560853367322,3
2461.01,tess,NON_HABITABLE,13.7037465,1406.0290126,923.6302124,6.1802614,0.07524751532357941,0.0,6513.0,1.73931,1.4881381577931727,4.904254630560442,F,-1.263112527992168,3
2462.01,tess,NON_HABITABLE,17.4453322,1012.8837698,248.7479157,12.8643168,0.11594400555073422,0.0,5365.0,1.82733,1.2564693413959014,2.4923417012383684,G,-1.2087223221243657,3
2463.01,tess,NON_HABITABLE,11.6613557,1591.7023708,1516.940178,10.6079445,0.1192907805477711,0.0,6481.0,3.2125199,2.012512619623503,16.404177100432488,F,-1.2693499203415524,3
2464.01,tess,NON_HABITABLE,12.5471,1061.0,210.575,3.7684981,0.044608030860263256,0.0,5160.0,0.87,0.8338405390495199,0.48342824606757573,K,-1.2215187176860316,3
2465.01,tess,NON_HABITABLE,3.1563691,1305.1938483,685.837258,3.759205,0.05011788889332,0.0,6808.4,1.01507,1.1884112022085718,1.9946511311104873,F,-1.2610347280447758,3
2466.01,tess,NON_HABITABLE,18.7969,1973.0,2520.03,2.6266983,0.04257748521158525,0.0,6475.0,1.77,1.4924510075248478,4.961355352033137,F,-1.2835978892352857,3
2467.01,tess,NON_HABITABLE,1.7738475,1197.6740653,486.2678796,1.7556616,0.02604698963072941,0.0,4909.0,0.808741,0.764841492024559,0.3422045345751264,K,-1.248575511176019,3
247.01,tess,NON_HABITABLE,14.3752921,1233.1457715,546.4855387,3.4252563,0.04467961369900253,0.0,5540.0,1.11655,1.0141974873410364,1.0580108489481037,G,-1.2500759335151224,3
2470.01,tess,NON_HABITABLE,2.12356,687.0,37.1797,7.1853092,0.06407939913257792,0.0,4562.0,0.74,0.6798996512170559,0.21368757646104694,K,-1.1188898162322687,3
2471.01,tess,NON_HABITABLE,13.2476,1522.0,891.424,6.5857043,0.08265857966914149,0.0,5908.4,2.88,1.7371599608992085,9.106662544552798,G,-1.2721918347068821,3
2473.01,tess,NON_HABITABLE,17.567,3579.0,27258.8,1.2311781,0.02522138521468993,0.0,6589.1,1.53,1.4120350975965348,3.9754103745880136,F,-1.2925090819202718,3
2474.01,tess,NON_HABITABLE,5.33342,1303.0,479.761,4.278752,0.0604693195118353,0.0,4971.0,3.5,1.6112074557911698,6.739161305490879,K,-1.2778394213647775,3
2476.01,tess,NON_HABITABLE,14.0296,1104.0,247.041,3.8865992,0.06046129314247687,0.0,4731.6,5.67,1.9519704111382357,14.517536298535852,K,-1.288072943582695,3
2477.01,tess,HABITABILITY_ZONE,12.9584,229.0,511.815,34.7769296,0.25459820384337595,0.0,7505.2,1.96,1.8203880803880803,10.981355029673145,A,-1.204053676644798,3
2478.01,tess,NON_HABITABLE,2.737769,1385.5952225,871.0969851,2.6473916,0.038163237300680636,0.0,5748.0,1.1287,1.057985460914476,1.2529068921092625,G,-1.2629526481549715,3
2479.01,tess,NON_HABITABLE,3.7858994,565.8728882,24.2324067,36.8382429,0.21825406809888837,0.0,5363.1,1.2099299,1.0220441977922206,1.0911355564676821,G,-1.0219719939047407,3
248.01,tess,NON_HABITABLE,2.3197704,1046.7197587,283.6891271,5.9910569,0.06557230103699917,0.0,5711.7,1.12148,1.0479361752004832,1.2059778481145553,G,-1.2276476826125655,3
2481.01,tess,NON_HABITABLE,3.11124,766.0,57.2917,11.994832,0.09880615627361436,0.0,5567.0,0.86,0.8944254013240572,0.6399948776641707,G,-1.1397188644096015,3
2482.01,tess,NON_HABITABLE,1.58293,709.0,41.9664,14.9315582,0.10262145679989271,0.0,4779.1,0.61,0.6466729768906011,0.1748794796112282,K,-0.9717266461330706,3
2484.01,tess,NON_HABITABLE,5.183,787.0,63.8466,8.3272872,0.07821426854202435,0.0,5632.0,0.89,0.920515969087713,0.7180014282459273,G,-1.182725049625729,3
2485.01,tess,NON_HABITABLE,12.196,1121.0,262.58,11.2347982,0.10895359603803516,0.0,6016.4,1.72,1.367019166237372,3.4921944232893902,F,-1.2295873016324752,3
2486.01,tess,NON_HABITABLE,3.17311,1089.0,233.78,1.5411764,0.022675113558337862,0.0,4307.3,0.77,0.6548233559565851,0.183863974989964,K,-1.2370601645778958,3
2487.01,tess,NON_HABITABLE,15.364,1430.0,695.002,3.4024655,0.045833377125012224,0.0,5822.0,1.21,1.1095287595287595,1.5154941188845283,G,-1.258629940599629,3
2488.01,tess,NON_HABITABLE,10.5027085,1187.3005031,469.63841,10.7668398,0.10734027975354458,0.0,5394.0,2.3196101,1.4232857959870735,4.103632502329642,G,-1.236912780050838,3
2489.01,tess,NON_HABITABLE,8.8281188,1528.3477807,1289.4656111,1.426951,0.024386203069100856,0.0,5421.0,1.02349,0.9501559378092246,0.8150411704055363,G,-1.2727144263286243,3
249.01,tess,NON_HABITABLE,2.2695325,570.3462995,25.0078015,6.6153188,0.056827861490492605,0.0,4157.0,0.603418,0.5594520023955161,0.09796057608929593,K,-1.0597003481252094,3
2491.01,tess,NON_HABITABLE,20.4068988,1608.3142967,1581.2651219,5.92777,0.07803197308410889,0.0,8343.0,1.55754,1.8039127392646295,10.589174430330523,A,-1.2768936461787181,3
2494.01,tess,NON_HABITABLE,9.53663,800.0,68.1559,8.3761316,0.07745573434125663,0.0,5376.0,0.9,0.8835969179347821,0.6095604336909519,G,-1.1732109453790847,3
2494.02,tess,NON_HABITABLE,2.23597,1257.0,415.189,2.4087648,0.033745886780371055,0.0,5376.0,0.9,0.8835969179347821,0.6095604336909519,G,-1.2503718373949102,3
2495.01,tess,NON_HABITABLE,1.8939264,379.9713444,4.92634,7.795385,0.05398509814132112,0.0,3356.0,0.352909,0.3454037089726109,0.014233378124102377,M,-0.6862857509972273,3
2496.01,tess,NON_HABITABLE,22.9576146,741.6362852,71.4965163,1.5746828,0.02002204877597807,0.0,3273.0,0.579963,0.43183697671164123,0.03477597435498201,M,-1.161966040258588,3
2497.01,tess,NON_HABITABLE,11.7630857,1433.4467118,997.808531,10.655694,0.11610771612560458,0.0,6715.0,2.49897,1.8390782822518665,11.439337234337232,F,-1.2626296648896542,3
2498.01,tess,NON_HABITABLE,4.774123,1352.3587386,790.4759269,3.7382381,0.04965453080817961,0.0,5938.0,1.2906801,1.1687541820101937,1.8659186755106292,G,-1.2598432419213832,3
2499.01,tess,NON_HABITABLE,17.7879,1400.0,639.207,2.5574812,0.0375078801012134,0.0,5844.0,1.13,1.076274638420327,1.341814332122995,G,-1.265315864481296,3
250.01,tess,NON_HABITABLE,12.9621642,1602.7450127,1559.4761539,1.6284288,0.02738281216996203,0.0,5700.0,1.0941,1.032944630144551,1.1384348161321909,G,-1.274572131829892,3
2500.01,tess,NON_HABITABLE,13.1598,1978.0,2541.33,2.955314,0.048164415429931995,0.0,7837.0,1.58,1.706679876821658,8.48414869198648,A,-1.28715315409292,3
2501.01,tess,NON_HABITABLE,2.6350944,641.8756259,40.1166389,5.3262922,0.04953982146260147,0.0,4066.0,0.658727,0.5717336900348665,0.106850150199247,K,-1.1010651319145246,3
2502.01,tess,NON_HABITABLE,13.070864,1762.1995122,2278.9841698,3.1413825,0.047953090849841985,0.0,6534.0,1.73409,1.4906944159016482,4.938038804918152,F,-1.2802016795359237,3
2503.01,tess,NON_HABITABLE,13.2366563,1434.4366942,1000.567857,1.6751568,0.026925431744178614,0.0,5457.0,0.963518,0.9280204522148527,0.7417032639195623,G,-1.2668536287377765,3
2504.01,tess,NON_HABITABLE,15.2559264,1277.4513763,629.3590997,13.5853506,0.13781725200519915,0.0,8389.0,1.69485,1.8921236140616218,12.817343496933194,A,-1.2568878121770823,3
2505.01,tess,NON_HABITABLE,4.096,1297.0,470.021,2.8972041,0.04305004138588827,0.0,5879.0,1.55,1.2680692955054707,2.585663158063298,G,-1.2730444291240897,3
2506.01,tess,NON_HABITABLE,3.04784,981.9839450389217,219.916,14.9695925,0.13142693447584047,0.0,6456.0,1.46,1.3514924602482077,3.336218672519327,F,-1.2107726549762896,4
2507.01,tess,NON_HABITABLE,2.7663379,676.7077743,49.5593572,17.3051476,0.12959175952851815,0.0,5824.0,0.923281,0.9695316545894066,0.8835842630617095,G,-1.119931939867553,3
2508.01,tess,NON_HABITABLE,3.11352,2279.641840155826,6387.13,1.6951056,0.031806632033201214,0.0,6796.0,1.61,1.4939634955803005,4.981497803568535,F,-1.290302352325804,4
2509.01,tess,NON_HABITABLE,4.28924,2063.0,3012.65,1.5339665,0.03048974323800759,0.0,6694.0,1.92,1.6069782544512912,6.668681869207005,F,-1.293670654621985,3
251.01,tess,NON_HABITABLE,2.8269897,1041.1942661,277.7461661,4.9377227,0.056613757983609986,0.0,5862.0,0.955756,0.9928714168093656,0.9717891210053888,G,-1.2307912984923643,3
2512.01,tess,NON_HABITABLE,2.03235,2502.0,6511.62,2.3933087,0.03965700071242765,0.0,6393.0,1.72,1.4525885130236553,4.452156498249359,F,-1.2840397212862977,3
2513.01,tess,NON_HABITABLE,3.9587,1727.0,1478.98,2.5577037,0.04059392646884199,0.0,6039.0,1.7,1.3641532683651698,3.4630014349311065,F,-1.2798783831071514,3
2514.01,tess,NON_HABITABLE,2.10043,1181.0,323.891,6.3951381,0.06638017508676385,0.0,5563.0,0.98,0.9541041291124513,0.8286728333540473,G,-1.2094417265107096,3
2515.01,tess,NON_HABITABLE,13.6737,1493.0,826.195,5.9016526,0.07150246352252697,0.0,6127.0,1.74,1.400219695189504,3.8440119420672625,F,-1.259679612622216,3
2516.01,tess,NON_HABITABLE,18.5905,2796.502978766242,14464.4,5.4927168,0.08341627024794931,0.0,9623.0,2.37,2.566600865478034,43.39436578881108,A,-1.2924907609302552,4
2518.01,tess,NON_HABITABLE,2.18563,1095.0,239.133,6.8979432,0.07178261802597805,0.0,6016.0,0.99,1.0370485830965739,1.1566352126385515,F,-1.217951931815919,3
2519.01,tess,NON_HABITABLE,2.29124,691.0,38.0097,6.9551801,0.06366011078521783,0.0,4742.0,0.75,0.7114851810023923,0.25624974132916123,K,-1.136618055060381,3
252.01,tess,NON_HABITABLE,5.0155627,1562.7103079,1409.4020834,1.0021853,0.01835753005137349,0.0,5071.0,0.874822,0.8217262036099868,0.45594089222836337,K,-1.2724731470696773,3
2520.01,tess,NON_HABITABLE,1.39836,2128.0,3407.6,2.0944084,0.0298074228799765,0.0,5298.0,0.77,0.8054359203812104,0.42084674886582063,G,-1.2466163932914638,3
2521.01,tess,NON_HABITABLE,9.04133,1313.0,494.188,5.563087,0.06614912110720793,0.0,5491.4,1.72,1.2477310433940403,2.4237282321758857,G,-1.251382377294324,3
2522.01,tess,NON_HABITABLE,1.66554,2033.0,2840.05,2.0988541,0.03146896200098142,0.0,5531.0,0.97,0.9437635568561028,0.7933280548432807,G,-1.2612485998407368,3
2523.01,tess,NON_HABITABLE,2.86438,1200.0,344.881,4.6410823,0.05560929449035123,0.0,5809.0,1.12,1.0650845021465147,1.286874696566716,G,-1.2423808920166517,3
2524.01,tess,NON_HABITABLE,13.1612,1061.0,210.609,7.1858029,0.07496131547873154,0.0,5758.3,1.19,1.0882819987821697,1.4027031825676466,G,-1.2227104063837853,3
2525.01,tess,NON_HABITABLE,9.7267129,512.9721403,16.3642505,23.3418536,0.14699196728153782,0.0,4944.0,0.824284,0.7776614568948655,0.36573144214634046,K,-0.9749480173918,3
2525.02,tess,NON_HABITABLE,10.3670919,399.9626824,6.0478205,49.2445599,0.2417921602879304,0.0,4944.0,0.824284,0.7776614568948655,0.36573144214634046,K,-0.7588979506845196,3
2526.01,tess,NON_HABITABLE,11.7844,1268.0,429.98,8.011385,0.08246095130288249,0.0,5923.0,1.29,1.1654945991744634,1.8451898691019626,G,-1.2262763831899794,3
2527.01,tess,NON_HABITABLE,12.146,2270.0,4411.81,2.3018922,0.04455249427253194,0.0,6919.0,3.45,2.2265197699540096,24.57571844768805,F,-1.2975569685835417,3
2528.01,tess,NON_HABITABLE,8.72604,1056.0,206.968,11.7248927,0.10061072707411606,0.0,5980.0,0.91,0.9883153888553943,0.9540743736813898,G,-1.1679789552744628,3
253.01,tess,NON_HABITABLE,1.328654,723.3731892,64.709886,3.5104148,0.03719097301045617,0.0,4020.0,0.639371,0.5568986917895122,0.09618443334607628,K,-1.1446667316888672,3
2531.01,tess,NON_HABITABLE,10.1405034,789.8623006,91.987019,8.1484094,0.0753986375920129,0.0,5320.0,0.873132,0.8612421223411858,0.5501752506969226,G,-1.1698429950231002,3
2532.01,tess,NON_HABITABLE,9.46753,721.0,44.9403,16.7224532,0.12372850862394247,0.0,5560.0,0.88,0.9036282614212845,0.6667441608315675,G,-1.1011020187307947,3
2533.01,tess,NON_HABITABLE,9.65352,1008.0,171.835,6.6857865,0.07237745202012325,0.0,6144.3,1.13,1.1315801267703656,1.6396125975333333,F,-1.2320395086143283,3
2535.01,tess,NON_HABITABLE,9.85518,566.0,17.053,16.4452725,0.12025284674888202,0.0,5278.0,0.88,0.8577967560758164,0.5414241185321568,G,-1.0846995446272896,3
2537.01,tess,NON_HABITABLE,14.5890881,421.2871907,7.444474,94.0997954,0.37889209110851424,0.0,4696.7,1.0143,0.8195014210436588,0.45102316054063624,K,-0.5323680835789896,3
2538.01,tess,NON_HABITABLE,12.2597,2282.0,4501.88,2.9103781,0.053258609477763556,0.0,7340.8,3.5,2.37931033825625,32.048253451719745,F,-1.2969771351620514,3
2539.01,tess,NON_HABITABLE,5.2012051,2118.8465446,4763.4215785,0.985586,0.020483701925928494,0.0,5799.4,1.38013,1.1803661321451488,1.9411851474847883,G,-1.2896804867184855,3
2540.01,tess,NON_HABITABLE,2.5924633,477.2453303,12.2599233,12.7187255,0.08834117744764285,0.0,4036.3,0.661076,0.5685685205524873,0.10450359800366632,K,-0.933305581458707,3
2540.02,tess,NON_HABITABLE,2.28729,435.0,5.94816,22.0819969,0.12757779970467223,0.0,4036.3,0.66,0.5681056169894687,0.10416368440758814,K,-0.765135626708022,3
2541.01,tess,NON_HABITABLE,8.14924,2858.0,11077.2,1.4118418,0.03364161569157604,0.0,7839.6,3.52,2.5482316972080223,42.16534462258085,A,-1.3028029264805034,3
2543.01,tess,NON_HABITABLE,10.8099759,1331.0393949,741.7962608,7.5427509,0.08621779496558225,0.0,6349.8,1.86619,1.502836218482649,5.100897682296316,F,-1.257329540169565,3
2545.01,tess,NON_HABITABLE,2.5576021,1022.9865778,258.8217348,7.9940367,0.08159076292064665,0.0,5846.29,1.25324,1.1338906023413424,1.6530447991801802,G,-1.2224802427579957,3
2546.01,tess,NON_HABITABLE,18.7156,974.0,149.461,2.1811989,0.03576114791538468,0.0,6125.96,1.46,1.2824022230145773,2.7045626662544766,F,-1.279973199035434,3
2547.01,tess,NON_HABITABLE,13.1879107,1418.5620601,957.0053443,2.3114203,0.03462905351837819,0.0,5785.79,1.07008,1.0369181292295666,1.1560533341419492,G,-1.2655541010545086,3
2548.01,tess,NON_HABITABLE,12.0756,676.0,34.6952,8.5234958,0.07679706502970722,0.0,5238.0,0.84,0.8317231978578895,0.47853670929398134,G,-1.1569356589435433,3
2548.02,tess,NON_HABITABLE,4.98711,1719.0,1452.18,1.4468993,0.023544618590848915,0.0,5238.0,0.84,0.8317231978578895,0.47853670929398134,G,-1.2630339203392629,3
255.01,tess,NON_HABITABLE,12.0658006,1269.8918153,614.5934084,2.8126485,0.03889457899920979,0.0,5700.0,1.00957,0.9922400478421902,0.9693196270200468,G,-1.2554953761274845,3
2551.01,tess,NON_HABITABLE,7.79881,1355.0,560.394,5.436841,0.07204339538826739,0.0,7980.0,1.49,1.687600724420564,8.111082384063572,A,-1.2750790607021143,3
2552.01,tess,NON_HABITABLE,3.0793796,847.8780456,122.1390568,2.3701119,0.028920412265211266,0.0,4007.0,0.684741,0.5744552282201789,0.10889921409288648,K,-1.1891568609097631,3
2553.01,tess,NON_HABITABLE,11.5945537,936.3549718,181.6699451,8.3848067,0.08100743686455732,0.0,5757.5,1.02264,1.008716238345947,1.0353234448095865,G,-1.2002164500824637,3
2556.01,tess,NON_HABITABLE,9.5021286,1078.778438,320.0737304,8.0149323,0.08273701049720998,0.0,5886.2,1.3302799,1.176197376867095,1.913906978856531,G,-1.227517084309598,3
2557.01,tess,NON_HABITABLE,27.5606205,1594.5662998,1527.8873209,9.8302309,0.1123929906444365,0.0,6683.6,2.86532,1.960065991901892,14.759878213985685,F,-1.2696230338561816,3
2558.01,tess,NON_HABITABLE,12.0078948,805.3455558,99.4145767,17.7859152,0.14127243450230462,0.0,5834.0,1.38395,1.1890505068355133,1.998946678121506,G,-1.1722277668306629,3
2559.01,tess,NON_HABITABLE,14.9915,1093.0,236.94,4.2002507,0.049972485524925774,0.0,5709.9,0.91,0.9436759262249858,0.793033446493101,G,-1.2326020613598585,3
256.01,tess,NON_HABITABLE,1.8439453,157.0898896,0.1439176,24.7373412,0.10492534652065635,0.0,3131.0,0.215535,0.2518347442470511,0.004022190060466813,M,0.9702698007911169,3
256.02,tess,NON_HABITABLE,1.5659937,394.3844097,5.7174182,3.7779418,0.02997886879845959,0.0,3131.0,0.215535,0.2518347442470511,0.004022190060466813,M,-0.6584495837382793,3
2560.01,tess,NON_HABITABLE,13.8379,1117.0,258.816,3.5511203,0.04418519388648498,0.0,5321.0,0.98,0.9125989701613075,0.6936172692535959,G,-1.2368221998186046,3
2561.01,tess,NON_HABITABLE,15.2778,1553.0,966.571,2.7754004,0.04220597884228582,0.0,5905.0,1.62,1.3021202316756435,2.874778228725388,G,-1.275635156664072,3
2562.01,tess,NON_HABITABLE,13.766,1256.0,413.846,4.0483695,0.052352278987478254,0.0,6054.0,1.24,1.1679572228888757,1.86083449062583,F,-1.2570491729241065,3
2563.01,tess,NON_HABITABLE,13.248,907.0,112.463,5.0182311,0.05659045640419066,0.0,5487.0,1.02,0.9600828758973098,0.849639891141299,G,-1.2253274524843256,3
2564.01,tess,NON_HABITABLE,11.5792771,1237.0322556,553.4075728,3.7257237,0.0478869156780211,0.0,5698.0,1.1429501,1.0553821813921873,1.2406207191024998,G,-1.2506885526646203,3
2565.01,tess,NON_HABITABLE,11.7222736,1588.9398662,1506.4365626,3.9704457,0.05481317555142284,0.0,5840.0,1.89732,1.3936599412463606,3.772482798608737,G,-1.2710480246610016,3
2566.01,tess,NON_HABITABLE,8.4263554,900.6689155,155.5183712,4.2102425,0.04680048428579957,0.0,4927.6,0.816613,0.7714668494303399,0.3542167346794059,K,-1.201565120710329,3
2567.01,tess,NON_HABITABLE,10.7016592,1278.9368045,632.2914999,5.9839451,0.06992063810235552,0.0,5609.0,1.71761,1.273565827640988,2.6307864127393,G,-1.2505293550863241,3
2568.01,tess,NON_HABITABLE,15.9782,1799.0,1741.71,3.4843271,0.05232063017577662,0.0,7250.0,1.57,1.5738433753383072,6.135444634146967,F,-1.280831088759199,3
2569.01,tess,NON_HABITABLE,9.79059,871.0,95.9399,13.1147744,0.11506501217925243,0.0,5496.1,1.54,1.1816494685677468,1.9496410299539884,G,-1.1963658760095848,3
257.01,tess,NON_HABITABLE,6.3790962,972.3814218,211.2844875,18.3877081,0.15500002832486975,0.0,6382.7,1.76557,1.4693341759145966,4.661034534022954,F,-1.2109931103995928,3
2570.01,tess,NON_HABITABLE,14.0699828,1307.2435081,690.1555373,2.9887654,0.04106959274648898,0.0,5639.0,1.12141,1.0345654825666029,1.145597184822154,G,-1.2570585856209886,3
2572.01,tess,NON_HABITABLE,11.8109,1678.0,1318.02,3.5985851,0.05034960067378538,0.0,6303.0,1.45,1.314937121104086,2.98964721259407,F,-1.269809377756387,3
2573.01,tess,NON_HABITABLE,15.1889,1150.0,290.593,4.5815438,0.05380802210702924,0.0,5525.0,1.07,0.9901428342196296,0.9611504975871624,G,-1.2342988192490292,3
2574.01,tess,NON_HABITABLE,19.0204,1137.0,277.661,4.4817684,0.05812639503250448,0.0,6734.0,1.25,1.3043729868748775,2.8947241512345685,F,-1.2628569031043384,3
2575.01,tess,NON_HABITABLE,13.924729,1551.4315362,1369.1513607,3.1711207,0.04590904146231759,0.0,6140.0,1.45618,1.2836587327791764,2.7151780789373148,F,-1.2715438878026584,3
2576.01,tess,NON_HABITABLE,13.5313,1377.0,598.34,3.8229149,0.05049351712336761,0.0,6166.4,1.21,1.1751628551628552,1.9071823673186148,F,-1.2595508797411463,3
2577.01,tess,NON_HABITABLE,13.2544,1635.0,1186.51,3.7494409,0.05831000648904764,0.0,7899.0,1.89,1.8813807387970987,12.528722034217356,A,-1.2872386586936937,3
2578.01,tess,NON_HABITABLE,14.7324849,1444.3395468,1028.4855924,3.4580018,0.04824934688849521,0.0,6427.8,1.2663,1.253153687275908,2.466137830115467,F,-1.2675976938816433,3
2579.01,tess,NON_HABITABLE,15.2308,1432.0,698.148,3.7146478,0.049195218146785194,0.0,5783.0,1.32,1.151102071549876,1.7557203459794994,G,-1.2587726497931526,3
2580.01,tess,NON_HABITABLE,18.3834,1870.0,2031.47,3.397862,0.05112954017360005,0.0,6590.0,1.83,1.544488350888923,5.6903443463429655,F,-1.2804021174064704,3
2581.01,tess,NON_HABITABLE,12.4141,1253.0,409.771,3.5838508,0.04554427749487767,0.0,5450.0,1.08,0.9812553951403723,0.9271035208502487,G,-1.244751113073679,3
2582.01,tess,NON_HABITABLE,9.10865,1132.063758555289,388.439,3.0183134,0.039096956712411146,0.0,5238.0,0.93,0.8751462696826248,0.5865736959585666,G,-1.2395862623443163,4
2583.01,tess,NON_HABITABLE,13.7321,1440.0,713.859,4.52074,0.05808806806130597,0.0,6050.0,1.49,1.279446664504312,2.679715854440401,F,-1.2610366126949581,3
2584.01,tess,NON_HABITABLE,16.2589,1290.0,459.903,4.6965638,0.06061849355468773,0.0,6502.7,1.43,1.3472103626847791,3.294137014198186,F,-1.2639112881060075,3
2586.01,tess,NON_HABITABLE,12.6233,1223.0,372.192,9.5835608,0.09840614722753012,0.0,5781.0,1.91,1.384182424636761,3.6709064947902914,G,-1.2391550046521318,3
2587.01,tess,NON_HABITABLE,10.9408,1230.0,381.078,5.4566563,0.06602175587276571,0.0,5674.8,1.72,1.2894023609739775,2.7641005946297406,G,-1.2552119823325,3
2588.01,tess,NON_HABITABLE,10.0104,1016.0,177.312,3.587158,0.05236563906032847,0.0,6495.7,1.75,1.488739327034153,4.912184200935019,F,-1.2773795471993135,3
2589.01,tess,NON_HABITABLE,11.7392,601.0,21.7464,61.6277,0.3053629574347208,0.0,5581.0,1.07,1.000178671091358,1.0007148759284012,G,-0.8892288461619602,3
259.01,tess,NON_HABITABLE,12.2562719,1235.0753497,549.914052,2.4238226,0.0341437493529687,0.0,5410.0,0.93,0.9038834133224514,0.6674975374803132,G,-1.2523446691378077,3
2590.01,tess,NON_HABITABLE,1.77725,2547.0,6994.61,0.7460577,0.016791893045963308,0.0,6162.0,1.13,1.1348398908189692,1.658587443558077,F,-1.2919730115181611,3
2593.01,tess,NON_HABITABLE,6.70217,1836.0,1889.26,1.4711386,0.030034707522920586,0.0,6514.0,2.19,1.670103896316426,7.779898963633612,F,-1.2951023864731528,3
2594.01,tess,NON_HABITABLE,23.5198,1505.0,852.855,2.682814,0.056790998314588774,0.0,8528.0,5.28,3.3949847712873398,132.84686866648303,A,-1.3031524282737885,3
2595.01,tess,NON_HABITABLE,3.32507,1336.0,529.596,3.817421,0.04867497247160289,0.0,6033.7,1.02,1.0557412152909782,1.2423097839699118,F,-1.2497543773308986,3
2596.01,tess,NON_HABITABLE,6.81631,432.0,5.83182,16.2709828,0.11555052628464757,0.0,4811.0,0.87,0.777443184761093,0.3653210045270502,K,-1.046455313368639,3
2597.01,tess,NON_HABITABLE,9.20389,1846.0,1930.96,3.6039259,0.05930291442684925,0.0,7080.0,3.05,2.142184412885251,21.05849935385526,F,-1.2921323580654458,3
2599.01,tess,NON_HABITABLE,11.1924,2009.0,2704.62,4.1554362,0.06444285451373463,0.0,6352.0,3.53,2.067623786150577,18.27620743966625,F,-1.2891675580042723,3
260.01,tess,NON_HABITABLE,1.9840882,455.6136246,10.1837519,13.4758478,0.09134875625266384,0.0,4111.0,0.618173,0.5599847119539378,0.09833422113777876,K,-0.9084516186943633,3
2600.01,tess,NON_HABITABLE,16.1323,785.0,63.1216,5.3376282,0.06938097556344003,0.0,4825.0,3.5,1.5638857320845692,5.9816372164613725,K,-1.27084517844091,3
2601.01,tess,NON_HABITABLE,18.8835,1280.4006587454612,635.657,6.0210332,0.07945087362295193,0.0,7668.0,1.93,1.8455866339414604,11.602130475396404,A,-1.2777952115062041,4
2602.01,tess,NON_HABITABLE,18.5228447,1367.7499655,827.0806334,7.234064,0.08464800853069045,0.0,6770.0,1.73783,1.546201147819644,5.71562813452832,F,-1.2611443532868813,3
2603.01,tess,NON_HABITABLE,11.5968325,953.9400228,195.7065144,1.3326579,0.019146531814410797,0.0,3947.0,0.594491,0.5272461851087394,0.07727762821105404,K,-1.2150164159434262,3
2604.01,tess,NON_HABITABLE,15.9619759,1680.067326,1882.9021211,4.9088819,0.06686805158790696,0.0,6606.0,2.09179,1.6552793157494148,7.507323882589057,F,-1.276307521284813,3
2605.01,tess,HABITABILITY_ZONE,8.1782864,347.8112006,3.4585595,20.6006151,0.1139853159091238,0.0,3821.0,0.494575,0.46555049751806943,0.046975042360157475,K,-0.585104210893567,3
2606.01,tess,NON_HABITABLE,20.5418,1944.0,2374.67,1.4509175,0.02700905188295395,0.0,6472.0,1.24,1.2485991322327064,2.4304803546122917,F,-1.2860658308679522,3
2608.01,tess,NON_HABITABLE,12.5337443,1325.4998462,729.5242428,4.724665,0.05806754390728089,0.0,5385.7,1.5727,1.1701425695717844,1.8748007420781088,G,-1.2514936801206646,3
2609.01,tess,NON_HABITABLE,6.3506237,1959.3887499,3483.4007607,1.1645141,0.022698897770237748,0.0,5979.0,1.23369,1.150549354834744,1.7523506456093696,G,-1.2863102779872526,3
261.01,tess,NON_HABITABLE,3.0449863,1387.0636575,874.7955667,3.3639254,0.046094908585470606,0.0,5890.3,1.28018,1.1546400331220907,1.7774051913144127,G,-1.2622908311599599,3
261.02,tess,NON_HABITABLE,3.3482223,1007.5256829,243.5260946,13.0393586,0.11423632660967331,0.0,5890.3,1.31383,1.1697166700246573,1.872072729344238,G,-1.1948714940032417,3
2612.01,tess,NON_HABITABLE,19.2978,988.0,158.626,13.3572104,0.1176202861967367,0.0,6636.1,1.12,1.216733906816059,2.1917067388217313,F,-1.2004425598893687,3
2613.01,tess,NON_HABITABLE,21.1122163,780.2446961,87.587938,15.2010859,0.12329773760801904,0.0,6042.0,1.0687701,1.082172631379429,1.371469598344401,F,-1.1648363778990662,3
2615.01,tess,NON_HABITABLE,12.4983488,1415.6677914,949.2189656,2.2687617,0.03405632470101518,0.0,5690.0,1.0785,1.023754959533067,1.098459564693473,G,-1.2651584248107492,3
2616.01,tess,NON_HABITABLE,13.5946,1418.0,672.909,1.8531628,0.027005036529480657,0.0,5355.0,0.68,0.7650461062086824,0.34257087455795326,G,-1.2463523391671985,3
2617.01,tess,NON_HABITABLE,16.8683,958.0,139.993,6.3187442,0.06338390820336054,0.0,4961.0,0.98,0.850855758498449,0.5241115975012308,K,-1.1892749984471087,3
2618.01,tess,NON_HABITABLE,11.8684,1764.0,1610.36,8.2500143,0.09372309715687173,0.0,7386.5,1.59,1.6136559433943596,6.7802197161287205,F,-1.2603354455358073,3
2619.01,tess,NON_HABITABLE,12.11,652.0,30.1565,12.4724734,0.09625121505845011,0.0,4966.0,0.79,0.7647050151834583,0.3419603506731038,K,-1.0830902946785994,3
262.01,tess,NON_HABITABLE,2.0671456,700.5241733,56.9132658,11.1452784,0.09236575863854056,0.0,5302.58,0.848675,0.8463141683078803,0.5130107268986014,G,-1.1322079010235844,3
2620.01,tess,NON_HABITABLE,17.6401,887.0,102.964,10.3558635,0.09732017253135973,0.0,5896.0,1.26,1.1466118478388336,1.7284853379725669,G,-1.2079207807676238,3
2621.01,tess,NON_HABITABLE,13.7942,1221.0,369.1,2.4125012,0.037247713909090756,0.0,6190.0,1.22,1.1845250293899712,1.9686883338844394,F,-1.273355473673234,3
2622.01,tess,NON_HABITABLE,17.4662,1915.0,2232.93,1.2207037,0.022853637486914193,0.0,5991.0,1.06,1.0686264756523411,1.304078452961305,G,-1.2823611152711156,3
2624.01,tess,NON_HABITABLE,13.178,1052.0,203.691,3.0235362,0.0377751467032499,0.0,5141.0,0.78,0.786626517910455,0.3828902708447659,K,-1.2258047639349183,3
2626.01,tess,NON_HABITABLE,10.5605032,847.3409174,121.8298519,3.4562767,0.03898449403989686,0.0,4404.0,0.752032,0.6616665019809508,0.19167108140570308,K,-1.1872164236063611,3
2627.01,tess,NON_HABITABLE,12.4794,1773.0,1643.06,1.0649771,0.01989328411460513,0.0,5427.0,0.97,0.9260178671231369,0.7353218398292838,G,-1.2779695851086972,3
2628.01,tess,NON_HABITABLE,10.5535,2291.0,4579.31,0.8715953,0.01864113781644606,0.0,5969.0,1.21,1.1375433125433125,1.6744483911392127,G,-1.2900886938322673,3
2629.01,tess,NON_HABITABLE,16.3774861,971.1166682,210.1873793,11.4856846,0.10638083512446853,0.0,5893.0,1.42198,1.2174660593268503,2.196986817035956,G,-1.2110252188243886,3
263.01,tess,NON_HABITABLE,9.6870229,999.3239856,235.6927628,0.5568095,0.009405177210323913,0.0,3116.0,0.439738,0.3579877164051707,0.01642375659345129,M,-1.208795427304054,3
2630.01,tess,NON_HABITABLE,12.3196,1027.4530905,54.3894,9.7130596,0.10095608049451998,0.0,6125.1,1.88,1.4550093552639096,4.481910118743215,F,-1.2442188800281004,3
2631.01,tess,NON_HABITABLE,13.188691,996.3968565,232.9433928,6.6314357,0.06987958985258332,0.0,5752.2,1.07899,1.035181173867646,1.1483266944429347,G,-1.2200673284203853,3
2633.01,tess,NON_HABITABLE,8.8304863,1575.3269703,1455.4719337,18.1960491,0.16312094733066745,0.0,7811.0,1.67013,1.7488616482654575,9.354526635512377,A,-1.2364369716709993,3
2635.01,tess,NON_HABITABLE,14.5247965,1684.4784991,1902.7550776,7.4547813,0.09243523197890499,0.0,6502.0,2.8327301,1.8959341156686516,12.920905957383235,F,-1.2745014409011652,3
2636.01,tess,NON_HABITABLE,15.7521647,1824.8927205,2621.0201325,3.1054901,0.04986045115271988,0.0,7176.0,1.90224,1.714702426655875,8.644801984223992,F,-1.2865708811257206,3
2639.01,tess,NON_HABITABLE,16.4071897,674.851116,49.0176948,15.3281169,0.1170930206459308,0.0,5417.0,0.943467,0.9115822712897479,0.6905314787575992,G,-1.1157360498528623,3
264.01,tess,NON_HABITABLE,18.2508,1864.0,2007.96,2.21674,0.04021744963954001,0.0,6250.0,2.66,1.7660155091714407,9.726980672924011,F,-1.292170737225839,3
2640.01,tess,NON_HABITABLE,7.3931803,645.1250281,40.9351669,0.9112206,0.011924400405974095,0.0,2999.0,0.274907,0.272422542958075,0.0055077240168781285,M,-1.088492804979519,3
2641.01,tess,NON_HABITABLE,9.7354897,1275.8083387,626.1274546,4.880964,0.06037597189061605,0.0,6309.0,1.27132,1.2324282495515344,2.3069946022558008,F,-1.2551576773346589,3
2642.01,tess,NON_HABITABLE,13.3524,1406.0,649.429,3.0652926,0.04378699242354752,0.0,6229.0,1.22,1.191988111158341,2.018773964608497,F,-1.2674689386118267,3
2643.01,tess,NON_HABITABLE,9.02881,1152.0,293.374,9.1720535,0.10161372427714686,0.0,4933.0,3.79,1.6638125584422296,7.663331137341084,K,-1.2593527638872397,3
2644.01,tess,NON_HABITABLE,9.5314099,792.4782429,93.2116922,9.7439744,0.08698093117957671,0.0,5383.0,0.983025,0.9246563123428666,0.7310066961984967,G,-1.169729912286446,3
2645.01,tess,NON_HABITABLE,20.6713,1552.0,964.415,1.4436706,0.024295612299848234,0.0,5465.0,0.94,0.9179684830485183,0.710086216542748,G,-1.270206046621614,3
2646.01,tess,NON_HABITABLE,8.09753,2247.0,4234.06,0.3125737,0.008457383591731479,0.0,5202.0,0.84,0.8260068872196908,0.46551606581563343,G,-1.2928591578240032,3
2647.01,tess,NON_HABITABLE,7.4237633,2437.5293666,8342.9651284,0.5136096,0.012772797526488872,0.0,5270.0,1.33222,1.053834148595739,1.233357757120643,G,-1.294091965362412,3
2648.01,tess,NON_HABITABLE,14.861327,758.0,520.1148845,4.773751,0.05795708252688206,0.0,5904.3,1.2413,1.1396735558409345,1.6870264252579816,G,-1.24844382728711,3
2649.01,tess,NON_HABITABLE,13.2361,1609.0,1112.75,3.375591,0.047137342661089744,0.0,6408.0,1.22,1.2262417428644483,2.261019896010795,F,-1.2667378526888833,3
265.01,tess,NON_HABITABLE,9.3440442,845.3828218,120.7076171,5.9242661,0.06061378472996298,0.0,5310.0,0.846671,0.8464972293938721,0.5134547358924432,G,-1.1933573054078466,3
2650.01,tess,NON_HABITABLE,12.7809294,1652.1171129,1760.6957688,2.229735,0.03550655990455174,0.0,5913.0,1.37479,1.2011568955803993,2.081608033525617,G,-1.2760249652895819,3
2654.01,tess,NON_HABITABLE,8.00413,819.0,75.0167,2.967599,0.035257867942514086,0.0,4396.0,0.76,0.6639542534928898,0.19433571828732862,K,-1.1997117845710743,3
2655.01,tess,NON_HABITABLE,6.45464,1039.0,193.697,4.7277153,0.05502398338505235,0.0,5601.0,1.05,0.9943376860731066,0.9775423899385413,G,-1.2332406888340222,3
2656.01,tess,NON_HABITABLE,9.36784,826.0,77.3001,7.7898378,0.07178522892546844,0.0,5091.5,0.85,0.8132590194786337,0.4374370399947564,K,-1.1603529996719093,3
2657.01,tess,NON_HABITABLE,12.3741,1250.0,406.289,2.7985528,0.03859971052597633,0.0,5416.0,1.09,0.9796379080433046,0.9210057231139303,G,-1.2545089899670239,3
2658.01,tess,NON_HABITABLE,16.5775949,879.8492444,141.6296114,8.8759249,0.08301873978125714,0.0,5528.3,1.02337,0.9689059454807715,0.881305506130928,G,-1.1880614694448168,3
2659.01,tess,NON_HABITABLE,14.1053,1423.0,681.251,1.2558789,0.021271655292259276,0.0,4926.0,0.91,0.8141206698163331,0.43929385169019736,K,-1.2657099997722567,3
266.01,tess,NON_HABITABLE,2.3581827,787.3911722,90.8412638,10.7510107,0.09406312753018485,0.0,5784.0,0.918917,0.9605945203339114,0.851452489437222,G,-1.1694468623497425,3
266.02,tess,NON_HABITABLE,1.759371,981.282679,219.1278279,6.19132,0.0652342002790987,0.0,5784.0,0.929557,0.9661398033662181,0.8712843208420828,G,-1.2136222078943595,3
2660.01,tess,NON_HABITABLE,10.7644,1030.0,187.484,5.0183771,0.06217182176391769,0.0,5011.2,2.15,1.2730182905408938,2.626265171765958,K,-1.2570683412338566,3
2661.01,tess,NON_HABITABLE,12.2058,1228.0,377.929,3.6257584,0.04695469156279059,0.0,5606.0,1.17,1.050557195958998,1.218088400356232,G,-1.2513071587228886,3
2662.01,tess,NON_HABITABLE,12.9604,1259.0,417.971,3.790687,0.047093962011804755,0.0,5542.0,1.02,0.9697064512890269,0.8842216404399942,G,-1.2409176452994124,3
2663.01,tess,NON_HABITABLE,7.80197,1832.0,1871.39,0.58228,0.014706821609453276,0.0,6288.0,1.32,1.251621965399554,2.4541025395112652,F,-1.2970044295235124,3
2665.01,tess,NON_HABITABLE,6.4972,1462.0,758.965,2.8456505,0.04184759040841038,0.0,6112.0,1.3,1.2073375256767032,2.124784048007832,F,-1.2703758016860602,3
2668.01,tess,NON_HABITABLE,6.17322,1780.0,1667.72,1.1159326,0.024316152997390962,0.0,6859.0,1.68,1.540242565848216,5.628031055392112,F,-1.2958165999781681,3
2669.01,tess,NON_HABITABLE,9.93735,1226.0,375.554,6.203496,0.07853891407687015,0.0,4859.0,3.98,1.6794307961001447,7.9551514236849075,K,-1.2715649608031407,3
267.01,tess,NON_HABITABLE,12.7442838,1368.4712903,828.8267593,5.7525797,0.07028631520014242,0.0,6180.0,1.70927,1.3998048302639843,3.8394582648886764,F,-1.2605052315729743,3
2670.01,tess,NON_HABITABLE,9.974436,899.0560909,154.407415,12.9281223,0.11749294646561478,0.0,6332.0,1.39271,1.2946278065615873,2.8091810037555516,F,-1.2133275478017973,3
2672.01,tess,NON_HABITABLE,22.4497849,1453.3120426,1054.2812693,10.7189647,0.11891495427355556,0.0,7830.0,2.0715599,1.9524691810853607,14.532380143613624,A,-1.2669507013274541,3
2673.01,tess,NON_HABITABLE,2.2474,1543.0,943.042,1.9126596,0.030945108451462495,0.0,5601.4,1.24,1.0806401698529482,1.3637175477830963,G,-1.27342124022324,3
2674.01,tess,NON_HABITABLE,13.2402,543.0,14.5303,7.2972359,0.08638620582543396,0.0,6433.0,2.1,1.6150905510782512,6.80436348615263,F,-1.2643000786355605,3
2676.01,tess,NON_HABITABLE,16.7879,1637.0,1192.31,3.4082154,0.049122126948888144,0.0,6231.4,1.59,1.3613126170266854,3.434246614567217,F,-1.2734101691544102,3
2677.01,tess,NON_HABITABLE,19.5904,991.0,160.453,6.4967452,0.07058506664970576,0.0,5186.9,1.53,1.1115455597461665,1.5265431071925493,K,-1.2312053280570507,3
2678.01,tess,NON_HABITABLE,10.2673,957.0,139.443,3.4523955,0.04383862079742898,0.0,5614.0,0.94,0.9429963520282492,0.7907515478728698,G,-1.2419974830130418,3
2679.01,tess,NON_HABITABLE,11.8808,1225.0,374.407,3.8539027,0.04761891247768583,0.0,5805.0,0.93,0.9698785978441461,0.8848496913185335,G,-1.2401729982924576,3
268.01,tess,NON_HABITABLE,7.69012,1071.3426196,311.3397198,5.066175,0.06604772430690105,0.0,5868.0,2.17,1.4975924766816837,5.0300765997849926,G,-1.269355443709289,3
2681.01,tess,NON_HABITABLE,12.0419,1246.0,400.405,3.1292868,0.04461462106911911,0.0,6078.0,1.32,1.209821613501668,2.1423249992603215,F,-1.2679325812280322,3
2682.01,tess,NON_HABITABLE,11.5397,1088.0,233.319,2.5981987,0.03599436868909886,0.0,5516.0,0.93,0.921593513472577,0.7213692696787765,G,-1.2515340628481078,3
2683.01,tess,NON_HABITABLE,12.6875,1392.0,623.678,1.5292851,0.030518662931388926,0.0,6295.5,2.21,1.621436864150098,6.9119433615729005,F,-1.2939444127772923,3
2684.01,tess,NON_HABITABLE,5.25914,1179.0,321.692,2.4756487,0.03206954899006118,0.0,4633.0,0.8,0.7179281316532589,0.2656586033602208,K,-1.224188808873115,3
2685.01,tess,NON_HABITABLE,11.1759,972.0,148.699,3.4711465,0.04476028688354055,0.0,5593.0,1.05,0.9929174572767158,0.9719693849820052,G,-1.2473695191819776,3
2686.01,tess,NON_HABITABLE,11.6965,936.0,127.934,3.5746058,0.04953269897269264,0.0,6257.0,1.37,1.2688202935095756,2.5917939068908877,F,-1.2675382725473248,3
2687.01,tess,NON_HABITABLE,12.8011,1438.0,711.268,4.0944492,0.05378537661160103,0.0,5650.0,1.6,1.238175244625873,2.35032795908979,G,-1.2615900510770872,3
2688.01,tess,NON_HABITABLE,4.72287,1693.0,1363.83,2.1415519,0.03421911776343101,0.0,5530.0,1.48,1.1655466664084946,1.845519618792807,G,-1.275226882817217,3
2689.01,tess,NON_HABITABLE,6.58171,1049.0,201.62,3.4180406,0.0415208759198311,0.0,5001.0,0.89,0.8173828766703929,0.4463773419823007,K,-1.2242905325049596,3
269.01,tess,NON_HABITABLE,2.942044,533.8429511,19.1944226,3.6977167,0.03431380684661411,0.0,3607.0,0.397924,0.39420296515218073,0.024147909896145573,M,-1.005605877829573,3
2691.01,tess,NON_HABITABLE,5.57096,1466.361014144239,1093.46,3.8821916,0.04653680081385953,0.0,5283.0,0.95,0.8921052412270575,0.6333800261629352,G,-1.2293516062286811,4
2692.01,tess,NON_HABITABLE,12.1655,1133.0,273.621,3.6506781,0.043926005224575286,0.0,5343.0,0.84,0.8483957705526352,0.5180766026804793,G,-1.2258327105493698,3
2693.01,tess,NON_HABITABLE,11.5804,1493.0,825.226,1.3225635,0.02292872555858205,0.0,5388.0,0.97,0.9193632334732746,0.7144116483843935,G,-1.2725553941030627,3
2695.01,tess,NON_HABITABLE,13.2433,1398.0,634.993,0.5566811,0.013973697217616106,0.0,5200.0,1.7,1.1746310640004773,1.903732515279051,G,-1.2959850029524063,3
2696.01,tess,NON_HABITABLE,12.1252,788.0,64.1809,6.409365,0.07044189287045675,0.0,6191.0,1.12,1.1351244883437892,1.6602518456631017,F,-1.2345956094839614,3
2697.01,tess,NON_HABITABLE,10.9284,1483.0,803.246,4.3169755,0.05588316524571341,0.0,5683.0,1.61,1.24929289955604,2.4358867134300723,G,-1.260594323887008,3
2699.01,tess,NON_HABITABLE,14.0157,809.0,71.3806,5.8259928,0.062118148666580435,0.0,4964.0,1.2,0.9420979817933627,0.7877425303186202,K,-1.2134821662199375,3
270.01,tess,NON_HABITABLE,2.4070872,452.8709226,9.9407408,5.6605693,0.044881692687151864,0.0,3551.0,0.374358,0.3764158558982706,0.020075743411685387,M,-0.8733674887115117,3
270.02,tess,HABITABILITY_ZONE,2.2539464,358.827663,3.9180021,11.3795653,0.07149015985343332,0.0,3551.0,0.374358,0.3764158558982706,0.020075743411685387,M,-0.6145400163416248,3
270.03,tess,NON_HABITABLE,1.1843718,538.8593825,19.9261226,3.3601377,0.03170057965630088,0.0,3551.0,0.374358,0.3764158558982706,0.020075743411685387,M,-1.0015835993005575,3
2700.01,tess,NON_HABITABLE,12.5117,1080.0,226.009,4.6636858,0.05582888311678528,0.0,5720.0,1.16,1.067329961774406,1.297761254697007,G,-1.242399202541485,3
2701.01,tess,NON_HABITABLE,5.81205,1402.0,643.066,2.169466,0.03458099882000097,0.0,5823.0,1.35,1.1721612279088247,1.887771424144808,G,-1.2752545818375502,3
2702.01,tess,NON_HABITABLE,15.1178,2056.0,2966.77,1.9422802,0.03505262903481945,0.0,6950.0,1.6,1.5230651239203212,5.381135079025435,F,-1.2891171751909645,3
2703.01,tess,NON_HABITABLE,11.2676,967.0,145.598,6.1735306,0.06411582003008869,0.0,5435.0,0.96,0.922590211505653,0.7244949624437351,G,-1.20612508809562,3
2704.01,tess,NON_HABITABLE,16.4306,1557.0,977.668,3.6364993,0.04997224913680442,0.0,6552.0,1.23,1.2589257655924202,2.511889255192056,F,-1.2664868486891399,3
2705.01,tess,NON_HABITABLE,12.5654,779.0,61.2858,18.010652,0.14871334818549473,0.0,5740.0,1.85,1.3526063880828385,3.3472313982604938,G,-1.1979136100630838,3
2706.01,tess,NON_HABITABLE,17.0369,1757.0,1582.72,1.8851834,0.0310600696247159,0.0,5807.0,1.25,1.1248134741286624,1.6007445816701908,G,-1.2761082514201014,3
2707.01,tess,NON_HABITABLE,18.1614,1664.0,1275.2,4.007232,0.055515083331981505,0.0,6202.0,1.75,1.42142668323134,4.082233621789058,F,-1.2720739747085081,3
2709.01,tess,NON_HABITABLE,15.1575,1551.0,960.683,2.3540163,0.03770735472424374,0.0,6124.0,1.48,1.2907428182794976,2.775612720726194,F,-1.2787492364469775,3
271.01,tess,NON_HABITABLE,2.8062638,1605.7374991,1571.1556095,2.4759733,0.03810329518416424,0.0,6025.0,1.33012,1.2038604325143667,2.100412347308668,F,-1.2737076784325652,3
2710.01,tess,NON_HABITABLE,11.9772,619.0,24.4016,10.7448417,0.08239823944324508,0.0,4701.0,0.63,0.6464489040184325,0.17463722186099379,K,-1.038189427316595,3
2711.01,tess,NON_HABITABLE,14.0917,988.0,158.265,5.7604868,0.0631814760066406,0.0,5530.3,1.12,1.0139846483423776,1.0571229938853268,G,-1.2252492370238475,3
2714.01,tess,NON_HABITABLE,12.9239,1544.0,945.55,2.4993895,0.03713181817357077,0.0,5737.0,1.21,1.0933298683298682,1.4289099173962423,G,-1.2671309186551187,3
2715.01,tess,NON_HABITABLE,13.6926,1585.0,1050.08,4.9640641,0.06561998989459518,0.0,6323.0,1.95,1.5297278204565317,5.475914522412742,F,-1.2712947375408938,3
2716.01,tess,NON_HABITABLE,9.55159,1061.0,210.743,7.5420435,0.07688985655221198,0.0,5949.0,1.07,1.0661284562484301,1.2919274959812792,G,-1.2167089443056376,3
2718.01,tess,NON_HABITABLE,10.8143,983.0,155.318,2.7625084,0.034865363018754515,0.0,4694.0,0.83,0.740893541588762,0.3013167233768991,K,-1.2224028962487135,3
2719.01,tess,NON_HABITABLE,6.03548,1514.0,874.29,3.3759446,0.04786955768914376,0.0,5701.0,1.69,1.284009009009009,2.7181428908975582,G,-1.269925904761907,3
272.01,tess,NON_HABITABLE,12.4316228,1005.5957745,241.6655587,3.3098458,0.04026791179955655,0.0,4953.0,0.858619,0.7951375308576822,0.39973208731103044,K,-1.2221622895070512,3
2720.01,tess,NON_HABITABLE,10.0889,1680.0,1324.12,2.1473577,0.03705203996126584,0.0,5834.0,2.12,1.4716618535711208,4.690640308647869,G,-1.2863645351064692,3
2721.01,tess,NON_HABITABLE,11.1057,1265.0,425.348,4.162733,0.050306247131944176,0.0,5744.2,0.97,0.980142220808683,0.9229037049154133,G,-1.237771153763261,3
2722.01,tess,NON_HABITABLE,4.66694,1612.0,1121.93,0.708548,0.01658757837344413,0.0,5678.0,1.52,1.212804667666592,2.163532577341638,G,-1.294400632002211,3
2723.01,tess,NON_HABITABLE,16.224,1533.0,917.268,3.3843865,0.04751099197787516,0.0,5848.0,1.52,1.249116184662598,2.434508762314822,G,-1.2679757122128303,3
2724.01,tess,NON_HABITABLE,18.3083,1349.0,550.26,1.4875055,0.023788140911075097,0.0,5142.0,0.83,0.8116051535682602,0.4338895437968795,K,-1.2601699801775363,3
2725.01,tess,NON_HABITABLE,4.10645,2554.0,7063.84,0.1846924,0.006303142329677394,0.0,5958.8,0.9,0.9793856611960156,0.9200574908207223,G,-1.3008865479324985,3
2726.01,tess,NON_HABITABLE,18.7538,1250.0,406.495,3.9471513,0.0531807417914306,0.0,6351.0,1.37,1.287882001610886,2.751086815707034,F,-1.2657529072680753,3
2727.01,tess,NON_HABITABLE,12.243,1904.0,2181.85,0.6711626,0.017253273319300468,0.0,5632.0,2.43,1.521035885898324,5.352514371480086,G,-1.2996651288987884,3
2728.01,tess,NON_HABITABLE,15.5191,1557.0,976.638,1.7246234,0.029668100972996683,0.0,5776.0,1.37,1.171281127586912,1.8821081827887407,G,-1.2801380526339587,3
2729.01,tess,NON_HABITABLE,12.5268,934.0,126.805,4.0350169,0.045781232424071554,0.0,5240.2,0.75,0.7862346363325043,0.3821278477570881,G,-1.2078707043532133,3
2730.01,tess,NON_HABITABLE,20.6073,1124.0,265.723,2.5082498,0.03900130044203088,0.0,5909.0,1.51,1.2579869654100764,2.504405015247091,G,-1.2759766896611222,3
2731.01,tess,NON_HABITABLE,1.35321,2263.0,4359.09,0.9953936,0.018869320435912152,0.0,5697.0,0.84,0.904606158494921,0.6696350235831617,G,-1.2781626687722367,3
2733.01,tess,NON_HABITABLE,15.999,1522.0,891.377,3.7170532,0.05313321918272628,0.0,6065.0,1.9,1.4483758780566043,4.4007341456155284,F,-1.2750349765653513,3
2734.01,tess,NON_HABITABLE,5.59491,1299.0,474.054,4.5879078,0.056125512595975896,0.0,5785.0,1.25,1.1205520833191513,1.576624204024139,G,-1.2483374369785059,3
2735.01,tess,NON_HABITABLE,13.2267,1033.0,189.304,1.9663653,0.0272548721034856,0.0,4687.0,0.74,0.6985290805029244,0.23808825053997887,K,-1.2329591907749415,3
2737.01,tess,NON_HABITABLE,13.2674,2252.0,4271.73,3.3328544,0.05364050012700302,0.0,6272.0,2.91,1.8536435389657482,11.806057307575614,F,-1.2884271164462953,3
2739.01,tess,NON_HABITABLE,12.7493,940.0,129.933,3.1474843,0.038010970417082575,0.0,5102.2,0.7,0.7395715154854747,0.2991718341643226,K,-1.2141633495162016,3
2740.01,tess,NON_HABITABLE,5.99059,1329.0,518.242,0.5348968,0.01152817356285881,0.0,5414.2,0.58,0.7143679617076988,0.2604281198254289,G,-1.2788088005890492,3
2741.01,tess,NON_HABITABLE,16.3009,1777.0,1658.79,2.9884191,0.04498995341754166,0.0,6636.0,1.4,1.3603293638478535,3.424335365137133,F,-1.2764349696371822,3
2745.01,tess,NON_HABITABLE,22.7665,2155.8609985776384,5108.84,1.7932884,0.03397999939254881,0.0,7122.0,1.74,1.627609706077958,7.017801569330426,F,-1.292264720255066,4
2746.01,tess,NON_HABITABLE,12.4437,2170.0,3684.32,4.9208778,0.07309466291413665,0.0,9668.0,1.65,2.151554202538712,21.429358268070366,A,-1.2881809411640968,3
2747.01,tess,NON_HABITABLE,18.4513,2251.0,4262.45,0.5209929,0.01451260968327264,0.0,6116.2,2.01,1.5022886451811954,5.09346749350603,F,-1.3010806924790848,3
2748.01,tess,NON_HABITABLE,11.571,964.0,143.512,4.7838171,0.056177977196345416,0.0,5688.0,1.1,1.033545517739401,1.141086143144746,G,-1.2374608643313316,3
2749.01,tess,NON_HABITABLE,18.9679,2379.0,5321.0,6.9724832,0.0890718892802625,0.0,7616.0,2.16,1.9392218171555806,14.141971383972773,A,-1.2772987224563819,3
275.01,tess,NON_HABITABLE,8.69931,1913.0,2224.03,0.9195617,0.017741745054218206,0.0,5616.0,0.82,0.8810644999268838,0.6026023369390358,G,-1.2784436115077764,3
2751.01,tess,NON_HABITABLE,12.8097,741.0,50.0778,7.4710819,0.0700193151563274,0.0,5262.0,0.81,0.8204781704781705,0.4531772744129756,G,-1.1665892689969701,3
2752.01,tess,NON_HABITABLE,12.6447,1134.0,275.438,4.9197461,0.05860677605805076,0.0,5822.0,1.21,1.1095287595287595,1.5154941188845283,G,-1.2443292937878219,3
2753.01,tess,NON_HABITABLE,15.3377,1694.0,1369.74,1.6281719,0.02887701984962172,0.0,6020.0,1.35,1.2118170345202002,2.156493792375612,F,-1.2828411694339434,3
2755.01,tess,NON_HABITABLE,9.77184,1121.0,262.223,3.3187528,0.04478493230268614,0.0,5709.0,1.21,1.0879937629937628,1.4012177269148558,G,-1.257799240607418,3
2756.01,tess,NON_HABITABLE,18.0467,1282.0,449.217,1.5622382,0.029890391233838548,0.0,4801.0,3.08,1.45975758918467,4.54070164977141,K,-1.2906104974274166,3
2757.01,tess,NON_HABITABLE,20.9129,1426.0,687.809,3.4813976,0.04998037393109931,0.0,6704.0,1.4,1.374268844972274,3.566866082845833,F,-1.2734694534957112,3
2758.01,tess,NON_HABITABLE,12.3919,877.0,98.5409,4.5302876,0.048285041949185536,0.0,4693.0,0.81,0.7317567567567568,0.28672592661150287,K,-1.1856621654872475,3
2761.01,tess,NON_HABITABLE,17.6327,1445.0,725.656,6.1214801,0.07009713713971799,0.0,6356.0,1.24,1.2262200377736527,2.2608598155390953,F,-1.2456909072987554,3
2762.01,tess,NON_HABITABLE,13.9055,1420.0,676.473,3.9072351,0.050999520402042565,0.0,6294.0,1.13,1.159149995588217,1.805338116442152,F,-1.2576299483764666,3
2764.01,tess,NON_HABITABLE,10.8605,1479.0,796.052,2.276734,0.03878049665763289,0.0,6494.0,1.78,1.5010527794947404,5.076727492834251,F,-1.286221565398243,3
2765.01,tess,NON_HABITABLE,7.10309,1955.0,2426.37,1.0191022,0.02254092087620409,0.0,6865.0,1.53,1.4711600893900851,4.6842464706318205,F,-1.2955892015961963,3
2766.01,tess,NON_HABITABLE,17.4324,1019.0234226087331,255.021,7.2748135,0.08205048192429433,0.0,6792.7,1.4,1.3924516681448635,3.7594171575461006,F,-1.2516193850501363,4
2767.01,tess,NON_HABITABLE,13.4544,1668.0,1287.68,0.934057,0.023492484453830825,0.0,5023.0,5.19,1.9825335004061042,15.448351363418745,K,-1.3017055163822813,3
2768.01,tess,NON_HABITABLE,3.01287,855.0,89.0458,1.5080197,0.021265175910336033,0.0,4008.0,0.66,0.564122417286572,0.10127294347541498,K,-1.2178457127080962,3
277.01,tess,NON_HABITABLE,4.2556645,587.9229796,28.2359721,3.9934418,0.038290857773517484,0.0,3748.0,0.523113,0.46964642009306967,0.048650136710055,K,-1.0706782508162391,3
2770.01,tess,NON_HABITABLE,17.1535,1054.0,204.884,4.5697688,0.05603536077060355,0.0,4976.0,1.7,1.1240315720127643,1.596298258337179,K,-1.24881659744845,3
2773.01,tess,NON_HABITABLE,14.3367,2117.0,3334.9,0.5993364,0.016953981863666787,0.0,6232.0,2.81,1.8098987587655058,10.730430074272178,F,-1.302810089208387,3
2774.01,tess,NON_HABITABLE,21.1475,1027.0,184.965,4.4430866,0.053916357470290395,0.0,4926.5,1.54,1.0591867154707892,1.2586068772803554,K,-1.2437061939092044,3
2776.01,tess,NON_HABITABLE,17.1001,1845.0,1927.33,3.4590552,0.0549905902121986,0.0,7911.0,1.83,1.8540891265375217,11.817413384328674,A,-1.28789616973972,3
2777.01,tess,NON_HABITABLE,7.58229,1169.0,310.868,1.9297769,0.02926933439198674,0.0,4856.0,1.14,0.8982656270246716,0.6510571687526442,K,-1.2599480223131425,3
2778.01,tess,NON_HABITABLE,14.6892,1202.0,347.285,4.4445101,0.0556376349473355,0.0,6288.0,1.14,1.1631577971027873,1.830435985048691,F,-1.253264954568136,3
278.01,tess,NON_HABITABLE,2.5153001,944.4983346,188.0727122,0.299039,0.005730286621848408,0.0,2955.0,0.300639,0.2807073743050346,0.006208908897659115,M,-1.2097139949416,3
2780.01,tess,NON_HABITABLE,17.7815,1108.0,251.061,4.9062135,0.06771711331435709,0.0,7169.0,1.92,1.721007933397267,8.772663866923045,F,-1.2784326020512966,3
2781.01,tess,NON_HABITABLE,5.94208,673.0,34.207,2.7636665,0.031780934318068124,0.0,3868.0,0.7,0.5606723809136874,0.09881813473128263,K,-1.1706037381041379,3
2783.01,tess,NON_HABITABLE,22.8234,1460.0,756.205,2.3044132,1.0,0.0,5772.0,1.55,1.0,2.4025000000000003,G,-0.4207532408381324,4
2786.01,tess,NON_HABITABLE,16.0563,1539.0,933.592,3.7576217,0.052084514376954646,0.0,5605.0,1.89,1.334996713629287,3.1762946740825764,G,-1.2696647549045743,3
2787.01,tess,NON_HABITABLE,12.7289,1557.0,977.267,4.3217658,0.058195325602314336,0.0,5139.0,2.5,1.4077395093213185,3.927255878093336,K,-1.2694699590184844,3
2788.01,tess,NON_HABITABLE,8.30577,1173.0,314.34,4.0646554,0.04888774268986711,0.0,5647.0,0.93,0.9434805240354681,0.7923768128169616,G,-1.2342495500430022,3
279.01,tess,NON_HABITABLE,1.86599,653.0,30.2417,11.4707838,0.08455002286634489,0.0,4140.0,0.73,0.612823553458326,0.14103983624073943,K,-0.9996523831860157,3
2790.01,tess,NON_HABITABLE,20.0937,2095.0,3201.05,2.3341583,0.04078321956560012,0.0,6901.0,1.93,1.6609798331807537,7.61127542770878,F,-1.2895692404160195,3
2791.01,tess,NON_HABITABLE,14.0065,1864.0,2004.64,3.7482756,0.05502605259192051,0.0,6425.0,2.02,1.5820583392727117,6.264551404200824,F,-1.279642879106955,3
2792.01,tess,NON_HABITABLE,12.5411,749.0,52.4926,7.1185659,0.08139585744698313,0.0,5945.0,1.9,1.4197188120439426,4.062649428052589,G,-1.2542858385849007,3
2793.01,tess,NON_HABITABLE,6.23347,1977.0,2541.08,0.3559702,0.009834549228455726,0.0,5562.0,1.08,1.0014206436276607,1.0056946953533494,G,-1.296427387351408,3
2794.01,tess,NON_HABITABLE,14.441,1484.0,806.142,4.7654865,0.0627210185283589,0.0,6151.0,1.85,1.449456775800965,4.41388562416748,F,-1.2687972518402852,3
2795.01,tess,NON_HABITABLE,11.4562,927.0,122.862,3.6337247,0.0440811320889189,0.0,5325.0,0.88,0.865435340300061,0.5609685361736082,G,-1.2288267574461174,3
2796.01,tess,NON_HABITABLE,15.0839,797.0,67.1926,4.808498,0.05771243999222835,0.0,5449.5,1.38,1.1090978864917402,1.5131413893061867,G,-1.245280348328355,3
2797.01,tess,NON_HABITABLE,13.0206,1292.0,463.485,4.2380604,0.05238596900434807,0.0,5798.0,1.13,1.067802935243165,1.3000631286648041,G,-1.2466207209223479,3
2798.01,tess,NON_HABITABLE,18.9963,1524.0,896.598,3.994474,0.05382504843022466,0.0,5931.0,1.61,1.303810696334132,2.889735934408338,G,-1.2663036800976555,3
2799.01,tess,NON_HABITABLE,16.9266,1742.0,1530.88,1.4367914,0.02534802845074337,0.0,5873.0,1.07,1.052508391922513,1.2271630469035655,G,-1.2784064448703898,3
280.01,tess,NON_HABITABLE,2.4497061,708.2266596,59.457971,10.1843061,0.08662060549446025,0.0,5454.0,0.782681,0.8359517413729461,0.48834284294739033,G,-1.1391051147869167,3
2800.01,tess,NON_HABITABLE,9.7807,937.0,127.967,7.7538288,0.07746383611313466,0.0,5504.0,1.17,1.0314425270350205,1.1318272209896372,G,-1.2095892392348608,3
2801.01,tess,NON_HABITABLE,15.5249,1020.0,179.736,5.4139736,0.06463599388099374,0.0,5425.0,1.71,1.2290554453590516,2.2818437423167106,G,-1.250969749143585,3
2802.01,tess,NON_HABITABLE,5.79479,1171.0,312.309,3.5266608,0.048639936373027916,0.0,5668.0,1.58,1.2343322115382362,2.3212838534966242,G,-1.26594311646076,3
2803.01,tess,NON_HABITABLE,17.4523,1882.0,2085.59,1.962292,0.032517273410232375,0.0,6384.0,1.16,1.1912298034908757,2.0136417269383986,F,-1.2783606654706319,3
2804.01,tess,NON_HABITABLE,4.4901713,1339.2032846,760.1635216,4.8033954,0.06013613995735217,0.0,5913.9,1.50621,1.257449109122451,2.5001246963252104,G,-1.2575253003843379,3
2806.01,tess,NON_HABITABLE,4.0961,992.0,161.074,11.4045112,0.10906234081700553,0.0,6334.6,1.47,1.3306123236205938,3.134773491435155,F,-1.225045254396104,3
2807.01,tess,NON_HABITABLE,2.45988,1264.0,424.412,3.9919157,0.04996402776751008,0.0,5645.0,1.14,1.0442152933596112,1.1889407106427723,G,-1.246788963797069,3
2808.01,tess,NON_HABITABLE,1.77547,669.0,33.3967,9.4453763,0.07701429407546478,0.0,4853.0,0.66,0.6830554119490353,0.21768261536028985,K,-1.0824410692914817,3
2809.01,tess,NON_HABITABLE,10.333405,1403.2634402,916.3847298,3.1660849,0.04542403260133122,0.0,6225.0,1.3377,1.2473616767047395,2.4208595145101586,F,-1.2697062214151968,3
281.01,tess,NON_HABITABLE,4.5613031,1293.3084871,661.1949258,5.5765364,0.06685991202858901,0.0,6002.18,1.52031,1.2821793231598198,2.702682789698328,F,-1.2538909232797508,3
2810.01,tess,NON_HABITABLE,2.0563,1070.0,218.228,8.4035706,0.08219921844640693,0.0,5910.0,1.05,1.0491940233337012,1.2117784699414957,G,-1.207027489630217,3
2813.01,tess,NON_HABITABLE,14.6507235,1789.4071434,2421.8674124,4.5654898,0.06643147809986508,0.0,9162.0,1.39742,1.8764087191721763,12.396804984473208,A,-1.2839390609499584,3
2814.01,tess,NON_HABITABLE,15.1849562,1402.9908508,915.6728921,5.479335,0.06734896649731052,0.0,6332.7,1.5307699,1.357430331477474,3.395237794956978,F,-1.2595675478851163,3
2815.01,tess,NON_HABITABLE,15.4118,1137.0,278.231,3.4044402,0.04951536171408982,0.0,6097.0,1.75,1.3973618973978523,3.812725927794295,F,-1.2749932668894806,3
2817.01,tess,NON_HABITABLE,9.96788,1071.0,218.419,6.2804387,0.06688253825904347,0.0,5900.0,0.98,1.0119026355857383,1.048467343933134,G,-1.2199186846555996,3
2818.01,tess,NON_HABITABLE,14.2282,1515.0,876.846,4.0397189,0.05069740995526899,0.0,5758.5,1.14,1.0652105875662214,1.287484169149067,G,-1.2483631640096364,3
2819.01,tess,NON_HABITABLE,25.8544805,1621.6560323,1634.3910274,4.3905983,0.05881987532382275,0.0,5796.0,1.96701,1.4083329432881857,3.9338822208580697,G,-1.2690700677175561,3
282.01,tess,NON_HABITABLE,4.6074444,596.6666471,29.9535327,56.0045056,0.312758024817813,0.0,6321.0,1.41189,1.3012474727255516,2.8670785801577003,F,-1.0553688160089127,3
282.03,tess,NON_HABITABLE,3.4359102,520.7120401,17.3744666,84.2607645,0.41065465174841687,0.0,6321.0,1.41189,1.3012474727255516,2.8670785801577003,F,-0.9756842406443518,3
282.04,tess,NON_HABITABLE,2.5594629,803.9912632,98.7475477,22.8909855,0.17225406390227072,0.0,6321.0,1.41189,1.3012474727255516,2.8670785801577003,F,-1.1697343341439799,3
2820.01,tess,NON_HABITABLE,12.027246,619.9102437,34.90087,13.3454771,0.10226020435777863,0.0,5448.0,0.720183,0.8009994341331431,0.41165067995561766,G,-1.090274475248228,3
2821.01,tess,NON_HABITABLE,13.6948,1571.0,1011.6,0.2856701,0.00946739127633576,0.0,5606.0,2.04,1.387208862453611,3.70311687261487,G,-1.3031626973513606,3
2822.01,tess,NON_HABITABLE,11.5292,1869.0,2026.22,2.8798613,0.04400518901317475,0.0,6086.0,1.69,1.3707207207207206,3.5301723712044826,F,-1.2776634662239414,3
2824.01,tess,NON_HABITABLE,13.7924,2901.0,11768.7,2.2087864,0.034786103697925834,0.0,5827.0,1.3,1.1510398825455088,1.7553409611969397,G,-1.2737564730199284,3
2825.01,tess,NON_HABITABLE,11.6197,1284.0,452.584,5.9492615,0.06866981519372477,0.0,6041.0,1.36,1.2205398612876113,2.219258387692417,F,-1.2464119945582597,3
2827.01,tess,NON_HABITABLE,7.70059,1139.0,280.204,5.3393042,0.06420693153620974,0.0,5857.2,1.49,1.2386735542701912,2.3541138474329695,G,-1.252267454516859,3
283.01,tess,NON_HABITABLE,2.01411,610.0,23.0207,17.6174652,0.12395402356874516,0.0,5250.0,0.81,0.8186070686070687,0.4490575077303865,G,-1.055004547449056,3
2830.01,tess,NON_HABITABLE,8.01392,1778.8197259950039,2367.92,4.2555436,0.05693053550492912,0.0,6053.1,1.68,1.3592713624924677,3.413694627391132,F,-1.2674756212042522,4
2831.01,tess,NON_HABITABLE,13.9087,2604.0,7635.55,2.6926692,0.05094802351140764,0.0,9669.0,2.11,2.433304534632761,35.05789708860994,A,-1.2980840266106128,3
2832.01,tess,NON_HABITABLE,13.0858,1655.0,1246.08,2.6889686,0.04124839324303878,0.0,6685.0,1.25,1.2948817073446026,2.81138538436226,F,-1.2760376365919714,3
2833.02,tess,NON_HABITABLE,6.7240044,1472.9600331,1112.4611509,1.8947564,1.0,0.0,5772.0,1.0,1.0,1.0,G,0.06830133166935012,4
2834.01,tess,NON_HABITABLE,13.8244,1254.0,411.734,4.6391531,0.056218700418445046,0.0,5928.2,1.15,1.1014009450522801,1.4715728923777656,G,-1.2460705300068404,3
2836.01,tess,NON_HABITABLE,11.1634,1627.0,1164.58,3.2379325,0.0457194712398426,0.0,6434.3,1.19,1.2160416902148403,2.186723425401869,F,-1.2673315017518845,3
2840.01,tess,NON_HABITABLE,19.4762,1756.0,1580.66,1.532427,0.026749395343370255,0.0,5957.0,1.11,1.0873334962880072,1.3978194149160892,G,-1.2787605971881202,3
2841.01,tess,NON_HABITABLE,14.4558,3298.0,19658.8,2.1663502,0.04296853781437637,0.0,9394.0,1.92,2.2551469558284176,25.864220321585126,A,-1.2982987019560424,3
2842.01,tess,NON_HABITABLE,11.8731,1198.0,342.119,3.5514016,0.04801026893885111,0.0,6019.0,1.26,1.1705320068083342,1.877297811434856,F,-1.2616492941044857,3
2843.01,tess,NON_HABITABLE,17.6221,1875.0,2054.63,1.8882882,0.032263828035306474,0.0,6436.0,1.27,1.256584138625204,2.4932526765432312,F,-1.281781658923875,3
2844.01,tess,NON_HABITABLE,8.52936,1572.0,1015.53,3.5524144,0.053285318827350915,0.0,6843.0,1.82,1.5993956539361895,6.543704002674776,F,-1.281234107409028,3
2846.01,tess,NON_HABITABLE,13.9979,1636.0,1189.32,2.6792695,0.04169712796987187,0.0,6718.0,1.34,1.3473054801272477,3.295067419965066,F,-1.2782841445310396,3
2847.01,tess,NON_HABITABLE,11.66,1194.0,338.268,2.648845,0.035645432525894735,0.0,5329.0,0.87,0.8611504326734285,0.5499409968004936,G,-1.2436954639774838,3
2849.01,tess,NON_HABITABLE,13.623,1699.0,1384.06,2.9510628,0.043957432849563965,0.0,6370.0,1.39,1.3011294594707843,2.866038632705161,F,-1.274157003834996,3
285.01,tess,HABITABILITY_ZONE,3.028709,328.6290521,2.7564164,32.332528,0.16060593356341266,0.0,3891.0,0.615038,0.5286714808927048,0.07811663594429058,K,-0.5179598384193712,3
2850.01,tess,NON_HABITABLE,7.47324,440.0,6.26353,6.6329154,0.06274107905841175,0.0,4608.0,0.88,0.7489063001131796,0.3145646646232557,K,-1.155765038854451,3
2851.01,tess,NON_HABITABLE,14.7924,1648.0,1225.98,4.8257226,0.06528453835868854,0.0,7141.0,1.66,1.5939942655499675,6.455754679183114,F,-1.2745303366976029,3
2852.01,tess,NON_HABITABLE,10.0625,2214.0,3988.82,0.400777,0.011914046766945302,0.0,5635.0,2.07,1.4046003447955913,3.892342809033991,G,-1.3016203688950443,3
2853.01,tess,NON_HABITABLE,21.0823,1062.0,211.311,3.2923881,0.046222726118902546,0.0,6300.0,1.24,1.2154163370003166,2.182228776726889,F,-1.2668181104385547,3
2854.01,tess,NON_HABITABLE,13.1071,3015.0,13721.4,0.9008643,0.02483549952274333,0.0,9267.0,2.46,2.5181430290881104,40.20884300409685,A,-1.3045453035196732,3
2857.01,tess,NON_HABITABLE,8.6439547,3263.4440702,26805.6102003,0.6216031,0.017046914539820525,0.0,8038.0,1.50848,1.7103754636148834,8.55787287286462,A,-1.3019120106776325,3
2859.01,tess,NON_HABITABLE,20.2505,1505.0,852.08,3.9589903,0.055975448871630376,0.0,6551.0,1.73,1.4928092882036494,4.966121198128512,F,-1.2753243135651708,3
286.01,tess,NON_HABITABLE,1.40246,850.0,86.7681,4.5117221,0.049763660256989035,0.0,5245.0,0.79,0.8076677012962624,0.42553066589990635,G,-1.2048021029523042,3
286.02,tess,NON_HABITABLE,1.84555,606.0,22.4437,39.361947,0.21089606198927843,0.0,5245.0,0.79,0.8076677012962624,0.42553066589990635,G,-0.8643595948391257,3
2861.01,tess,NON_HABITABLE,11.1341925,1201.5124066,492.5315328,6.6269971,0.07449764638540883,0.0,5940.0,1.48946,1.2559563465916352,2.4882738724608395,G,-1.2448525448340717,3
2862.01,tess,NON_HABITABLE,15.5181,868.0,94.4317,11.4874782,0.10408968182458991,0.0,5958.0,1.22,1.1401292609217204,1.6897263132671958,G,-1.199579779940047,3
2865.01,tess,NON_HABITABLE,9.82852,1751.0,1563.98,0.451685,0.012085925726251072,0.0,6353.0,1.1,1.1543802169828437,1.7758059302649636,F,-1.2974434161473671,3
2866.01,tess,NON_HABITABLE,12.7462,1426.0,687.916,1.5728416,0.025117211652777364,0.0,5288.0,0.87,0.8545249555220661,0.5332108787568278,G,-1.262535741324733,3
2867.01,tess,NON_HABITABLE,14.2003,1308.0,486.031,5.6392638,0.06791131245946466,0.0,5904.0,1.65,1.313899049626454,2.98021772929813,G,-1.255725252075565,3
2868.01,tess,NON_HABITABLE,12.1477,1103.0,246.563,9.3803217,0.0908189631605454,0.0,5817.0,1.27,1.1357287032913008,1.6637896081728303,G,-1.2129027290776677,3
287.01,tess,NON_HABITABLE,17.6651495,1263.093127,601.5371996,3.7815683,0.048861432493129825,0.0,5807.0,1.17009,1.0882661916394794,1.4026216880788835,G,-1.2530813567319665,3
2870.01,tess,NON_HABITABLE,19.7343,834.0,80.5444,5.7655904,0.06912008440968831,0.0,5409.0,2.0,1.3252739360492154,3.084768854771597,G,-1.2557034229110458,3
2875.01,tess,NON_HABITABLE,15.9231,2430.0,5796.83,3.4142143,0.059817834389881364,0.0,8573.0,2.72,2.4495761973957175,36.0050827415639,A,-1.2962037403207634,3
2876.01,tess,NON_HABITABLE,9.36407,709.0,42.1658,6.2996307,0.06332506288996667,0.0,5137.0,0.92,0.8536447170913873,0.53101724830503,K,-1.1901734833346538,3
2877.01,tess,NON_HABITABLE,17.1042,1451.0,736.646,3.4074188,0.04713501125923388,0.0,6237.0,1.24,1.2032621736303135,2.0962402558310314,F,-1.2650740597579333,3
288.01,tess,HABITABILITY_ZONE,9.065007,312.0100486,2.2397282,711.7473963,1.8278580149256185,0.0,6530.0,2.02087,1.6082592103907096,6.689970289028625,F,-0.33594844461269213,3
2880.01,tess,NON_HABITABLE,13.1891,1808.0,1774.48,4.7799716,0.06400507332578743,0.0,6605.0,1.79,1.5309923301891026,5.494043074683122,F,-1.2723081316304699,3
2881.01,tess,NON_HABITABLE,13.1989,1814.0,1800.37,2.9301843,0.04420745048384716,0.0,6032.0,1.65,1.342384665878518,3.247191714645172,F,-1.2761316080862741,3
2882.01,tess,NON_HABITABLE,4.99539,2549.0,7012.5,2.0083269,0.034040305237030416,0.0,6656.0,1.28,1.3046438629459904,2.897129462594558,F,-1.2823797797814942,3
2884.01,tess,NON_HABITABLE,14.3093,1645.0,1215.74,2.935886,0.044446602674013576,0.0,5896.0,1.77,1.3589947707129733,3.4109169282780645,G,-1.2767746053292943,3
2885.01,tess,NON_HABITABLE,15.3432,1602.0,1093.74,6.3350651,0.0911028444342908,0.0,9608.0,2.28,2.513472254126173,39.91134667936118,A,-1.2900682380775415,3
2886.01,tess,NON_HABITABLE,18.6498,1890.0,2118.49,1.6020002,0.02827564091166207,0.0,6141.0,1.22,1.1751483369117632,1.9070881218640203,F,-1.2817236065857769,3
2887.01,tess,NON_HABITABLE,17.0084738,1319.6283765,716.6837953,4.9182798,0.06231972103752803,0.0,7185.0,1.1499,1.3348439179924316,3.174840765925025,F,-1.2617385089931705,3
2890.01,tess,NON_HABITABLE,16.4567,1314.0,495.822,3.1958886,0.046660564512838676,0.0,6496.3,1.39,1.3269273638241845,3.1001920676391497,F,-1.2734190626188089,3
2891.01,tess,NON_HABITABLE,17.4207,873.0,96.7375,17.3076615,0.1518716491038573,0.0,6693.0,1.81,1.5600330171009067,5.922910362518476,F,-1.223936043561029,3
2892.01,tess,NON_HABITABLE,15.1651,950.0,135.41,14.9502738,0.10934876716602514,0.0,5068.0,0.79,0.780411803654806,0.37093286825294053,K,-1.062490463121247,3
2893.01,tess,NON_HABITABLE,7.36873,796.0,66.9029,10.3629429,0.09073636488073071,0.0,5467.0,0.96,0.9280222053912429,0.7417088687112778,G,-1.1647352292033506,3
2894.01,tess,NON_HABITABLE,11.48,852.0,87.5704,7.4190257,0.07567909261540343,0.0,6004.0,1.02,1.0505444845794512,1.2180294476289688,F,-1.2154343320296597,3
2895.01,tess,NON_HABITABLE,10.3307,1409.0,656.013,8.7858955,0.09523564084461751,0.0,6749.0,1.63,1.4928181542721795,4.96623917800303,F,-1.2510438161056143,3
2896.01,tess,NON_HABITABLE,18.0939,1632.0,1178.75,1.3475728,0.02863929511258319,0.0,5434.0,3.36,1.7256906671094965,8.868533307105302,G,-1.2966888907703036,3
2897.01,tess,NON_HABITABLE,7.9538,826.0,77.3733,12.0040505,0.10228723062123277,0.0,5777.0,0.98,0.9908070382675952,0.9637321158760538,G,-1.1663383641871377,3
2898.01,tess,NON_HABITABLE,17.5748151,1785.7427737,2403.2370301,3.6128161,0.054227333796360216,0.0,7186.0,1.71382,1.6298344518175876,7.056250257686274,F,-1.2818076809489882,3
2899.01,tess,NON_HABITABLE,17.2785,1191.0,334.64,4.0874138,0.05567869599395978,0.0,5881.0,1.83,1.3783210912864576,3.609122369950172,G,-1.2695495844468743,3
2901.01,tess,NON_HABITABLE,20.3715,1907.0,2197.47,4.6086828,0.06641177315365987,0.0,8097.0,1.72,1.839763677452297,11.456399805359014,A,-1.2829008422055361,3
2903.01,tess,NON_HABITABLE,5.10241,1015.0,176.712,3.5947639,0.04490202934367863,0.0,5594.0,0.93,0.9346254739604053,0.763045535291648,G,-1.239097088950743,3
2904.01,tess,NON_HABITABLE,7.05091,1339.0,534.505,7.5010022,0.077993800240091,0.0,5673.0,1.31,1.1249212194393399,1.6013580078405885,G,-1.2249975168201754,3
2906.01,tess,NON_HABITABLE,13.4147,1440.0,714.906,3.7062792,0.04952968486612487,0.0,6524.0,1.09,1.1800512762323705,1.9391147759289562,F,-1.2609214727045555,3
2908.01,tess,NON_HABITABLE,5.85793,1515.0,874.545,5.4631023,0.06470267264209362,0.0,6788.0,1.06,1.2107889361923037,2.149184874449667,F,-1.2491142342798354,3
2909.01,tess,NON_HABITABLE,9.43298,2250.0,4260.44,3.0688259,0.04956993314963268,0.0,7776.7,1.64,1.7254045827180884,8.862653880020423,A,-1.2869944252311452,3
2911.01,tess,NON_HABITABLE,10.9547,921.774333,170.615878,1.7701321,0.025102741777530864,0.0,4430.1,0.77,0.6734921991092488,0.2057454686473804,K,-1.2336683489077582,3
2912.01,tess,NON_HABITABLE,11.807,1037.0,192.233,8.7614828,0.09626004560142205,0.0,6614.0,1.83,1.5501131946554376,5.773692525698893,F,-1.254729835619958,3
2913.01,tess,NON_HABITABLE,10.9551,671.0,33.675,7.0317936,0.0623255765401504,0.0,4269.0,0.78,0.6532014403734162,0.1820490994410191,K,-1.108618065856077,3
2914.01,tess,NON_HABITABLE,15.5322188,2153.5314602,5083.0675851,3.0515894,0.05107061492727955,0.0,7902.0,1.94295,1.9082774364666386,13.260688117403815,A,-1.2906141499987782,3
2916.01,tess,NON_HABITABLE,13.1754,1182.0,325.02,3.9216762,0.050817342874211836,0.0,6706.0,0.96,1.1383422186489254,1.6791572648447894,F,-1.2558937583787086,3
2918.01,tess,NON_HABITABLE,9.53977,1041.0,195.344,9.5680636,0.09166471855047222,0.0,6511.0,0.99,1.1223775472975057,1.586923096035623,F,-1.2096549960674954,3
2919.01,tess,NON_HABITABLE,10.543,999.0,165.667,4.6957057,0.05288404893204641,0.0,5475.0,0.89,0.8948552788983005,0.6412261389857531,G,-1.2189215721694024,3
292.01,tess,NON_HABITABLE,9.6582457,608.5771715,32.4178069,10.3688702,0.08211471116184686,0.0,4463.0,0.789514,0.687037562851198,0.22280345887836323,K,-1.0701780684740472,3
2920.01,tess,NON_HABITABLE,18.204,1393.0,626.171,3.2003149,0.04568831055009017,0.0,6060.0,1.4,1.2422537590292333,2.381448961815564,F,-1.269138615996674,3
2921.01,tess,NON_HABITABLE,13.4546,1596.0,1078.67,3.0044799,0.04355002545467254,0.0,6302.0,1.25,1.2206947673426607,2.2203852399142674,F,-1.2696623414906374,3
2922.01,tess,NON_HABITABLE,5.14347,1190.0,333.693,1.3605223,0.02480977596285983,0.0,5924.0,1.15,1.1006206265796885,1.4674070133498065,G,-1.2817157775350272,3
2923.01,tess,NON_HABITABLE,12.2227,1246.0,401.143,4.3226285,0.05506094468436664,0.0,6153.0,1.25,1.191833529587336,2.017726959026611,F,-1.256519078575702,3
2924.01,tess,NON_HABITABLE,10.9465595,1175.1480188,450.7038757,7.3498345,0.0811825329985823,0.0,6571.0,1.34715,1.3213355586005229,3.0482633884434716,F,-1.2458574435362553,3
2925.01,tess,NON_HABITABLE,8.25698,1647.0,1224.0,1.5720089,0.03045667063105879,0.0,7164.0,1.51,1.5251681536973745,5.410917516104562,F,-1.2918976905707404,3
2926.01,tess,NON_HABITABLE,13.9253,2205.0,3929.91,2.4249041,0.041247012531772945,0.0,6632.0,1.92,1.5920943805678163,6.425031154795002,F,-1.2875158547610013,3
2927.01,tess,NON_HABITABLE,14.7174,2267.0,4386.75,1.3868302,0.026853340721180077,0.0,7019.0,1.22,1.343163357235575,3.254732805336571,F,-1.289428586994739,3
2928.01,tess,NON_HABITABLE,10.8106,1827.0,1849.83,2.8457134,0.04359550939397592,0.0,6910.0,1.3,1.3649709264440477,3.471311638727915,F,-1.277693998822523,3
2929.01,tess,NON_HABITABLE,11.8618,1429.0,693.385,2.0391352,0.030866966039665156,0.0,5773.0,0.89,0.9435615570922171,0.7926490685176503,G,-1.2621596699566568,3
293.01,tess,NON_HABITABLE,8.06243,2017.0,2752.55,0.8054361,0.018055649271298775,0.0,5905.0,1.4,1.2104799417603338,2.14699181843536,G,-1.2929599879465412,3
2930.01,tess,NON_HABITABLE,10.8839,1450.0,735.576,7.2041454,0.09044464158034435,0.0,7176.0,2.34,1.9017964672319034,13.081457822246856,F,-1.2754781489543023,3
2931.01,tess,NON_HABITABLE,11.0832,1312.0,492.998,8.6681997,0.09268373941566592,0.0,6133.0,1.77,1.4136219350038441,3.993310699508287,F,-1.2460194630104018,3
2932.01,tess,NON_HABITABLE,15.9704,1956.0,2431.32,3.2569118,0.05267145522566041,0.0,7320.0,2.1,1.8377837453587438,11.407162387322352,F,-1.288449590765574,3
2934.01,tess,NON_HABITABLE,5.17993,1530.0,910.705,1.1239749,0.02150566520399455,0.0,6220.0,0.95,1.0503302291183605,1.2170360974579848,F,-1.2830758587140674,3
2935.01,tess,NON_HABITABLE,13.1629,910.0,113.909,5.5698287,0.06349143828539096,0.0,5751.6,1.22,1.1006323358706558,1.4674694601892444,G,-1.2377068283425563,3
2937.01,tess,NON_HABITABLE,23.9926,1900.0,2165.86,2.0139493,0.03418816520260562,0.0,6074.0,1.56,1.3143491975839179,2.9843039747604885,F,-1.282667377953227,3
2938.01,tess,NON_HABITABLE,12.1509,957.0,139.422,4.942456,0.05516102669805173,0.0,5516.0,0.92,0.9166253181771643,0.7059393569847571,G,-1.2194587091103928,3
2939.01,tess,NON_HABITABLE,14.4419,1521.0,889.049,4.8306667,0.06204191761119663,0.0,6567.0,1.44,1.3652806652806655,3.4744635477955756,F,-1.26406926122715,3
294.01,tess,NON_HABITABLE,9.49027,697.0,39.3409,7.327945,0.06543878507867398,0.0,4521.0,0.79,0.6961803007741473,0.2349021117319529,K,-1.1238554877685276,3
2941.01,tess,NON_HABITABLE,16.3576,1729.0,1485.48,0.7127815,0.015430885112657944,0.0,5625.4,0.98,0.9648062858006801,0.8664838990530084,G,-1.2870959654846394,3
2942.01,tess,NON_HABITABLE,12.6783,1849.0,1943.53,3.525723,0.05210331995564839,0.0,6442.0,1.85,1.5180296780539453,5.310324360191088,F,-1.2787809506469936,3
2943.01,tess,NON_HABITABLE,13.7901,1287.0,456.304,0.7123317,0.014556247315493778,0.0,4728.0,0.98,0.8108941798388766,0.4323711751664675,K,-1.279433008481937,3
2944.01,tess,NON_HABITABLE,25.4471346,1164.120025,434.0222975,7.7925448,0.0842607475304542,0.0,6307.0,1.44678,1.3143098322609676,2.9839464660792623,F,-1.2427144539222716,3
2945.01,tess,NON_HABITABLE,15.3648,2123.0,3373.51,3.2006677,0.05229994593284167,0.0,7438.0,2.09,1.8629577028539421,12.045143508015654,F,-1.2891740858910252,3
2946.01,tess,NON_HABITABLE,10.544,648.0,29.4413,4.9186433,0.04892941937130564,0.0,4394.0,0.72,0.6459516001109542,0.17410045796492404,K,-1.1483228756955923,3
2948.01,tess,NON_HABITABLE,14.7906,1261.0,420.126,2.7557652,1.0,0.0,5772.0,1.18,1.0,1.3923999999999999,G,-0.1419393859417246,4
2949.01,tess,NON_HABITABLE,13.2096,1151.0,291.711,2.8652288,0.04025985550801735,0.0,5945.0,1.06,1.0604213650063707,1.2644855671357036,G,-1.2605985484761566,3
295.01,tess,NON_HABITABLE,14.4039682,1373.2191493,840.3890897,3.3969441,0.04626959925699164,0.0,5864.0,1.27071,1.1452251135020481,1.7201386420878908,G,-1.2613205301412196,3
2950.01,tess,NON_HABITABLE,12.349,1674.0,1303.81,3.2690486,0.04791832500940978,0.0,6368.0,1.55,1.3735440166318824,3.5593469690738195,F,-1.2749373476786265,3
2952.01,tess,HABITABILITY_ZONE,6.26037,374.0,3.24982,10.7844934,0.07267101946262165,0.0,3558.0,0.51,0.44021487090705924,0.03755422790134891,M,-0.7931009346746184,3
2955.01,tess,NON_HABITABLE,16.3177,2980.0,13101.0,0.5542332,0.016607504735615376,0.0,7366.0,2.43,1.9893377726432977,15.661527434802512,F,-1.3041595674402504,3
2956.01,tess,NON_HABITABLE,11.0098,836.0,81.2443,4.127728,0.04961959366294699,0.0,5820.0,0.9,0.9565725562463601,0.8372818322799988,G,-1.2352049888778611,3
2957.01,tess,NON_HABITABLE,24.932622,1939.1244573,3341.5174815,1.5314941,0.02837091468888118,0.0,6650.0,1.27101,1.2988823238104041,2.8462905212758027,F,-1.2867662213060775,3
296.01,tess,NON_HABITABLE,8.7026468,561.7594116,23.5354459,25.2580075,0.1621452116848219,0.0,5290.0,0.946086,0.891445213794867,0.6315076709296711,G,-1.0287266482387158,3
2960.01,tess,NON_HABITABLE,22.2405,2825.0,10586.0,2.0916623,0.038621170715066565,0.0,6600.0,2.36,1.7566029776830496,9.521260738578318,F,-1.2926927594619477,3
2961.01,tess,NON_HABITABLE,14.9419,1443.0,719.837,4.6259138,0.06269007810551852,0.0,7388.0,1.44,1.5359667359667357,5.565795451998448,F,-1.27331973130101,3
2962.01,tess,NON_HABITABLE,16.4291,1253.0,409.938,4.0211797,0.05552693479932627,0.0,4881.0,2.79,1.4124874144996538,3.9805065920860208,K,-1.2715849395264007,3
2964.01,tess,NON_HABITABLE,12.9506,1810.0,1782.41,3.8331282,0.0563206710954416,0.0,8408.0,1.24,1.6220985018251843,6.923232119551346,A,-1.280442170950563,3
2965.01,tess,NON_HABITABLE,18.7854,1712.0,1427.16,4.2672965,0.059171332745174665,0.0,6548.0,1.79,1.5177801329414449,5.306833417203966,F,-1.2745420118882222,3
2966.01,tess,NON_HABITABLE,9.59771,1849.0,1941.1,1.5252473,0.029959211026248943,0.0,5698.0,2.44,1.5420236539610574,5.654108557814961,G,-1.2925783788447711,3
2969.01,tess,NON_HABITABLE,12.3326,944.0,131.939,1.8237148,0.02595005138752088,0.0,4581.0,0.78,0.7009406882995125,0.24139322826822382,K,-1.237148295083441,3
297.01,tess,NON_HABITABLE,11.6571011,936.9112513,182.1020435,5.6748327,0.05973028213427894,0.0,4871.0,1.09429,0.8827912550985839,0.6073402859785647,K,-1.2043090982021065,3
2971.01,tess,NON_HABITABLE,8.96118,989.0,159.338,4.8405428,0.05706025419177243,0.0,5875.0,1.08,1.0577753112751718,1.2519117196705987,G,-1.2396566680548102,3
2972.01,tess,NON_HABITABLE,13.1836,1131.0,271.99,2.8371201,0.03930058656097994,0.0,5301.0,1.2,1.0060558826524204,1.024444462609693,G,-1.2564276794998852,3
2974.01,tess,NON_HABITABLE,16.3132,1828.0,1853.96,0.689421,0.017374801215513058,0.0,5270.0,2.6,1.4722140794710104,4.697684729606453,G,-1.2988948491777947,3
2975.01,tess,NON_HABITABLE,11.5872,1311.0,490.784,0.426988,0.010735546597956684,0.0,5333.5,0.96,0.9053606058997976,0.6718717396086332,G,-1.291892121599586,3
2976.01,tess,NON_HABITABLE,14.101,1137.0,278.288,3.4859402,0.04669939095189855,0.0,5941.0,1.18,1.1180834874951573,1.5627767247745055,G,-1.2584573810316317,3
2977.01,tess,NON_HABITABLE,12.9823,1434.0,703.632,2.3505698,0.03488349618078841,0.0,5356.0,1.22,1.0249298961894484,1.103510945058207,G,-1.264175785715784,3
2978.01,tess,NON_HABITABLE,7.82395,1383.0,607.963,4.3497551,0.05758278369218016,0.0,5667.3,1.88,1.3462595743885253,3.28484755817075,G,-1.2661547405853537,3
298.01,tess,NON_HABITABLE,21.995993,2253.470434,6094.3649753,1.3287182,0.026504911272719943,0.0,6273.0,1.67606,1.4069988610925177,3.918997474119041,F,-1.2914904485706984,3
2980.01,tess,NON_HABITABLE,18.7998,1233.0,383.951,3.5910692,0.046460911168163796,0.0,5736.0,1.09,1.0375190252098219,1.1587354046240317,G,-1.2504563933172625,3
2981.01,tess,NON_HABITABLE,12.3972,1353.0,556.616,3.6015056,0.046953149142952295,0.0,6055.0,1.03,1.0646489678903912,1.2847710725994193,F,-1.25285098799536,3
2982.01,tess,NON_HABITABLE,6.13443,953.0,137.254,4.8701613,0.04937066875172099,0.0,5268.0,0.55,0.6768630220031177,0.20989551291531866,G,-1.1614203547767519,3
2983.01,tess,NON_HABITABLE,16.9576,1020.0,180.283,3.4287311,0.04239244831102219,0.0,5231.0,0.91,0.8645280600505965,0.5586198644127279,G,-1.2317703969189513,3
2984.01,tess,NON_HABITABLE,11.8107,674.0,34.4415,9.162268,0.07752869346465002,0.0,4935.8,0.75,0.7405627491336162,0.30077895885275047,K,-1.1151092268783624,3
2985.01,tess,NON_HABITABLE,12.1415,1786.0,1690.71,3.8996784,0.05632508826329278,0.0,6382.0,2.01,1.5675756406831676,6.038290800916838,F,-1.2783518032791743,3
2986.01,tess,NON_HABITABLE,8.32327,1605.0,1102.7,3.2783445,0.04660269731161503,0.0,5940.7,1.49,1.256332033028226,2.491252416314878,G,-1.269249547035757,3
2988.01,tess,NON_HABITABLE,7.71451,1285.8472074392237,646.542,1.8865581,0.031069571326581655,0.0,5564.2,1.36,1.1242059089846923,1.597288830357436,G,-1.2760613080547787,4
2989.01,tess,NON_HABITABLE,13.4539,850.0,86.7639,3.1228396,0.03618126920101815,0.0,4262.0,0.77,0.6479365595818646,0.17625033136443757,K,-1.1911628700246377,3
299.01,tess,NON_HABITABLE,9.1008936,1070.6686102,310.5569713,5.7217124,0.06360517278011205,0.0,5541.0,1.19313,1.0485899973471473,1.208990372277311,G,-1.2302160192150735,3
2990.01,tess,NON_HABITABLE,15.9063,1350.0,553.011,7.4659746,0.08666305445705204,0.0,6439.0,1.95,1.5577917817364555,5.8889468329733035,F,-1.2607233842128849,3
2991.01,tess,NON_HABITABLE,8.10167,743.0,50.6483,5.5809252,0.05395769374541756,0.0,4455.0,0.76,0.6728653774592411,0.20498058505880795,K,-1.1456865767125353,3
2992.01,tess,NON_HABITABLE,12.7824,1606.0,1104.67,3.00782,0.04438958913054941,0.0,5999.1,1.54,1.289793367457792,2.7674549330454186,G,-1.2731671450252442,3
2995.01,tess,NON_HABITABLE,15.7246,2108.0,3282.03,1.6566182,0.0300851873453422,0.0,6504.0,1.38,1.32371275415034,3.0702590024940486,F,-1.2862791879901097,3
2996.01,tess,NON_HABITABLE,5.15542,1798.0,1735.39,2.3627442,0.03602967319752009,0.0,5939.0,1.18,1.1177070917747414,1.560673391660825,G,-1.270193966737928,3
2997.01,tess,NON_HABITABLE,18.0034887,2132.8216494,4890.3412284,2.2060441,0.03863714089859402,0.0,6313.0,2.0898499,1.5811279442096295,6.24982788098786,F,-1.2886425054314419,3
2998.01,tess,NON_HABITABLE,9.91839,2136.0,3456.41,1.5297119,0.03075060302529857,0.0,6683.0,2.05,1.6577615759853754,7.552457271785493,F,-1.2945215455339034,3
3000.01,tess,NON_HABITABLE,16.3192,1097.0,240.959,5.20807,0.05841455736921283,0.0,5836.5,0.94,0.9803701832228137,0.9237626038043071,G,-1.2261774774568952,3
3002.01,tess,NON_HABITABLE,22.9819,603.0,22.0881,7.7971071,0.07810723471588603,0.0,4978.0,1.47,1.0456521559346,1.1954982615053447,K,-1.2114871611856284,3
3003.01,tess,NON_HABITABLE,7.12755,2204.0,3920.08,1.6224281,0.03306742909383754,0.0,7517.0,1.98,1.8325288600100167,11.277252171172085,A,-1.296371958090847,3
3006.01,tess,NON_HABITABLE,20.6812,1009.0,172.513,8.61346,0.09297676555538978,0.0,6595.0,1.6,1.4452682722668373,4.363087022563458,F,-1.2485948895632513,3
3007.01,tess,NON_HABITABLE,12.027,1508.0,860.304,4.2768515,0.05623211293487051,0.0,5691.0,1.73,1.2968367667786551,2.8284028032537347,G,-1.2638604404093792,3
3009.01,tess,NON_HABITABLE,16.7174,2373.0,5266.4,3.365343,0.057554312388045224,0.0,9582.0,1.83,2.2457188737811316,25.434403445073485,A,-1.294214651114535,3
301.01,tess,NON_HABITABLE,7.2887349,1571.1998285,1440.2792168,3.7440143,0.0523837071724452,0.0,6048.0,1.7045799,1.3680253389766173,3.5024872770557716,F,-1.2713658549621367,3
3010.01,tess,NON_HABITABLE,18.0441,933.0,125.806,9.5537684,0.09192979709997252,0.0,5816.0,1.27,1.1355334602616822,1.6626458154106272,G,-1.211682014601104,3
3013.01,tess,NON_HABITABLE,11.5748,1619.0,1142.88,5.4722557,0.07246239779459146,0.0,5847.0,2.8,1.6950627772504296,8.255495563497165,G,-1.2751843578156796,3
3014.01,tess,NON_HABITABLE,8.71041,2288.0,4554.66,1.7946783,0.03253277191797209,0.0,6351.0,1.68,1.426167157851293,4.136963838591043,F,-1.287898553612082,3
3015.01,tess,NON_HABITABLE,10.7453,1625.0,1157.67,4.2745762,0.05871224494617268,0.0,6375.0,1.79,1.4776799553301332,4.767838417476788,F,-1.2728843250097757,3
3016.01,tess,NON_HABITABLE,12.9912,1069.0,217.091,5.1139634,0.06442823169756327,0.0,6451.0,1.49,1.3642496583003831,3.4639803098779316,F,-1.2622327772045256,3
3017.01,tess,NON_HABITABLE,16.9171,1727.0,1477.03,3.052529,0.04589827166004521,0.0,6802.0,1.38,1.3843625697617794,3.67281787585077,F,-1.2769350871092129,3
3019.01,tess,NON_HABITABLE,12.8042,891.0,105.077,5.9594909,0.06498445863737985,0.0,5950.0,1.0,1.0308385308385308,1.1291784293089802,G,-1.2256575459084749,3
302.01,tess,NON_HABITABLE,8.15246,501.0,10.4754,6.70145,0.05917417808347568,0.0,4130.0,0.74,0.6155163436050943,0.14353517938444607,K,-1.0946754159297876,3
3020.01,tess,NON_HABITABLE,19.6858,1608.0,1111.89,3.0327366,0.04846605601130615,0.0,7124.0,1.79,1.6512928630230381,7.4352643773624445,F,-1.285446208954084,3
3022.01,tess,NON_HABITABLE,10.4018,771.0,58.9074,8.990904,0.08346224615641233,0.0,5354.0,1.07,0.9594976894863161,0.8475703059405763,G,-1.184995595533747,3
3023.01,tess,NON_HABITABLE,16.2567,1511.0,865.697,3.9014904,0.05212774741703357,0.0,5512.0,1.69,1.2414414414414414,2.3752260907687406,G,-1.263326534564152,3
3024.01,tess,NON_HABITABLE,14.7740421,1474.726076,1117.8060083,2.5071775,0.03750943296338603,0.0,5996.0,1.1625,1.1200354858149302,1.5737187895377607,G,-1.2687333108252308,3
3025.01,tess,NON_HABITABLE,11.3997,1539.0,933.522,3.6794732,0.04959659097294644,0.0,5823.0,1.42,1.2021665506052497,2.0886158022746724,G,-1.2626447081117262,3
3026.01,tess,NON_HABITABLE,15.025,1404.0,645.538,4.8206566,0.0577448969667433,0.0,6002.0,1.13,1.105373097159275,1.492916650103928,F,-1.2448072110829462,3
3027.01,tess,NON_HABITABLE,10.0889,1540.0,934.748,3.3794034,0.04882262208302318,0.0,6072.0,1.67,1.359451367891884,3.4155032597355524,F,-1.2735334228460269,3
303.01,tess,NON_HABITABLE,10.4972,1390.0,621.482,3.5608112,0.048342580388026246,0.0,5659.0,1.47,1.1886993873913017,1.9965866161485304,G,-1.2627900736749988,3
3031.01,tess,NON_HABITABLE,21.2425,1501.0,842.898,3.9935853,0.04857890367330415,0.0,5709.0,0.94,0.9589537181562654,0.8456498760344011,G,-1.2371354320561467,3
3032.01,tess,NON_HABITABLE,12.3649,1133.0,273.655,3.4677103,0.045750368699965724,0.0,5645.0,1.18,1.0623769208736178,1.2738389085095383,G,-1.2540753017411974,3
3033.01,tess,NON_HABITABLE,20.4596,1091.0,235.437,3.9982381,0.04751691257558254,0.0,5509.0,0.88,0.895339584922636,0.6426154223257295,G,-1.2282477147012296,3
3037.01,tess,NON_HABITABLE,18.0173,2254.0,4286.56,2.1357662,0.0378557142975724,0.0,7428.0,1.52,1.5865996955666513,6.336792211214366,F,-1.2892170123229398,3
3038.01,tess,NON_HABITABLE,24.1966313,1662.4326793,1805.0833967,2.9677851,0.04466117870451943,0.0,6185.0,1.58557,1.3492924541205547,3.314548409607452,F,-1.2761334381136713,3
3039.01,tess,NON_HABITABLE,14.5305,1206.0,351.311,3.412893,0.045063210236430715,0.0,5691.0,1.13,1.0480970169832449,1.2067184134032856,G,-1.253404715488791,3
3040.01,tess,NON_HABITABLE,13.8209,1263.0,423.46,3.5366051,0.0474412719842778,0.0,6026.0,1.19,1.1388755925640128,1.6823065756017666,F,-1.259531818597595,3
3041.01,tess,NON_HABITABLE,15.9636,1692.0,1361.35,2.9599541,0.04590501122998552,0.0,6267.7,1.84,1.4729594468203133,4.7072055212463395,F,-1.2807822090144905,3
3043.01,tess,NON_HABITABLE,14.8302,1220.0,368.442,2.3725483,0.03988654827586668,0.0,6019.0,2.08,1.5039371536394837,5.115861206469994,F,-1.2856384966308543,3
3045.01,tess,NON_HABITABLE,17.6763,2343.0,5011.25,2.3304358,0.04176327790160606,0.0,7763.0,1.77,1.7893277484811416,10.250843134430982,A,-1.2919653834078504,3
3046.01,tess,NON_HABITABLE,18.5459,1319.0,503.511,4.1343989,0.05462615691733319,0.0,6320.0,1.35,1.2722065877354924,2.61957333136994,F,-1.2634263724603545,3
3047.01,tess,NON_HABITABLE,15.6063,2079.0,3103.65,2.7020875,0.04524893557327891,0.0,7798.0,1.57,1.6928042263293956,8.211583975499018,A,-1.2881802489684664,3
305.01,tess,NON_HABITABLE,24.5989,903.0,110.866,9.94915,0.09886376792371743,0.0,5852.0,1.65,1.302326768024053,2.8766025993611977,G,-1.2296049026725966,3
3050.01,tess,NON_HABITABLE,14.4394,822.0,76.1581,5.939725,0.068228160152866,0.0,5568.0,1.55,1.2009882356479775,2.080439127340126,G,-1.2447486434098771,3
3051.01,tess,NON_HABITABLE,11.3327,1471.0,779.001,2.9489639,0.047583364118664886,0.0,6506.0,2.15,1.6527492413511844,7.461529595709688,F,-1.285934733605406,3
3052.01,tess,NON_HABITABLE,12.6197,2193.0,3845.9,2.3097953,0.04154515350060162,0.0,7300.0,2.01,1.7930589434326423,10.336613212476024,F,-1.2921336331530147,3
3053.01,tess,NON_HABITABLE,13.6621,1187.0,329.849,2.9919962,0.039430203477089774,0.0,5247.0,1.01,0.91357757075574,0.6965971842985956,G,-1.2448308542429367,3
3054.01,tess,NON_HABITABLE,17.6399,1654.0,1162.44,2.8281656,0.04155082500301229,0.0,6412.2,1.16,1.1964918148408825,2.049457552701685,F,-1.2699409292359927,3
3055.01,tess,NON_HABITABLE,11.1657,2046.0,2913.52,1.3071566,0.02348523235425051,0.0,5958.0,0.96,1.0113693615732624,1.046258915820376,G,-1.2782986271305614,3
3056.01,tess,NON_HABITABLE,23.2306,1774.0,1647.22,1.8092906,0.03392762032417248,0.0,6905.0,1.77,1.5915635840863434,6.416467142904816,F,-1.2914833706376836,3
3057.01,tess,NON_HABITABLE,16.4382,2592.0,7501.75,0.58007,0.015131576829411157,0.0,6875.0,1.33,1.3736376964373134,3.560318100807013,F,-1.2988907302791999,3
3058.01,tess,NON_HABITABLE,19.5614,2391.0,5427.95,2.3483946,0.03903309979346011,0.0,6155.0,1.82,1.4385912976731328,4.283016183103416,F,-1.2839486902065729,3
306.01,tess,NON_HABITABLE,11.7236575,1282.5626085,639.4922705,4.6027498,0.05731215134917411,0.0,5909.0,1.3408999,1.185457112695609,1.9748921657871155,G,-1.253734956240891,3
3062.01,tess,NON_HABITABLE,15.177757,1226.6092105,534.990275,4.865928,0.0592269857416659,0.0,6137.0,1.21215,1.1705985552499614,1.877724769083521,F,-1.2503730441146694,3
3065.01,tess,NON_HABITABLE,11.1546,2848.0,10926.7,1.6995805,0.03474800028372866,0.0,9626.0,1.35,1.9376994641680143,14.097615995815964,A,-1.2971882890382622,3
3066.01,tess,NON_HABITABLE,9.74784,720.0,44.6632,12.2027867,0.10988198183043664,0.0,6454.0,1.13,1.1886167892479111,1.9960317335221467,F,-1.2027497137101306,3
3067.01,tess,NON_HABITABLE,17.5053,1632.0,1178.73,7.4365725,0.1001043079807299,0.0,9230.0,2.29,2.4198760416214653,34.29039430537782,A,-1.2863824192532363,3
3069.01,tess,NON_HABITABLE,7.97984,805.0,69.9284,3.8277062,0.05150360487955337,0.0,6610.0,1.18,1.2439878559742452,2.3947741571197563,F,-1.2640730623095546,3
307.01,tess,NON_HABITABLE,17.0195741,1113.2334478,362.9660354,6.1668344,0.06849246834819567,0.0,5747.0,1.2815599,1.1271567850242072,1.614125574513464,G,-1.2356413749022592,3
3070.01,tess,NON_HABITABLE,20.2415,2672.0,8468.98,0.6587178,0.017866907181513184,0.0,6520.0,2.41,1.753597003111839,9.45625507383123,F,-1.3019355190742548,3
3071.01,tess,NON_HABITABLE,7.13535,1985.0,2579.61,1.2669382,0.024828248754065155,0.0,6296.0,1.36,1.2720607460133755,2.6183723396434293,F,-1.288795985419275,3
3072.01,tess,NON_HABITABLE,15.4283,2080.0,3112.84,2.9828061,0.047464541513131134,0.0,6879.0,1.81,1.6033866912650736,6.609263972671623,F,-1.2844973989880872,3
3073.01,tess,NON_HABITABLE,12.6134,1028.0,185.786,3.1420872,0.04144178145420434,0.0,5417.4,1.05,0.9617434351959377,0.8555333074702683,G,-1.248192046698766,3
3075.01,tess,NON_HABITABLE,8.89917,1762.0,1600.56,1.8030565,0.03211496926646257,0.0,5982.0,1.72,1.3592029539977326,3.4130074707603284,G,-1.2859845637582088,3
3077.01,tess,NON_HABITABLE,13.6678,1803.0,1755.17,6.3599636,0.08344862287130538,0.0,7689.0,2.07,1.9165877641762734,13.49319649539649,A,-1.2786330110119435,3
3078.01,tess,NON_HABITABLE,10.6252,2331.0,4902.04,0.5496848,0.015816045638893,0.0,7433.0,1.84,1.7468142330065877,9.310797633773603,F,-1.3027995478186918,3
308.01,tess,NON_HABITABLE,14.2736,750.0,52.7075,8.3092965,0.0734902991898749,0.0,4801.3,0.85,0.766905731164247,0.34591383583076263,K,-1.137727815412337,3
3080.01,tess,NON_HABITABLE,16.8715,1717.0,1443.49,4.5744909,0.0628090538230743,0.0,6993.0,1.7,1.5796528904914109,6.2265383316082215,F,-1.2752516991579887,3
3081.01,tess,NON_HABITABLE,17.7367,1364.0,575.941,3.4365075,0.05133122547427042,0.0,5438.0,2.63,1.5278853090324607,5.449579847894565,G,-1.279637523672689,3
3082.01,tess,NON_HABITABLE,3.42735,943.0,131.648,1.9268037,0.02565880658154846,0.0,4249.0,0.68,0.6070365836191767,0.1357873960523321,K,-1.213973911720789,3
3083.01,tess,NON_HABITABLE,25.853,2030.0,2822.0,2.1532179,0.03603733168761307,0.0,5997.0,1.68,1.3466736648770596,3.2888909146330434,G,-1.282555756991424,3
3084.01,tess,NON_HABITABLE,10.9206,966.0,144.847,5.1057571,0.05718110884228456,0.0,5495.2,1.01,0.9567927323836367,0.838052973523036,G,-1.223855263402601,3
3086.01,tess,NON_HABITABLE,3.17264,594.0,20.8045,10.9506335,0.08447154732354357,0.0,4530.0,0.73,0.6705533084942552,0.20217769392989518,K,-1.0510206514673883,3
3089.01,tess,NON_HABITABLE,9.9903,572.052238442551,25.3269,9.3096136,0.08279527481403261,0.0,5229.0,0.93,0.8736425819340291,0.5825526400200488,G,-1.1604354190752098,4
3091.01,tess,NON_HABITABLE,22.9205,2912.0,11946.5,2.7499877,0.05098926370787621,0.0,10146.0,1.77,2.338595818123105,29.910293522062155,B,-1.297093620970501,3
3092.01,tess,NON_HABITABLE,7.89614,1017.0,177.763,4.4163989,0.05351171362317126,0.0,6273.0,0.93,1.0480703607711157,1.2065956563898732,F,-1.2428013666838247,3
3093.01,tess,NON_HABITABLE,14.0676,1590.0,1061.67,4.3653308,0.06040811666887428,0.0,7109.0,1.57,1.5432348352110379,5.671893558167939,F,-1.2749844860652317,3
3094.01,tess,NON_HABITABLE,12.199,1590.0,1063.3,2.8396238,0.040557720475249574,0.0,5915.3,1.16,1.10377218931541,1.4842866778250798,G,-1.2640615168916194,3
3095.01,tess,NON_HABITABLE,9.77904,1278.0,443.121,4.2839945,0.05261587539549664,0.0,6022.0,1.03,1.0588465870579582,1.2569909891858755,F,-1.2452623242803846,3
3097.01,tess,NON_HABITABLE,8.79209,1282.0,449.294,1.3683875,0.02255236772306433,0.0,5000.0,0.89,0.817219432783836,0.4460204185882562,K,-1.2634017944367821,3
3098.01,tess,NON_HABITABLE,17.3410428,1346.0993498,775.9423569,4.7323433,0.06016208021705414,0.0,6438.0,1.35252,1.2971688105550963,2.8313006677402366,F,-1.2606650200196996,3
3099.01,tess,NON_HABITABLE,13.5543,1354.0,559.574,2.5543095,0.03670931637604226,0.0,5990.0,0.95,1.011491651514305,1.0467650420842767,G,-1.2604920372490203,3
310.01,tess,NON_HABITABLE,12.2342646,1278.7062525,631.8356941,4.2695675,0.053919102109460895,0.0,5798.0,1.3043,1.1472039554625597,1.7320584473249598,G,-1.2534772831322316,3
3100.01,tess,NON_HABITABLE,14.0568,1268.0,430.347,3.2907468,0.04498531757732311,0.0,6229.0,1.08,1.1215119002439229,1.5820330235953717,F,-1.260649907260517,3
3101.01,tess,NON_HABITABLE,12.8472,1501.0,843.152,4.0467915,0.05526776684759726,0.0,5933.0,1.79,1.3752274784272438,3.576828897896658,G,-1.269667109822101,3
3103.01,tess,NON_HABITABLE,11.8307,1294.0,466.22,4.3437796,0.05681097964618302,0.0,6513.0,1.32,1.2964080567187173,2.824664588477857,F,-1.2633552545363502,3
3105.01,tess,NON_HABITABLE,5.82279,1616.0,1133.52,5.3332571,0.06171727292328429,0.0,6068.0,1.1,1.1025939173070824,1.4779589408158673,F,-1.2399749834777731,3
3106.01,tess,NON_HABITABLE,8.99362,1383.8041542436254,867.237,1.485163,0.026131608667134838,0.0,5506.2,1.28,1.0792713398667686,1.356821066443568,G,-1.2790239633032603,4
3107.01,tess,NON_HABITABLE,18.0528,1465.0,593.089,4.7343852,0.05969013047552933,0.0,5776.0,1.6,1.2657876483113346,2.5671037071443212,G,-1.2585973091508045,3
3108.01,tess,NON_HABITABLE,8.86463,773.0,59.4485,6.900352,0.06670282390371737,0.0,5205.8,0.85,0.8315160175983249,0.4780600780229591,G,-1.1769808293133466,3
311.01,tess,NON_HABITABLE,14.8058,1137.0,278.056,0.7962992,0.014828849175415446,0.0,4062.7,0.95,0.6860412575304119,0.22151387650781518,K,-1.2665190241333986,3
3111.01,tess,NON_HABITABLE,13.1303,898.0,107.987,4.640636,0.05042386934964122,0.0,4539.0,1.02,0.7942074309637123,0.3978650445850501,K,-1.1997654426155133,3
3112.01,tess,NON_HABITABLE,14.0459,764.0,56.6249,4.2842284,0.05035708993933373,0.0,4911.0,1.19,0.9281476991506582,0.7421101466801144,K,-1.2293771926193655,3
3114.01,tess,NON_HABITABLE,11.7059,942.0,131.096,4.407111,0.05314406198814893,0.0,5478.0,1.18,1.0309478782188979,1.1296576211403675,G,-1.2410293406796788,3
3115.01,tess,NON_HABITABLE,7.7487,1262.0,421.749,2.7961137,0.04071152343945938,0.0,6455.0,1.06,1.1513910699943017,1.7574841915223873,F,-1.2676182746103783,3
3116.01,tess,NON_HABITABLE,9.6099784,2042.283116,4111.3532155,1.6484941,0.030360950663270495,0.0,6316.0,1.5764199,1.3738893379087038,3.5629277260639958,F,-1.2877747765035021,3
3117.01,tess,NON_HABITABLE,17.1329,1275.0,439.803,3.2689953,0.044567617134391065,0.0,5552.0,1.32,1.1051216844622016,1.4915588816974923,G,-1.259648287747272,3
3118.01,tess,NON_HABITABLE,10.3911,1389.0,618.962,3.8098324,0.05141979460503113,0.0,5406.0,1.78,1.2495674970663022,2.438029074102138,G,-1.2645557715185092,3
3119.01,tess,NON_HABITABLE,14.3733,1085.0,230.828,8.907516,0.09305751184554499,0.0,6407.0,1.49,1.3549445916494427,3.37043645179137,F,-1.2400823888731134,3
312.01,tess,NON_HABITABLE,10.6621914,1341.7384775,765.9360296,3.541231,0.047347494102167736,0.0,5755.0,1.28259,1.1291793577177969,1.6257423579527543,G,-1.2587637039446966,3
3121.01,tess,NON_HABITABLE,21.0821,1391.0,622.985,5.5167527,0.06943654275804177,0.0,6296.0,1.81,1.4674985620300778,4.6377863440234846,F,-1.2655049072740128,3
3123.01,tess,NON_HABITABLE,18.6634,2123.0,3374.5,1.8703411,0.03353673605676177,0.0,6368.0,1.7,1.438471272222123,4.281586988813043,F,-1.2876053493837492,3
3124.01,tess,NON_HABITABLE,11.3495,1050.0,202.365,2.2545904,0.03450655376901664,0.0,5567.0,1.25,1.078325574388542,1.352071385005769,G,-1.2690429204955995,3
3125.01,tess,NON_HABITABLE,12.7591,1177.0,319.273,6.7565519,0.0768236720461617,0.0,5972.0,1.64,1.3249985428256748,3.0822055819134904,G,-1.2496331970607444,3
3126.01,tess,NON_HABITABLE,18.0134,1387.0,615.616,1.8246123,0.030661364500535335,0.0,5655.0,1.39,1.1550843160607982,1.7801424138973465,G,-1.2782702825444978,3
3127.01,tess,NON_HABITABLE,13.2514,1169.0,310.789,3.606557,0.04784239181589197,0.0,5775.3,1.26,1.123138976394779,1.5912338008917237,G,-1.2576709994205415,3
3128.01,tess,NON_HABITABLE,7.00521,894.0,106.203,2.3155132,0.03693795318672058,0.0,6011.0,1.45,1.2540198373721498,2.472963046007831,F,-1.2775698211748177,3
3129.01,tess,NON_HABITABLE,11.4665,1330.0,520.71,2.3348152,0.037265990167032255,0.0,5949.1,1.51,1.2665239898326424,2.573082324855471,G,-1.2779240488188108,3
3130.01,tess,NON_HABITABLE,31.5083507,2533.7768634,9740.7964109,0.4415174,0.01303435034648672,0.0,5117.0,2.9223199,1.5154896415441015,5.274871558330804,K,-1.3021215173611034,3
3131.01,tess,NON_HABITABLE,18.5088,1538.0,930.543,2.6274574,0.039392813796571835,0.0,6148.0,1.23,1.181299695797039,1.9473336498336646,F,-1.271036784188806,3
3132.01,tess,NON_HABITABLE,13.4164,1640.0,1201.76,2.2664085,0.03580687854439376,0.0,6107.0,1.27,1.1923491818806902,2.0212211415045664,F,-1.2752308737296092,3
3133.01,tess,NON_HABITABLE,13.9755,1445.0,724.371,4.0902788,0.05708109254381315,0.0,6130.0,1.95,1.4830351952235552,4.837331285171145,F,-1.2741736400407364,3
3134.01,tess,NON_HABITABLE,22.6165,1840.0,1903.91,2.2308431,0.03923036607590168,0.0,6386.0,2.14,1.6184879802765295,6.861797760318774,F,-1.2893024200815786,3
3135.01,tess,NON_HABITABLE,12.9758,1114.0,256.023,3.7065603,0.046720291324848263,0.0,5632.0,1.03,0.9902729954019297,0.9616559970030352,G,-1.2442801788886146,3
3136.01,tess,NON_HABITABLE,21.16,1442.0,719.556,2.6841894,0.03911691513129219,0.0,5914.0,1.17,1.1082760001608125,1.5086611768660674,G,-1.2660503920813053,3
3138.01,tess,NON_HABITABLE,12.2262,773.0,59.3788,2.8740048,0.034028866602420174,0.0,4270.3,0.74,0.6364260150355532,0.1640558402668916,K,-1.1941515289877451,3
3139.01,tess,NON_HABITABLE,9.64171,1256.557872659412,589.616,3.9628496,0.051030647441521956,0.0,5449.0,1.43,1.1289078792300677,1.6241794709479505,G,-1.2547559131432138,4
314.01,tess,NON_HABITABLE,2.66019,765.0,57.0026,10.18108,0.08307145398878708,0.0,4822.0,0.78,0.7378161971142218,0.2963416808434596,K,-1.0996227908760583,3
3141.01,tess,NON_HABITABLE,13.6095,1564.0,995.704,4.4338805,0.0584867317766511,0.0,6695.0,1.37,1.3576397418965331,3.3973334095844936,F,-1.266209835831618,3
3143.01,tess,NON_HABITABLE,140.194,940.0,129.684,2.9902369,1.0,0.0,5772.0,17.34,1.0,300.6756,G,-1.230459825706869,4
3144.01,tess,NON_HABITABLE,13.5487,1264.0,424.722,3.7724947,0.05206873501599636,0.0,6623.0,1.33,1.3232876310551747,3.0663167291994973,F,-1.2689612118640485,3
3145.01,tess,NON_HABITABLE,17.9407,1253.0,409.306,3.5505931,0.04498351014756779,0.0,4803.0,1.34,0.9632492142082719,0.8609038571231191,K,-1.2431240072438756,3
3148.01,tess,NON_HABITABLE,10.6824,578.0,18.5873,4.2814436,0.052112508234255846,0.0,5097.8,1.36,1.029973200607844,1.125391676894028,K,-1.2422390403190107,3
3150.01,tess,NON_HABITABLE,21.0355,2509.0,6581.64,5.3430663,0.07519756863842536,0.0,7822.0,2.15,1.9870588020056816,15.589883744185995,A,-1.2836946186583058,3
3151.01,tess,NON_HABITABLE,15.2188,1577.0,1028.24,1.7257597,0.031593525422841245,0.0,7235.0,1.27,1.4125833192904522,3.981587772788292,F,-1.2881212860354705,3
3152.01,tess,NON_HABITABLE,11.9775,2571.0,7256.54,0.7815064,0.019256046842050522,0.0,7691.0,1.37,1.55961273411893,5.916530259961966,A,-1.299032489107062,3
3154.01,tess,NON_HABITABLE,13.1197,1477.4524649,1126.0951019,4.0333818,0.056080859101035906,0.0,6347.3,1.73,1.4463911456289154,4.376662098548849,F,-1.2729971978078125,3
3155.01,tess,NON_HABITABLE,8.96002,630.0,26.3101,4.6492201,0.05171762888312176,0.0,5110.0,0.93,0.8537604883692654,0.5313053731020695,K,-1.2121537356982615,3
3156.01,tess,NON_HABITABLE,19.7419,2094.0,3197.59,0.7463239,0.0155853687300851,0.0,5132.0,1.04,0.9067279329091537,0.6759397390523444,K,-1.283816379954396,3
3158.01,tess,NON_HABITABLE,14.3692,1290.0,461.072,6.8561604,0.08161757919126071,0.0,6282.0,2.01,1.5430131894032686,5.668635776291693,F,-1.2626967504618076,3
3159.01,tess,NON_HABITABLE,5.30533,2235.0,4142.31,1.4753526,0.02793466387680625,0.0,5732.0,1.81,1.3360390339193782,3.186226071557815,G,-1.28837429923484,3
316.01,tess,NON_HABITABLE,28.7396,526.0,12.7172,13.32379,0.09694432562085553,0.0,4312.0,0.84,0.6846869853308933,0.2197699407796296,K,-1.0249304308935603,3
3160.01,tess,NON_HABITABLE,15.3233,1240.0,393.511,3.9712794,0.05447130378826442,0.0,6200.0,1.62,1.3671711153918695,3.493747362656462,F,-1.2697783187672929,3
3161.01,tess,NON_HABITABLE,18.1441,2158.0,3603.2,1.4010338,0.028038794425535092,0.0,7014.0,1.52,1.4981704718234374,5.0378465197253295,F,-1.2927261457769503,3
3162.01,tess,NON_HABITABLE,21.7284649,2503.3852387,9281.7902501,1.5755252,0.031529875496434455,0.0,6560.0,2.1970401,1.6845988845327402,8.053525444467688,F,-1.2946305388048307,3
3163.01,tess,NON_HABITABLE,15.2762,1560.0,984.71,3.0749168,0.047227241680711164,0.0,6782.0,1.6,1.486248585673039,4.879393208721375,F,-1.2804763671133608,3
3165.01,tess,NON_HABITABLE,29.0069132,1555.9541912,1385.186432,2.5433707,0.03917628290778586,0.0,6748.0,1.12503,1.2400260342455345,2.3644123163224635,F,-1.2748287542667496,3
3167.01,tess,NON_HABITABLE,17.8437,1531.0,914.4,3.0959309,0.047087430300237966,0.0,6918.0,1.47,1.4531582191152193,4.4591451622066165,F,-1.279210332928263,3
3168.01,tess,NON_HABITABLE,13.926,904.0,111.237,5.1745185,0.06005022087891826,0.0,5340.0,1.36,1.0789079389630598,1.3549945710762406,G,-1.238842953017732,3
3169.01,tess,NON_HABITABLE,13.8048,986.0,156.928,4.4814049,0.05751349706164121,0.0,6232.0,1.37,1.263750690291142,2.5506191925636013,F,-1.2603100561244658,3
317.01,tess,NON_HABITABLE,14.7729343,1120.0556112,371.945532,3.3262977,0.04224720284756042,0.0,5391.0,0.947585,0.9091846568505854,0.6832952352656965,G,-1.2395032511935373,3
3172.01,tess,NON_HABITABLE,16.5290691,1821.6142786,2602.2360497,3.0031058,0.0465124864292445,0.0,6212.0,1.91287,1.4884966195171332,4.908981672486532,F,-1.2810099252154088,3
3173.01,tess,NON_HABITABLE,13.7272,1130.0,271.508,8.7719993,0.09414378517994512,0.0,6057.7,1.9,1.4466325732075007,4.379584991223393,F,-1.247941970848883,3
3176.01,tess,NON_HABITABLE,14.527713,1227.4631078,536.4815536,4.7606207,0.05835094508838045,0.0,6213.0,1.1804399,1.1694912357250056,1.8706299614420843,F,-1.251142972193486,3
3177.01,tess,NON_HABITABLE,14.2745,1214.0,360.619,2.114655,0.030646845746176474,0.0,5254.0,0.89,0.8587341799692549,0.5437947336916091,G,-1.2526644796453068,3
3179.01,tess,NON_HABITABLE,15.3769,839.2163552910353,117.31,4.7076648,0.05693734539695129,0.0,5904.0,1.18,1.1111201666674648,1.5242075909181694,G,-1.2463807969785032,4
318.01,tess,NON_HABITABLE,10.6334288,881.0827589,142.42552,3.7463765,0.0422455749483151,0.0,4696.0,0.775888,0.7166403931352847,0.263757691701423,K,-1.1965715860133441,3
3180.01,tess,NON_HABITABLE,12.906,1165.0,306.186,2.0963263,0.03459592046075017,0.0,5809.0,1.56,1.2570060073699338,2.4966025682117023,G,-1.2797663411878442,3
3182.01,tess,NON_HABITABLE,5.54459,1062.0,211.546,5.0700956,0.05692972427471289,0.0,5641.0,0.96,0.9575586721441377,0.8407397384617814,G,-1.2243707928420233,3
3183.01,tess,NON_HABITABLE,18.2265,1705.0,1403.49,4.2174286,0.06165569708430827,0.0,6841.0,2.2,1.7579422678524406,9.550331216024833,F,-1.2824460551951862,3
3184.01,tess,NON_HABITABLE,11.5952,1599.0,1086.36,3.6071588,0.05104025968258481,0.0,6071.0,1.68,1.363290948719131,3.454253491634983,F,-1.2720937019919092,3
3185.01,tess,NON_HABITABLE,14.1499,1904.0,2183.57,3.5601365,0.05367352472485722,0.0,6762.0,1.93,1.6275243634209908,7.01632978963876,F,-1.2820159118214318,3
3186.01,tess,NON_HABITABLE,23.3477984,1802.5658236,2495.0860744,3.6130857,0.05463542367924396,0.0,7520.0,1.63648,1.6666594502230372,7.7159157457390055,A,-1.2828347839094132,3
3187.01,tess,NON_HABITABLE,16.5313,1764.0,1608.42,2.0084283,0.03930178746057102,0.0,5438.8,4.54,2.0077271546011937,16.248705655881228,G,-1.2965055393653402,3
3188.01,tess,NON_HABITABLE,18.7417,1821.0,1827.32,1.5659063,0.029472900888960773,0.0,6356.0,1.6,1.392892363688858,3.764178673113999,F,-1.2890063896304345,3
319.01,tess,NON_HABITABLE,16.1586,1415.0,667.233,0.7135373,0.013524895495144632,0.0,4349.7,0.74,0.6482594285179368,0.17660189853409783,K,-1.2655863317470426,3
3190.01,tess,NON_HABITABLE,16.192,2290.0,4573.16,2.669856,0.046806267429692336,0.0,7833.0,2.0,1.9191848291871887,13.566480902737721,A,-1.2924289132198197,3
3191.01,tess,NON_HABITABLE,16.9119,1100.0,243.186,4.4367891,0.0634589771470083,0.0,6426.0,2.42,1.7318970871431845,8.996805406264746,F,-1.2807841973832386,3
3192.01,tess,NON_HABITABLE,22.5855,2001.0,2662.36,2.2350331,0.03831686004090538,0.0,7057.0,1.51,1.5023885623453896,5.094822694065146,F,-1.2865468288278201,3
3194.01,tess,NON_HABITABLE,11.142,1460.0,755.42,3.6179419,0.0413526770749845,0.0,4460.0,0.87,0.7207226364652827,0.2698190758102992,K,-1.2002213923807752,3
3195.01,tess,NON_HABITABLE,17.2447,2284.0,4517.79,0.6676722,0.018806550593445003,0.0,6842.0,2.82,1.990587633015847,15.700923817077182,F,-1.303401939995122,3
3196.01,tess,NON_HABITABLE,9.90628,1007.0,170.85,4.9816829,0.0558619872098033,0.0,5670.0,0.91,0.9370816479615527,0.771098273133419,G,-1.222265935212113,3
3198.01,tess,NON_HABITABLE,13.6834,1476.0,789.061,2.1271199,0.03223104437856477,0.0,5483.2,1.08,0.9872329509419614,0.9499014915955039,G,-1.2643647260114181,3
3199.01,tess,NON_HABITABLE,6.27738,1725.0,1471.82,0.6756067,0.014544010872540817,0.0,5411.0,0.92,0.8991768666890203,0.653703034143332,G,-1.2851508754830676,3
3202.01,tess,NON_HABITABLE,6.64263,1782.0,1674.03,1.5169786,0.02600701981772934,0.0,5828.0,1.02,1.0197490433259562,1.0813672841566089,G,-1.2754742437821867,3
3203.01,tess,NON_HABITABLE,13.1653,1871.0,2036.6,4.2442882,0.058425931656471815,0.0,6915.0,1.52,1.477024353102234,4.759382659912624,F,-1.2730322999627903,3
3206.01,tess,NON_HABITABLE,15.0354,2685.0,8627.96,1.9405161,0.03824518848449111,0.0,8213.0,1.94,1.9818754837233743,15.42785191027338,A,-1.296523437824318,3
3208.01,tess,NON_HABITABLE,11.6588,2342.0,4995.52,2.3577049,0.04052898965997906,0.0,7822.0,1.39,1.5977134430110633,6.516217281155599,A,-1.2880610039713152,3
3210.01,tess,NON_HABITABLE,24.5257,2209.0,3957.51,2.2364485,0.03805581812835961,0.0,6905.0,1.51,1.4700287690229439,4.669854362583315,F,-1.2856719224025077,3
3211.01,tess,NON_HABITABLE,11.7369,1267.0,428.368,3.5949457,0.04932414390951764,0.0,6131.0,1.36,1.238723702955528,2.3544951032811716,F,-1.265639979192006,3
3212.01,tess,NON_HABITABLE,13.2866,958.0,140.213,4.1943867,0.04480208628424958,0.0,4515.0,0.76,0.6819275374250222,0.2162484052909988,K,-1.1771586490900885,3
3214.01,tess,NON_HABITABLE,11.5628,1171.0,313.194,5.7759952,0.06672953667249852,0.0,5992.0,1.31,1.1881769693073374,1.9930790328034058,G,-1.2447982086819642,3
3218.01,tess,NON_HABITABLE,13.6938,1723.0,1466.04,3.3704313,0.048724768858903346,0.0,5765.0,1.85,1.3584975308880776,3.405927613655986,G,-1.2735553536354427,3
3219.01,tess,NON_HABITABLE,17.145,1908.0,2202.26,3.2969977,0.05139266752629145,0.0,7108.0,1.83,1.665891228849539,7.701699441761622,F,-1.2844202263898996,3
322.01,tess,NON_HABITABLE,16.0765989,1382.1108481,862.3677457,3.990533,0.05865260701610557,0.0,5868.2,2.76442,1.6903654125004384,8.164364603899882,G,-1.2816521017578555,3
3222.01,tess,NON_HABITABLE,11.8957,1489.0,817.311,5.6320791,0.07200765418754083,0.0,6409.0,2.0,1.5702866807430989,6.080170920831171,F,-1.2696951134426384,3
3224.01,tess,NON_HABITABLE,17.0328,1434.0,703.307,2.8317721,0.04255755112290067,0.0,6084.0,1.48,1.2823121009817868,2.703802483564645,F,-1.2742723565588554,3
3226.01,tess,NON_HABITABLE,7.05055,1412.0,661.224,2.3720554,0.032999832864458456,0.0,4668.0,1.11,0.8520518315716664,0.5270648540490106,K,-1.2472955409976947,3
3228.01,tess,NON_HABITABLE,18.0792,1468.0,772.444,1.8118703,0.03413942762087409,0.0,6222.0,2.25,1.616943866943867,6.835649304658762,F,-1.2919466807926574,3
3229.01,tess,NON_HABITABLE,19.3512,1820.0,1823.95,5.21228,0.0755981301131941,0.0,8532.0,2.06,2.121573756158754,20.25967798145518,A,-1.2867949652802466,3
323.01,tess,NON_HABITABLE,6.3703129,951.7467616,193.9128694,2.7723915,0.03421913405209142,0.0,4558.0,0.775641,0.6954699621255102,0.2339448606185414,K,-1.212435744372869,3
3230.01,tess,NON_HABITABLE,11.7988,1288.0,457.836,1.8200065,0.027365461725597867,0.0,4994.0,0.91,0.8253590387865951,0.46405734076388544,K,-1.2545773547247987,3
3231.01,tess,NON_HABITABLE,17.3093,1899.0,2159.42,2.1738256,0.043853301020246115,0.0,7588.0,3.28,2.3808822740189437,32.133030525917064,A,-1.2992810264812962,3
3232.01,tess,NON_HABITABLE,14.9878,1083.0,229.032,3.3898234,0.054394480586341006,0.0,6096.0,3.13,1.8684901152974427,12.188863646336088,F,-1.2884700348197837,3
3233.01,tess,NON_HABITABLE,17.8038,2371.0,5251.58,0.9787891,0.023218303590920836,0.0,6959.0,2.09,1.7429850301372118,9.229424649666111,F,-1.299409950183445,3
3234.01,tess,NON_HABITABLE,19.1102,978.0,152.102,10.7012764,0.09801297284248764,0.0,5853.2,1.17,1.0968821582924024,1.4475710514885325,G,-1.1976665924690577,3
3235.01,tess,NON_HABITABLE,11.0137,537.0,13.8883,2.5926199,0.026168682377971656,0.0,3375.0,0.37,0.3556708859971672,0.016002700127105862,M,-1.0248339603718746,3
3237.01,tess,NON_HABITABLE,22.466,1775.0,1651.47,3.0271374,0.04594790152429221,0.0,6678.0,1.49,1.4122553430677351,3.97789125061345,F,-1.2781917765973523,3
3239.01,tess,NON_HABITABLE,16.1961401,1683.0269718,1896.2050788,2.2310803,0.035724937415434074,0.0,5905.0,1.42673,1.2219810643036966,2.22975889296067,G,-1.2769695835028056,3
324.01,tess,NON_HABITABLE,21.377066,1219.8388469,523.2760294,5.2848691,0.06300967813727515,0.0,6113.0,1.2729501,1.1949060585088458,2.0386142354210057,F,-1.2491206205385936,3
3240.01,tess,NON_HABITABLE,10.5393,874.0,97.2691,3.8600722,0.04423171973448379,0.0,5096.5,0.77,0.7748025987585577,0.36038298225539545,K,-1.2083938187166317,3
3241.01,tess,NON_HABITABLE,17.4994,840.0,82.8358,6.8380862,0.07059015532787553,0.0,5912.0,0.96,1.003560870362727,1.01431974100259,G,-1.2133420593034363,3
3242.01,tess,NON_HABITABLE,15.0659,1622.0,1151.61,3.0001627,0.04550639949907139,0.0,6695.0,1.45,1.3967164883058631,3.805686767356491,F,-1.2777932756734973,3
3243.01,tess,NON_HABITABLE,14.7471,1576.0,1024.7,2.0519085,0.03465247289665915,0.0,6386.3,1.42,1.318460628907832,3.0218204971454568,F,-1.2824690981337283,3
3244.01,tess,NON_HABITABLE,21.5363,1715.0,1436.15,4.6606892,0.07315783007081725,0.0,8608.0,2.6,2.404709448972762,33.43878119673072,A,-1.292506767721116,3
3245.01,tess,NON_HABITABLE,17.057,1886.0,2102.4,2.8977031,0.04483789288657235,0.0,6397.0,1.67,1.4322151515817494,4.207586523919668,F,-1.2798164342416887,3
3246.01,tess,NON_HABITABLE,13.1542,1192.0,335.6,4.319754,0.05391047429500614,0.0,5783.0,1.25,1.1201646841546504,1.5744450416626306,G,-1.2507278274461964,3
3247.01,tess,NON_HABITABLE,15.5434,1136.0,277.237,5.3305676,0.068247274296788,0.0,6076.0,2.01,1.4924145397666762,4.960870450686534,F,-1.2677122428445335,3
3248.01,tess,NON_HABITABLE,12.1111,1391.0,622.203,3.2782956,0.0446306500469705,0.0,5544.0,1.32,1.1035292901041869,1.4829805638473188,G,-1.2594316924306452,3
3249.01,tess,NON_HABITABLE,12.4447,1220.0,368.009,3.2420704,0.04373342818347481,0.0,5570.7,1.21,1.0616372141372141,1.270294842203269,G,-1.25646384199565,3
325.01,tess,NON_HABITABLE,5.94716,634.0,26.8795,4.36907,0.046915747689150654,0.0,4391.0,0.9,0.7217027653741868,0.27128980763316085,K,-1.1857986577151114,3
3250.01,tess,NON_HABITABLE,11.5452,1340.0,535.248,3.2806578,0.04427665085995155,0.0,5717.0,1.18,1.0759271668085868,1.3400823702856042,G,-1.257228234587906,3
3252.01,tess,NON_HABITABLE,9.0556,925.0,121.921,4.3636327,0.0488109608705352,0.0,5042.0,0.87,0.8147720926138913,0.4407015529782366,K,-1.208605589621196,3
3255.01,tess,NON_HABITABLE,8.19934,924.0,121.462,2.2458338,0.029237748959527715,0.0,4377.0,0.76,0.6610845695037258,0.19099767529976702,K,-1.217738000603303,3
3256.01,tess,NON_HABITABLE,6.46255,972.0,148.356,6.3096313,0.06659019523722012,0.0,5829.0,0.96,0.9894716362219781,0.9585469677111637,G,-1.2162022993461312,3
3259.01,tess,NON_HABITABLE,11.2549,1207.0,352.463,3.4470312,0.04351564116035043,0.0,5629.0,0.9,0.9251798830087219,0.7326637826414395,G,-1.2398754313889147,3
326.01,tess,NON_HABITABLE,10.7717369,3946.5407732475087,57372.74832595236,0.247325,0.008717918405271481,0.0,6316.0,1.74395,1.445049797859781,4.360449431331615,F,-1.3041893243409446,5
3260.01,tess,NON_HABITABLE,9.64471,1156.0,296.562,11.4520097,0.10915069505735525,0.0,6193.0,1.52,1.3228072044486094,3.0618661832911678,F,-1.2239708372117535,3
3261.01,tess,NON_HABITABLE,4.3749094,1609.5701933,1586.2100083,0.8831279,0.01691368790974179,0.0,5151.4,0.86,0.8276527775068705,0.46923749464050357,K,-1.2759128756912197,3
3262.01,tess,NON_HABITABLE,10.8337698,830.8781535,112.6342216,12.8770845,0.11049885381443877,0.0,5953.0,1.10769,1.0854721310308921,1.3882724668823079,G,-1.1806885517277201,3
3263.01,tess,NON_HABITABLE,7.87868,1394.0,627.845,5.6155837,0.06707993879208786,0.0,5998.0,1.51,1.2769344759738765,2.6587313137913973,G,-1.2532435416200898,3
3264.01,tess,NON_HABITABLE,14.7466,1790.0,1705.48,3.3133491,0.0492045592493658,0.0,6690.0,1.56,1.4476450661568012,4.391858892707711,F,-1.2775834489378624,3
3266.01,tess,NON_HABITABLE,17.5312,1364.2156503675988,819.165,3.7462806,0.0480097265195747,0.0,5737.0,1.12,1.051883248203573,1.2242501197881612,G,-1.2501407146983592,4
3267.01,tess,NON_HABITABLE,11.0509,1539.0,932.409,2.7674682,0.041127071482976923,0.0,5890.0,1.41,1.2117095442247632,2.1557287550533575,G,-1.271337172238755,3
3268.01,tess,NON_HABITABLE,6.95296,1162.0,302.749,1.8641295,0.028894540266736362,0.0,5293.0,1.02,0.926137900879253,0.7357031741794816,G,-1.2635142148058551,3
3269.01,tess,NON_HABITABLE,3.73783,823.0,76.3127,4.132031,0.045032927599553005,0.0,5657.6,0.53,0.7135819423006491,0.25928381344437285,G,-1.1880531666333836,3
327.01,tess,NON_HABITABLE,20.5931944,986.030109,223.3992486,10.0550764,0.09651241074214943,0.0,5960.0,1.31971,1.1862034725925097,1.9798704071812372,G,-1.2154087023268676,3
3271.01,tess,NON_HABITABLE,12.776,1177.5601998889024,454.749,4.1394473,0.05722398924531706,0.0,6014.9,1.96,1.4589154539154539,4.530232576539657,F,-1.2728885948567055,4
3272.01,tess,NON_HABITABLE,12.1786,1067.0,215.374,3.146714,0.04276681662620969,0.0,5197.0,1.37,1.0538691170479884,1.233521466974189,K,-1.2568720512810967,3
3273.01,tess,NON_HABITABLE,13.6703,1162.0,302.917,4.2955192,0.05157802920040912,0.0,5875.0,0.95,0.9920723627122775,0.9686645464700919,G,-1.2377155748291357,3
3274.01,tess,NON_HABITABLE,12.0308,1421.0,677.605,2.9075077,0.04083306757051648,0.0,5709.0,1.18,1.0744215839269236,1.3325972016639882,G,-1.2611917706733375,3
3275.01,tess,NON_HABITABLE,11.7145,795.0,66.4002,20.5020769,0.12955962760433967,0.0,4511.0,0.78,0.6902299595981448,0.226973536285129,K,-0.9351357528837289,3
3276.01,tess,NON_HABITABLE,11.4154,802.0,68.7158,7.0327412,0.06647993548077101,0.0,5021.0,0.83,0.7925067047970118,0.39446800217071487,K,-1.1640582410781657,3
3277.01,tess,NON_HABITABLE,12.3611,1239.0,391.362,1.5265889,0.02350038858460742,0.0,4887.0,0.77,0.7429530658556012,0.3046811013331458,K,-1.251264924805341,3
3278.01,tess,NON_HABITABLE,12.7086,1156.0,297.123,3.2464257,0.04499697205416528,0.0,5729.0,1.35,1.1532391679013665,1.7687951400497488,G,-1.263312788686436,3
3279.01,tess,NON_HABITABLE,6.1769613,2800.0152156,14526.5528051,0.4191451,0.011353369493943907,0.0,5430.0,1.39542,1.111286347139702,1.5251196448070028,G,-1.2972727153063326,3
328.01,tess,NON_HABITABLE,9.2972393,1247.1537636,571.7432004,4.4781603,0.05577675186019846,0.0,6074.0,1.20333,1.1543588510248015,1.775674463210772,F,-1.2522537261855526,3
3280.01,tess,NON_HABITABLE,10.5061,1354.0,559.599,3.8348994,0.051866760665474854,0.0,5849.3,1.56,1.2657265000704003,2.566607691870934,G,-1.2653227412392734,3
3281.01,tess,NON_HABITABLE,10.1812,1193.0,336.791,9.3108074,0.09886230164296557,0.0,6243.0,1.89,1.4869553047613986,4.8886805398010065,F,-1.2483177641907506,3
3282.01,tess,NON_HABITABLE,18.9265,2025.0,2791.77,2.9478339,0.04354219147569267,0.0,6296.0,1.35,1.2673754234782693,2.5800084283089046,F,-1.272581722182119,3
3283.01,tess,NON_HABITABLE,14.1347,1339.0,533.699,3.502221,0.0471516980448497,0.0,5983.0,1.21,1.1402113652113652,1.6902130958456385,G,-1.259956848541067,3
3284.01,tess,NON_HABITABLE,7.01523,1685.0,1338.85,0.8102219,0.019736104357533958,0.0,6329.0,2.03,1.5622725146551804,5.956994084624594,F,-1.2987985238685946,3
3285.01,tess,NON_HABITABLE,15.3559,1536.0,925.842,2.7022764,0.040754364081086424,0.0,5969.0,1.43,1.236639957996747,2.3386923810126192,G,-1.2732139668284568,3
3286.01,tess,NON_HABITABLE,11.846,1014.0,175.933,2.0325685,0.029037959190393953,0.0,4950.0,0.85,0.7906573988842652,0.3907989223680853,K,-1.245923361692739,3
3287.01,tess,NON_HABITABLE,17.2275,1775.0,1649.78,2.7176413,0.04266339729674715,0.0,6567.0,1.52,1.4026925418398224,3.87123870603149,F,-1.2800581296171605,3
3288.01,tess,NON_HABITABLE,12.3818,989.0,158.892,1.4338615,0.020449606793178365,0.0,3913.0,0.67,0.5549079243994611,0.09481645356890768,K,-1.2184121127209462,3
3289.01,tess,NON_HABITABLE,12.6369,1530.0,910.147,1.4259934,0.02750276448323032,0.0,5955.0,1.75,1.364817139413517,3.4697474955339294,G,-1.2895938724833833,3
329.01,tess,NON_HABITABLE,5.0247868,1249.9428806,576.8749367,5.7042858,0.06681500864458216,0.0,5560.5,1.61148,1.2229254486320937,2.236659791036309,G,-1.2483689432427434,3
3291.01,tess,NON_HABITABLE,9.03928,582.5531819513857,27.2384,9.0653768,0.0820078623529044,0.0,5302.0,0.95,0.8953136454639142,0.6425409550638351,G,-1.168939377901192,4
3292.01,tess,NON_HABITABLE,13.8532978,1320.6930092,718.999383,4.2545208,0.054265202415223604,0.0,5674.0,1.43536,1.177723737988799,1.9238611062863262,G,-1.2560220046048183,3
3293.01,tess,NON_HABITABLE,14.9823,1905.0,2190.57,2.589659,0.04247235607524723,0.0,6650.0,1.75,1.5241031027875545,5.395819196828347,F,-1.2847431724496252,3
3294.01,tess,NON_HABITABLE,14.4803,1206.0,351.223,2.5658729,0.036945975427007165,0.0,5003.0,1.39,1.0219074859862376,1.090551858873777,K,-1.2611826303781835,3
3295.01,tess,NON_HABITABLE,13.3167,1637.0,1192.84,3.4379994,0.04849858292464689,0.0,6193.0,1.44,1.2875259875259875,2.748046103563264,F,-1.2696212511288838,3
3296.01,tess,NON_HABITABLE,11.8844,1091.0,235.266,5.9493696,0.06507266882131503,0.0,5590.0,1.15,1.0385667289973763,1.1634229393065914,G,-1.2267945431697758,3
3297.01,tess,NON_HABITABLE,14.3155,1586.0,1051.8,3.9349141,0.05408242076356377,0.0,6200.0,1.61,1.362944919452305,3.450747804733202,F,-1.2698173748763666,3
3298.01,tess,NON_HABITABLE,17.9453,1369.0,583.27,3.0537856,0.04469888644711858,0.0,6103.0,1.46,1.2775958000146859,2.664243419109464,F,-1.2722004014781838,3
3299.01,tess,NON_HABITABLE,6.98436,1353.0,557.455,2.9264345,0.0370700812542752,0.0,5121.0,0.8,0.7935484485638548,0.39654619555702414,K,-1.2288093560662054,3
330.01,tess,NON_HABITABLE,9.0099926,750.296567,74.8950024,4.2794669,0.04414494834310374,0.0,4314.0,0.703041,0.6266775614774464,0.15423274187634647,K,-1.1550192463212803,3
3300.01,tess,NON_HABITABLE,9.62132,1421.0,678.724,6.6926834,0.07693593896881405,0.0,5918.0,1.75,1.3563371672626687,3.384314003719437,G,-1.2523038646188402,3
3301.01,tess,NON_HABITABLE,11.1974,1231.0,359.92,5.451593,0.06729056061263927,0.0,5773.0,1.87,1.367716349166438,3.4993239839658776,G,-1.2603654412619232,3
3302.01,tess,NON_HABITABLE,10.9349,1644.0,1213.68,1.5570251,0.02783004857558892,0.0,5590.0,1.5,1.1861267898612236,1.9793584978751084,G,-1.2826800949959636,3
3303.01,tess,NON_HABITABLE,15.6647,1011.0,173.998,8.6187455,0.10319589252559956,0.0,7400.0,2.37,1.9736928613257247,15.174635964349214,F,-1.2734318787265422,3
3304.01,tess,NON_HABITABLE,13.1021,1400.0,639.317,3.4930546,0.04834983026347221,0.0,5986.0,1.42,1.235818130160231,2.332481721581169,G,-1.2663106652702718,3
3305.01,tess,NON_HABITABLE,12.3405,1349.0,550.936,2.025289,0.029688829550066374,0.0,5297.4,0.86,0.8511099552674798,0.5247382004884816,G,-1.2534564301805813,3
3307.01,tess,NON_HABITABLE,11.8812,1169.0,310.093,3.8784358,0.04898652328842313,0.0,5636.0,1.14,1.042550468268338,1.1813765629353057,G,-1.2478266155854985,3
3309.01,tess,NON_HABITABLE,12.264,939.0,129.267,7.4832824,0.07351329550057006,0.0,5306.0,1.06,0.9464416758156102,0.8023713691119704,G,-1.1968324584069685,3
3310.01,tess,NON_HABITABLE,15.7062,1567.0,1001.35,1.3828196,0.026695249391803736,0.0,6362.0,1.45,1.3272457503512922,3.103168612478199,F,-1.289057259446042,3
3314.01,tess,NON_HABITABLE,11.144,1376.0,596.492,1.3677581,0.024786232888889072,0.0,5355.0,1.37,1.085909009388489,1.3905088115437336,G,-1.280973273240109,3
3315.01,tess,NON_HABITABLE,12.7241,1567.0,1001.08,5.2330803,0.06516690817308532,0.0,6375.0,1.49,1.348177270448759,3.3036041542524317,F,-1.2605282989993862,3
3316.01,tess,NON_HABITABLE,10.2315,1129.0,270.456,4.0668012,0.049743755181266926,0.0,5789.0,0.98,0.9928651453230237,0.9717645679591348,G,-1.2403954168200086,3
3317.01,tess,NON_HABITABLE,15.6964,1660.0,1262.03,2.9519989,0.04503443009475874,0.0,6136.0,1.73,1.398241152864844,3.8223312434526675,F,-1.278196069195467,3
332.01,tess,NON_HABITABLE,3.28324,2240.0,4180.32,0.77685,0.015854656879483106,0.0,5190.0,0.96,0.8810015083191056,0.6024300234729867,K,-1.2817900358477234,3
3320.01,tess,NON_HABITABLE,12.4597,1950.0,2401.54,2.625748,0.04351279834711041,0.0,6693.0,1.89,1.5941361292276215,6.458053205321036,F,-1.286344430437067,3
3321.01,tess,NON_HABITABLE,14.7302,1553.0,967.919,3.6525305,0.04994186585532641,0.0,5930.0,1.47,1.245624203433543,2.4073994294699346,G,-1.2655807697795092,3
3322.01,tess,NON_HABITABLE,12.0066,1901.0,2168.84,1.0571733,0.02441872013129316,0.0,6307.0,2.53,1.7380280016587206,9.12487821025774,F,-1.2988020772128168,3
3324.01,tess,NON_HABITABLE,12.0828,1568.0,1004.86,2.8090597,0.04197078506103482,0.0,5852.0,1.52,1.249970573297798,2.44117636200702,G,-1.2729201816994782,3
3326.01,tess,NON_HABITABLE,14.3422,2016.0,2742.65,1.0664194,0.021149842842570897,0.0,5897.0,1.18,1.1098027816460094,1.5169918097629596,G,-1.2862764463320693,3
3327.01,tess,NON_HABITABLE,13.3164,1488.0,815.017,4.1794516,0.058023225016365074,0.0,6151.0,1.96,1.491926541926542,4.954385102644789,F,-1.274015350027107,3
3328.01,tess,NON_HABITABLE,5.40312,1209.0,355.136,10.1923252,0.09583663788535993,0.0,5767.0,1.28,1.1303907989197004,1.6327303107032405,G,-1.206571906927293,3
3329.01,tess,NON_HABITABLE,13.6307,1452.0,738.156,5.0648278,0.06276250336556168,0.0,6411.0,1.34,1.2857361466352761,2.7327972663473936,F,-1.2576167285572595,3
333.01,tess,NON_HABITABLE,4.7864833,1288.0445455,650.4958544,3.7852328,0.04954123495825165,0.0,6150.0,1.1289999,1.1321285565656405,1.6427935170542585,F,-1.2566710453010301,3
3330.01,tess,NON_HABITABLE,17.3782,1712.0,1428.47,1.0815202,0.023322885372326543,0.0,6260.0,1.78,1.4469649522077417,4.383611400892308,F,-1.2945903961271967,3
3331.01,tess,NON_HABITABLE,12.168,1330.0,520.136,2.0180196,0.03062675202212363,0.0,5544.0,0.96,0.9410929406784435,0.7843864139357718,G,-1.2622824722122448,3
3334.01,tess,NON_HABITABLE,16.9815,1965.0,2478.4,1.9242952,0.03332166143185303,0.0,6324.3,1.48,1.3329596351477835,3.1569521040597897,F,-1.2840958465227599,3
3335.01,tess,NON_HABITABLE,12.6882,1757.0,1585.08,2.265394,0.0369895294238445,0.0,5568.0,1.86,1.3156166959254547,2.995832343369782,G,-1.2804892299957784,3
3337.01,tess,NON_HABITABLE,11.1385,1494.0,828.458,1.2436504,0.02365955200369302,0.0,6070.0,1.18,1.142361011461977,1.7029954562551366,F,-1.2849556829349964,3
3338.01,tess,NON_HABITABLE,12.5424,1850.0,1946.1,1.4893582,0.026609389823404748,0.0,6208.0,1.11,1.133148622621445,1.648722257502407,F,-1.2813814461239679,3
334.01,tess,NON_HABITABLE,18.2667,639.0,27.7718,17.9160113,0.14706830540812332,0.0,6090.2,1.57,1.3220718516531529,3.055063453224658,F,-1.1939761374367297,3
3340.01,tess,NON_HABITABLE,32.6917,1202.9033518844788,495.179,11.968028,0.11602260757623889,0.0,6701.0,1.57,1.4546654425023444,4.4776741606091734,F,-1.2343745404715647,4
3341.01,tess,NON_HABITABLE,13.0862,1275.0,439.615,8.6369598,0.08418916672054022,0.0,6040.0,1.04,1.0671544650762448,1.2969079228996507,F,-1.208054215025987,3
3342.01,tess,NON_HABITABLE,12.3371,1021.0,180.951,5.9709305,0.06525329147383517,0.0,5748.0,1.09,1.0396895671035662,1.16846240611066,G,-1.226743744866953,3
3344.01,tess,NON_HABITABLE,14.58,1875.0,2054.13,3.2229781,0.043809903686791295,0.0,5488.0,1.29,1.0798977478084513,1.3599737999163464,G,-1.2581667927375415,3
3345.01,tess,NON_HABITABLE,20.1864,2126.0,3396.72,2.1917701,0.03938974838913491,0.0,7222.0,1.84,1.6972275515637798,8.2977489818757,F,-1.2910969297807302,3
3346.01,tess,NON_HABITABLE,6.32448,1067.0,215.764,4.8692603,0.04811175018122233,0.0,4323.0,0.7,0.6266253109332655,0.15418131040745084,K,-1.141069827002723,3
3348.01,tess,NON_HABITABLE,4.05281,1614.0,1128.14,2.6156239,0.03841212425245489,0.0,7002.0,0.83,1.1051846140188564,1.4918986493742108,F,-1.2665997709439598,3
3349.01,tess,NON_HABITABLE,13.445,1236.0,388.165,2.0272642,0.03601454782384249,0.0,6505.5,1.81,1.5163297165321903,5.286577276317414,F,-1.2883551441579184,3
3350.01,tess,NON_HABITABLE,3.28794,1505.0,851.912,2.2358979,0.030907658857564354,0.0,4793.8,0.9,0.7879067904009968,0.3853890522313263,K,-1.2413246300355334,3
3351.01,tess,NON_HABITABLE,15.9679,1217.0,364.211,4.311529,0.05896320126377776,0.0,6777.0,1.57,1.4711636627127873,4.684291981342343,F,-1.2723954938078854,3
3352.01,tess,NON_HABITABLE,3.09224,896.0,107.236,13.8198702,0.12480175581947522,0.0,5598.0,1.96,1.357796257796258,3.398900330876069,G,-1.2166441956081033,3
3353.01,tess,NON_HABITABLE,2.17821,1068.0,216.429,4.6658007,0.056643232558917844,0.0,6365.0,1.02,1.1137101339687219,1.5384687736953004,F,-1.2470028971679872,3
3353.02,tess,NON_HABITABLE,2.36114,847.0,85.6924,8.8176457,0.0865829417003739,0.0,6365.0,1.02,1.1137101339687219,1.5384687736953004,F,-1.2137346770360826,3
3354.01,tess,NON_HABITABLE,5.7534556,695.647218,55.3448497,46.3810093,0.2841849772259356,0.0,6307.9,1.69625,1.423322804533424,4.104059332689665,F,-1.1166038538902878,3
3355.01,tess,NON_HABITABLE,2.14305,904.0,110.915,15.6600896,0.1284287818873187,0.0,6257.0,1.13,1.1523357995544128,1.7632594382806615,F,-1.1766432382779246,3
3356.01,tess,NON_HABITABLE,5.08343,1509.0,862.596,2.9122454,0.04174441761573851,0.0,5466.0,1.46,1.144246869225016,1.7142688407998596,G,-1.266000820874289,3
3359.01,tess,NON_HABITABLE,2.24252,807.0,70.4363,15.8118347,0.12331398257267681,0.0,5746.7,1.01,1.0005824711000593,1.0023319208263122,G,-1.140184346266433,3
3360.01,tess,NON_HABITABLE,16.0108,521.0,12.3014,16.7375044,0.16013119720111424,0.0,6549.0,2.97,1.9553607469946752,14.618660176478087,F,-1.2522204253801656,3
3361.01,tess,HABITABILITY_ZONE,12.1545,367.0,3.01202,10.5634342,0.08776126956598308,0.0,4688.0,0.99,0.8081256245938728,0.42649653930592707,K,-1.1247303694529638,3
3362.01,tess,NON_HABITABLE,12.0619,688.0,37.2117,18.0953159,0.15486139073060703,0.0,6509.8,1.8,1.5131346486411779,5.242160388708516,F,-1.2167222486098945,3
3364.01,tess,NON_HABITABLE,12.3925008,1212.8090781,511.3176191,5.8769438,0.06792259375887573,0.0,5805.0,1.4484,1.2103755988251266,2.1462516344602935,G,-1.2460434584800484,3
3365.01,tess,NON_HABITABLE,12.0135136,1212.9987503,511.6375558,5.3928876,0.06373161263320984,0.0,5970.0,1.3179801,1.187414738461792,1.98796960848596,G,-1.247645047694225,3
3366.01,tess,NON_HABITABLE,17.3093,1370.1858451332146,833.599,8.4562659,0.08664784997358072,0.0,6144.0,1.3,1.213658664554592,2.1696328260924487,F,-1.228867617636895,4
3368.01,tess,NON_HABITABLE,15.4357,1628.0,1167.97,7.2611991,0.08522820570026013,0.0,6702.0,1.82,1.5664401099927432,6.020813576524035,F,-1.2620713158078052,3
3370.01,tess,NON_HABITABLE,6.39563,1832.0,1871.52,2.3506831,0.03855847577142906,0.0,6589.0,1.47,1.384050232111908,3.669504376463132,F,-1.2822010713010417,3
3371.01,tess,NON_HABITABLE,11.2416379,1716.6692962,2055.0809424,3.5071842,0.054567269201529676,0.0,7462.0,1.85807,1.7622193186418544,9.643614290464347,F,-1.2857253524892753,3
3373.01,tess,NON_HABITABLE,12.2512,1001.0,167.262,6.534605,0.07266143694070243,0.0,5826.0,1.41,1.1985432605523718,2.0635493369601337,G,-1.2402289097027572,3
3374.01,tess,NON_HABITABLE,23.745,2022.0,2779.92,2.6543295,0.04480383272653407,0.0,7517.0,1.71,1.7030064115693992,8.411338912795708,A,-1.2886517415405492,3
3376.01,tess,NON_HABITABLE,14.7931,2218.0,4023.58,4.7260751,0.06415231990428667,0.0,7311.0,1.55,1.5769441434666602,6.183939645539245,F,-1.2743879310292696,3
3378.01,tess,NON_HABITABLE,15.9448335,2540.3396841,9842.1090407,2.6101478,0.04258677355420622,0.0,5320.0,2.6926401,1.5124271485310694,5.232362903344658,G,-1.2842836391451078,3
338.01,tess,NON_HABITABLE,14.2607,1456.0,747.132,5.36777,0.06853910500404782,0.0,6561.0,1.72,1.4907607123335211,4.93891731144399,F,-1.2674375051881017,3
3380.01,tess,NON_HABITABLE,7.75485,1981.4468816811627,3645.6,2.0086823,0.04041951964743514,0.0,8516.0,2.19,2.183390356314198,22.72613337109118,A,-1.2982576734187472,4
3382.01,tess,NON_HABITABLE,12.6057,1742.0,1531.89,4.4575332,0.0620160159437884,0.0,6289.3,2.16,1.601411209905015,6.576751870720332,F,-1.2766142051156792,3
3383.01,tess,NON_HABITABLE,14.8778005,1051.8831808,289.3283868,9.7325799,0.0968373608631842,0.0,6300.4,1.3728499,1.2789493001868613,2.6755514976718713,F,-1.2283485467515882,3
3384.01,tess,NON_HABITABLE,16.4056,2004.0,2679.45,1.8592079,0.03796152108679767,0.0,7257.0,2.82,2.111326286582286,19.871077596682056,F,-1.298206315263473,3
3386.01,tess,NON_HABITABLE,5.05228,1811.0,1788.08,0.8855539,0.019109570104230606,0.0,6446.0,1.13,1.1871434495649265,1.9861534636564535,F,-1.2912550274249097,3
3390.01,tess,NON_HABITABLE,18.9875,632.0,26.5343,5.4033373,0.06130272025349293,0.0,4977.7,1.49,1.052677960645143,1.2279540667747715,K,-1.2336977320124978,3
3391.01,tess,NON_HABITABLE,19.7629326,1643.1463045,1722.7646011,4.7131119,0.06450809200663696,0.0,6785.0,1.88091,1.6121577571247083,6.755074593560934,F,-1.2757355482353563,3
3393.01,tess,NON_HABITABLE,11.1254,1139.0,280.373,5.2059716,0.06147651118474927,0.0,6210.0,1.13,1.1436799289168775,1.71087388799022,F,-1.2451655201211154,3
3394.01,tess,NON_HABITABLE,7.62042,1113.0,254.905,7.8373997,0.08620194902510422,0.0,6715.0,1.43,1.3911940556120217,3.745854061589891,F,-1.2485575626247507,3
3396.01,tess,NON_HABITABLE,22.0947602,1438.8191925,1012.8517686,6.4700007,0.07899056219077948,0.0,6819.0,1.7676899,1.5707150618477153,6.086808425671599,F,-1.265816137145836,3
3397.01,tess,NON_HABITABLE,6.80665,751.0,53.0463,3.6250244,0.03723414966179823,0.0,3811.0,0.63,0.5240622789224093,0.07542782838978415,K,-1.123089557207803,3
3398.01,tess,NON_HABITABLE,3.5693526,682.9571759,51.4155981,6.2088405,0.057446144832223135,0.0,4655.8,0.661528,0.6560578087200118,0.18525435922804337,K,-1.1259920126010472,3
3400.01,tess,NON_HABITABLE,22.1057,1631.0,1174.87,3.8036198,0.05361264547753311,0.0,6464.0,1.61,1.4209799934418867,4.077104598343566,F,-1.2733487188259427,3
3401.01,tess,NON_HABITABLE,13.2074,1227.0,377.121,3.6689529,0.046653887592713036,0.0,5642.0,1.06,1.006374657925306,1.0257434871036386,G,-1.2464549135108751,3
3403.01,tess,NON_HABITABLE,17.0919218,1031.9556709,268.0187451,11.2205176,0.11187671958194821,0.0,6764.0,1.60322,1.4837947752402771,4.84724922652851,F,-1.2399078488766613,3
3404.01,tess,NON_HABITABLE,12.9918,1535.0,922.499,2.5087868,0.03717659244308778,0.0,6255.0,1.01,1.0890847541599302,1.4068464984875368,F,-1.2667444858383041,3
3405.01,tess,NON_HABITABLE,18.4029,1206.0,351.407,6.1458884,0.0765550140121501,0.0,7231.0,1.6,1.5846451670601216,6.305624744216907,F,-1.267925320893049,3
3406.01,tess,NON_HABITABLE,16.3338,1711.0,1425.08,2.623354,0.04213192437150119,0.0,6437.0,1.69,1.4497747747747747,4.417760380838289,F,-1.282316193109081,3
3407.01,tess,NON_HABITABLE,11.9783,2006.0,2691.16,1.3847905,0.026590403423666822,0.0,5596.0,1.82,1.307937758209399,2.926498525028892,G,-1.288520529716807,3
3409.01,tess,NON_HABITABLE,4.92551,1070.0,218.205,7.7605254,0.07913934884590083,0.0,6070.0,1.09,1.0979324412523743,1.4531233133989716,F,-1.2194602521553037,3
341.01,tess,NON_HABITABLE,11.581,923.0,120.54,1.81383,0.027044226473468904,0.0,4775.0,0.94,0.8020676132766102,0.41385091638858695,K,-1.2520033132837112,3
3412.01,tess,NON_HABITABLE,11.93,1061.0,210.456,3.1405783,0.04327358862300859,0.0,5636.0,1.26,1.0960489101797264,1.4431774633087808,G,-1.2602967882312897,3
3413.01,tess,NON_HABITABLE,15.6522,1588.0,1055.88,4.7114264,0.06603276788031377,0.0,8238.0,1.47,1.7304303858154344,8.96636740064846,A,-1.2795500928010044,3
3414.01,tess,NON_HABITABLE,9.29033,1250.0,405.451,9.7355768,0.0941082303404793,0.0,5033.0,1.81,1.1731131293992028,1.8939110661398593,K,-1.2156949374580979,3
3415.01,tess,NON_HABITABLE,18.4074,1514.0,873.532,3.5714448,0.05400217446126846,0.0,5942.0,2.56,1.6471240471240471,7.36046464231989,G,-1.2825096360646269,3
3416.01,tess,NON_HABITABLE,14.4588,2318.0,4798.12,2.3626917,0.0425686987525266,0.0,8360.0,1.62,1.8434758910767788,11.549145403929154,A,-1.2926793585449607,3
3417.01,tess,NON_HABITABLE,12.4906,1263.0,422.699,2.7194615,0.03669636653024881,0.0,5454.0,0.89,0.8914229572806084,0.6314446064455922,G,-1.2462958113134173,3
3421.01,tess,NON_HABITABLE,16.9204,1780.0,1669.46,2.8389301,0.047797694541829736,0.0,7132.0,2.14,1.8075565730241483,10.674992904435653,F,-1.2897806357087322,3
3422.01,tess,NON_HABITABLE,13.9739571,1185.0478458,466.0843733,3.7788779,0.04783251011174845,0.0,5817.7,1.02896,1.0224080164465428,1.0926900390975374,G,-1.246876541174932,3
3425.01,tess,NON_HABITABLE,8.47671,2109.0,3287.18,0.765415,0.017801652343034473,0.0,6034.0,1.51,1.2845986375502454,2.7231391141706633,F,-1.2950754007033527,3
3426.01,tess,NON_HABITABLE,18.581,1172.0,313.989,6.1786733,0.06983528568413636,0.0,5806.0,1.4,1.1901856971821334,2.006591220133494,G,-1.2419961370122232,3
3427.01,tess,NON_HABITABLE,17.072,1338.0,532.564,2.9526508,0.044233912395922906,0.0,5812.0,1.73,1.3244096447931017,3.076729666240923,G,-1.2751867942290493,3
3429.01,tess,NON_HABITABLE,14.0219,806.0,70.2738,13.9311096,0.12829517005975127,0.0,6445.0,1.69,1.4515765765765765,4.439763191562415,F,-1.2260250613392347,3
343.01,tess,NON_HABITABLE,8.3651129,1667.6324897,1827.7735678,1.7563116,0.029567828437988646,0.0,5885.0,1.20235,1.1179840268164252,1.5622207230220888,G,-1.2773390963693287,3
3430.01,tess,NON_HABITABLE,15.7588,1532.0,915.595,5.0949767,0.06924172425484547,0.0,6565.0,2.25,1.7060810810810811,8.472248161274107,F,-1.2771568866516834,3
3431.01,tess,NON_HABITABLE,19.0078,1607.0,1108.17,3.919695,0.05528287247561423,0.0,6438.0,1.73,1.4670594103885048,4.6322373711092055,F,-1.2745418835731224,3
3433.01,tess,NON_HABITABLE,6.07883,941.0,130.312,2.7765784,0.03375125874220125,0.0,4348.2,0.78,0.6653198648469637,0.19593948512262516,K,-1.2048548406216586,3
3434.01,tess,NON_HABITABLE,12.7872,672.0,34.0167,3.1510024,0.045405911484755944,0.0,5927.9,1.5,1.2578248654057866,2.5031144276182755,G,-1.2703886468092855,3
3437.01,tess,NON_HABITABLE,12.4458895,1039.1163307,275.535577,4.9873145,0.05720662030830904,0.0,6199.0,0.87414,1.0041204470587797,1.0165839368563434,F,-1.2317444082314681,3
3438.01,tess,NON_HABITABLE,10.257,1742.0,1529.93,1.6660179,0.03128759636699295,0.0,5993.3,2.01,1.4721013925581994,4.6962466050256335,G,-1.2900447468419267,3
3439.01,tess,NON_HABITABLE,13.8526,695.0,38.9292,5.9349921,0.06371790053091869,0.0,5320.0,1.13,0.979770889184829,0.9215059133659999,G,-1.218460724692188,3
344.01,tess,NON_HABITABLE,9.4901642,1075.9802743,316.7657662,6.0672187,0.06734252600187886,0.0,6149.0,1.0793999,1.1068005272887704,1.5006431477112823,F,-1.2341769084894623,3
3441.01,tess,NON_HABITABLE,10.33,1271.0,433.367,4.2594558,0.05283849700065989,0.0,5763.8,1.18,1.0847348266663168,1.3845043851555199,G,-1.2480520704998628,3
3443.01,tess,NON_HABITABLE,14.2534,2915.0,11995.5,1.0078907,0.025637184430931208,0.0,6808.0,3.52,2.212914102070541,23.980499533984226,F,-1.302727854123273,3
3444.01,tess,NON_HABITABLE,16.9807,1437.0,708.483,2.7188122,0.04240861246122984,0.0,6531.0,1.48,1.3765253667837032,3.5903507353158477,F,-1.2790964419773416,3
3445.01,tess,NON_HABITABLE,15.0254,1142.0,282.578,2.9866836,0.039534174324454094,0.0,4790.0,1.24,0.9241022625764312,0.7292562070472675,K,-1.2461377519093921,3
3447.01,tess,NON_HABITABLE,10.421,1602.0,1093.63,3.6562554,0.0503798840278538,0.0,5994.0,1.51,1.2760829024653912,2.651646091041981,G,-1.2673025361290404,3
3449.01,tess,NON_HABITABLE,15.0897,1592.0,1068.52,3.8249546,0.05390390153704963,0.0,6341.2,1.69,1.4281981981981982,4.1605804432665865,F,-1.2735208878374071,3
345.01,tess,NON_HABITABLE,9.5654941,703.6564933,57.9380401,11.2237372,0.09277727603454937,0.0,5136.0,0.903365,0.8457272473282217,0.5115891097383052,K,-1.1311681596029792,3
3451.01,tess,NON_HABITABLE,10.5545,755.0,54.2067,8.7234738,0.0817189637625426,0.0,5522.0,1.0,0.9566874566874567,0.8376841912487825,G,-1.1868856075182157,3
3452.01,tess,NON_HABITABLE,14.7827,2287.0,4549.21,2.8372178,0.04442562761556451,0.0,5604.0,2.24,1.453101039187884,4.458443356872379,G,-1.280945357168738,3
3453.01,tess,NON_HABITABLE,12.1596,1656.0,1248.73,4.3618031,0.06082276469744324,0.0,6126.0,2.21,1.5777813088370263,6.197081782814588,F,-1.2762690494764342,3
3454.01,tess,NON_HABITABLE,12.3165,1123.0,264.591,3.9415006,0.05171044504106191,0.0,6011.0,1.3,1.1873864310933677,1.9877800464938093,F,-1.2593934559358895,3
3455.01,tess,NON_HABITABLE,8.6772,1711.0,1423.41,0.422425,0.010987204772531,0.0,5269.0,1.18,0.9916145254354459,0.9668776452499073,G,-1.2945431219420114,3
3456.01,tess,NON_HABITABLE,12.0922,485.0,9.23182,17.0298529,0.12196312622274144,0.0,5022.0,0.92,0.8345345083186583,0.48503960160559206,K,-1.0685828258475587,3
3457.01,tess,NON_HABITABLE,9.18821,569.0,17.4858,32.6012979,0.2134946764491034,0.0,6067.8,1.35,1.2214391033325034,2.2258058412039,F,-1.1127148399540732,3
3458.01,tess,NON_HABITABLE,11.911,1010.0,172.9,3.1726875,0.03950373612959597,0.0,5056.0,0.87,0.817034450665576,0.4456167189733314,K,-1.2283821428233275,3
346.01,tess,NON_HABITABLE,30.0184,1027.0,184.89,16.56308,0.13674348300621955,0.0,6177.0,1.35,1.2434209007028696,2.3904114073814284,F,-1.188045354804428,3
3460.01,tess,NON_HABITABLE,17.2704,2291.0,4580.01,4.6288384,0.06281716724039889,0.0,5978.9,2.22,1.5433749763535114,5.6739540972492515,G,-1.2735969417432944,3
3461.01,tess,NON_HABITABLE,10.4552,999.0,165.825,11.4483792,0.10594351933915115,0.0,6175.0,1.28,1.2103629587877842,2.146161982038765,F,-1.2102722203048362,3
3462.01,tess,NON_HABITABLE,7.62451,725.0,46.0383,6.3885628,0.06652848853496278,0.0,5474.0,1.03,0.9624918992951284,0.8581996479108664,G,-1.2109651107493367,3
3464.01,tess,NON_HABITABLE,12.4868,1150.0,290.61,3.6515704,0.05176584813850954,0.0,6353.0,1.59,1.3878773720144002,3.7102603076883094,F,-1.2729036713258821,3
3469.01,tess,NON_HABITABLE,17.7901,2022.0,2780.14,2.6566986,0.043235166553901964,0.0,6823.0,1.67,1.527591680356773,5.4453918589457695,F,-1.284407606084965,3
347.01,tess,NON_HABITABLE,6.8572283,1370.1551938,832.9137795,4.040003,0.05276769623000124,0.0,5692.2,1.48298,1.2009404571923714,2.0801080858391505,G,-1.2595177214959314,3
3470.01,tess,NON_HABITABLE,18.8972,1179.0,321.441,3.2404614,0.04518630914795775,0.0,5823.0,1.35,1.1721612279088247,1.887771424144808,G,-1.2646162138252859,3
3471.01,tess,NON_HABITABLE,12.7543,911.0,114.611,8.7520247,0.08175549108027491,0.0,5666.0,0.94,0.9517309103299002,0.8204586503056069,G,-1.1855449381978211,3
3473.01,tess,NON_HABITABLE,17.8847,1316.0,498.733,4.0358074,0.05586393283007283,0.0,6599.0,1.56,1.4279536310267162,4.157731314753508,F,-1.272183577562132,3
3474.01,tess,NON_HABITABLE,14.0735,1437.0,709.036,3.8795023,0.051005158747390235,0.0,6048.0,1.26,1.1761717190856964,1.913739983074907,F,-1.259127548839963,3
3475.01,tess,NON_HABITABLE,18.2165,1998.0,2647.01,2.7812908,0.045941010286324614,0.0,7560.0,1.63,1.6722040667206515,7.8191060077042955,A,-1.287299624128567,3
3476.01,tess,NON_HABITABLE,14.5156,1436.0,706.863,4.3205081,0.05896890444136548,0.0,7627.0,1.23,1.4654802829934965,4.612325182570002,A,-1.2721000350473561,3
3477.01,tess,NON_HABITABLE,14.2118,1620.0,1144.81,3.3626798,0.047435292163515066,0.0,6165.0,1.39,1.2592563763951938,2.5145289181082866,F,-1.2687146770441622,3
3478.01,tess,NON_HABITABLE,20.4999,1871.0,2034.63,1.82856,0.03195994500729748,0.0,6078.0,1.53,1.3025070682174709,2.8781959313409584,F,-1.2839793381207756,3
3479.01,tess,NON_HABITABLE,12.6118,1623.0,1152.76,2.1970052,0.03498874377183782,0.0,5636.0,1.47,1.1838681299412224,1.9643248806147293,G,-1.2755362763189755,3
348.01,tess,NON_HABITABLE,8.7665514,2849.8678213,15589.0579756,0.4947938,0.013197099197568894,0.0,5879.0,1.5121,1.2524701797075626,2.4607618086256355,G,-1.2983483921147905,3
3483.01,tess,NON_HABITABLE,12.978,1699.0,1386.27,1.4466788,0.02780839838631014,0.0,5881.0,1.81,1.3707685901046518,3.530665530829155,G,-1.289546009888701,3
3484.01,tess,NON_HABITABLE,15.2719,1510.0,863.316,5.1890769,0.06630068468565865,0.0,6195.0,1.81,1.4439570507903958,4.34727489222198,F,-1.2661169730536486,3
3485.01,tess,NON_HABITABLE,2.20757,574.0,18.0311,11.8413467,0.08994518865045804,0.0,4554.0,0.77,0.6923282713129543,0.22974616237931222,K,-1.0513126361507656,3
3485.02,tess,NON_HABITABLE,1.49811,763.0,56.3052,6.0379203,0.05740752052968891,0.0,4554.0,0.77,0.6923282713129543,0.22974616237931222,K,-1.1448722939485083,3
3486.01,tess,NON_HABITABLE,10.4759,946.0,133.224,2.217782,0.030304201358301103,0.0,4841.0,0.81,0.7548336798336799,0.3246422791291799,K,-1.2366395477690495,3
3487.01,tess,NON_HABITABLE,19.3218,976.0,150.886,16.0085751,0.1274952746233717,0.0,5992.0,1.08,1.0788407940699287,1.3546572949489497,G,-1.1589681422260334,3
3488.01,tess,NON_HABITABLE,2.97636,1214.0,360.794,6.9625419,0.07056769833418139,0.0,5727.0,0.95,0.9670805823409725,0.8746829345784498,G,-1.2059496899017585,3
3489.01,tess,NON_HABITABLE,13.3743,1222.0,370.391,3.7833369,0.04770444970863895,0.0,5266.0,1.23,1.011828919659598,1.0481618588266164,G,-1.2457232624270933,3
3490.01,tess,NON_HABITABLE,14.7541,636.0,27.2956,9.1317488,0.07870365820113326,0.0,5198.2,0.75,0.7799329961802268,0.3700233892008515,K,-1.1316206595209473,3
3491.01,tess,NON_HABITABLE,22.3961,1571.3564729207033,1441.91,2.4038651,0.03664446678567826,0.0,5961.0,1.21,1.136018711018711,1.6654896503992453,G,-1.2708085139814647,4
3492.01,tess,NON_HABITABLE,15.6527771,1477.1119659,1125.057365,9.2224171,0.10403936510126245,0.0,6332.0,2.5926199,1.7663794717777783,9.735001784404314,F,-1.263985913716842,3
3493.01,tess,NON_HABITABLE,3.3709444,1000.5192324,236.8223938,8.159487,0.08231140456569219,0.0,5860.0,1.2115099,1.1174671813354076,1.5593338589432109,G,-1.2190950757077061,3
3494.01,tess,HABITABILITY_ZONE,2.2168828,351.9088621,3.6244475,7.748612,0.05189166043875475,0.0,3230.0,0.307821,0.3104740609943359,0.009291830718010373,M,-0.5679957365699917,3
3495.01,tess,NON_HABITABLE,4.3741604,1335.6413065,752.108278,8.4130034,0.09407009277765925,0.0,6529.0,1.92409,1.5690364669493535,6.0608306555701965,F,-1.257279616663235,3
3496.01,tess,NON_HABITABLE,8.21753,2588.0,7457.95,1.5505494,1.0,0.0,5772.0,2.02,1.0,4.0804,G,-0.627644014086122,4
3497.01,tess,NON_HABITABLE,10.0080468,1128.0732222,382.7103105,4.218076,0.051115187228711036,0.0,5780.0,1.0,1.0013860013860014,1.0055555421967817,G,-1.239689016788492,3
3498.01,tess,NON_HABITABLE,4.71563,1154.0,295.298,4.8768783,0.049600683266526724,0.0,4562.0,0.75,0.6844781517783453,0.21950193893232087,K,-1.164030095696169,3
3499.01,tess,NON_HABITABLE,19.0560523,1905.2568703,3114.1185902,4.5992844,0.06514655402323723,0.0,5695.0,3.1233001,1.743710021488149,9.244790080598383,G,-1.2804129778375042,3
350.01,tess,NON_HABITABLE,8.55709,1659.0,1258.82,2.5130547,0.03492744614373168,0.0,5635.0,0.85,0.9000716045884515,0.6563088238995213,G,-1.250522497699679,3
3500.01,tess,NON_HABITABLE,3.996537,928.2392842,175.4529921,7.3436151,0.07348003537374448,0.0,5406.0,1.0980901,0.9814511924086713,0.9278437101070474,G,-1.2048057203525535,3
3501.01,tess,NON_HABITABLE,19.2152,750.0,52.6633,15.3502505,0.1209520595930452,0.0,5782.5,1.0,1.0018191268191268,1.0072963867013431,G,-1.1438466885729586,3
3502.01,tess,NON_HABITABLE,9.8310336,1835.4167797,2682.0062952,3.4468018,0.05320009160715204,0.0,7853.0,1.5443701,1.6907716898980862,8.172216617024153,A,-1.2842944706991282,3
3503.01,tess,NON_HABITABLE,12.1227001,2961.4012649,18176.4904225,1.1882549,0.027416174596148594,0.0,8405.0,1.78789,1.9470710207719009,14.372329722707729,A,-1.2999762545838036,3
3505.01,tess,NON_HABITABLE,7.4578,1208.671834481106,504.746,2.9151556,0.04299188603967254,0.0,6220.0,1.34,1.2474307958308248,2.421396140272086,F,-1.271864866071828,4
3506.01,tess,NON_HABITABLE,12.7988183,1159.2289516,426.7739259,4.4961387,0.05414085652705573,0.0,5554.0,1.18466,1.047312809572454,1.203110900144514,G,-1.2419136620049864,3
351.01,tess,NON_HABITABLE,14.2776184,1552.6711273,1373.5324063,3.4654953,0.04874508839450546,0.0,5570.3,1.77738,1.2865966245841116,2.7401203037128314,G,-1.269357734486262,3
3510.01,tess,NON_HABITABLE,13.1718,1387.0,614.779,2.8724894,0.040133629700518585,0.0,5752.0,1.1,1.0451747218771157,1.1933163474194346,G,-1.2593076541889359,3
3511.01,tess,NON_HABITABLE,12.3151,1148.0,289.23,1.0848133,0.01922114416738773,0.0,4670.0,0.99,0.8050227531683846,0.41998388032061357,K,-1.2690654085902464,3
3513.01,tess,NON_HABITABLE,15.4413,1937.0,2338.63,2.9817237,0.05070341166912805,0.0,7717.5,2.14,1.9559475395841084,14.636215982715132,A,-1.2916771347438254,3
3514.01,tess,NON_HABITABLE,17.3816,1619.0,1141.17,1.5039495,0.025250106095655058,0.0,5623.0,0.95,0.9495187907287042,0.812857196290905,G,-1.2713438075036863,3
3515.01,tess,NON_HABITABLE,10.3727,1441.6448202606462,1021.58,3.0415724,0.043024375276430084,0.0,5814.1,1.3,1.14849167343536,1.7398483820782293,G,-1.2649876272033798,4
3516.01,tess,NON_HABITABLE,20.1829,1947.0,2388.65,2.501531,0.03903553297839986,0.0,5823.0,1.58,1.2680868856364063,2.5858066300329763,G,-1.2764862627186295,3
3517.01,tess,NON_HABITABLE,13.6378,1248.0,403.813,3.3687307,0.04509184456721664,0.0,5727.0,1.18,1.077809145410666,1.3494831225562698,G,-1.2564449958912292,3
3518.01,tess,NON_HABITABLE,16.476,1122.0,263.25,2.9661661,0.04065233668983612,0.0,5436.0,1.17,1.0186994144190356,1.0769219428964265,G,-1.2559525763188557,3
3519.01,tess,NON_HABITABLE,13.3258,1531.0,913.394,3.500869,0.04952321155430102,0.0,5870.0,1.69,1.322072072072072,3.055065490614538,G,-1.270893028050202,3
352.01,tess,NON_HABITABLE,20.7208,661.0,31.7369,11.6235,0.0970244648263022,0.0,5518.0,0.89,0.9018833660202416,0.6616091581255131,G,-1.1455414719571835,3
3520.01,tess,NON_HABITABLE,13.7329,1495.0,831.069,3.0086349,0.043967665435482126,0.0,5984.0,1.46,1.2526844612957366,2.4624462600171793,G,-1.2713265659782411,3
3522.01,tess,NON_HABITABLE,10.2542,993.0,161.632,3.3412415,0.041734165717031126,0.0,5285.0,0.9,0.8686401992718236,0.5693242671299475,G,-1.233711213492875,3
3523.01,tess,NON_HABITABLE,16.9661,1970.0,2500.98,2.304583,0.03846043883608115,0.0,6562.0,1.58,1.4290204608528418,4.170170276153083,F,-1.2839858242079054,3
3527.01,tess,NON_HABITABLE,33.1493745,2358.8436545,7316.7400883,1.755115,0.03317331014129731,0.0,5889.0,2.4012699,1.5810140172583957,6.248026769607771,G,-1.2916521094007931,3
3529.01,tess,NON_HABITABLE,14.2221,1360.0,568.458,2.5850398,0.03799543119561168,0.0,5770.0,1.2,1.095065542898409,1.438005195104468,G,-1.2662739467752047,3
353.01,tess,NON_HABITABLE,39.1860336,1687.3618388,1915.81643,1.2979921,0.026036599441721896,0.0,4965.0,2.63993,1.397620094243818,3.8155446870346337,K,-1.2915723927671083,3
3531.01,tess,NON_HABITABLE,18.6054746,1603.7202215,1563.275145,3.8099858,0.05412562688065647,0.0,6674.0,1.58842,1.4572784854578937,4.509934276793167,F,-1.2748161215578169,3
3534.01,tess,NON_HABITABLE,13.3160023,1374.5742272,843.7111506,3.2346944,0.044387249582142824,0.0,5613.0,1.3147399,1.115035363712182,1.5458044940816067,G,-1.2607385937495115,3
3538.01,tess,NON_HABITABLE,15.0553,1068.0,216.462,7.3105415,0.08214224601875578,0.0,6353.0,1.58,1.3835060938430515,3.6637371275317814,F,-1.2507966407409727,3
3539.01,tess,NON_HABITABLE,14.2859,1143.0,283.742,6.0978165,0.06827214973379224,0.0,6255.0,1.11,1.141727550659977,1.699221224180467,F,-1.237758707146285,3
354.01,tess,NON_HABITABLE,25.2021,1471.0,777.419,3.0002084,0.04309747838064235,0.0,5767.0,1.41,1.186405592791886,1.981220172551948,G,-1.2677434337566664,3
3540.01,tess,NON_HABITABLE,12.1758,1324.8877848,728.1777183,3.1198404,0.04325706577060605,0.0,6011.2,1.13476,1.1093966870055403,1.514772661616526,F,-1.2615027563513144,3
3543.01,tess,NON_HABITABLE,22.7901,1456.2392115967996,1063.58,6.481666,0.08453485212277319,0.0,7849.0,1.99,1.918291245744933,13.541232018956702,A,-1.2782817593934304,4
3545.01,tess,NON_HABITABLE,21.2058311,1713.5741385,2037.6641193,3.1872086,0.04808532909372511,0.0,6578.0,1.64157,1.4601492511959866,4.545576804999808,F,-1.2788588340950968,3
3546.01,tess,NON_HABITABLE,9.64178,1170.0,312.039,5.2019364,0.06231785307150504,0.0,6111.0,1.27,1.1931301539991643,2.0265218333436676,F,-1.2496092263998417,3
3547.01,tess,NON_HABITABLE,17.3522,846.0,85.347,4.1632657,0.05117993789359425,0.0,5145.0,1.34,1.031837852821478,1.1335634216180746,K,-1.2436907346857844,3
355.01,tess,NON_HABITABLE,4.6818337,2118.4620452,4759.9649159,1.0372587,0.021324906392555576,0.0,6049.0,1.3164999,1.2024518014145993,2.0905988600517933,F,-1.2896161468767835,3
3550.01,tess,NON_HABITABLE,8.30438,1749.0,1555.17,1.1239202,0.026367720700052905,0.0,7786.1,2.06,1.936097682000431,14.051059084816945,A,-1.3002484490425072,3
3551.01,tess,NON_HABITABLE,12.9018,1741.0,1528.03,3.1940809,0.050297573445438,0.0,6417.0,2.24,1.6639095946589315,7.6651190447910675,F,-1.28490454945564,3
3552.01,tess,NON_HABITABLE,13.2413,1638.0,1195.25,0.9277787,0.02199976231588282,0.0,6123.0,2.42,1.650234339336713,7.416217873491957,F,-1.298809324876557,3
3553.01,tess,NON_HABITABLE,11.8231228,1750.0498731,2216.7805559,1.9410635,0.033753968962438166,0.0,6497.2,1.46336,1.3616813932412897,3.437969442574219,F,-1.2848534008787145,3
3555.01,tess,NON_HABITABLE,10.3325,1272.0,435.707,5.271813,0.05681619360870683,0.0,5947.6,0.73,0.8803935667992125,0.6007688989330973,G,-1.2089146769029364,3
3556.01,tess,NON_HABITABLE,17.7065,1178.0,320.761,4.118418,0.05560799732167451,0.0,6374.0,1.5,1.3524816026074131,3.345996366198384,F,-1.2680446431171923,3
3558.01,tess,NON_HABITABLE,13.0681,1441.0,717.151,2.5650361,0.03871312381318498,0.0,5866.0,1.34,1.1764355383189096,1.9154575938692684,G,-1.2713912515103214,3
3559.01,tess,NON_HABITABLE,16.3917196,1939.0,7355.9058604,2.5402287,0.04624394055250532,0.0,9339.0,1.5968,2.044557434248365,17.474198298489398,A,-1.2946964380935875,3
356.01,tess,NON_HABITABLE,11.9640451,1230.8833686,542.4861018,5.7694373,0.06698661182492927,0.0,5499.0,1.5989701,1.2046962781674766,2.1062517277947905,G,-1.2463284202046327,3
3560.01,tess,NON_HABITABLE,10.1264,3107.0,15472.4,1.9804293,0.03329649387951863,0.0,6381.0,1.29,1.2556172610724723,2.4855878045548225,F,-1.2808355123325417,3
3563.01,tess,NON_HABITABLE,14.5976753,938.3377787,183.2136427,17.8552322,0.15077197714941992,0.0,6779.2,1.49114,1.4342053374659685,4.231022527395799,F,-1.2089194346849244,3
3564.01,tess,NON_HABITABLE,19.9932642,1626.8581476,1655.4640288,4.0875563,0.05587432079786521,0.0,6454.0,1.55158,1.3928031011235757,3.763213866482394,F,-1.2702462399552654,3
3567.01,tess,NON_HABITABLE,12.7486,1098.0,241.443,1.9990323,0.031231789482652587,0.0,5675.0,1.07,1.0170245401260447,1.0698569915355756,G,-1.2683273725096536,3
3568.01,tess,NON_HABITABLE,6.4020317,861.4483375,130.1481354,4.4178042,0.04780997163176394,0.0,4864.0,0.785799,0.7470040901185971,0.3113808637180989,K,-1.1918572510613634,3
3569.01,tess,NON_HABITABLE,14.2314,1196.686291666107,485.021,4.5956692,0.05774448683719298,0.0,6157.0,1.3,1.2162266272237339,2.188053966471275,F,-1.256140205191824,4
3570.01,tess,NON_HABITABLE,13.1161,3226.0,17992.5,2.1083693,0.0419216146442095,0.0,10984.0,1.35,2.2110628417225713,23.900354587317857,B,-1.2981248780498245,3
3571.01,tess,NON_HABITABLE,15.3022,1704.0,1401.91,3.007925,0.04842638007882436,0.0,7457.0,1.68,1.6745281839233337,7.862666336122686,F,-1.2861408265294156,3
3573.01,tess,NON_HABITABLE,12.7271,1043.0,196.707,9.8170028,0.09710931461573315,0.0,5994.3,1.49,1.2676672960393718,2.582385920646341,G,-1.226656482037896,3
3575.01,tess,NON_HABITABLE,14.1848,990.0,159.573,8.084554,0.08053725723188956,0.0,5739.0,1.15,1.0662494557631383,1.2925141015211201,G,-1.2123083744481307,3
3576.01,tess,NON_HABITABLE,13.0535,1153.9361568,340.838,4.6387689,0.05536428323283239,0.0,5543.7,1.2,1.0521169584342998,1.2253385111048294,G,-1.2410102468015738,3
3577.01,tess,NON_HABITABLE,8.71675,1106.0,248.814,5.2667367,0.06467834160666552,0.0,5938.0,1.6,1.301289310192643,2.8674473250532317,G,-1.2573007541091181,3
358.01,tess,NON_HABITABLE,26.9344,781.0,61.7667,9.10326,0.08649870928351501,0.0,5467.0,1.21,1.0418745668745668,1.1783159230470723,G,-1.2001173929224176,3
3582.01,tess,NON_HABITABLE,14.9431,1314.0,495.827,4.4168832,0.05609628593160951,0.0,5847.0,1.42,1.2071213844047561,2.1232629150810824,G,-1.256884434644828,3
3585.01,tess,NON_HABITABLE,4.63661,906.0,112.33,3.5410781,0.04093583220593395,0.0,4652.0,0.82,0.7298276448824543,0.2837143086848819,K,-1.2040206009428325,3
3586.01,tess,NON_HABITABLE,12.7584,640.0,28.0204,11.3201226,0.08927949068300671,0.0,4971.0,0.74,0.7408551438404175,0.3012542637458617,K,-1.0857558513354786,3
3587.01,tess,NON_HABITABLE,16.4644,1620.2912109358983,1630.09,4.1584817,0.0612601159623934,0.0,7486.0,1.87,1.7735535405958696,9.894120937178116,F,-1.2831013313990633,4
3588.01,tess,NON_HABITABLE,14.1169,1935.0,2328.97,3.7037478,0.056117013314352086,0.0,6688.0,2.2,1.7186256230663823,8.724190288848883,F,-1.2837580266977169,3
3589.01,tess,NON_HABITABLE,20.1593,2054.0,2957.04,3.0827487,0.04931458429783596,0.0,7658.5,1.61,1.6835667202621736,8.033805795654173,A,-1.2859638218111678,3
359.01,tess,NON_HABITABLE,8.62362,899.4017269503192,154.75836997228004,16.45209,0.13863410923340977,0.0,5573.0,1.85,1.3132535541438433,2.9743655295763105,G,-1.1991537051455752,5
3590.01,tess,NON_HABITABLE,14.7596,983.0,155.508,4.4064273,0.060974283529067176,0.0,6592.0,1.86,1.5575691917278371,5.8855817110942965,F,-1.2753033361193578,3
3591.01,tess,NON_HABITABLE,13.159,1243.0,396.459,8.4843917,0.08894413880102009,0.0,5859.7,1.65,1.3040403558767162,2.891772520868554,G,-1.2378556005811074,3
3592.01,tess,NON_HABITABLE,9.24388,1487.0,811.914,5.5280331,1.0,0.0,5772.0,2.11,1.0,4.4521,G,-0.6567468303290326,4
3593.01,tess,NON_HABITABLE,11.6869491,1087.6474599,330.730008,3.8212977,0.04655520324692591,0.0,5342.0,0.992137,0.9218566318540602,0.722193437004864,G,-1.2344397498039723,3
3594.01,tess,NON_HABITABLE,13.41,631.0,26.3577,9.3236885,0.08734907848592363,0.0,5505.0,1.15,1.0227745694330157,1.094257883786175,G,-1.1948567572857667,3
3595.01,tess,NON_HABITABLE,12.0157766,1226.8109303,535.3422852,1.805376,0.026923523551915195,0.0,5090.0,0.820538,0.7988050635620382,0.4071582477498652,K,-1.251789771900994,3
3596.01,tess,NON_HABITABLE,9.37482,1211.0,357.504,4.9056578,0.0572995435231954,0.0,5989.7,1.01,1.0428922385278552,1.1829264465009706,G,-1.2373330069903985,3
3597.01,tess,NON_HABITABLE,11.5444262,914.3568608,165.190061,4.0088245,0.04534118138635489,0.0,5007.0,0.795696,0.7737931065066181,0.3585084741167143,K,-1.2055748703685754,3
3598.01,tess,NON_HABITABLE,20.0,1343.0,540.162,3.7026941,0.05154946385189034,0.0,6282.0,1.5,1.3329603745810747,3.156959109095397,F,-1.2699566319356583,3
3599.01,tess,NON_HABITABLE,9.6972,1231.0,382.391,3.2523102,0.04127630818079687,0.0,5396.4,0.9,0.8869498526680167,0.6188654871403303,G,-1.2376282633634017,3
3600.01,tess,NON_HABITABLE,17.7733,1310.0,489.828,5.016641,0.06638145571862974,0.0,6616.0,1.83,1.5505819316359808,5.780679295465131,F,-1.2718908313198396,3
3601.01,tess,NON_HABITABLE,11.2646,1321.0,506.135,4.0517972,0.05443809702107446,0.0,6284.0,1.45,1.310973325244816,2.9537614643323313,F,-1.2662876122299362,3
3602.01,tess,NON_HABITABLE,15.9427336,1661.0534911,1799.1007103,2.3874731,0.037996185516620276,0.0,6566.0,1.27379,1.283877161871569,2.717026624077431,F,-1.2781732139242528,3
3603.01,tess,NON_HABITABLE,8.74635,1186.0,328.939,1.2678043,0.021898457110004182,0.0,5303.0,0.9,0.8715986710952659,0.5771201497538466,G,-1.2702144552873498,3
3605.01,tess,NON_HABITABLE,15.7486,1568.0,1005.1,3.6554335,0.051551309028261716,0.0,6321.0,1.56,1.3677973786512916,3.5001533185538367,F,-1.2719662116492823,3
3609.01,tess,NON_HABITABLE,9.57629,1064.0,213.106,6.3854622,0.06812038230871795,0.0,5519.0,1.17,1.0342535077591348,1.144215983384222,G,-1.2221727045859179,3
361.01,tess,NON_HABITABLE,6.8350786,1040.9776611,277.5151143,1.5351652,0.022328089332131394,0.0,4215.0,0.744573,0.630122370797054,0.15765203946792286,K,-1.232438662453657,3
3611.01,tess,NON_HABITABLE,15.4449,1679.0,1319.62,3.0789699,0.045948462585146864,0.0,6153.0,1.64,1.3651567371075648,3.473202194558702,F,-1.2759626755898719,3
3612.01,tess,NON_HABITABLE,14.0641,1278.0,442.993,1.4822451,0.024056542172314857,0.0,5115.0,0.91,0.8453567247483849,0.5106931670604571,K,-1.2635474824706991,3
3613.01,tess,NON_HABITABLE,13.6409,1293.0,465.25,3.1493729,0.0417494301184175,0.0,5766.0,0.96,0.9787773982597232,0.917773954306235,G,-1.2498800961349457,3
3615.01,tess,NON_HABITABLE,11.2819,1589.0,1058.47,3.1315583,0.0454852463144599,0.0,5684.0,1.69,1.2801801801801802,2.6858663400737783,G,-1.2716913252889352,3
3616.01,tess,NON_HABITABLE,20.8975,1903.0,2177.78,2.4188647,0.04557531641046244,0.0,7316.0,2.9,2.158471771537033,21.70628462025018,F,-1.296461094658941,3
3617.01,tess,NON_HABITABLE,15.3732,1219.0,366.758,3.2337884,0.047248684179531715,0.0,6065.0,1.64,1.3456323111583586,3.2787297944729983,F,-1.273979766159067,3
3618.01,tess,NON_HABITABLE,14.1029,1005.0,169.429,3.4898546,0.04723589095113225,0.0,6083.0,1.2,1.1544685784143887,1.7763497052498853,F,-1.2610967873035404,3
3619.01,tess,NON_HABITABLE,19.4201044,1673.2690337,1852.610398,3.1988858,0.047401020810283655,0.0,6133.0,1.7076499,1.3885005649182973,3.716928809589584,F,-1.2760572479099699,3
362.01,tess,NON_HABITABLE,6.823525,751.8284274,75.5085226,14.2337615,0.11504833000561361,0.0,5692.0,1.03392,1.0027254484430783,1.0109464432220636,G,-1.1522394205142168,3
3620.01,tess,NON_HABITABLE,12.8723,1081.0,227.422,4.8893985,0.060625392972913486,0.0,5639.0,1.62,1.243464180595928,2.3907442380478248,G,-1.2559034971091194,3
3622.01,tess,NON_HABITABLE,13.6367,1450.0,734.312,3.2131823,0.044304415476604464,0.0,5688.6,1.3,1.1237009568986411,1.5944209889016414,G,-1.2615849816923403,3
3623.01,tess,NON_HABITABLE,10.8845,1117.0,258.608,5.7456862,0.06498247825515958,0.0,5867.3,1.19,1.108882304057556,1.5119652564870745,G,-1.237106431880251,3
3624.01,tess,NON_HABITABLE,8.25522,1056.0,206.451,7.6460931,0.08252751669142099,0.0,6065.0,1.49,1.2826188463171329,2.7063905475570733,F,-1.2408032930111603,3
3625.01,tess,NON_HABITABLE,14.8135617,1495.2487083,1181.3395539,2.9708659,0.04310467719163635,0.0,6122.0,1.30269,1.2105634087151314,2.1475840509829798,F,-1.269404128760324,3
3628.01,tess,NON_HABITABLE,11.03,1215.0,362.88,3.4945148,0.04626139864473195,0.0,5699.0,1.2,1.0815907329251357,1.368522147783779,G,-1.2554405272267721,3
3629.01,tess,NON_HABITABLE,8.09927,706.0,41.2897,3.9365629,0.03870499928863097,0.0,3689.0,0.61,0.4991685906864111,0.0620853310564443,M,-1.0958521336204117,3
363.01,tess,NON_HABITABLE,12.4698,618.0,24.2523,8.22388,0.07676810847652736,0.0,5177.0,0.99,0.8924202983196416,0.6342752416406162,K,-1.1770913127477807,3
3630.01,tess,NON_HABITABLE,13.2107214,1560.1038498,1400.0225662,1.9617969,0.03159705202340078,0.0,6026.0,1.09703,1.0934830539177447,1.4297108994924286,F,-1.2735226311550896,3
3632.01,tess,NON_HABITABLE,12.8678,1627.0,1165.99,3.2403602,0.04718270053404005,0.0,6605.4,1.36,1.334572752813969,3.172261755884264,F,-1.2734322977546,3
3633.01,tess,NON_HABITABLE,18.3972,1463.0,761.094,2.5266409,0.04845627171657666,0.0,7233.0,3.6,2.377625188773169,31.957557002201476,F,-1.298129574627717,3
3635.01,tess,NON_HABITABLE,14.8028768,2238.402212,5932.9885061,1.8048106,0.03336568434705734,0.0,5972.0,2.1619599,1.5213085071034775,5.356352811555144,G,-1.2900736510914592,3
3636.01,tess,NON_HABITABLE,13.6976778,1071.6603274,311.7091966,4.2186625,0.05011124637438528,0.0,5425.9,1.0068901,0.9432710341218472,0.7916732914707015,G,-1.232320709234948,3
3638.01,tess,NON_HABITABLE,21.6677618,1062.6576955,301.3662182,4.9276886,0.05621939423654337,0.0,5263.0,1.1462801,0.9762306169255046,0.9082589710951173,G,-1.2286401713821127,3
3639.01,tess,NON_HABITABLE,14.6233,1038.0,193.036,5.7208592,0.06419758320459792,0.0,5856.0,1.13,1.0784846479448043,1.3528693866692825,G,-1.2338727315383495,3
364.01,tess,NON_HABITABLE,3.325,1996.543590359867,3757.98,0.4941631,0.013151532745536975,0.0,6219.7,1.33,1.2427075462590773,2.3849305803076684,F,-1.298206163832581,4
3640.01,tess,NON_HABITABLE,43.2978,3910.0,38806.5,1.2205315,0.03103766087616424,0.0,8273.0,3.49,2.6776229109519196,51.40408837226303,A,-1.3039769160781824,3
3642.01,tess,NON_HABITABLE,14.1047,883.0,101.257,4.084447,0.048750188811227106,0.0,5458.0,0.96,0.9264944571109207,0.7368367897098391,G,-1.231669470765097,3
3644.01,tess,NON_HABITABLE,12.5113,1975.0,2527.3,1.831733,0.03740238785525674,0.0,7308.0,2.7,2.0804347454510155,18.733390811139273,F,-1.298033216250498,3
3645.01,tess,NON_HABITABLE,12.6502,1273.0,436.937,2.959842,0.04072529399833801,0.0,5585.0,1.13,1.0285752661836975,1.1192943385653369,G,-1.2568893391917606,3
3646.01,tess,NON_HABITABLE,21.4131,1515.0,875.049,2.1795448,0.035015522887730854,0.0,5840.0,1.42,1.2056762245465666,2.1131133196501017,G,-1.2767443304420625,3
3648.01,tess,NON_HABITABLE,15.738,1643.0,1209.83,2.923461,0.04652931199307006,0.0,5858.5,2.4,1.572409766719068,6.11312013702918,G,-1.2840062678029955,3
3649.01,tess,NON_HABITABLE,13.3617,1186.0,328.681,3.2637419,0.04628724725784292,0.0,6016.1,1.42,1.2420323175504453,2.379751367951663,F,-1.2685889565365362,3
365.01,tess,NON_HABITABLE,34.1747,856.0,89.3226,12.11028,0.10790486359637406,0.0,5808.0,1.29,1.1428655465144835,1.706006029221347,G,-1.1960818278822938,3
3650.01,tess,NON_HABITABLE,13.529,1520.0,888.169,1.7556768,0.02914690204845854,0.0,5670.5,1.19,1.0716883583860328,1.3190888586918486,G,-1.274966441062316,3
3651.01,tess,NON_HABITABLE,14.6878,2356.9493582,13258.6,1.5244603,0.03020645166511342,0.0,6714.1,1.85,1.582148876346165,6.265985543069808,F,-1.293311875350977,3
3652.01,tess,NON_HABITABLE,16.6632,1784.0,1684.37,3.4796904,0.057019589250852404,0.0,6841.0,2.97,2.04254433809598,17.40547864120526,F,-1.291106559443798,3
3653.01,tess,NON_HABITABLE,13.5575,851.0,87.4587,4.6017262,0.05583491559130812,0.0,5981.0,1.12,1.096620831010209,1.446192035015379,G,-1.2459523260052898,3
3654.01,tess,NON_HABITABLE,8.26117,1241.0,394.584,2.277182,0.034218648698932534,0.0,5622.0,1.12,1.0307979120447075,1.1290004648515575,G,-1.2655577693738125,3
3655.01,tess,NON_HABITABLE,24.4764,1468.695527962996,1100.44,3.3325651,0.04792098531304271,0.0,6229.9,1.5,1.3219054182748546,3.0535253567157437,F,-1.2721468969825291,4
3656.01,tess,NON_HABITABLE,12.2781,998.0,165.052,5.5122277,0.062101490264460164,0.0,5587.5,1.18,1.0515555439116633,1.2227252183245465,G,-1.2325392807711322,3
3657.01,tess,NON_HABITABLE,15.4339,1240.0,392.925,4.0898871,0.0521352458215928,0.0,6191.8,1.11,1.1301916304039086,1.6315799031149953,F,-1.2536893499273551,3
366.01,tess,NON_HABITABLE,11.8582247,1652.5853359,1762.6925977,1.7025848,0.028618408921562526,0.0,5504.0,1.27966,1.0786968244668298,1.3539343321612238,G,-1.2760454552847706,3
3660.01,tess,NON_HABITABLE,18.2571108,1467.7302713,1096.7458697,3.9497635,0.05373078978275823,0.0,6373.0,1.44338,1.3265020872738422,3.096219565977959,F,-1.2678577573399785,3
3662.01,tess,NON_HABITABLE,13.9288,1091.6570317530948,335.88,9.9908116,0.11348911674240608,0.0,7934.0,2.02,1.953626593585945,14.56686964168709,A,-1.2689609685413288,4
3664.01,tess,NON_HABITABLE,12.8987,1204.0,349.544,3.2975093,0.04400710934624165,0.0,5556.0,1.18,1.0456273113151142,1.1953846457462776,G,-1.254468624646088,3
3665.01,tess,NON_HABITABLE,3.71319,1740.0,1522.95,0.8746494,0.016448845779961366,0.0,4977.4,0.81,0.776101871101871,0.3628063852830856,K,-1.2723055665927636,3
3666.01,tess,NON_HABITABLE,12.4986982,1287.2452024,648.882601,4.4085194,0.055552250097883,0.0,5961.2,1.2983299,1.1767925214519719,1.917783594166525,G,-1.2546557154619629,3
3667.01,tess,NON_HABITABLE,16.8830792,1217.0846478,518.5661197,5.4439776,0.06400370343322007,0.0,5717.0,1.41985,1.1802203608026662,1.940226405132149,G,-1.2466139933957094,3
3668.01,tess,NON_HABITABLE,13.5277,1930.0,2304.37,0.7415247,0.01911643710233088,0.0,5921.0,2.73,1.6949233477380983,8.252779634102884,G,-1.3007720249323744,3
3669.01,tess,NON_HABITABLE,10.8168,1609.0,1112.72,1.2126653,0.02409193639713099,0.0,5958.7,1.51,1.2685677662530075,2.589731193229826,G,-1.289309977470233,3
3670.01,tess,NON_HABITABLE,13.7928815,1396.6323632,899.1857327,2.1947767,0.033002899481940386,0.0,5601.5,1.05234,0.995533908891218,0.9822549554593918,G,-1.264048273262559,3
3671.01,tess,NON_HABITABLE,16.1222,1836.4094485,315.053,1.7266138,0.030167385036865835,0.0,5972.0,1.41,1.2285788451800146,2.2783064089092098,G,-1.2823974113751166,3
3673.01,tess,NON_HABITABLE,16.4201,1522.0,891.034,2.2390796,0.03462785870916263,0.0,5615.0,1.29,1.1048880929199076,1.490298187631892,G,-1.2708488979170274,3
3674.01,tess,NON_HABITABLE,13.0569,1245.0,399.27,4.4619426,0.05609460827891942,0.0,5854.0,1.36,1.1827578791553843,1.9569665365925129,G,-1.2546776628557836,3
3675.01,tess,NON_HABITABLE,12.4756295,980.6686318,218.579857,5.9577768,0.06340352559802523,0.0,5219.0,1.12249,0.9579706748380413,0.8421876316007082,G,-1.2147218086022138,3
3679.01,tess,NON_HABITABLE,12.7661,905.0,111.516,5.9664078,0.06182313632605237,0.0,5418.0,0.89,0.8855389773645648,0.6149371438586597,G,-1.2012852987150708,3
3680.01,tess,NON_HABITABLE,14.1638,1273.0,437.196,1.7054246,0.03290784902197982,0.0,6304.0,2.24,1.6346090205282693,7.139298900405543,F,-1.2929688314133145,3
3681.01,tess,NON_HABITABLE,10.2407443,1007.016024,243.0337156,4.6401269,0.052635126707182664,0.0,5191.0,1.00936,0.9035407652151229,0.6664859612397532,K,-1.2210833331146969,3
3682.01,tess,NON_HABITABLE,12.1727,1438.0,711.319,3.3462671,0.04799443918688436,0.0,5501.0,1.91,1.3171402037583155,3.0097333778313,G,-1.2718145635196823,3
3683.01,tess,NON_HABITABLE,20.6045,3261.0,18782.0,1.3697115,0.029683808546710634,0.0,7321.3,2.15,1.8598636674922266,11.96532342557081,F,-1.2981161238592227,3
3685.01,tess,NON_HABITABLE,12.9782,1095.0,238.883,4.9777448,0.05894109192116,0.0,5785.0,1.21,1.1024774774774775,1.4773347181515148,G,-1.2431082025887574,3
3686.01,tess,NON_HABITABLE,14.9343184,1095.3653389,340.2177584,5.0778064,0.05813504350258428,0.0,5262.0,1.24347,1.016581442070091,1.0679937450881314,G,-1.2324115525206396,3
3688.01,tess,NON_HABITABLE,13.2996429,1471.4303775,1107.8472213,3.246208,0.04589017645166655,0.0,6088.0,1.34548,1.22345202640807,2.240514600871421,F,-1.267688950136797,3
3689.01,tess,NON_HABITABLE,15.7019,1622.0,1150.77,2.4145007,0.03969096435651984,0.0,6391.0,1.67,1.430871820190552,4.1918228702150335,F,-1.2832245989487354,3
3690.01,tess,NON_HABITABLE,8.169,405.0,4.4805,10.0755592,0.08541038007221238,0.0,4798.6,0.97,0.8187929495443311,0.4494655162542332,K,-1.1343578122274562,3
3691.01,tess,NON_HABITABLE,15.9091,1614.0,1126.75,3.3411398,0.04802708277535708,0.0,6702.0,1.3,1.3238835237377724,3.071843661491855,F,-1.2721763293992796,3
3693.01,tess,NON_HABITABLE,12.8974,765.0,57.0645,9.0881638,0.0793664939580293,0.0,5211.0,0.8,0.8074948184858909,0.4251664402662312,G,-1.1421850637494428,3
3694.01,tess,NON_HABITABLE,5.00683,886.0,102.529,2.5400911,0.03148509130353808,0.0,4245.0,0.77,0.645352110611219,0.17345504620296576,K,-1.205750546058791,3
3695.01,tess,NON_HABITABLE,28.9099,3439.0,23230.2,0.6041576,0.016064289654314775,0.0,6231.0,1.97,1.5151810912943349,5.2705770625916255,F,-1.3002993377352448,3
3696.01,tess,NON_HABITABLE,13.1733,1549.0,1421.6916309,4.4236103,0.05963766713715808,0.0,6120.1,1.86,1.446067841367345,4.372750240670803,F,-1.2706363958186824,3
3697.01,tess,NON_HABITABLE,22.7702,861.0,91.5833,9.9441709,0.09242124106767662,0.0,5252.0,1.37,1.0650222441285426,1.2865738331392684,G,-1.1976431101746616,3
3698.01,tess,NON_HABITABLE,15.2126883,1890.956087,3021.6682115,2.3467263,0.03880195782520642,0.0,6121.8,1.78044,1.415195653271385,4.011122669532416,F,-1.2832411754168793,3
3699.01,tess,NON_HABITABLE,18.1780385,1833.1734999,2668.9183266,3.0423931,0.04777554210460744,0.0,7046.0,1.65768,1.5716891869622083,6.101922130852583,F,-1.2832871488970914,3
370.01,tess,NON_HABITABLE,18.1541478,1172.1290154,446.0901861,4.0463709,0.05023519364274332,0.0,5805.0,1.05486,1.0329357622593358,1.1383957225390784,G,-1.245051876807958,3
3700.01,tess,NON_HABITABLE,12.8324877,1221.5897336,526.2868256,4.4184429,0.0548968516658265,0.0,6166.0,1.11999,1.1305356725455515,1.6335674903316855,F,-1.2507456186370116,3
3701.01,tess,NON_HABITABLE,15.3220568,1110.4504109,359.3500241,4.2605739,0.05110026045211807,0.0,5457.0,1.0759,0.9806489894171119,0.9248138827110628,G,-1.2367077672844573,3
3703.01,tess,NON_HABITABLE,19.0494736,1862.711381,2845.1375927,3.8901335,0.05768436048421132,0.0,6530.0,2.2370601,1.6920986725941702,8.197902316465356,F,-1.282176111501403,3
3704.01,tess,NON_HABITABLE,18.0998636,1530.9212454,1298.1724908,1.3944879,0.023872417220758727,0.0,5483.9,0.965059,0.9333405549683946,0.7588580540009082,G,-1.2721737666531778,3
3705.01,tess,NON_HABITABLE,11.3732439,1419.3123455,959.0316129,1.9025032,0.02963073686612863,0.0,5464.2,1.02592,0.9588639980370753,0.8453334429928446,G,-1.2655258064155424,3
3706.01,tess,NON_HABITABLE,15.4523265,1344.6689175,772.6493902,4.3701795,0.056762946734925726,0.0,6647.1,1.23067,1.2775464425474672,2.6638317311968334,F,-1.262010012837342,3
3707.01,tess,NON_HABITABLE,14.9335,1499.0,838.921,4.9107194,0.06335369796909952,0.0,6302.0,1.66,1.4067150065111182,3.915835882948963,F,-1.2658182362179355,3
3708.01,tess,NON_HABITABLE,13.3662,1018.0,178.298,7.27299,0.07333040162546291,0.0,5400.0,1.13,0.9945042860146761,0.9781976982587801,G,-1.2077560365693438,3
371.01,tess,NON_HABITABLE,6.5778157,1080.8027122,322.4829107,3.4813814,0.043253974075784435,0.0,5389.0,0.910221,0.8907488835606806,0.6295368356594897,G,-1.234808461950484,3
3710.01,tess,NON_HABITABLE,15.7506,1863.0,2003.04,2.4802272,0.04034286090153259,0.0,6267.0,1.72,1.4239593635412555,4.111406166549353,F,-1.2825214542918488,3
3711.01,tess,NON_HABITABLE,18.2459,1133.0,273.596,3.0108217,0.0459202668076223,0.0,5983.0,1.89,1.4250286061809143,4.123769004624141,G,-1.2787771929865046,3
3712.01,tess,NON_HABITABLE,7.53174,1279.4602071,633.3271919,1.5224706,0.02322719725581372,0.0,4654.3,0.8,0.7212287725348074,0.2705778092466285,K,-1.2484006008438966,3
3713.01,tess,NON_HABITABLE,11.2253,639.0,27.7794,10.4401778,0.08482845970673202,0.0,4571.1,0.89,0.7471183498396387,0.3115714193247824,K,-1.1004891562358659,3
3714.01,tess,NON_HABITABLE,11.6102486,689.8799484,53.5321999,2.1547472,0.024777249669372454,0.0,3538.0,0.50843,0.4370660673044488,0.03649121814160132,M,-1.1311772383593033,3
3715.01,tess,NON_HABITABLE,21.0203111,1669.7573784,1837.1071466,2.4713543,0.04162676292459658,0.0,6351.8,2.0498199,1.5755360509915373,6.161882039843526,F,-1.2868311197183278,3
3717.01,tess,NON_HABITABLE,10.4862,970.0,147.401,10.1182835,0.10916584035725342,0.0,7253.0,1.82,1.695223831360395,8.258633549919251,F,-1.2575882722771696,3
3718.01,tess,NON_HABITABLE,12.1709,1661.0,1263.61,4.230596,0.05974363809989175,0.0,6455.1,2.02,1.5894700055780984,6.382772240031962,F,-1.2773511991224502,3
3719.01,tess,NON_HABITABLE,13.3612412,2250.09303,6057.9111479,1.2222265,0.02500560141900778,0.0,6629.1,1.47816,1.396332900052563,3.8015077790356435,F,-1.2922673033897618,3
372.01,tess,NON_HABITABLE,17.524,2080.38075498827,4430.07,1.1202752,0.021071939009039916,0.0,5769.7,0.99,0.9945909590911408,0.9785387505370053,G,-1.2805843348256731,4
3720.01,tess,NON_HABITABLE,20.9386989,1896.714755,3058.6451322,4.7378265,0.06764144001291789,0.0,6533.0,2.6408801,1.8393343343489446,11.445709291660327,F,-1.2823872682626325,3
3721.01,tess,NON_HABITABLE,10.2150358,1141.4685966,401.2147341,3.5411235,0.044443932364436584,0.0,5151.0,1.09532,0.933976042678887,0.7609269139074143,K,-1.2397223196446299,3
3722.01,tess,NON_HABITABLE,18.4561494,1777.1321825,2357.2189752,1.0788649,0.020417819910387082,0.0,4920.0,1.31,0.9756059227289886,0.9059364062284818,K,-1.28037776258779,3
3723.01,tess,NON_HABITABLE,14.6517,1453.0,741.79,3.9442027,0.052590125228426265,0.0,6518.1,1.22,1.2473105967797695,2.420462998474239,F,-1.2633545952972067,3
3726.01,tess,NON_HABITABLE,17.700332,1115.9893923,366.5736704,4.8404431,0.056929826580880354,0.0,5925.1,1.04742,1.0505816071574656,1.2182016204045087,G,-1.2388536848811105,3
3727.01,tess,NON_HABITABLE,12.8019377,993.9098444,230.6263738,13.3988634,0.12227290616226942,0.0,6475.0,1.46637,1.3584236494520157,3.4051867531372766,F,-1.2186191257923185,3
3731.01,tess,NON_HABITABLE,10.5138,1217.083888634925,518.945,5.6619072,0.06743757030261219,0.0,6294.0,1.37,1.2763233062728574,2.653644851398133,F,-1.2528866466451705,4
3732.01,tess,NON_HABITABLE,17.5182,2886.0,11520.9,2.9594651,0.04872205141660704,0.0,6633.2,2.35,1.7616949149893484,9.632140373267667,F,-1.2883066989169352,3
3735.01,tess,NON_HABITABLE,11.1102207,1284.4248381,643.2144362,3.3526843,0.04512343729840952,0.0,6245.0,1.0157599,1.0904396939334557,1.413860654128083,F,-1.257640540915088,3
3736.01,tess,NON_HABITABLE,20.0456418,2086.8817852,4482.4184345,2.2091186,0.03879312514313559,0.0,6876.0,1.79471,1.5959037195456494,6.486743834750765,F,-1.288950700388453,3
3737.01,tess,NON_HABITABLE,15.2954,1264.0,424.633,5.5609997,0.06664217097142897,0.0,5863.0,1.58,1.2767977692746435,2.657592937391333,G,-1.2536015051102307,3
3738.01,tess,NON_HABITABLE,17.2316994,1629.5420157,1666.4153311,4.3847594,0.06083912161391651,0.0,6806.6,1.75577,1.5625636571230164,5.961435867511936,F,-1.2756007206392321,3
3739.01,tess,NON_HABITABLE,16.6194574,1609.4687264,1585.810069,3.4471559,0.049543692124915044,0.0,6083.0,1.67828,1.36528620977313,3.4745199882178226,F,-1.27331081065875,3
374.01,tess,NON_HABITABLE,13.3111519,1154.1798573,419.3870005,5.4820954,0.06322373045638907,0.0,5719.0,1.28194,1.121831482294844,1.5838370365734828,G,-1.2407043063738712,3
3741.01,tess,NON_HABITABLE,18.9624,1400.0,638.907,2.0449545,0.030076711660364554,0.0,5086.8,0.97,0.8679689859004925,0.5675665987093896,K,-1.2549198653104774,3
3744.01,tess,NON_HABITABLE,15.3760904,2008.8567199,3848.7247292,3.9010509,0.05895173818083457,0.0,6257.0,2.7449501,1.796003007170208,10.404668264261025,F,-1.2847544943672928,3
3745.01,tess,NON_HABITABLE,7.5805,1543.0,941.489,1.6883103,0.025693427992563547,0.0,4830.0,0.9,0.7938566059570308,0.3971625150286352,K,-1.2537526965728258,3
3747.01,tess,NON_HABITABLE,15.625642,2689.3260002,12362.172636,1.5503072,0.03241945037280014,0.0,7747.0,1.98568,1.8913062787452861,12.795211155468193,A,-1.2974520550473105,3
3748.01,tess,NON_HABITABLE,14.7510708,1684.9911465,1905.0724424,2.3753009,0.037655424713725405,0.0,6087.0,1.43317,1.2624838570935608,2.5404071983699046,F,-1.277382036694092,3
3749.01,tess,NON_HABITABLE,14.0349,1641.0,1205.51,1.8751894,0.031160814470583092,0.0,5410.0,1.5,1.14793308285317,1.7364660184191285,G,-1.2773520498045638,3
375.01,tess,NON_HABITABLE,12.7656513,908.9128651,161.2909516,9.4546478,0.10165822729806026,0.0,5001.6,3.2739301,1.5678963002219086,6.043233030641155,K,-1.2529487091424865,3
3750.01,tess,NON_HABITABLE,8.49489,463.0,7.652,12.4844641,0.0849439824673319,0.0,3815.0,0.63,0.5246123311700319,0.07574500147535479,K,-0.8845585784096642,3
3751.01,tess,NON_HABITABLE,13.8344,1692.0,1361.85,2.9157041,0.0426184003292306,0.0,6400.6,1.2,1.2147446297877913,2.17740868645403,F,-1.270136917796501,3
3754.01,tess,NON_HABITABLE,11.7709,2724.0,9149.72,2.5312823,0.04458504709306256,0.0,6170.0,2.98,1.845299965611051,11.59492368601729,F,-1.2918973451693936,3
3755.01,tess,NON_HABITABLE,10.3353813,1002.1907807,238.4089829,5.5455798,0.06053342657647225,0.0,5354.0,1.07607,0.9622154064811469,0.8572139406713583,G,-1.2198325450936314,3
3756.01,tess,NON_HABITABLE,12.6262986,1179.6108266,457.5894483,4.4236732,0.05424548750470188,0.0,6096.0,1.06163,1.0881912442006436,1.4022353412642092,F,-1.246807019243512,3
3757.01,tess,NON_HABITABLE,12.4377309,705.1521561,58.4322157,3.4391954,0.03630334468397038,0.0,3902.0,0.637223,0.5396431442813625,0.08480601499090722,K,-1.1381289396087906,3
3758.01,tess,NON_HABITABLE,15.3577,1450.0,734.21,3.4177514,0.04787719398426768,0.0,5868.0,1.52,1.2533881278385985,2.467983812810475,G,-1.2679400285769686,3
376.01,tess,NON_HABITABLE,12.6685799,1255.7382989,587.6484052,2.7509863,0.037816961172483884,0.0,5317.0,1.0711401,0.9533743800452166,0.8261404900753325,G,-1.252599633778555,3
3761.01,tess,HABITABILITY_ZONE,17.6301,357.0,2.69966,25.8944827,0.14853673548123622,0.0,4375.0,0.74,0.6520300250053966,0.18074670097518444,K,-0.8284115230155522,3
3762.01,tess,NON_HABITABLE,6.83269,1873.0,2045.89,0.6843601,0.018245370933897585,0.0,6779.0,2.17,1.7300919221924225,8.959354350133362,F,-1.301542185262017,3
3763.01,tess,NON_HABITABLE,17.4679856,2259.9883961,6165.1811066,2.0042661,0.03713072471832179,0.0,7284.0,1.8149,1.7000823751245666,8.35371895361515,F,-1.2922373984197717,3
3764.01,tess,NON_HABITABLE,17.2374292,893.7491602,150.7938358,6.5718534,0.0716846299171097,0.0,4773.0,1.89337,1.1378443509601102,1.6762215928051574,K,-1.2336324570489454,3
3765.01,tess,NON_HABITABLE,17.745577,1849.5348804,2765.4837198,3.1479532,0.04935903801497603,0.0,7298.0,1.63943,1.6189147337745369,6.869037738892113,F,-1.283986936215938,3
3766.01,tess,NON_HABITABLE,7.74182,1190.0,333.084,3.5414573,0.04396554989504222,0.0,5244.0,0.99,0.903969875292293,0.6677529749960618,G,-1.2357899970048754,3
3767.01,tess,NON_HABITABLE,21.8606641,1861.1528619,2835.6275008,2.3907751,0.03868150989178125,0.0,5382.0,2.0989001,1.3508690609702996,3.3300673759285053,G,-1.2807285509669248,3
3768.01,tess,NON_HABITABLE,18.3770154,2274.9584022,6330.1622488,2.1803154,0.039676346106475004,0.0,7166.0,1.9933,1.7528179611130423,9.439462362190367,F,-1.2921448329157517,3
3769.01,tess,NON_HABITABLE,14.0125,1024.0,183.03,10.3380912,0.1063669445761278,0.0,6650.0,1.7,1.5021724183852256,5.091891421660056,F,-1.2449762774092759,3
3770.01,tess,NON_HABITABLE,7.7093,1412.0,660.579,0.9183768,0.017520648879805437,0.0,5176.0,0.9,0.8507250087854227,0.523789514016978,K,-1.2765778356812207,3
3771.01,tess,NON_HABITABLE,16.4563404,1534.6607085,1310.9028217,3.6238662,0.05133975635689345,0.0,6717.3,1.39527,1.3746671370106158,3.571002892293195,F,-1.272499131412165,3
3772.01,tess,NON_HABITABLE,7.3156426,961.3875339,201.8900648,4.1689145,0.047625169922493264,0.0,5119.0,0.874119,0.8291709673058377,0.4726899285063938,K,-1.214471663799834,3
3773.01,tess,NON_HABITABLE,19.4435142,1659.7353595,1793.3967876,2.9508097,0.04414873562360204,0.0,5823.8,1.70744,1.3184171853733193,3.0214222385343397,G,-1.2749376625524933,3
3775.01,tess,NON_HABITABLE,15.8461,1113.0,255.316,5.3868381,0.06188019616564485,0.0,5915.0,1.13,1.0893505281068165,1.4082202760017266,G,-1.238074188049995,3
3776.01,tess,NON_HABITABLE,12.5661,1857.0,1975.12,1.3312309,0.02140752851441481,0.0,5247.2,0.66,0.7385387095773702,0.29750416693799475,G,-1.2558497163880198,3
3777.01,tess,NON_HABITABLE,9.51324,1738.0,1516.77,2.3365744,0.038053144882662295,0.0,6545.0,1.41,1.3464582286843931,3.2867868380561758,F,-1.2810145261408605,3
3778.01,tess,NON_HABITABLE,8.1185589,926.0791782,173.8254973,5.6089886,0.059498377271506975,0.0,5353.3,0.927391,0.8931547207974984,0.636365742461161,G,-1.2071469367184022,3
3780.01,tess,NON_HABITABLE,15.9952422,1665.0948975,1816.6738365,1.4005308,0.024729606776865865,0.0,5765.0,1.06059,1.0286005523339574,1.1194044080544714,G,-1.277728973420383,3
3782.01,tess,NON_HABITABLE,13.0244,594.0,20.6991,10.3918699,0.10680669615267807,0.0,6683.0,1.69,1.5051801801801803,5.132795529790968,F,-1.2449681417422014,3
3783.01,tess,NON_HABITABLE,12.8902,1345.0,544.723,6.1080224,0.07150982344529296,0.0,6204.0,1.48,1.3076042528749188,2.923514806188408,F,-1.2523013264386282,3
3784.01,tess,NON_HABITABLE,21.2842391,1817.3748885,2578.0960496,4.9386676,0.06774291163748569,0.0,5646.0,3.0218699,1.7004052328177786,8.360066483251975,G,-1.2776520878056237,3
3785.01,tess,NON_HABITABLE,4.73219,513.0,11.5347,4.6747218,0.0412669119221678,0.0,3502.0,0.5,0.42901731595898984,0.03387655864054562,M,-1.0009290135135749,3
3786.01,tess,NON_HABITABLE,14.9729,1792.0,1713.13,2.1040634,0.03492972661604931,0.0,5973.3,1.54,1.2842464239361953,2.7201538010919513,G,-1.2807539981507081,3
3787.01,tess,NON_HABITABLE,14.751756,1087.3512039,330.3698152,4.8163162,0.055687296957055245,0.0,5290.0,1.1743,0.9931592230258462,0.9729163911806528,G,-1.2321317073353633,3
3788.01,tess,NON_HABITABLE,15.1739,1763.0,1605.66,3.0923729,0.047512644502812104,0.0,6510.2,1.76,1.4963195225344228,5.0129961251096615,F,-1.2806960005031098,3
3789.01,tess,NON_HABITABLE,10.4236143,1034.5151246,270.6876112,4.120004,0.04865070890247461,0.0,5497.6,0.902842,0.9050085714257123,0.670827364153279,G,-1.228076138104516,3
3791.01,tess,NON_HABITABLE,13.8362,1269.0,430.956,3.1833919,0.04631979821540447,0.0,6405.0,1.39,1.3082785224349094,2.929549544213135,F,-1.2726447695121867,3
3792.01,tess,NON_HABITABLE,6.51984,1893.0,2135.77,0.7729066,0.01730648796071661,0.0,6125.0,1.19,1.1575859615756021,1.7956140926385733,F,-1.29214301313223,3
3793.01,tess,NON_HABITABLE,17.8868067,1512.6883561,1237.4249188,3.2551315,0.046754035877517815,0.0,6433.0,1.3329901,1.2867693002658145,2.7415916192575778,F,-1.2710259513284392,3
3797.01,tess,NON_HABITABLE,11.2819,614.0,23.6888,17.6229161,0.1383876644202131,0.0,5973.8,1.21,1.1384580734580734,1.6798409543083217,G,-1.162783423322992,3
3798.01,tess,NON_HABITABLE,12.2250402,1316.5338707,709.9849597,2.6797436,0.03777397314175383,0.0,5573.0,1.07552,1.0013178680790196,1.0052819021321049,G,-1.258018544554216,3
380.01,tess,NON_HABITABLE,18.3768141,2289.4942693,6493.5059824,0.5045539,0.012000157730065384,0.0,5227.0,1.0,0.9055786555786556,0.6725192356465176,G,-1.2897754609546956,3
3800.01,tess,NON_HABITABLE,5.73913,2211.0,3970.53,1.6667559,0.031308670926539314,0.0,7189.4,1.4,1.4737721411162985,4.71760278317287,F,-1.2900764647503624,3
3801.01,tess,NON_HABITABLE,12.8354727,997.224075,233.7179242,5.8677921,0.06334638473988079,0.0,5565.6,1.04333,0.9849099288441677,0.9409922840582061,G,-1.219940756104877,3
3802.01,tess,NON_HABITABLE,12.9122,1311.0,491.415,1.4658218,0.026293111847452436,0.0,5586.0,1.36,1.1286104395220322,1.6224684205275044,G,-1.2814935086444168,3
3803.01,tess,NON_HABITABLE,13.2377,1647.0,1223.62,2.5492773,0.04367801192611058,0.0,6862.4,2.07,1.7105464784605615,8.561296081052099,F,-1.289369339456514,3
3804.01,tess,NON_HABITABLE,14.6087971,1240.8835851,560.3316578,3.2905683,0.04352242890806623,0.0,5689.0,1.06203,1.015729354558156,1.0644175215762173,G,-1.2518022451722564,3
3805.01,tess,NON_HABITABLE,12.1478,976.0,151.232,3.8960447,0.04723918325152144,0.0,5295.0,1.02,0.9264878490753153,0.7368157685731731,G,-1.234094477899768,3
3806.01,tess,NON_HABITABLE,14.0883,1195.0,339.369,2.9859012,0.047651697088506494,0.0,6709.5,1.94,1.6190665479169584,6.871614684414095,F,-1.2848894746506354,3
3807.01,tess,NON_HABITABLE,10.0928,1247.0,401.9,2.8989758,0.042758965302678434,0.0,5908.0,1.47,1.241003000655206,2.3718724265394773,G,-1.2716778317641777,3
3809.01,tess,NON_HABITABLE,13.6402,1067.0,215.456,3.6346303,0.04308909115151018,0.0,5058.0,0.85,0.8079081057690128,0.4260375335577185,K,-1.2189583860654176,3
3811.01,tess,NON_HABITABLE,7.75397,868.0,94.5522,2.9594596,0.04101305408176405,0.0,5560.0,1.19,1.0508045626710771,1.2192360616652669,G,-1.2587510843160088,3
3812.01,tess,NON_HABITABLE,12.1627174,1031.9739072,268.037691,3.8850001,0.046369503251047585,0.0,5382.2,0.89315,0.8812430618767988,0.6030909938471934,G,-1.2276495276582946,3
3813.01,tess,NON_HABITABLE,13.6754452,1372.1195235,837.7005046,3.7178656,0.05001090827883723,0.0,6268.0,1.23586,1.2072224506478013,2.123974085175324,F,-1.2626482378533619,3
3814.01,tess,NON_HABITABLE,14.0040077,1294.5600539,663.7580626,4.9513106,0.06088027942074033,0.0,5914.0,1.43625,1.227919846001724,2.273422084291858,G,-1.2542936592403884,3
3815.01,tess,NON_HABITABLE,21.2108,1385.0,611.598,4.8709815,0.0629065439828462,0.0,5908.0,1.87,1.399700015741437,3.8383084309157756,G,-1.2656894040406763,3
3816.01,tess,NON_HABITABLE,10.1292,1819.0,1819.34,1.0358225,0.020949239895871205,0.0,6180.0,1.14,1.1431798960075104,1.7078837774210072,F,-1.2878498256344741,3
3817.01,tess,NON_HABITABLE,17.4413086,1628.0490201,1660.3166024,4.8504819,0.06516913716481311,0.0,6313.0,2.05899,1.5694106145413964,6.066613711543221,F,-1.2734767845124755,3
3818.01,tess,NON_HABITABLE,13.8548638,1428.7894629,984.9041254,3.2371501,0.045113047324738975,0.0,5800.1,1.35302,1.1688566904419975,1.8665733814042478,G,-1.2644334641589503,3
3819.01,tess,NON_HABITABLE,12.9273057,1567.7850348,1427.7989564,3.244299,0.04677996911873266,0.0,5999.0,1.5585901,1.297533251429872,2.8344838359156994,G,-1.271647738049229,3
3820.01,tess,NON_HABITABLE,24.5471729,1505.5491913,1214.2295602,5.4290781,0.069460375936302,0.0,6403.0,1.86967,1.5168396033446734,5.293691602281514,F,-1.2683346730122922,3
3821.01,tess,NON_HABITABLE,23.7348191,2181.3842633,5351.1817869,2.5972551,0.044765997286539815,0.0,7054.0,2.1075301,1.774173245897944,9.907956783534946,F,-1.290342177873995,3
3822.01,tess,NON_HABITABLE,13.2914966,1199.6413306,489.470679,3.1235179,0.04113670389313831,0.0,5376.0,1.04447,0.9518771964585592,0.8209632021413433,G,-1.2473693640845023,3
3823.01,tess,NON_HABITABLE,4.49427,1907.0,2198.68,0.6848358,0.015977545446199753,0.0,6385.1,1.1,1.160212989683166,1.8119695452784914,F,-1.2935842146679284,3
3826.01,tess,NON_HABITABLE,17.2544,1086.0,231.2,4.9807125,0.05669129869236165,0.0,5545.7,1.04,0.9798209465187633,0.921694249904453,G,-1.2285574485087498,3
3829.01,tess,NON_HABITABLE,12.8379,1293.0,464.816,2.9150294,0.03952685228625315,0.0,5385.0,1.08,0.9695523491432853,0.8836597055395677,G,-1.2519903573650681,3
3830.01,tess,NON_HABITABLE,10.3587,1011.0,173.46,3.2493152,0.042191176457542404,0.0,5371.2,1.04,0.948990076625418,0.8110482368770386,G,-1.2453742886396977,3
3832.01,tess,NON_HABITABLE,9.42632,609.0,22.9814,24.0819851,0.16623091256350847,0.0,5952.0,1.05,1.0566502245147529,1.2465939034215152,G,-1.1047441920801815,3
3833.01,tess,NON_HABITABLE,18.9074,1721.0,1456.36,0.4399856,0.010525946187753894,0.0,4423.0,1.1,0.8036870297048824,0.417203399093453,K,-1.2874831757911978,3
3835.01,tess,NON_HABITABLE,14.2662,1650.0,1231.36,1.3460633,0.024227363890636844,0.0,5788.7,1.09,1.0470513216931825,1.2019098029621185,G,-1.2794857111386004,3
3837.01,tess,NON_HABITABLE,11.0233,954.0,138.065,11.8886495,0.10524627638340263,0.0,5773.9,1.21,1.1003620928620927,1.4660287344742944,G,-1.1901419899646772,3
3838.01,tess,NON_HABITABLE,8.41789,1793.0,1716.01,0.8275646,0.018506981729137218,0.0,6203.3,1.32,1.2347624901340732,2.324522272227864,F,-1.293213406112816,3
3839.01,tess,NON_HABITABLE,14.357,1657.0,1252.3,3.0193545,0.04472404976412578,0.0,6341.0,1.42,1.3091083801112635,2.9369896213503446,F,-1.2739753760633539,3
3840.01,tess,NON_HABITABLE,10.1723,1313.0,493.866,3.6217624,0.0481380930812582,0.0,5788.0,1.28,1.134507013030558,1.656642273842845,G,-1.258396675285288,3
3841.01,tess,NON_HABITABLE,12.4396125,1510.4570936,1230.1400953,4.1124956,0.05572410728551556,0.0,6145.0,1.64364,1.3648939719360886,3.470528880695168,F,-1.2687173326281556,3
3842.01,tess,NON_HABITABLE,13.587,908.0,113.212,3.6566206,0.042051442101878,0.0,4489.2,0.91,0.7419306761955913,0.3030074537473426,K,-1.2046549619008715,3
3844.01,tess,NON_HABITABLE,13.8677,1490.0,818.614,0.896271,0.018755748135986888,0.0,5726.0,1.22,1.0957334924534694,1.4415169268427943,G,-1.288413034491045,3
3846.01,tess,NON_HABITABLE,13.3674,1061.0,210.669,1.540776,0.02254184633315116,0.0,4234.0,0.77,0.6436798201008012,0.17166413733522512,K,-1.2349580905716957,3
3847.01,tess,NON_HABITABLE,10.2336,686.0,36.8868,11.0783748,0.09735437002313188,0.0,5623.0,1.06,1.002985590484579,1.011995950972256,G,-1.176562855865504,3
3848.01,tess,NON_HABITABLE,9.88117,584.0,19.3942,15.9544918,0.11282589383957378,0.0,4798.0,0.82,0.7527328117252827,0.32104313644748417,K,-1.035499574916191,3
3849.01,tess,NON_HABITABLE,14.8723,1556.0,973.648,1.2220437,0.02159957874525557,0.0,5196.0,1.0,0.9002079002079002,0.6567064470999211,K,-1.2732078711135384,3
3850.01,tess,NON_HABITABLE,13.2087,1088.0,232.655,14.4832964,0.11843981681340977,0.0,6039.0,1.02,1.0566685780105438,1.2466805165751984,F,-1.1637436754055048,3
3851.01,tess,NON_HABITABLE,4.68953,1355.0,559.625,3.383466,0.04582943495137903,0.0,5838.0,1.23,1.121735137290682,1.5832930150097386,G,-1.2597449365630708,3
3852.01,tess,NON_HABITABLE,13.9974,710.0,42.3341,16.1020097,0.12474043684570531,0.0,6010.0,0.92,0.9987161280356702,0.9948743936437582,F,-1.1375782207120773,3
3853.01,tess,NON_HABITABLE,4.57552,1067.0,215.174,5.6922342,0.06312297844431371,0.0,5648.0,1.12,1.0355650315241032,1.1500308955745393,G,-1.2288175598159985,3
3854.01,tess,NON_HABITABLE,9.96136,1141.0,281.839,3.2693612,0.042695146966417734,0.0,5814.0,0.93,0.9713822855927415,0.8903499059482228,G,-1.2475807334165931,3
3855.01,tess,NON_HABITABLE,12.6528,742.0,50.504,3.4952497,0.04016440078778912,0.0,4304.8,0.9,0.7075349725308129,0.2506061042719204,K,-1.1993645906901067,3
3856.01,tess,NON_HABITABLE,13.3605,1179.0,321.632,2.0436029,0.031781537192528304,0.0,5568.0,1.13,1.0254444193573549,1.1057285001875572,G,-1.2682874287765813,3
3857.01,tess,NON_HABITABLE,12.4635,983.0,155.029,3.2956376,0.039317468430790356,0.0,4646.6,0.86,0.7465487820715582,0.31062239587125046,K,-1.2127144448539449,3
3858.01,tess,NON_HABITABLE,4.85367,827.0,77.8158,16.5968329,0.13459716748497974,0.0,6329.0,1.16,1.180967015396891,1.9451409255917047,F,-1.176932630343036,3
3859.01,tess,NON_HABITABLE,16.4485,2150.0,3553.44,1.8460997,0.03206669196401981,0.0,6123.9,1.48,1.290721741486253,2.7754314310634762,F,-1.2834147170955739,3
386.01,tess,NON_HABITABLE,10.6694,1521.0,890.377,5.1119781,0.07801306673630821,0.0,8562.0,2.67,2.4238432566477557,34.515814560622644,A,-1.2916419597600273,3
3860.01,tess,NON_HABITABLE,14.4673,1604.0,1099.61,3.0012386,0.04334973277289012,0.0,6331.0,1.21,1.2065315315315315,2.119115875454727,F,-1.26890072167939,3
3861.01,tess,NON_HABITABLE,10.8531,954.0,137.995,1.7763987,0.026400729827082626,0.0,4899.3,0.84,0.7779422419368381,0.36625993715270566,K,-1.2498194154741273,3
3862.01,tess,NON_HABITABLE,6.15317,1212.0,358.839,1.5574603,0.02566427528280257,0.0,5564.4,0.93,0.9296800120316908,0.7470230029838272,G,-1.2690184045418127,3
3863.01,tess,NON_HABITABLE,9.03653,909.0,113.516,10.9543562,0.09458744099842166,0.0,5542.4,0.96,0.9408213409841639,0.7834813092684764,G,-1.162662791804996,3
3866.01,tess,NON_HABITABLE,13.2766,1431.0,697.213,2.1371195,0.03224592825038993,0.0,5570.0,1.03,0.9793715526258431,0.9200044763007095,G,-1.2636086843965653,3
3867.01,tess,NON_HABITABLE,11.8502,776.0,60.3278,5.7310859,0.06257085328917288,0.0,5552.1,1.07,0.9949994624200553,0.9801473824007294,G,-1.222836440645599,3
3868.01,tess,NON_HABITABLE,7.83236,537.0,13.8526,18.565813,0.12294612963795762,0.0,4671.0,0.79,0.7192785191143645,0.26766301279929583,K,-0.9824164437223355,3
3869.01,tess,NON_HABITABLE,15.4812,535.0,13.6838,11.2005651,0.10572908453744866,0.0,5682.2,1.63,1.2568515804127098,2.495375933831458,G,-1.2176962533067237,3
3870.01,tess,NON_HABITABLE,8.44711,1296.0,469.737,2.6292572,0.03955489186376952,0.0,5933.0,1.35,1.1943040640877653,2.034509118447196,G,-1.2717228419115765,3
3871.01,tess,NON_HABITABLE,11.4372,988.0,158.463,4.754432,0.053866705333474624,0.0,5491.7,0.94,0.9224533427918661,0.7240651350795535,G,-1.222694880959431,3
3872.01,tess,NON_HABITABLE,8.08157,1088.0,232.658,4.4100654,0.05240234753944743,0.0,5726.0,0.99,0.9870578767970384,0.9492278554142856,G,-1.2358137416493424,3
3873.01,tess,NON_HABITABLE,14.6884,1114.0,256.108,3.8951475,0.05259898677448054,0.0,6071.0,1.48,1.279572117860031,2.6807670238369004,F,-1.2656667817976515,3
3874.01,tess,NON_HABITABLE,11.6541,788.0,64.0979,5.5822739,0.06473932830033646,0.0,5997.0,1.25,1.1616163947562577,1.8207525701934988,G,-1.243817859456445,3
3875.01,tess,NON_HABITABLE,12.0351,886.0,102.465,6.0835972,0.06665767107126479,0.0,5579.0,1.22,1.067603415018845,1.2990917277184895,G,-1.2293393790944165,3
3876.01,tess,NON_HABITABLE,14.5999,897.0,107.766,6.5846694,0.06872010076667864,0.0,5852.0,0.97,0.9985363107434304,0.9941580847525991,G,-1.214952386642525,3
3877.01,tess,NON_HABITABLE,12.0574,1115.0,257.46,4.1225477,0.05378467564026544,0.0,5662.2,1.55,1.2213066788588323,2.224840739511233,G,-1.2602457719983537,3
3878.01,tess,NON_HABITABLE,6.706,1889.0,2114.06,0.8377576,0.019389187189660248,0.0,6322.5,1.6,1.385550970645501,3.6854457920217865,F,-1.2960233186038685,3
3879.01,tess,NON_HABITABLE,4.19665,1002.0,167.688,4.8104679,0.053566358028297775,0.0,5332.3,0.92,0.8860988368593352,0.6164937327249146,G,-1.2159160393846429,3
388.01,tess,NON_HABITABLE,14.913823,1945.3461862,3384.6096881,2.9036816,0.045966650712976606,0.0,6059.0,2.14325,1.5367776871589744,5.5775591554673145,F,-1.2831179174448193,3
3880.01,tess,NON_HABITABLE,8.10367,899.0,108.567,2.1614819,0.029423095268901373,0.0,4501.0,0.87,0.7273481136166452,0.2798783257723945,K,-1.233290213803686,3
3881.01,tess,NON_HABITABLE,8.19874,1189.0,332.424,3.3401814,0.04400544037606738,0.0,5508.5,1.14,1.0189654461419695,1.0780473294123716,G,-1.2515297972185846,3
3882.01,tess,NON_HABITABLE,6.35115,1632.0,1179.85,2.071333,0.03424036105436393,0.0,6004.0,1.44,1.2482328482328482,2.427629625724173,F,-1.2796551734218236,3
3884.01,tess,NON_HABITABLE,5.7177,429.0,5.65747,4.5445569,0.03606062722260771,0.0,3192.0,0.3,0.3028985453147073,0.008417609032423076,M,-0.7682353923045987,3
3887.01,tess,NON_HABITABLE,14.06,1418.0,671.867,4.2441117,0.05613158734438785,0.0,6034.0,1.57,1.3098718519712202,2.943847025358216,F,-1.2648538085497294,3
3888.01,tess,NON_HABITABLE,8.01139,727.0,46.3832,5.3298577,0.05400329945070696,0.0,4773.0,0.8,0.739622484865315,0.2992543153250936,K,-1.173884641561983,3
3889.01,tess,NON_HABITABLE,12.9082,1166.0,307.773,2.5228506,0.03422945292625747,0.0,5294.0,0.84,0.8406152366284205,0.4993315761108541,G,-1.2431809980504125,3
3891.01,tess,NON_HABITABLE,3.02805,1350.0,551.573,2.7694074,0.03705693542869935,0.0,5269.6,0.94,0.8851467005073143,0.6138482460182085,G,-1.2447557228984545,3
3892.01,tess,NON_HABITABLE,12.4319,1186.0,328.68,4.5808535,0.054386005403311045,0.0,5528.7,1.14,1.022702053569049,1.0939475803449399,G,-1.2382770306358366,3
3893.01,tess,NON_HABITABLE,4.28974,830.0,79.0884,9.0576962,0.0740148973910862,0.0,4485.0,0.72,0.6593292959712402,0.18897723601387495,K,-1.0752824750962076,3
3894.01,tess,NON_HABITABLE,14.3572,1347.0,546.903,4.3345378,0.05690304131463542,0.0,6314.8,1.43,1.3082817903765886,2.9295788151451703,F,-1.2641229365887812,3
3895.01,tess,NON_HABITABLE,9.63035,994.0,162.655,6.6713748,0.06992494950161537,0.0,5614.5,1.11,1.024816839837001,1.1030241282261495,G,-1.2181807140966414,3
3896.01,tess,NON_HABITABLE,2.97425,966.0,144.988,4.3773113,0.047984467690077554,0.0,5127.0,0.75,0.7692502157316038,0.35016320354294717,K,-1.1981819914589906,3
3897.01,tess,NON_HABITABLE,5.12716,1041.7213096460791,278.513,7.6607094,0.07891732528452645,0.0,5911.7,1.19,1.1172736210688141,1.5582537496699254,G,-1.222810988105965,4
3898.01,tess,NON_HABITABLE,11.1545,950.0,135.622,8.6789911,0.08384573534543364,0.0,5693.8,1.12,1.0439624958378078,1.1877897903720356,G,-1.2039112351774508,3
3899.01,tess,NON_HABITABLE,2.66176,966.0,144.63,5.2077671,0.05714023093551762,0.0,5522.5,0.92,0.9177054604121446,0.7092727311296436,G,-1.2164325899663193,3
3900.01,tess,NON_HABITABLE,9.06559,633.6666753865636,38.1314,14.7802661,0.118787358733112,0.0,5659.0,1.09,1.0235913813916286,1.0977576744162476,G,-1.1536849927399366,4
3901.01,tess,NON_HABITABLE,12.4743,672.0,33.8682,9.546972,0.08701027654883224,0.0,5834.0,0.91,0.964185949595714,0.8642575737787692,G,-1.1809476575731772,3
3902.01,tess,NON_HABITABLE,10.835,1003.0,168.01,2.9406027,0.03924275255286413,0.0,5464.2,0.97,0.9323653638353131,0.7556914815091696,G,-1.2477257330518643,3
3903.01,tess,NON_HABITABLE,9.3235,808.0,70.8112,14.8496574,0.11411768765920675,0.0,5296.6,0.96,0.8990968379504769,0.6534703411222994,G,-1.1153776394902029,3
3904.01,tess,NON_HABITABLE,7.66646,612.0,23.4406,10.1614815,0.0979679322969472,0.0,6297.0,1.24,1.2148375673160308,2.1780751185618152,F,-1.2184533263451944,3
3905.01,tess,NON_HABITABLE,11.2314,1166.0,306.956,5.3599361,0.0608883899375551,0.0,5933.0,1.04,1.048249576373735,1.2074211591289365,G,-1.2335718531582458,3
3906.01,tess,NON_HABITABLE,6.79091,1481.0,800.418,0.6451059,0.014020602253106942,0.0,5436.3,0.88,0.8835241578353469,0.6093596806148106,G,-1.2851887595063436,3
3907.01,tess,NON_HABITABLE,10.674,1355.0,559.726,1.7213564,0.026694715150212114,0.0,5072.0,0.95,0.856475067859859,0.5380949303711584,K,-1.2597874558710924,3
3908.01,tess,NON_HABITABLE,25.1682214,1595.4182996,1531.1554281,1.4680992,0.02517639792494472,0.0,5433.0,1.10122,0.9877577088376741,0.951922760780695,G,-1.2743786790999216,3
3909.01,tess,NON_HABITABLE,12.81,1360.0,569.545,3.5115357,0.0467480289760156,0.0,5490.8,1.35,1.1052898626484244,1.4924670348464697,G,-1.2572037202393715,3
391.01,tess,NON_HABITABLE,13.1406834,1307.3307576,690.3398082,1.9550932,0.029260225077792298,0.0,5400.0,0.873418,0.874336293767501,0.5844051378812793,G,-1.2571903945620206,3
3910.01,tess,NON_HABITABLE,12.3206,823.0,76.4949,5.7158895,0.058549562898846004,0.0,5224.0,0.82,0.8195656958009332,0.45116467494990053,G,-1.189804806180104,3
3911.01,tess,NON_HABITABLE,3.52814,730.0,47.221,9.3517097,0.0823307125718294,0.0,5298.6,0.86,0.8513027539888,0.5252138299168279,G,-1.1533691984099474,3
3912.01,tess,NON_HABITABLE,14.2355,1394.0,628.664,3.4936188,0.04779247997423795,0.0,5779.5,1.42,1.1931859143436443,2.026900693862307,G,-1.263676551292821,3
3913.01,tess,NON_HABITABLE,7.98387,565.0,17.0069,4.0384773,0.04320776497093926,0.0,4180.4,0.83,0.659827729283694,0.18954932898341265,K,-1.1731619839579015,3
3915.01,tess,NON_HABITABLE,13.6145,1236.0,387.574,2.2012625,0.030837196848186622,0.0,5177.8,0.81,0.8073492723492725,0.4248599882480558,K,-1.2447387615432868,3
3916.01,tess,NON_HABITABLE,9.32202,1172.0,313.317,3.4014954,0.04528972144588549,0.0,6005.0,1.06,1.071123683240245,1.316310930969173,F,-1.2555373800689,3
3918.01,tess,NON_HABITABLE,10.6174,1123.0,264.883,3.0654283,0.04202883563414653,0.0,5236.0,1.35,1.0539990021175694,1.2341296853586754,G,-1.257800699572893,3
3919.01,tess,NON_HABITABLE,10.213,1026.0,184.322,7.4332642,0.08007053543846279,0.0,6227.0,1.32,1.2394799584196918,2.360250159271639,F,-1.238111027186616,3
392.01,tess,NON_HABITABLE,10.8189994,2233.7922838,5884.2639739,0.8490674,0.01848845551097114,0.0,5624.7,1.44029,1.1694940431453382,1.8706479236579212,G,-1.2913125969867068,3
3922.01,tess,NON_HABITABLE,12.1401,845.0,84.8919,3.8960617,0.04522726364022327,0.0,5247.0,0.8,0.8130733664547053,0.43703773938937485,G,-1.215653038571214,3
3926.01,tess,NON_HABITABLE,10.6299,1710.2159709411746,2023.22,2.7873223,0.042877215940573046,0.0,6466.0,1.46,1.353585850056523,3.356937248215925,F,-1.277689542164038,4
3927.01,tess,NON_HABITABLE,14.9094,1077.0,223.672,4.4921154,0.05263016353884534,0.0,5353.0,1.08,0.9637908495754886,0.8628418370973414,G,-1.2318533669650797,3
3928.01,tess,NON_HABITABLE,13.3861,1663.0,1272.37,2.2035349,0.0362769969751601,0.0,6141.0,1.52,1.3117001521910079,2.9603173856185383,F,-1.2808838468508674,3
3929.01,tess,NON_HABITABLE,19.0253,1418.0,672.096,3.4608812,0.047799942927763635,0.0,5695.0,1.52,1.2164358193661926,2.18955974440353,G,-1.265421306517836,3
3931.01,tess,NON_HABITABLE,9.9098801,928.1234573,175.3654356,7.6644,0.07625658938692514,0.0,5694.0,1.04215,1.007062111319612,1.0285490971100208,G,-1.2063120130224214,3
3932.01,tess,NON_HABITABLE,15.5724,1412.0,660.426,2.4892754,0.04379921383726449,0.0,6285.0,2.76,1.8089788973818468,10.708632201017654,F,-1.291496376970961,3
3933.01,tess,NON_HABITABLE,17.6764,2405.0,5560.11,1.97549,0.04076627037452399,0.0,8523.0,2.46,2.3159742135446164,28.769669861518867,A,-1.2994682317576358,3
3934.01,tess,NON_HABITABLE,17.4049,849.0,86.313,11.7512673,0.11516386953126627,0.0,6571.0,1.68,1.475569893597992,4.740663642376132,F,-1.237044131098458,3
3937.01,tess,NON_HABITABLE,12.7696702,1340.2742114,762.5979736,1.6923573,0.02646628403548281,0.0,5287.0,0.88876,0.8635256417128341,0.5560334932024992,G,-1.2610253577434192,3
3939.01,tess,NON_HABITABLE,12.2268,980.0,153.353,2.3466472,0.030266963473290172,0.0,4477.0,0.75,0.6717248324225453,0.20359429984804697,K,-1.2174922098843792,3
394.01,tess,NON_HABITABLE,5.95564,2976.0,13030.0,0.39149,0.01228894523256588,0.0,6216.1,2.25,1.615410602910603,6.809758592726719,F,-1.3034529185693098,3
3940.01,tess,NON_HABITABLE,12.9484,853.0,87.9248,3.4895723,0.03859661354597362,0.0,4315.0,0.71,0.6299174683169783,0.15744707902046065,K,-1.1758805898779285,3
3941.01,tess,NON_HABITABLE,14.8764,1506.0,854.357,2.8817718,0.04268114120875012,0.0,6137.0,1.38,1.249019860427527,2.4337579111978345,F,-1.272236226245729,3
3942.01,tess,NON_HABITABLE,13.7608011,1652.7561891,1763.4216575,3.1082514,0.04643611289157681,0.0,6413.0,1.5486799,1.3826611123263481,3.6547947595144774,F,-1.2764660518664313,3
3943.01,tess,NON_HABITABLE,10.4506,1439.0,713.503,5.5613023,0.0697477024836696,0.0,5607.0,2.27,1.4635823458905348,4.588477950609685,G,-1.2650665692749226,3
3945.01,tess,NON_HABITABLE,9.59744,830.0,78.9834,4.4638411,0.0552586555322453,0.0,5472.0,1.42,1.1297021062874681,1.6287549699817185,G,-1.2502675012377629,3
3946.01,tess,NON_HABITABLE,15.2151,1070.0,217.888,5.7033411,0.06535001685313684,0.0,5933.0,1.24,1.1446135122893457,1.7164670620161362,G,-1.241196285872967,3
3947.01,tess,NON_HABITABLE,16.5311,1495.0,831.07,6.7716021,0.08394033452416251,0.0,6136.0,2.62,1.7207178906632075,8.766751507753849,F,-1.270870289683034,3
3949.01,tess,NON_HABITABLE,10.5562,1555.0,970.705,2.2297524,0.03443388965802059,0.0,5846.0,1.17,1.0955328875448274,1.4404615754437864,G,-1.2704011045127248,3
395.01,tess,NON_HABITABLE,27.91045,1271.7446199,618.1880959,6.0613441,0.07060182603614674,0.0,5949.2,1.53715,1.277880878217408,2.6666221745107803,G,-1.2503550002915762,3
3950.01,tess,NON_HABITABLE,15.6361,1388.0,617.246,3.4488281,0.04707803289878884,0.0,5994.0,1.27,1.17028671953379,1.8757247402489414,G,-1.2625671875337454,3
3951.01,tess,NON_HABITABLE,11.5599,1385.0,612.53,2.1861455,0.03329829733952252,0.0,5342.0,1.24,1.0305958844850303,1.128115627350089,G,-1.2667346376762927,3
3952.01,tess,NON_HABITABLE,17.6166,1678.0,1317.93,2.9897732,0.046214451154392294,0.0,6786.0,1.57,1.4731173993166555,4.709224950821327,F,-1.2805919325954978,3
3954.01,tess,NON_HABITABLE,20.3568,909.0,113.665,3.4043154,0.04444418307433068,0.0,5833.0,1.0,1.0105682605682607,1.042947904933015,G,-1.2499628905452156,3
3955.01,tess,NON_HABITABLE,17.6985303,1582.3126821,1481.4610493,3.1274951,0.046026386548415836,0.0,6457.0,1.41321,1.3298657922258643,3.127744432452322,F,-1.2740745119118944,3
3956.01,tess,NON_HABITABLE,12.9106,1190.0,332.941,2.6686464,0.03579450406691927,0.0,5227.0,0.9,0.8591073456185093,0.5447405808736793,G,-1.243101621813119,3
3958.01,tess,NON_HABITABLE,10.9265063,998.1389779,234.5768031,12.0031646,0.11214531538708,0.0,6362.0,1.40388,1.305967399373769,2.9089036958881302,F,-1.2193194623893373,3
3959.01,tess,NON_HABITABLE,12.7873,1285.0,453.87,3.8426038,0.055798918748504435,0.0,7032.0,1.66,1.569663587081273,6.070526155534157,F,-1.2787301257087684,3
396.01,tess,NON_HABITABLE,2.3917735,1198.7446729,488.0089226,5.9739124,0.06919855142416899,0.0,6308.31,1.2845,1.2386646940002308,2.354046491961184,F,-1.2477826839381905,3
396.02,tess,NON_HABITABLE,1.77141,1404.0,646.628,3.58529,0.04920621274269103,0.0,6308.31,1.28,1.2364930779838974,2.3375814805591926,F,-1.2655862983509307,3
396.03,tess,NON_HABITABLE,2.0754665,971.2859803,210.3340005,11.2304605,0.10540377041370214,0.0,6308.31,1.2845,1.2386646940002308,2.354046491961184,F,-1.2152597293133578,3
3960.01,tess,NON_HABITABLE,13.613,1230.0,380.139,3.2399875,0.042007596849341786,0.0,5521.0,0.97,0.9420572405356253,0.7876062746836698,G,-1.2447055307462769,3
3962.01,tess,NON_HABITABLE,17.5987,1138.0,279.334,3.3501179,0.052626979875692974,0.0,6238.0,2.57,1.732549333025921,9.010366131401403,F,-1.2857796656789526,3
3963.01,tess,NON_HABITABLE,14.2956,1655.0,1245.8,6.2329571,0.07229668655623236,0.0,6016.0,1.55,1.297619472998964,2.8352373210530764,F,-1.250766771527427,3
3965.01,tess,NON_HABITABLE,17.6483,1873.0,2045.04,4.7253516,0.0674589076425211,0.0,7220.0,2.15,1.8341299604296881,11.316716085695864,F,-1.2823054481354188,3
3966.01,tess,NON_HABITABLE,11.278,1124.0,265.248,3.9967263,0.04794724238656703,0.0,5313.6,1.0,0.9205821205821206,0.7182078428622601,G,-1.2319666648653376,3
3967.01,tess,HABITABILITY_ZONE,21.2461,341.0,2.26831,4.6709424,0.06489951047366685,0.0,7211.0,1.79,1.6714588482957788,7.80517697124886,F,-1.2779266867090318,3
3970.01,tess,NON_HABITABLE,10.601,1097.0,240.751,10.6001229,0.10041696635221653,0.0,5647.0,1.51,1.2022089006042815,2.0889101293836903,G,-1.2141857067828061,3
3972.01,tess,NON_HABITABLE,11.935,779.0,61.3806,10.511362,0.0933358610266938,0.0,5908.0,0.92,0.9817662037329018,0.929035504568936,G,-1.1764810388766234,3
3974.01,tess,NON_HABITABLE,12.6983,1177.0,318.713,1.7922888,0.02716873107950441,0.0,5095.7,0.89,0.8328610127273187,0.48116068086057484,K,-1.2559611674155877,3
3976.01,tess,NON_HABITABLE,12.1125,1157.0,298.497,6.6080989,0.07466414014795282,0.0,5993.0,1.5,1.2716382561070327,2.6148955091906045,G,-1.2463061480276878,3
3977.01,tess,NON_HABITABLE,10.7553,1009.0,172.212,23.2547644,0.15476703260444105,0.0,5627.0,0.88,0.9145173070175481,0.6994677817824143,G,-1.0548959550285035,3
3978.01,tess,NON_HABITABLE,16.293,1563.0,992.177,3.5472157,0.050508001784541325,0.0,5548.0,2.02,1.3661104538964988,3.4829180724659827,G,-1.2726428523336775,3
398.01,tess,NON_HABITABLE,13.0911813,1544.0146992,1343.1568273,1.3600283,0.02337257048469605,0.0,5500.0,0.933975,0.9208820184318646,0.7191441819747667,G,-1.2719572623688586,3
3980.01,tess,NON_HABITABLE,17.0677,1655.0,1247.0,3.6089193,0.05018778514314963,0.0,5854.0,1.63,1.2948521966379225,2.8111291041698996,G,-1.2686876720579718,3
3982.01,tess,NON_HABITABLE,16.9428,1655.0,1248.08,5.3438948,0.07489367388535222,0.0,7469.0,2.3,1.9624565728212415,14.83201718881371,F,-1.2831411162577322,3
3984.01,tess,NON_HABITABLE,7.17236,548.0,14.9972,4.3533211,0.03851215767499246,0.0,3422.0,0.46,0.402098634827697,0.026141493421423242,M,-0.9816523655840307,3
3988.01,tess,NON_HABITABLE,13.3953,1910.0,2213.89,2.8744227,0.04643379083525626,0.0,6334.0,2.17,1.6165219405763096,6.828517301991152,F,-1.285452894419814,3
3991.01,tess,NON_HABITABLE,17.7506,1621.0,1146.77,2.2774846,0.041308882968485415,0.0,4827.0,4.7,1.8130087719534402,10.80437430640277,K,-1.292622491862977,3
3993.01,tess,NON_HABITABLE,16.2026957,1649.2355042,1748.4439071,2.2237067,0.03671751761505556,0.0,6424.0,1.4399,1.3355045614494423,3.181130626084272,F,-1.2815701351974103,3
3997.01,tess,NON_HABITABLE,17.6761,1455.0,744.569,3.4600026,0.04778740749688341,0.0,5997.0,1.37,1.2160964200378654,2.1871171193575543,G,-1.265408134130827,3
3998.01,tess,NON_HABITABLE,13.3431,1383.0,609.008,1.81451,0.029754885995215686,0.0,5696.0,1.17,1.0674230803036842,1.2982142034168571,G,-1.2739509197772971,3
400.01,tess,NON_HABITABLE,14.25,1616.0,1133.73,3.6344447,0.05042429794038496,0.0,6272.0,1.42,1.2948632329376826,2.8112249447922752,F,-1.268493958785342,3
4000.01,tess,NON_HABITABLE,21.058,1815.0,1803.49,3.7027104,0.05686631474082279,0.0,7493.0,1.9,1.789394963607277,10.252383490666684,F,-1.2854657635350444,3
4001.01,tess,NON_HABITABLE,4.84123,1152.0,293.004,4.8982659,0.05701035218823728,0.0,5696.0,1.09,1.0302838855640073,1.126750160771107,G,-1.2359204476926626,3
4003.01,tess,NON_HABITABLE,10.7218,1554.0,970.247,3.9606593,0.05431327181654815,0.0,6647.0,1.4,1.362584279912098,3.4470969389276465,F,-1.2696247628360644,3
4004.01,tess,NON_HABITABLE,7.09264,891.0,104.667,5.3798996,0.0544637119911134,0.0,4930.3,0.76,0.7446527879881699,0.3074788721567821,K,-1.1745722812967936,3
4007.01,tess,NON_HABITABLE,12.5868,1751.0,1563.16,4.5432349,0.06134954349654655,0.0,7998.0,1.16,1.492395985012535,4.960623747073038,A,-1.2719795860300316,3
4009.01,tess,NON_HABITABLE,14.5369,1246.0,400.919,4.3271416,0.0586196140817058,0.0,5994.0,1.91,1.4351823998050073,4.2425639685672785,G,-1.2707190829732946,3
4010.01,tess,NON_HABITABLE,6.6139476,872.0,126.2342489,5.4146235,0.0558922527295833,0.0,4888.0,0.880213,0.7945088955031796,0.39846947363655183,K,-1.1879094929799945,3
4010.02,tess,NON_HABITABLE,6.5471787,612.6899904,33.3030602,14.7091662,0.10881734905931764,0.0,4888.0,0.880213,0.7945088955031796,0.39846947363655183,K,-1.0723540354226022,3
4010.03,tess,NON_HABITABLE,3.1949876,1358.8572016,805.779628,1.3483075,0.022122391400161274,0.0,4888.0,0.880213,0.7945088955031796,0.39846947363655183,K,-1.2616418439474633,3
4011.01,tess,NON_HABITABLE,13.9797,1307.0,485.004,4.3359117,0.055876701353229676,0.0,5815.0,1.51,1.237974987960669,2.348807803787328,G,-1.2596936867297575,3
4012.01,tess,NON_HABITABLE,11.7503,1022.0,181.783,1.82544,0.025416737323035545,0.0,4324.0,0.77,0.6573621970042193,0.18673206579490076,K,-1.2288777576021026,3
4013.01,tess,NON_HABITABLE,15.2766,1731.0,1493.24,2.6325313,0.04230270343269181,0.0,5407.0,2.42,1.4572623016158102,4.509733939386079,G,-1.2824885277560514,3
4014.01,tess,NON_HABITABLE,13.4381,1214.0,361.087,2.8067423,0.03901309572852897,0.0,5863.0,0.98,1.005556805498167,1.0224131778042926,G,-1.2567664101603826,3
4015.01,tess,NON_HABITABLE,17.876,1179.0,320.783,4.7427131,0.05976465947532442,0.0,5947.0,1.51,1.2660769137406875,2.5694511117573193,G,-1.2585566876135872,3
4017.01,tess,NON_HABITABLE,14.7821,762.0,56.09,7.0423707,0.07559599513931689,0.0,4892.0,1.88,1.162088090961951,1.8237117754797483,K,-1.2327914026866784,3
402.01,tess,NON_HABITABLE,1.725417,909.5327855,161.7314334,4.7559737,0.05186067716982286,0.0,5175.2,0.841842,0.8226519098528595,0.45799890657390296,K,-1.2043267453053026,3
402.02,tess,NON_HABITABLE,2.1954034,592.7674866,29.1782002,17.1807214,0.1220973254080999,0.0,5175.2,0.841842,0.8226519098528595,0.45799890657390296,K,-1.0612866172323472,3
4021.01,tess,NON_HABITABLE,12.6029,943.0,131.814,5.1175439,0.06801139145024297,0.0,6429.0,2.07,1.6025156373896816,6.594913509628319,F,-1.2734424838007294,3
4024.01,tess,NON_HABITABLE,12.5231,1354.0,558.3,6.3262148,0.07480084139775421,0.0,5842.0,1.9,1.3951214970497414,3.7883327875258077,G,-1.256975960620993,3
4025.01,tess,NON_HABITABLE,7.99273,924.0,121.312,16.2840915,0.12959718776280932,0.0,5770.0,1.2,1.095065542898409,1.438005195104468,G,-1.1609929697113401,3
4027.01,tess,NON_HABITABLE,2.69934,1156.0,297.468,3.6074546,0.04484219167811246,0.0,5593.0,0.91,0.9243558478040501,0.7300570047198173,G,-1.2376106559271034,3
4028.01,tess,NON_HABITABLE,15.2242,1161.0,301.848,3.9589142,0.051179579192796414,0.0,5963.0,1.22,1.1410860662766398,1.6954055833268205,G,-1.2557699545491523,3
4029.01,tess,NON_HABITABLE,6.61503,1142.0,282.509,5.8850401,0.0653507483411504,0.0,5712.4,1.18,1.0750614566516303,1.3357745564392909,G,-1.2320123609952547,3
403.01,tess,NON_HABITABLE,13.474905,1372.1206975,837.7033716,3.532822,0.048131148046326594,0.0,6153.0,1.25,1.191833529587336,2.017726959026611,F,-1.2632428915383387,3
4030.01,tess,NON_HABITABLE,5.46523,1384.0,609.961,2.5089892,0.03565812129458876,0.0,5574.0,0.99,0.9608558514262474,0.8523794230082329,G,-1.2567119207613455,3
4031.01,tess,NON_HABITABLE,16.4472821,801.0080118,97.290087,10.0462596,0.08956203278856907,0.0,5637.9,0.945159,0.9496060724141491,0.813156115406033,G,-1.1730560250874604,3
4034.01,tess,NON_HABITABLE,17.3634,1832.0,1870.78,1.8020923,0.03208868199600562,0.0,5760.0,1.85,1.3573193023270298,3.394127095980976,G,-1.2859376844444865,3
4038.01,tess,NON_HABITABLE,9.94472,1223.0,371.547,4.2989288,0.05472500296547827,0.0,5671.0,1.45,1.18308875357469,1.9591572873394592,G,-1.25605718314281,3
4039.01,tess,NON_HABITABLE,9.85689,1154.0,295.429,4.7308142,0.05561867984221067,0.0,5777.0,1.05,1.0255827195937042,1.1063251330209802,G,-1.2370638332341175,3
404.01,tess,NON_HABITABLE,12.65489,1033.7453536,269.8828476,2.9626402,0.03753561713672622,0.0,5473.0,0.718635,0.8038098211948255,0.41745842756519563,G,-1.229874580614185,3
4040.01,tess,NON_HABITABLE,2.7853042,822.4059608,108.1100329,7.1357259,0.06904800558709799,0.0,5446.0,0.835627,0.8624969075645952,0.5533885721687595,G,-1.1820163247859132,3
4041.01,tess,NON_HABITABLE,10.2354,1149.0,289.546,7.8808589,0.08274275636820488,0.0,5914.8,1.41,1.2168114791478148,2.192265717447765,G,-1.232922272025132,3
4042.01,tess,NON_HABITABLE,13.8867,1513.0,870.497,2.3238426,0.036667123286467714,0.0,5983.9,1.38,1.2178605088499723,2.1998354275390315,G,-1.2758705529587924,3
4043.01,tess,NON_HABITABLE,13.0806,1542.0,939.766,5.1191172,0.06406534371372842,0.0,5926.0,1.7,1.3386276317820824,3.2109913944543407,G,-1.2606679994785144,3
4046.01,tess,NON_HABITABLE,5.4111,1660.0,1262.0,0.7583741,0.0179589685881808,0.0,6209.0,1.56,1.3435617661834947,3.258596197609329,F,-1.2962316364442565,3
4047.01,tess,NON_HABITABLE,9.44788,2010.0,2710.22,4.5029619,0.06572149213592747,0.0,8103.0,1.77,1.867695832273952,12.16815123071288,A,-1.283976392386408,3
4049.01,tess,NON_HABITABLE,10.2456091,455.3113573,10.156754,31.4001189,0.17803388809317097,0.0,4953.0,0.791713,0.763529627221735,0.3398627557651177,K,-0.8890450241508131,3
4050.01,tess,NON_HABITABLE,12.7473,861.0,91.4646,4.6546139,0.05953295616102519,0.0,5966.0,1.58,1.2992282946431049,2.849324289599841,G,-1.2613348031445581,3
4051.01,tess,NON_HABITABLE,5.76435,1391.0,621.715,1.5373948,0.025000904068642194,0.0,5091.0,1.0,0.882016632016632,0.6052113979008008,K,-1.2656510457370802,3
4054.01,tess,NON_HABITABLE,9.705386,523.4129662,17.7377655,17.356719,0.1170249590177433,0.0,4697.0,0.760629,0.7097095961839656,0.2537013101274045,K,-0.9897270430943322,3
4055.01,tess,NON_HABITABLE,14.2306,1125.0,266.468,4.567925,0.05392678935468584,0.0,5675.0,1.04,1.0026658260443193,1.010706019778914,G,-1.2360137532200952,3
4056.01,tess,NON_HABITABLE,9.11036,1372.0,588.998,5.0518907,0.06391925937954933,0.0,6328.9,1.55,1.365110352836294,3.472730179183835,F,-1.2626693514193952,3
4057.01,tess,NON_HABITABLE,7.15781,1113.0,255.63,2.4076941,0.03489624511284885,0.0,5702.0,0.98,0.9779438691711662,0.9146516319430478,G,-1.2596538892622948,3
4059.01,tess,NON_HABITABLE,13.0071,1169.0,310.835,2.0381761,0.02887474035465005,0.0,4928.0,0.82,0.7731278232976643,0.35727712559427777,K,-1.2433636756837951,3
406.01,tess,HABITABILITY_ZONE,1.9602373,325.2663942,2.6453174,13.1757294,0.07778658622067638,0.0,3349.0,0.388609,0.3616972879119203,0.017115161807879878,M,-0.4904592567727379,3
406.02,tess,NON_HABITABLE,1.2731554,409.2506857,6.6294678,6.614911,0.04913650598513238,0.0,3349.0,0.388609,0.3616972879119203,0.017115161807879878,M,-0.7922887470861629,3
4062.01,tess,NON_HABITABLE,13.1026,730.0,47.3055,6.7473822,0.06872303137484849,0.0,5332.0,1.06,0.9510793470502891,0.8182141839096998,G,-1.2052316900068574,3
4063.01,tess,NON_HABITABLE,15.8543427,1337.9878723,757.4076888,1.6323062,0.025640755115388995,0.0,5099.9,0.912575,0.84405281293375,0.5075495958078303,K,-1.2603392354459857,3
4064.01,tess,NON_HABITABLE,9.5364228,1465.018804,1088.6638396,3.8823511,0.05228458245290226,0.0,5622.4,1.68668,1.2650618673355443,2.5612210357605383,G,-1.2649160166206643,3
4065.01,tess,NON_HABITABLE,9.85407,1291.0,462.467,3.5908038,0.04685988887091848,0.0,5657.0,1.18,1.0646352951961127,1.284705075470843,G,-1.2529629237061728,3
4066.01,tess,NON_HABITABLE,11.5271,823.0,76.4183,6.7201811,0.06428849599195675,0.0,4914.0,0.85,0.7849071632560161,0.37955364835585087,K,-1.166122137915258,3
4069.01,tess,NON_HABITABLE,10.9383,1038.0,193.03,2.7240303,0.03680750781832784,0.0,5366.0,0.93,0.896532050995984,0.6460457603181958,G,-1.2468285879682255,3
407.01,tess,NON_HABITABLE,13.5615,1970.0,2503.96,2.1654694,0.03644803497767669,0.0,5830.0,1.86,1.3775225102811426,3.600765325387426,G,-1.2834703797964244,3
4070.01,tess,NON_HABITABLE,10.0008,876.0,98.0783,3.1504798,0.039913525566539106,0.0,5229.0,0.89,0.8546480828053358,0.5335182635679045,G,-1.2346300552810265,3
4071.01,tess,NON_HABITABLE,2.26174,783.0,62.6073,6.5169955,0.061222085263640334,0.0,4937.5,0.71,0.7207920045921391,0.26992296901577995,K,-1.1475327134394602,3
4074.01,tess,NON_HABITABLE,16.011,1580.0,1034.94,3.2175013,0.05106914242511548,0.0,7932.0,1.56,1.7164006972729071,8.679100736387893,A,-1.2860516462575091,3
4076.01,tess,NON_HABITABLE,9.71601,1205.0,350.289,4.3965758,0.0549415412252604,0.0,5957.0,1.23,1.1446002420076387,1.7163874627274984,G,-1.2521444819109682,3
4077.01,tess,NON_HABITABLE,9.5108395,808.2369842,100.8499947,5.5679111,0.05605653244564265,0.0,4887.0,0.801525,0.7580093331330442,0.3301400494424903,K,-1.1754801684816159,3
4079.01,tess,NON_HABITABLE,15.6112,1670.0,1292.25,1.9872259,0.03205155929082935,0.0,6178.0,1.08,1.1123295103077468,1.5308542250221289,F,-1.2742400548046384,3
4080.01,tess,NON_HABITABLE,12.9516,1157.0,297.501,3.7519831,0.04595185086216489,0.0,5389.0,0.97,0.9195338651053224,0.714942168475449,G,-1.2350412915473858,3
4081.01,tess,NON_HABITABLE,11.7073433,1361.0709228,811.0432719,9.2584055,0.10039032035238782,0.0,5707.0,2.53632,1.5746483168142562,6.1480061483424056,G,-1.254141210618171,3
4082.01,tess,NON_HABITABLE,13.2242,1313.0,493.442,4.625568,0.057698588470594066,0.0,5972.0,1.34,1.1976940052575058,2.057706849674251,G,-1.2545063663621574,3
4084.01,tess,NON_HABITABLE,11.238,611.0,23.2536,15.634183,0.12120435907769685,0.0,5725.0,0.96,0.9718176560938111,0.8919471875603778,G,-1.1330648909903143,3
4085.01,tess,NON_HABITABLE,10.3779772,1208.4765945,504.0504139,2.8285323,0.03810358567390383,0.0,5257.0,1.02586,0.9224773313090409,0.7241404556433969,G,-1.248229788037277,3
4086.01,tess,NON_HABITABLE,12.6894204,1309.3579262,694.6315867,5.6917579,0.06796538433646938,0.0,5783.0,1.66513,1.2928583437141088,2.7938544060734998,G,-1.253901553503483,3
4087.01,tess,NON_HABITABLE,13.9016,1393.0,625.157,3.1774814,0.04383720289947681,0.0,6071.0,1.12,1.1131223984388863,1.5352237740599928,F,-1.2611811689651717,3
4088.01,tess,NON_HABITABLE,12.71,1266.0,427.584,2.7284428,0.03925010521854103,0.0,5686.0,1.21,1.0836105336105335,1.3787733243737947,G,-1.2638731064797473,3
4089.01,tess,NON_HABITABLE,18.4686,1267.3128893951257,610.063,3.2462849,0.04363282738934387,0.0,5895.5,1.06,1.0515919524634245,1.2228945673113838,G,-1.2555626242097828,4
4090.01,tess,NON_HABITABLE,5.10272,975.0,150.032,3.177514,0.03832226301498648,0.0,4740.0,0.82,0.7436334988699126,0.30579880347450467,K,-1.21443100988255,3
4092.01,tess,NON_HABITABLE,12.6471,1186.0,328.532,7.495973,0.07889279482904743,0.0,5667.0,1.41,1.1658332745537747,1.8473355429502054,G,-1.2299432264339627,3
4093.01,tess,NON_HABITABLE,3.13882,773.0,59.5148,10.4722034,0.08802448636749632,0.0,5388.0,0.79,0.8296880027806028,0.4738700284373473,G,-1.1337051065324943,3
4093.02,tess,NON_HABITABLE,2.8587599,586.5001986,27.963637,17.7046155,0.12496154422053563,0.0,5388.0,0.791536,0.8304941938680583,0.47571451440798757,G,-1.0602370639738345,3
4094.01,tess,NON_HABITABLE,3.4399601,1241.735358,561.8717441,4.9111786,0.05995608516567517,0.0,6186.0,1.2372299,1.1920893189692767,2.0194596819070423,F,-1.2517944052983034,3
4095.01,tess,NON_HABITABLE,9.73932,850.0,86.6756,4.1539244,0.051199945801445455,0.0,5737.0,1.09,1.0376999037009673,1.1595436601724445,G,-1.2444115449509234,3
4096.01,tess,NON_HABITABLE,3.3818,733.0,47.9649,10.1045108,0.08598013487584984,0.0,5053.0,0.9,0.8305087846585666,0.4757479462310818,K,-1.138138295691974,3
4097.01,tess,NON_HABITABLE,3.6487,1240.0,393.387,2.7741864,0.03708635392295277,0.0,5636.0,0.82,0.8842021940149425,0.611232379899738,G,-1.2445645200452606,3
4098.01,tess,NON_HABITABLE,5.02454,1248.0,403.61,1.1789842,0.022854548352000625,0.0,5650.0,1.37,1.1457303273660064,1.7231759946936038,G,-1.285947632108853,3
4099.01,tess,NON_HABITABLE,2.02986,920.0,119.282,4.3954123,0.04697643581249895,0.0,4836.0,0.73,0.7158489624455229,0.2625944840918149,K,-1.1835967621162315,3
4103.01,tess,NON_HABITABLE,12.7514,740.0,50.0141,12.2740928,0.10438834321354769,0.0,5674.0,1.05,1.0072972738401726,1.0295101537545919,G,-1.1681476860005136,3
4104.01,tess,NON_HABITABLE,19.1019,1978.0,2544.85,2.3757662,0.04171344883798075,0.0,6676.0,2.2,1.7155419646517895,8.661744799480173,F,-1.2904089878479779,3
4105.01,tess,NON_HABITABLE,10.4523,1064.0,213.024,5.7152049,0.07191357367319434,0.0,5845.0,2.25,1.518970893970894,5.323506743333694,G,-1.2669859418553797,3
4106.01,tess,NON_HABITABLE,3.48406,800.0,68.1566,16.3558787,0.12586866547739867,0.0,5740.0,1.0,0.9944559944559944,0.9780077131513495,G,-1.1345259119141824,3
4107.01,tess,NON_HABITABLE,3.40196,787.0,64.0026,3.5322939,0.03749052161962112,0.0,4003.0,0.66,0.5634186717560248,0.10076853432730784,K,-1.1471692570189693,3
4108.01,tess,NON_HABITABLE,8.117,1073.0,220.777,14.4348737,0.1299236146609722,0.0,5834.0,1.93,1.4041669825788317,3.8875414038987284,G,-1.2191243312926496,3
4109.01,tess,NON_HABITABLE,5.10721,464.0,7.71974,12.320331,0.0867158978469746,0.0,4103.0,0.65,0.573101932454417,0.10787665994875505,K,-0.9460607536845549,3
411.01,tess,NON_HABITABLE,2.3053058,941.9166541,186.024825,9.5730706,0.0915495698345296,0.0,6101.0,1.11672,1.1169837363551303,1.5566371781755572,F,-1.2088112923098697,3
411.02,tess,NON_HABITABLE,1.5473747,1255.7050544,587.586178,4.040413,0.05151171074012624,0.0,6101.0,1.11672,1.1169837363551303,1.5566371781755572,F,-1.2530399215726618,3
4111.01,tess,NON_HABITABLE,9.64521,845.0,84.8171,12.2788421,0.10890915483879264,0.0,5596.0,1.39,1.1430330384927014,1.7070063398769235,G,-1.195055773701202,3
4113.01,tess,NON_HABITABLE,2.17495,523.0,12.4497,22.1575175,0.1431281749156287,0.0,5174.0,0.79,0.7967345446152262,0.4029531827447071,K,-0.9991840467741352,3
4114.01,tess,NON_HABITABLE,4.0981388,683.6599416,51.6275524,4.8038539,0.04668062073498994,0.0,4080.0,0.692076,0.5880452349248146,0.11957570236442641,K,-1.1238883131256094,3
4115.01,tess,NON_HABITABLE,10.0005,883.0,100.984,2.9855843,0.036402830079718826,0.0,4602.0,0.82,0.7219834096623075,0.2717120332911633,K,-1.2136919749761261,3
4117.01,tess,NON_HABITABLE,10.3058363,715.7737734,62.0331918,25.0930011,0.17609777458243642,0.0,5775.0,1.33728,1.1570092761960593,1.7920386144087685,G,-1.12863973478975,3
4118.01,tess,NON_HABITABLE,13.5962,1376.0,595.9,2.5551882,0.037939027976686975,0.0,5855.0,1.21,1.1158177408177408,1.5501475869254449,G,-1.2679456242224465,3
4119.01,tess,NON_HABITABLE,9.15316,653.0,30.1871,5.201975,0.05738415410421524,0.0,4950.0,1.18,0.9315794080291245,0.7531466013914491,K,-1.2188097663875836,3
4120.01,tess,NON_HABITABLE,14.0672,1519.0,883.882,4.8952783,0.062256503534173,0.0,5828.0,1.77,1.3433211539544112,3.256262557222453,G,-1.2623932818452916,3
4121.01,tess,NON_HABITABLE,18.4047,1803.0,1757.24,2.8622679,0.045319117303875237,0.0,7167.0,1.49,1.5156684701656868,5.277361750178043,F,-1.2827539903007754,3
4122.01,tess,NON_HABITABLE,12.4035,1321.0,506.486,2.4307782,0.04376821467012662,0.0,6015.0,3.3,1.8930682827335146,12.842959611063462,F,-1.2931107183032342,3
4123.01,tess,NON_HABITABLE,7.5851475,1121.9560583,374.4763489,2.787945,0.03682543290208382,0.0,5375.0,0.847241,0.857147629172478,0.5397871143174384,G,-1.2408616853163783,3
4124.01,tess,NON_HABITABLE,22.5559,1168.0,309.683,3.4138019,0.0488615267151131,0.0,5150.0,2.24,1.3353801484328343,3.1799453998620426,K,-1.2721788905347482,3
4125.01,tess,NON_HABITABLE,18.3601489,1365.3855665,821.3764221,4.7155974,0.05960195204086668,0.0,5873.0,1.5585099,1.2702478283449694,2.6034775939274946,G,-1.2590325759001733,3
4127.01,tess,HABITABILITY_ZONE,12.5447,272.0,0.909373,56.4043748,0.3097389263334209,0.0,6433.0,1.25,1.2460694126174763,2.410843071907819,F,-1.0350035488198799,3
4128.01,tess,NON_HABITABLE,4.77367,1381.0,604.981,1.9795413,0.02952883048554182,0.0,5275.0,0.92,0.8765769676186623,0.5904188586335132,G,-1.2569779467845195,3
4129.01,tess,NON_HABITABLE,5.6778,718.0,44.1281,3.2724973,0.0372141622505924,0.0,4279.0,0.75,0.6420171002760937,0.16989726318668852,K,-1.1855087062980543,3
413.01,tess,NON_HABITABLE,17.2805567,1624.5252338,1645.9886958,3.6623918,0.051938841858584536,0.0,6600.0,1.48532,1.3935662747760804,3.7714687218856677,F,-1.2730826930116588,3
4131.01,tess,NON_HABITABLE,11.123,1274.0,438.011,2.3382502,0.03308954752181208,0.0,5263.0,0.94,0.8840380834921047,0.6107787201240789,G,-1.2515887571242776,3
4132.01,tess,NON_HABITABLE,11.5240963,1050.4074921,287.7082031,11.7647926,0.11071483930729432,0.0,5801.0,1.69397,1.3080652260825076,2.9276395245180873,G,-1.2207621616152113,3
4136.01,tess,NON_HABITABLE,5.96705,1586.0,1050.55,3.7630305,0.052314512424898596,0.0,6357.0,1.5,1.3488744191677635,3.310442692444279,F,-1.270315069448333,3
4137.01,tess,NON_HABITABLE,13.6371,1418.0,672.585,3.8016217,0.05218161649884695,0.0,6244.0,1.47,1.3115813703607153,2.959245237669989,F,-1.268135951220509,3
4138.01,tess,NON_HABITABLE,17.5565568,1662.3109767,1804.5548719,3.660032,0.052301625605353244,0.0,5988.0,1.88626,1.4248076782072934,4.121212300623208,G,-1.274435142507275,3
4140.01,tess,NON_HABITABLE,11.2617,1097.0,240.568,4.2511214,0.05002286996931867,0.0,5501.0,0.94,0.9240154849496612,0.7289823230316429,G,-1.229194505417829,3
4141.01,tess,NON_HABITABLE,14.4799,1368.0,582.883,3.6022715,0.050477067482718685,0.0,6338.0,1.45,1.32223885031853,3.0566073578007,F,-1.2701509279578462,3
4142.01,tess,NON_HABITABLE,12.1105,1567.0,1001.69,3.6593967,0.05184324594321446,0.0,5875.0,1.86,1.388155188319333,3.713231983343967,G,-1.2728631377954933,3
4144.01,tess,NON_HABITABLE,11.3763,783.0,62.5724,16.9020565,0.124418182650592,0.0,5442.0,0.91,0.8994000578847917,0.6543523172772395,G,-1.0979587475219197,3
4145.01,tess,NON_HABITABLE,12.1827,856.0,89.3911,4.0664446,0.04761573878882657,0.0,5421.0,0.86,0.8709682235634478,0.5754521830109912,G,-1.2234321921125368,3
4146.01,tess,NON_HABITABLE,13.2816,2326.0,4863.59,0.7011578,0.016792711396711076,0.0,6036.0,1.51,1.285024424304488,2.7267513028492663,F,-1.2959273628867345,3
4147.01,tess,NON_HABITABLE,13.6144,1674.0,1303.71,2.3745416,0.03658453128533724,0.0,5865.0,1.3,1.1585462349630016,1.8015797046345214,G,-1.2723771881483605,3
4149.01,tess,NON_HABITABLE,11.9432,990.0,159.842,3.2928068,0.040747983825112355,0.0,5037.0,0.91,0.8324656544589666,0.48024770527423327,K,-1.228903302507238,3
415.01,tess,NON_HABITABLE,13.6137403,1665.5243818,1818.5488883,3.6112621,0.052143376361194184,0.0,6450.0,1.68443,1.4503067760112824,4.424248417453884,F,-1.2757764606544004,3
4150.01,tess,NON_HABITABLE,13.1815999,1019.0147305,254.8254794,9.7938352,0.0952474680332176,0.0,5737.0,1.46202,1.201808259221865,2.0861269672171487,G,-1.2190547748349412,3
4151.01,tess,NON_HABITABLE,12.0929,986.0,157.492,11.6999152,0.12174114124561948,0.0,6906.0,2.16,1.758438270650793,9.56111426910383,F,-1.2556796672036523,3
4153.01,tess,NON_HABITABLE,16.6632337,1504.8598368,1212.0072219,4.6174254,0.06122853436846408,0.0,6411.0,1.67219,1.4362904255453268,4.255680954427288,F,-1.2690365577910174,3
4154.01,tess,NON_HABITABLE,12.8665,1321.0,506.001,7.3446285,0.08547888279483787,0.0,6320.0,1.99,1.5446044939620303,5.692056158879614,F,-1.2605634299701414,3
4155.01,tess,NON_HABITABLE,3.02356,1371.0,586.762,3.3207642,0.0440940821266389,0.0,6142.0,0.95,1.037158885409159,1.1571273781809217,F,-1.2534475867628838,3
4156.01,tess,NON_HABITABLE,2.32515,1289.0,459.495,4.461878,0.05404149204300656,0.0,5986.0,1.04,1.0576136801235763,1.2511467119927557,G,-1.2433548248125825,3
4156.02,tess,NON_HABITABLE,3.0954065,809.3225377,101.3928989,12.822639,0.10922986532410717,0.0,5986.0,1.0396301,1.0574255810407411,1.250256871865517,G,-1.1753052319896806,3
4159.01,tess,NON_HABITABLE,8.86618,1676.0,1311.06,0.8659846,0.01987183472880669,0.0,5815.0,1.92,1.3959633327807375,3.7974847979832487,G,-1.295888844283354,3
4160.01,tess,NON_HABITABLE,11.7585481,1122.4415956,375.1250027,4.4427146,0.053216429708328766,0.0,5754.0,1.04413,1.0186402254507858,1.0766716773415255,G,-1.2392578583349703,3
4161.01,tess,NON_HABITABLE,13.7822358,1936.2869886,3322.0021575,4.2607797,0.06350786507435882,0.0,7409.0,2.1503201,1.882282608690168,12.552762685422692,F,-1.285238410870786,3
4162.01,tess,NON_HABITABLE,19.4866,1625.0,1159.28,4.3744258,0.05980917664525797,0.0,6013.0,2.05,1.4915637223402756,4.949567459700345,F,-1.272891468481503,3
4163.01,tess,NON_HABITABLE,7.76454,745.0,51.2879,21.5615248,0.15680072014145052,0.0,5644.0,1.28,1.1062815448418224,1.4978305005297263,G,-1.1333627473541397,3
4164.01,tess,NON_HABITABLE,3.93303,1400.0,638.021,3.522843,0.04835967529244911,0.0,5952.0,1.39,1.2157492217849464,2.1846204814518906,G,-1.264849066608303,3
4165.01,tess,NON_HABITABLE,11.978218,902.2960634,156.6452579,7.1406422,0.07125325757896786,0.0,5463.0,1.00007,0.9464988221853828,0.8025651761480728,G,-1.2003230941787866,3
4166.01,tess,NON_HABITABLE,2.94616,1032.0,188.943,5.236124,0.05803842330435062,0.0,5604.0,0.96,0.9512779292139244,0.8188977594255389,G,-1.2215484954873788,3
4168.01,tess,NON_HABITABLE,14.7329776,649.2327084,41.9877466,29.3821476,0.19352429072298322,0.0,6016.0,1.1547199,1.1200046617848973,1.5735455580520952,F,-1.097314539370808,3
4169.01,tess,NON_HABITABLE,11.5347,1787.0,1695.28,3.4026932,0.05009027378498678,0.0,5661.0,2.18,1.4480884155228912,4.39724148976095,G,-1.277021117293087,3
4170.01,tess,NON_HABITABLE,15.1395,1750.0,1559.45,2.190225,0.03586505329480883,0.0,5929.0,1.56,1.2829727350140023,2.709378676056882,G,-1.2799128453129724,3
4171.01,tess,NON_HABITABLE,3.17171,1267.0,428.765,3.7453991,0.04382289543336459,0.0,5133.0,0.81,0.8003638253638253,0.4103456227957994,K,-1.2156562248733547,3
4172.01,tess,NON_HABITABLE,2.33252,1129.0,270.353,4.1915095,0.04661832920990088,0.0,4996.0,0.79,0.7693246588515018,0.3502987694484886,K,-1.2013848983673596,3
4173.01,tess,NON_HABITABLE,14.0507,968.0,146.225,8.2713274,0.08031713221973004,0.0,5921.0,0.97,1.0103098933547252,1.0418817316383426,G,-1.2014944320066614,3
4174.01,tess,NON_HABITABLE,6.93656,1386.0,614.242,1.5569519,0.03074586272672618,0.0,6464.0,2.04,1.5995215995183985,6.5457654012061965,F,-1.293380609263062,3
4176.01,tess,NON_HABITABLE,19.3856,1826.0,1849.02,3.2089372,0.0536866230452014,0.0,7423.0,2.43,2.0047317793010047,16.151955139328226,F,-1.2915322670369298,3
4177.01,tess,NON_HABITABLE,15.6542,1803.0,1756.36,3.6928289,0.05667164350339436,0.0,7042.0,2.13,1.7805718374063875,10.051664862320013,F,-1.285307205636287,3
418.01,tess,NON_HABITABLE,13.4367443,1200.7764901,491.325955,2.2359865,0.03154244440066241,0.0,5260.0,0.844379,0.8373907004830312,0.4917139555398155,G,-1.2479471240129496,3
4180.01,tess,NON_HABITABLE,4.3219935,2577.685746,10433.760937,1.5954319,0.032525549054747846,0.0,7511.0,1.92067,1.803423879805611,10.577700451441022,A,-1.296160005132538,3
4182.01,tess,NON_HABITABLE,2.77036,588.0,19.8693,27.848697,0.1893835669640364,0.0,5399.6,1.56,1.1684161882242547,1.8637611802778793,G,-1.1187497097079777,3
4183.01,tess,NON_HABITABLE,3.2687802,943.8952366,187.5928059,11.7915574,0.10888430880982707,0.0,6407.0,1.24512,1.2386083576432878,2.353618258697355,F,-1.2121242825628822,3
4184.01,tess,NON_HABITABLE,2.5554145,382.3996541,5.0534848,4.9019938,0.03639066679842491,0.0,3147.0,0.240807,0.2675500115833623,0.005124127134294777,M,-0.6092848684469038,3
4185.01,tess,NON_HABITABLE,3.3270234,560.6053342,23.3426364,16.5414219,0.11480295222737134,0.0,4395.6,0.938435,0.7377240482062214,0.2961936632369808,K,-1.0192122620699817,3
4186.01,tess,NON_HABITABLE,2.17135,755.0,54.0301,12.7503356,0.10375124024059018,0.0,5639.0,0.88,0.9164675838407595,0.7054535657461649,G,-1.1396940420930626,3
4187.01,tess,NON_HABITABLE,5.2996592,891.0210182,148.9610746,30.8812601,0.22366075426622709,0.0,6047.0,2.2319901,1.5651637402736986,6.0012139848394845,F,-1.1841097901435136,3
4189.01,tess,NON_HABITABLE,2.4680695,468.4562934,11.3814426,46.9621053,0.2489385560069453,0.0,5744.0,0.879321,0.9331722839469244,0.7583109469854267,G,-0.9159446301410629,3
4190.01,tess,NON_HABITABLE,2.1494954,593.9834944,29.4183635,15.6062307,0.11313933600924765,0.0,5067.0,0.816585,0.7932777638749907,0.39600541408273354,K,-1.0621501657488097,3
4191.01,tess,HABITABILITY_ZONE,2.2756143,210.8499272,0.4671053,742.8561164,1.6355682415440287,0.0,5816.0,1.10194,1.057735424406223,1.251722900688711,G,0.7048981974544231,3
4192.01,tess,NON_HABITABLE,17.0408,1537.0,927.501,4.2300182,0.05529787387108737,0.0,6064.1,1.44,1.2607276507276508,2.5263011057225575,F,-1.261992975366485,3
4193.01,tess,NON_HABITABLE,11.511,1299.0,473.037,6.5081212,0.0705001418933577,0.0,5652.8,1.27,1.1036697978279293,1.4837359947179924,G,-1.2301736637625107,3
4194.01,tess,NON_HABITABLE,6.51532,1705.0,1405.89,1.0432995,0.020559045545537176,0.0,5943.0,1.07,1.0650531880121736,1.2867233636351738,G,-1.2849637031860455,3
4196.01,tess,NON_HABITABLE,17.3686,1378.0,600.297,3.125924,0.043507101194727976,0.0,5828.0,1.24,1.1243565733393406,1.5981452673194942,G,-1.2625106172649498,3
4197.01,tess,NON_HABITABLE,12.6062,816.0,73.9553,3.9017499,0.042674093282237154,0.0,4665.0,0.71,0.6810115850981933,0.2150889007748189,K,-1.1831251580953797,3
4198.01,tess,NON_HABITABLE,12.2509,1149.0,290.335,4.746318,0.0556679134462545,0.0,5648.0,1.09,1.0216017179890295,1.0892472154273838,G,-1.236429712462769,3
4199.01,tess,NON_HABITABLE,16.7023,1659.0,1257.77,4.4466179,0.06110910862064147,0.0,6534.0,1.85,1.5397090835772245,5.620237749821396,F,-1.2744166670420316,3
4201.01,tess,NON_HABITABLE,12.0428,702.0,40.4443,3.5809733,0.03666625100992592,0.0,3790.0,0.61,0.5128351744921382,0.06916895591930387,K,-1.1177947704450022,3
4204.01,tess,NON_HABITABLE,7.85756,1663.0,1272.37,3.9592516,0.055357243581415375,0.0,7068.0,1.39,1.4437022008696236,4.3442066309096035,F,-1.2733379393332893,3
4205.01,tess,NON_HABITABLE,11.5383,1332.0,523.023,5.9056572,0.06095075072655654,0.0,5076.0,0.97,0.8661261642743768,0.5627618291225399,K,-1.1979626991310894,3
4206.01,tess,NON_HABITABLE,13.975,1685.0,1340.72,2.4170503,0.03801354804957123,0.0,5796.8,1.56,1.2543660567261206,2.475695195156185,G,-1.2766455257371396,3
4209.01,tess,NON_HABITABLE,12.7525,1863.0,2000.07,0.8631737,0.019314614101587864,0.0,6142.0,1.47,1.2901557938429713,2.7705668160788406,F,-1.2939504420255032,3
421.01,tess,NON_HABITABLE,4.7909617,625.1939631,36.1060604,16.067522,0.12114492896164607,0.0,5718.0,0.860124,0.9187521355474128,0.7125140724625255,G,-1.1121394732108196,3
421.02,tess,NON_HABITABLE,1.9257346,910.7399798,162.5917886,5.1976858,0.05708815217575274,0.0,5718.0,0.860124,0.9187521355474128,0.7125140724625255,G,-1.216730563763543,3
4210.01,tess,NON_HABITABLE,9.41227,1212.0,358.947,1.0754208,0.019570723049179898,0.0,4614.0,1.17,0.8646576707375699,0.5589549345692584,K,-1.2738651772731617,3
4214.01,tess,NON_HABITABLE,11.154,1352.0,555.531,3.491383,0.04911781995665933,0.0,5936.5,1.59,1.2968887169783547,2.8288560443205086,G,-1.2696939188379543,3
4215.01,tess,NON_HABITABLE,11.0223,2029.0,2816.92,1.0994412,0.024020077815325516,0.0,6915.0,1.63,1.5295358626155167,5.4731664599731,F,-1.2957925589492647,3
4218.01,tess,NON_HABITABLE,17.6062,1979.0,2547.74,2.6269521,0.04283290373883876,0.0,6976.0,1.58,1.5191781065085985,5.326412192246585,F,-1.2843642017614219,3
422.01,tess,NON_HABITABLE,4.4957089,2513.555923,9433.5511834,0.6333372,0.015363297576205758,0.0,5999.0,1.34655,1.2060457473404471,2.1157050688160663,G,-1.2953859929046956,3
4223.01,tess,NON_HABITABLE,13.0064,1022.0,181.435,7.2654708,0.07474200329937693,0.0,5944.0,1.05,1.055229995718362,1.2399052858916209,G,-1.2174316409139025,3
4224.01,tess,NON_HABITABLE,10.7619,2501.0,6500.64,1.161347,0.024113048058696532,0.0,6289.0,1.62,1.3867966362418496,3.6987171269701395,F,-1.2926630087240207,3
4226.01,tess,NON_HABITABLE,14.7038,1614.3744671800268,1606.41,2.9628955,0.05068826898284833,0.0,7998.0,2.04,1.9791110385130184,15.34195287293338,A,-1.292107536665109,4
4227.01,tess,NON_HABITABLE,13.7893,1435.0,705.607,3.4169475,0.05039123869026932,0.0,6610.0,1.63,1.4620726033099878,4.569574445598593,F,-1.277453838240988,3
4228.01,tess,NON_HABITABLE,19.1085522,1278.3924624,631.2157212,6.0219203,0.07059601782052592,0.0,5932.0,1.58618,1.294347993296107,2.806753151346936,G,-1.251866338902937,3
423.01,tess,NON_HABITABLE,14.8619546,1338.2946709,758.1026175,3.1615697,0.04354718560683791,0.0,6072.0,1.0977401,1.102186798699887,1.475777280276814,F,-1.260537791219657,3
4231.01,tess,NON_HABITABLE,13.4619,1885.0,2098.67,3.2970252,0.05464605069332751,0.0,8945.0,1.67,2.002683215710294,16.08603584884403,A,-1.29116488570549,3
4234.01,tess,NON_HABITABLE,8.54322,2617.0,7791.46,0.908232,0.019746666955613782,0.0,6481.0,1.23,1.2452835602570935,2.4047670854580683,F,-1.2923931098536714,3
4236.01,tess,NON_HABITABLE,22.9091656,3185.0,17100.1,0.4021401,0.012618357326684537,0.0,6115.0,2.44753,1.6574260133808347,7.54634408185395,F,-1.3036125397443514,3
4238.01,tess,NON_HABITABLE,13.8628,1599.0,1086.11,1.2732245,0.02129170178642141,0.0,4973.0,0.85,0.7943311605356467,0.3981130361031216,K,-1.2634347468291112,3
4239.01,tess,NON_HABITABLE,16.8822046,1902.8357335,3098.3194662,2.8123314,0.04519462503296885,0.0,6614.0,1.84646,1.5570688630109508,5.878022992059515,F,-1.284251398321377,3
4240.01,tess,NON_HABITABLE,15.7944,831.0,79.2946,10.1238604,0.10535815702987383,0.0,6531.0,1.81,1.5222733654095357,5.36995436631129,F,-1.247280658774498,3
4241.01,tess,NON_HABITABLE,14.3339,1251.0,406.945,3.1118943,0.04135743265129618,0.0,5412.6,1.08,0.97452164252051,0.901915714905892,G,-1.249923243382134,3
4242.01,tess,NON_HABITABLE,14.2454281,1613.4739633,1601.6545359,3.0579913,0.04506143149197518,0.0,5967.0,1.59436,1.3053377878240568,2.9032981797127073,G,-1.2734943829135612,3
4243.01,tess,NON_HABITABLE,8.7147619,3762.1392317,47343.510594,1.0886286,0.026852485447559332,0.0,6127.0,4.2160501,2.179588156827207,22.56824343258412,F,-1.3021529334518376,3
4244.01,tess,NON_HABITABLE,10.2057,2050.0,2933.46,1.8665254,0.03308831568191145,0.0,6310.3,1.61,1.3871921492290127,3.702938413819842,F,-1.2862444966781825,3
4245.01,tess,NON_HABITABLE,5.7168495,1075.6629276,316.3922274,3.1527177,0.03889287740878241,0.0,5093.0,0.800841,0.789624297241047,0.38876039394204276,K,-1.2239716952650965,3
4246.01,tess,NON_HABITABLE,12.0983571,848.1501366,122.295914,12.8860009,0.11170355089940066,0.0,6126.0,1.11324,1.1198118820389222,1.5724624575539006,F,-1.1871702877046197,3
4247.01,tess,NON_HABITABLE,23.0280318,1175.6079755,451.4099178,4.3539599,0.05331767430087523,0.0,5883.0,1.09523,1.066657991790107,1.294496159769761,G,-1.2453560701562372,3
4248.01,tess,NON_HABITABLE,13.8382,1790.0,1708.0,5.1442317,0.0665631350823602,0.0,5936.0,2.09,1.4867594681555527,4.886105631242148,G,-1.2684404505498106,3
4249.01,tess,NON_HABITABLE,19.1292,963.362475,203.5541234,6.772626,0.0723164689286238,0.0,4360.5,2.12,1.099962549279546,1.463900622546632,K,-1.2275660359581886,3
4250.01,tess,NON_HABITABLE,13.9642,1897.0,2154.02,4.0185922,0.05844751114565431,0.0,7156.0,1.77,1.6494176694745653,7.401548181993431,F,-1.280333872953221,3
4252.01,tess,NON_HABITABLE,13.8957666,1694.2534985,1947.3076326,2.6085023,0.04141657484805405,0.0,7302.0,1.2122999,1.3929019323036123,3.764282107801915,F,-1.2805222371410119,3
4254.01,tess,NON_HABITABLE,14.1198099,2696.8402433,12500.9173208,1.1462769,0.02516430843364288,0.0,6416.0,2.11854,1.6179174794306026,6.852128013883092,F,-1.2966938998660946,3
4259.01,tess,NON_HABITABLE,17.0901716,999.5113045,235.8695308,8.9612626,0.08496316668825983,0.0,5435.5,1.1706899,1.0189059853691902,1.0777957176746682,G,-1.197148645951871,3
426.01,tess,NON_HABITABLE,2.1611735,1632.1617353,1677.1571947,1.3205037,0.023457732818304752,0.0,5731.0,0.98926,0.9875504939583042,0.9511242228535131,G,-1.2767925930202024,3
4260.01,tess,NON_HABITABLE,8.59319,1486.0,809.823,5.4588359,0.06632379932672755,0.0,6349.0,1.41,1.3061364849376946,2.9104104690337635,F,-1.2563614112793855,3
4262.01,tess,NON_HABITABLE,11.3637133,1233.5559917,547.2130805,5.9977892,0.07049634018287078,0.0,6613.0,1.2860301,1.2992650825612786,2.8496470201356914,F,-1.2523864760308623,3
4264.01,tess,NON_HABITABLE,8.3204,1242.3268887,562.9431543,3.1580472,0.04626169414691397,0.0,7606.3,1.01,1.3243653661977102,3.0763182333077994,A,-1.2735910440494564,3
4266.01,tess,NON_HABITABLE,16.3456,1496.0,832.714,0.8118585,0.01824070105165633,0.0,5051.7,1.97,1.2284128260137364,2.2770751786289534,K,-1.293283212455595,3
4267.01,tess,NON_HABITABLE,11.1279,1809.0,1780.99,1.2125595,0.024990691963017047,0.0,6719.0,1.48,1.416149738082943,4.021950353973728,F,-1.2927687872986915,3
427.01,tess,NON_HABITABLE,15.1945,2635.0,8004.34,0.6090253,0.013687944119263261,0.0,5271.7,1.02,0.9224109525911879,0.7239320501881468,G,-1.2877708221123503,3
4270.01,tess,NON_HABITABLE,11.6401,1239.0,391.83,3.4671474,0.04869999090482281,0.0,5886.0,1.58,1.28180652736663,2.6995409220311335,G,-1.2690916612904162,3
4272.01,tess,NON_HABITABLE,13.7961,1544.0,945.722,2.7302636,0.04159848740780006,0.0,6307.0,1.39,1.2882611461353588,2.7543278585884767,F,-1.2753975090422038,3
4273.01,tess,NON_HABITABLE,23.898,1793.0,1718.88,2.9346956,0.0482561409274822,0.0,6728.0,2.23,1.7406525549411302,9.180120197719202,F,-1.2879923510831337,3
4274.01,tess,NON_HABITABLE,20.4459,4056.0,44946.6,0.4459299,0.014405289988534114,0.0,8878.0,1.7,2.005456651191584,16.175328739806837,A,-1.3050068426782344,3
4277.01,tess,NON_HABITABLE,14.6729,1475.0,786.258,3.2738129,0.04542599648678612,0.0,5976.0,1.27,1.1667723450006555,1.8532948011216792,G,-1.2639538881541166,3
4278.01,tess,NON_HABITABLE,9.23623,1355.0,559.892,1.7519943,0.02953666228304736,0.0,5483.0,1.39,1.1199517780656687,1.5732483841180243,G,-1.2774878129947747,3
428.01,tess,NON_HABITABLE,6.24344,1284.0,451.285,0.6333315,0.016585090813754554,0.0,5713.0,2.35,1.5173013099762025,5.300139874553087,G,-1.3000144867500618,3
4280.01,tess,NON_HABITABLE,13.7987,1407.0,650.74,3.518972,0.04694159925339655,0.0,5972.0,1.16,1.1143521908595724,1.5420195683457738,G,-1.2578431869451439,3
4282.01,tess,NON_HABITABLE,16.3981,730.0,47.2072,13.5098037,0.10992446408671279,0.0,5780.0,0.94,0.9708797496835199,0.8885088770850762,G,-1.1492160154421904,3
4283.01,tess,NON_HABITABLE,17.061,1585.0,1049.56,3.0131053,0.04569180560948437,0.0,6838.0,1.4,1.401737822482161,3.860709884480916,F,-1.2778931486694507,3
4284.01,tess,NON_HABITABLE,14.5866828,1655.3754994,1774.627038,3.5008785,0.049755221524510194,0.0,5759.0,1.8056901,1.3407332025526237,3.2312418002280454,G,-1.2717946266019065,3
4285.01,tess,NON_HABITABLE,9.82528,1941.0,2357.73,1.1703152,0.02319740021747498,0.0,6328.0,1.23,1.2158855684781495,2.1856006700815276,F,-1.2883171714183153,3
4286.01,tess,NON_HABITABLE,3.2806,1925.0,2280.33,1.0268508,0.018404449123434353,0.0,4938.0,0.85,0.7887406536748488,0.3870231150401632,K,-1.2691696182165177,3
4287.01,tess,NON_HABITABLE,14.6498,1214.0,360.852,4.2337624,0.05874891630993603,0.0,6387.0,1.86,1.5091314362205244,5.186904636596655,F,-1.2743907158505943,3
4288.01,tess,NON_HABITABLE,8.06637,603.0,21.9969,6.0597,0.060135285143131184,0.0,5036.0,0.82,0.7900713713731814,0.3896415845575133,K,-1.1771663100586827,3
4289.01,tess,NON_HABITABLE,18.7018,1817.0,1810.83,2.9757428,0.04676882256988557,0.0,6025.0,2.18,1.541199912299138,5.64203664424645,F,-1.2828061862756532,3
4290.01,tess,NON_HABITABLE,2.93951,1430.0,695.522,1.1771655,0.02044957859360752,0.0,5313.0,0.8,0.8233007043975318,0.4594454425706072,G,-1.2683624883558107,3
4291.01,tess,NON_HABITABLE,10.0438,1087.0,232.183,12.1525595,0.10936868819782349,0.0,6029.0,1.28,1.1817454702075385,1.9502746918022158,F,-1.202006099311472,3
4293.01,tess,NON_HABITABLE,14.9916,1632.0,1180.41,1.6242109,0.027199581195059608,0.0,5705.0,1.06,1.017612092070874,1.0723314313039627,G,-1.2737420839141307,3
4295.01,tess,NON_HABITABLE,10.0728,836.0,81.354,11.3929129,0.0979216407288765,0.0,5217.0,1.14,0.9650436112412916,0.8673367731018695,G,-1.1650291090819556,3
4296.01,tess,NON_HABITABLE,3.1454612,567.2769582,24.4738096,19.9706574,0.1347765001652736,0.0,4985.0,0.899081,0.8189139140310281,0.4497311825137043,K,-1.0329534260358744,3
4297.01,tess,NON_HABITABLE,2.9241556,581.4569608,27.0141494,16.5272651,0.11738430957214327,0.0,5030.0,0.821739,0.7899663865502666,0.38943452326419636,K,-1.0506931381993598,3
4298.01,tess,HABITABILITY_ZONE,2.7207078,231.3609161,0.6771439,722.2619756,1.63661911676958,0.0,5857.0,1.22059,1.1210727735425383,1.5795567055878992,G,0.4848164603065965,3
4299.01,tess,NON_HABITABLE,3.55715,1680.0,1325.35,6.6019866,0.07722920507621409,0.0,6758.0,1.45,1.409859600891863,3.950967566206632,F,-1.2563937808439678,3
4301.01,tess,NON_HABITABLE,2.62701,868.0,94.6613,6.5445251,0.06790313084378528,0.0,5686.0,0.98,0.9751997264305947,0.9044285914408801,G,-1.2115356934382011,3
4302.01,tess,NON_HABITABLE,2.5255313,492.9832275,13.958848,38.7619532,0.21774353711921296,0.0,5653.0,0.876001,0.9166529997490818,0.7060246367426868,G,-0.9527843071895269,3
4303.01,tess,NON_HABITABLE,4.3063675,1319.7436969,716.9343478,8.6110844,0.09596680650978738,0.0,6908.0,1.76524,1.590112627472691,6.39310070756918,F,-1.257632543669108,3
4304.01,tess,NON_HABITABLE,2.44317,912.0,115.206,15.5718552,0.1317996368404584,0.0,6352.33,1.31,1.2596282055140315,2.5175001614088863,F,-1.195456473583251,3
4304.03,tess,NON_HABITABLE,2.2998049,696.5022874,55.617465,31.7180208,0.21175159312868952,0.0,6352.33,1.30883,1.259065574134897,2.513005260885133,F,-1.1258422995379798,3
4305.01,tess,NON_HABITABLE,5.5931205,555.1292025,22.4438469,183.0019106,0.7648747924887305,0.0,6200.0,2.7539101,1.7825439498726214,10.096270692034626,F,-0.9781740792483234,3
4305.02,tess,NON_HABITABLE,5.1223706,437.3016226,8.6426188,374.3644315,1.2325834121599861,0.0,6200.0,2.7539101,1.7825439498726214,10.096270692034626,F,-0.7753024984362158,3
4306.01,tess,NON_HABITABLE,1.3513606,362.1910146,4.0669768,2.7299049,0.022251834305359642,0.0,2887.0,0.155498,0.19723449171686308,0.00151332240152179,M,-0.5215800352225883,3
4307.01,tess,NON_HABITABLE,1.3159881,614.7243418,33.7475807,32.696666,0.20681243389448023,0.0,6079.16,1.09843,1.1038331800426937,1.484614771714438,F,-1.0760078953450274,3
4307.02,tess,NON_HABITABLE,0.5531037,1177.3025181,454.0182322,4.6545798,0.05638470578924813,0.0,6079.16,1.09843,1.1038331800426937,1.484614771714438,F,-1.2461639237545725,3
4308.01,tess,NON_HABITABLE,2.45142,759.0,55.3616,9.1512776,0.07855618608835475,0.0,5015.0,0.79,0.772250433174596,0.35565804943558804,K,-1.12839581886881,3
4309.01,tess,NON_HABITABLE,2.5058764,405.3306898,6.3790933,87.22287,0.3608412705221088,0.0,5220.0,0.829943,0.8238882587006341,0.46075839303711186,G,-0.5772775918302029,3
431.01,tess,NON_HABITABLE,3.2809492,588.5612549,28.3587888,12.4610086,0.09438105932548083,0.0,4891.0,0.726632,0.7223182707065567,0.27221647199894816,K,-1.060625174586507,3
431.02,tess,NON_HABITABLE,1.4741529,1730.7192689,2120.4474663,0.4900589,0.01091477793502525,0.0,4891.0,0.726632,0.7223182707065567,0.27221647199894816,K,-1.2811107574535894,3
4310.01,tess,NON_HABITABLE,2.6735992,132.3381364,0.0724872,739.1670007,1.3582719731612554,0.0,4159.0,0.721084,0.611864881954688,0.14015936142306076,K,3.0,3
4311.01,tess,NON_HABITABLE,2.7293235,621.4981538,35.2598429,15.0700779,0.1119597164340682,0.0,5159.0,0.850729,0.8243940035939983,0.4618907837703206,K,-1.0828949579648124,3
4311.02,tess,NON_HABITABLE,1.4156529,1540.1309997,1329.6938235,0.9902892,0.018231657494437684,0.0,5159.0,0.850729,0.8243940035939983,0.4618907837703206,K,-1.2729705304423637,3
4313.01,tess,NON_HABITABLE,3.6003512,1370.0984633,832.7758427,6.8227645,0.07944629007469198,0.0,5781.0,2.0587699,1.437078698530288,4.265031155325546,G,-1.256923479281949,3
4315.01,tess,NON_HABITABLE,2.2912229,825.5991243,109.7988765,8.2861614,0.07911797886145402,0.0,5809.0,0.914215,0.9622750498120564,0.8574264995153664,G,-1.1921819439752568,3
4316.01,tess,NON_HABITABLE,10.4386,592.0,20.4393,20.2730282,0.1416492557620286,0.0,5742.0,0.86,0.9225418815165685,0.7243431633810427,G,-1.0805565600753593,3
4317.01,tess,HABITABILITY_ZONE,3.8800495,191.8448019,0.3201261,358.2825093,0.87741655909152,0.0,4354.29,0.865987,0.7020155207032325,0.2428772605785836,K,1.143854191084481,3
4318.01,tess,NON_HABITABLE,1.7532446,1578.3530385,1466.6875463,1.1343824,0.020598251012035263,0.0,5683.0,0.846842,0.9060507583604056,0.6739227429705673,G,-1.2753612519713047,3
4320.01,tess,NON_HABITABLE,1.93226,627.0,25.7431,25.1290153,0.16996427260923597,0.0,5871.0,1.04,1.0372953417984492,1.15773645974087,G,-1.0922330020049686,3
4322.01,tess,NON_HABITABLE,2.4168515,850.6234364,123.7286797,13.4190972,0.11493749759923329,0.0,5914.2,1.20531,1.1249133333193029,1.6013131038296808,G,-1.184759050771568,3
4324.01,tess,NON_HABITABLE,1.1306823,438.8091174,8.76241,6.2509468,0.048060171459232665,0.0,3479.0,0.395397,0.37900487070961686,0.020633797545984166,M,-0.8488147651933667,3
4325.01,tess,NON_HABITABLE,2.3990078,712.1282782,60.7790529,1.6500673,0.021016268969379023,0.0,3896.0,0.454049,0.45482464325508704,0.04279331693247429,K,-1.169922114619383,3
4326.01,tess,NON_HABITABLE,2.7599003,408.0376856,6.5512188,1826.0790324,3.0053604476876785,0.0,6034.49,1.07903,1.0860029606774189,1.3909900933054697,F,2.2021081664714623,3
4327.01,tess,NON_HABITABLE,3.44971,1428.0,691.538,0.8303285,0.013539763319625165,0.0,3672.0,0.57,0.4803013175037109,0.053217578785205694,M,-1.2290505761857262,3
4328.01,tess,HABITABILITY_ZONE,1.860295,189.7945133,0.3066589,703.79367,1.3760261565750287,0.0,4709.0,0.739835,0.7017296136027764,0.24248183955570618,K,2.541410395392747,3
4329.01,tess,NON_HABITABLE,20.8842189,2027.1156538,3990.5716341,2.9224661,0.04663536998379347,0.0,5520.0,2.7442901,1.584264770159634,6.299572218138175,G,-1.2843347495004822,3
4331.01,tess,NON_HABITABLE,6.62177,1351.0,554.218,2.9034242,0.04616637329921042,0.0,5992.0,2.25,1.5571725571725572,5.879588953771482,G,-1.2837024797683236,3
4333.01,tess,NON_HABITABLE,9.954598,1260.8869541,597.3455143,8.9021443,0.09654582558940802,0.0,6606.0,1.7521,1.5149269505080944,5.267041824088149,F,-1.2519636078215344,3
4334.01,tess,NON_HABITABLE,7.65998,806.0,70.2704,8.2197647,0.09474424274026874,0.0,6657.0,2.12,1.679268590884976,7.952078525126027,F,-1.2636372059112286,3
4336.01,tess,HABITABILITY_ZONE,2.0492403,290.9398052,1.6932987,16.3363665,0.08734914978243212,0.0,3365.0,0.326568,0.33315440458725043,0.01231919238599018,M,-0.2252826953083402,3
4338.01,tess,NON_HABITABLE,13.7499035,1191.0623003,475.6186937,7.4997158,0.07950747284627915,0.0,4979.2,1.90969,1.1921054830991065,2.0195692155532243,K,-1.2328344010702403,3
434.01,tess,NON_HABITABLE,13.8994523,949.6785627,192.2328216,4.3888516,0.04950005392054983,0.0,5175.0,0.877856,0.8400316949989641,0.4979465072637313,K,-1.2132624783133974,3
4340.01,tess,NON_HABITABLE,3.45609,1771.0,1634.14,2.6680587,0.04142069577172722,0.0,6406.0,1.44,1.331808731808732,3.1460631208481176,F,-1.2777578914902379,3
4342.01,tess,NON_HABITABLE,2.2721409,585.0169701,27.6818339,5.538329,0.049273197963754935,0.0,3883.0,0.598175,0.5203016429396409,0.07328596131860657,K,-1.0590861047793005,3
4342.02,tess,NON_HABITABLE,2.4642245,469.8807571,11.5205083,10.6886084,0.07637871720697108,0.0,3883.0,0.598175,0.5203016429396409,0.07328596131860657,K,-0.9210878261388211,3
4343.01,tess,NON_HABITABLE,1.8822681,791.2917217,92.6547078,11.5418525,0.10013979153770963,0.0,6112.0,0.901955,1.0056560215343182,1.0228167543958784,F,-1.1734743445365183,3
4344.01,tess,HABITABILITY_ZONE,3.2537107,290.8264482,1.6906613,731.4808779,1.7998591258972725,0.0,5854.0,2.0546,1.4537510371162987,4.466426075001127,G,-0.1361685985778677,3
4345.01,tess,NON_HABITABLE,2.3547529,2005.9611934,3826.582755,12.8910022,0.14158639146280902,0.0,31000.0,0.18,2.2786185256531155,26.9579271809912,O,-1.2723592343472627,3
4347.01,tess,NON_HABITABLE,4.0299536,831.4184898,112.9275005,35.3573239,0.24900497397864554,0.0,7607.0,1.56285,1.6475770825308038,7.368565858704318,A,-1.1835154884354477,3
4348.01,tess,HABITABILITY_ZONE,2.8742544,304.6652609,2.036164,602.2450921,1.5793394757568433,0.0,6128.0,1.8626699,1.448973298772367,4.407999433269529,F,-0.27317662829762324,3
4349.01,tess,NON_HABITABLE,2.343896,109.0750517,0.033452,749.1605231,1.2799699995191485,0.0,3851.0,0.558169,0.49845970087764635,0.06173340191774631,K,3.0,3
435.01,tess,NON_HABITABLE,5.2933196,753.6642219,76.2487269,3.352907,0.036250843284814684,0.0,3978.0,0.672832,0.5653166485035067,0.10213323832965472,K,-1.1536066890082162,3
4350.01,tess,NON_HABITABLE,1.4450569,1168.2220295,440.1721572,4.8759656,0.05813416365227238,0.0,5937.0,1.1487499,1.1024362110370702,1.4771135402189506,G,-1.2440182689528874,3
4351.01,tess,NON_HABITABLE,2.4401617,588.5264649,28.3520842,20.1459438,0.13811981098866669,0.0,5303.0,0.888701,0.8661101718749512,0.5627202662968838,G,-1.056175856110774,3
4352.01,tess,NON_HABITABLE,1.692303,695.1290314,55.1801287,11.8918633,0.097124912563065,0.0,5461.0,0.834552,0.8643160052142779,0.5580719841403355,G,-1.130754159359121,3
4353.01,tess,HABITABILITY_ZONE,1.3653089,206.6824792,0.4312565,718.1809317,1.1645385964657176,0.0,3614.0,0.425623,0.4084833602587883,0.027841810951412943,M,3.0,3
4354.01,tess,NON_HABITABLE,2.7943472,806.8992976,100.1839963,10.6306165,0.09394594048703461,0.0,5737.0,0.969791,0.9788082070891472,0.9178895142949464,G,-1.1747955209586134,3
4356.01,tess,HABITABILITY_ZONE,4.054669,306.4736219,2.0849393,579.6472035,1.5570122552713588,0.0,6855.0,1.5925601,1.4987495028959223,5.045639387895259,F,-0.35459831925969704,3
4358.01,tess,HABITABILITY_ZONE,2.3777411,347.8145617,3.4586932,97.6087634,0.40303145264936013,0.0,5830.0,0.823673,0.9166839920065172,0.7061201250334426,G,-0.6489060547998456,3
4360.01,tess,NON_HABITABLE,1.6050039,481.4467281,12.6973754,3.0749507,0.028075176541196824,0.0,3246.0,0.308247,0.3122278383695704,0.009503563685126516,M,-0.9130209955430121,3
4361.01,tess,HABITABILITY_ZONE,2.776093,225.5133746,0.6112378,741.4238314,1.6735992683228693,0.0,5944.0,1.22039,1.137631996966427,1.6749706212977207,G,0.4723295651384344,3
4362.01,tess,NON_HABITABLE,2.6024598,1271.9314814,618.5515054,7.5480709,0.08530032274631813,0.0,6688.0,1.57319,1.453317591958544,4.461101682988366,F,-1.2542817393922758,3
4363.01,tess,NON_HABITABLE,1.8325534,884.7099373,144.785351,2.118659,0.026868535741971497,0.0,4002.0,0.69132,0.5764880676100473,0.11044887332915254,K,-1.1985165654226246,3
4364.01,tess,NON_HABITABLE,2.093707,487.360439,13.3328224,5.4240691,0.045022911195588565,0.0,3500.0,0.465777,0.4138383573843675,0.029330736368087206,M,-0.9476182712384488,3
4365.01,tess,NON_HABITABLE,5.0917,1483.0,803.224,3.3784364,0.048070372410530686,0.0,6311.0,1.41,1.2983190040072123,2.841356035602933,F,-1.2706389889562364,3
4366.01,tess,NON_HABITABLE,4.35478,1123.0,264.845,2.6374449,0.04076140794819215,0.0,5355.0,1.96,1.2988565488565489,2.8460646014312996,G,-1.2766426903417767,3
4367.01,tess,NON_HABITABLE,4.90076,2671.0,8453.85,2.5025812,0.03516173534864098,0.0,5603.0,0.91,0.9260085491232063,0.7352922437461894,G,-1.2534279941300277,3
4369.01,tess,NON_HABITABLE,3.5804,1090.0,234.695,13.576858,0.13657114467509598,0.0,6730.0,2.5,1.8435662381265758,11.551409622146231,F,-1.2545614805067615,3
437.01,tess,NON_HABITABLE,11.9292388,1067.0824537,306.4170427,2.7439029,0.03549525189776012,0.0,4860.0,0.885702,0.7924169552627812,0.3942893422013363,K,-1.232034113273122,3
4370.01,tess,NON_HABITABLE,2.3454,2074.0,3075.23,2.5610662,0.041666557032242584,0.0,6161.0,1.9,1.4713015308667334,4.686048157062441,F,-1.2834150021717088,3
4371.01,tess,NON_HABITABLE,4.5487,2239.0,4172.86,1.0604139,0.02209224237412079,0.0,5801.2,1.62,1.2792311410663406,2.677910712654077,G,-1.2913367270844354,3
4372.01,tess,NON_HABITABLE,2.81574,1179.235892833612,457.343,3.2751914,0.04267209627881156,0.0,5496.0,1.03,0.9663601531834172,0.872079456414233,G,-1.2469648769965822,4
4373.01,tess,NON_HABITABLE,5.90656,1165.0,306.797,5.9422824,0.07504045723896689,0.0,7217.6,1.63,1.596468263487166,6.495927334977539,F,-1.269364383448942,3
4374.01,tess,NON_HABITABLE,7.74981,1186.0,328.707,13.2689495,0.15493403087258265,0.0,9635.0,2.85,2.818044368684206,63.06542202235103,A,-1.2830541963315931,3
4376.01,tess,NON_HABITABLE,4.49321,2347.0,5042.03,1.6089592,0.033250244193257825,0.0,7029.0,2.42,1.8944140406986372,12.879518152622808,F,-1.29717394701804,3
4377.01,tess,NON_HABITABLE,14.3632742,1162.0764027,430.9825946,4.3780194,0.0609066452401544,0.0,4913.0,3.41348,1.5726030840047744,6.11612696075007,K,-1.2760001740457303,3
4378.01,tess,NON_HABITABLE,9.4235411,1922.9650992,3231.5182291,1.0690665,0.021085380062642906,0.0,5930.0,1.13442,1.0942468579335012,1.4337097310330116,G,-1.2856729606241948,3
4379.01,tess,NON_HABITABLE,16.5212632,1869.3790626,2886.0941768,3.2535266,0.05008851620283975,0.0,6368.0,2.06072,1.583748532064855,6.291365281988006,F,-1.282420608536352,3
438.01,tess,NON_HABITABLE,2.8132678,831.7839537,113.1261881,5.8123508,0.05887492913632464,0.0,5210.8,0.796856,0.8058755981630149,0.4217664423121288,G,-1.184997844076148,3
4381.01,tess,NON_HABITABLE,16.7115651,1375.7109888,846.5055834,1.4974223,0.024305894598779593,0.0,5377.0,0.841058,0.8543320264325359,0.5327295022665318,G,-1.2640463442243992,3
4382.01,tess,NON_HABITABLE,3.7848,1044.7493296,281.558995,10.6895417,0.10383524609407227,0.0,6255.0,1.45476,1.3070634402446846,2.918681254681298,F,-1.2261754405680498,3
4384.01,tess,NON_HABITABLE,6.37558,1326.0,513.65,14.3171998,0.13689967946157428,0.0,7596.0,1.61,1.6698273561547914,7.774747379434682,A,-1.2422750174544614,3
4385.01,tess,NON_HABITABLE,14.1810894,1602.074328,1556.8674784,9.2172172,0.10785456774512885,0.0,6840.0,2.7639699,1.970137029866429,15.065575825018481,F,-1.2716457331255073,3
4386.01,tess,NON_HABITABLE,5.85423,1657.0,1252.91,2.0134389,0.03839486463894921,0.0,8127.0,1.75,1.862614423511948,12.036267930851439,A,-1.2946904330901308,3
4387.01,tess,NON_HABITABLE,16.7501675,2106.5845241,4654.1090944,3.562038,0.05655099116286548,0.0,7042.0,2.42923,1.9015336545469266,13.074228319975706,F,-1.2883878518253231,3
4388.01,tess,NON_HABITABLE,5.7449202,1041.2520477,277.8078259,4.4742339,0.0517681598397935,0.0,5225.05,1.04312,0.92455183400127,0.7306763618989978,G,-1.2264741188047679,3
4389.01,tess,NON_HABITABLE,18.1901191,1456.8558039,1064.6019947,11.4041935,0.12172247597875759,0.0,6160.0,3.0048201,1.849965492636002,11.712632323697619,F,-1.2609237622835603,3
439.01,tess,NON_HABITABLE,14.5222913,1455.975026,1062.0298035,3.85589,0.05245241961069721,0.0,6244.5,1.43256,1.2948747368638591,2.811324848950145,F,-1.2668275831003175,3
4392.01,tess,NON_HABITABLE,6.3435,1600.0,1088.68,3.9693722,0.06075263407500881,0.0,7030.0,2.43,1.8985941544505,12.993572009252123,F,-1.2867145517307759,3
4393.01,tess,NON_HABITABLE,6.4197,1344.0,541.948,2.2676081,0.03831906540034967,0.0,5958.0,2.0,1.4597859328861573,4.5410543221370485,G,-1.2851598582174124,3
4395.01,tess,NON_HABITABLE,7.61924,2089.0,3166.13,3.7590079,0.06757530248681322,0.0,9505.0,3.13,2.9133855882385484,72.04301341780372,A,-1.2989705491141288,3
4399.01,tess,NON_HABITABLE,3.004038,981.4576128,219.2841258,7.7121208,0.07843704166323284,0.0,5985.4,1.08958,1.0824215206899883,1.3727317330158735,G,-1.2176746090393382,3
4400.01,tess,NON_HABITABLE,19.7963184,1190.1619021,474.1821245,7.0642486,0.07686306867815533,0.0,5478.8,1.63563,1.2139524011417364,2.171734016360551,G,-1.2380579658697008,3
4401.01,tess,NON_HABITABLE,1.7032799,2118.717907,4762.264913,0.450264,0.01102292085107953,0.0,5366.0,0.898718,0.8813249518725851,0.6033151953439015,G,-1.2903841815847208,3
4402.01,tess,NON_HABITABLE,1.6399568,1262.4182224,600.2525597,3.6989939,0.048021023620100876,0.0,5811.0,1.15018,1.0797108330552216,1.3590324768030548,G,-1.2531702439967352,3
4403.01,tess,NON_HABITABLE,3.0395927,1456.0031408,1062.111837,4.4620528,0.057208700010211874,0.0,5515.2,1.72395,1.2545768703307083,2.477359914354438,G,-1.2598484329279818,3
4404.01,tess,NON_HABITABLE,17.70843,673.1703229,48.5311797,39.6251926,0.24654076446571968,0.0,5869.0,1.56795,1.2732212894457364,2.6279407376002273,G,-1.100335646330297,3
4405.01,tess,NON_HABITABLE,2.8781652,671.8651016,48.1558813,5.9214231,0.054803200781607504,0.0,4361.0,0.687025,0.6262475425197043,0.15380984644762224,K,-1.117350510505087,3
4405.02,tess,NON_HABITABLE,1.3599954,1180.0342431,458.2468016,1.0929203,0.017765639980734355,0.0,4361.0,0.687025,0.6262475425197043,0.15380984644762224,K,-1.2475102409680945,3
4406.01,tess,NON_HABITABLE,12.1275255,703.8608065,58.0053608,30.083503,0.20207543549910015,0.0,5906.5,1.41293,1.216365823190127,2.1890558211252515,G,-1.121703579163835,3
4407.01,tess,NON_HABITABLE,3.3078706,921.6187961,170.5007507,7.1366507,0.07185104903411717,0.0,5559.0,1.01775,0.9716076087404493,0.8911763004997112,G,-1.2050428549867251,3
4408.01,tess,NON_HABITABLE,3.5135858,937.7646859,182.7664593,2.054238,0.02690456952175536,0.0,4389.0,0.655595,0.6156828760744181,0.1436905804272496,K,-1.2121209913994722,3
4409.01,tess,HABITABILITY_ZONE,7.7703331,305.0532485,2.0465559,92.4918048,0.36053674847935263,0.0,4930.5,0.732008,0.7308404131131974,0.2852924099910538,K,-0.3796267919539732,3
4410.01,tess,NON_HABITABLE,2.5512622,577.1880843,26.2295252,26.0179101,0.16644683095311488,0.0,5489.0,0.913252,0.9087872478144357,0.6821013316578746,G,-1.0321784408517132,3
4411.01,tess,NON_HABITABLE,2.67656,912.0,114.929,13.7748361,0.12325210962754655,0.0,6266.98,1.47,1.31640842671736,3.0030503565428397,F,-1.2119178003374391,3
4412.01,tess,NON_HABITABLE,6.38274,2299.0,4644.28,2.0340967,0.03748983294358725,0.0,6849.0,2.05,1.6989389546496836,8.331267850324817,F,-1.2920420842839575,3
4413.01,tess,NON_HABITABLE,1.08366,1065.0,214.229,4.4719937,0.05084244829767202,0.0,5364.0,0.89,0.8767130074904993,0.5907854628620292,G,-1.2187763256279698,3
4416.01,tess,NON_HABITABLE,15.2895,1158.0,299.515,9.3305377,0.09957721893304324,0.0,6238.0,1.96,1.513028413028413,5.240688357188093,F,-1.2499929626245705,3
4417.01,tess,NON_HABITABLE,2.88855,804.0,69.4717,5.2574854,0.05332692336888402,0.0,4846.0,0.76,0.7319204532362475,0.28698257898295504,K,-1.1727462214438136,3
4418.01,tess,NON_HABITABLE,2.26441,711.0,42.4746,7.6247217,0.07148437219472709,0.0,5343.0,0.82,0.8382349756248825,0.4936999824863298,G,-1.169724689596477,3
4418.02,tess,NON_HABITABLE,2.81726,531.0,13.2098,25.7086236,0.1607364331409667,0.0,5343.0,0.82,0.8382349756248825,0.4936999824863298,G,-0.9946541663025011,3
4419.01,tess,NON_HABITABLE,2.42196,696.0,39.0235,16.155134,0.12536976235039762,0.0,5785.0,1.01,1.0072510476123415,1.0293211843360155,G,-1.1396319881222001,3
442.01,tess,NON_HABITABLE,4.9523134,635.4908204,38.5441194,4.0520368,0.03975208457397558,0.0,3779.0,0.607751,0.510403225850666,0.06786621712268733,K,-1.0996336168865495,3
4420.01,tess,NON_HABITABLE,16.7543131,1543.7606642,1342.2730931,4.7259317,0.06259885040437203,0.0,6203.0,1.85891,1.4652260813457434,4.6091258065063405,F,-1.2697565742023575,3
4422.01,tess,NON_HABITABLE,15.7889,2317.0,4791.11,4.90826,0.06968363337749144,0.0,7995.0,1.83,1.8737760797203242,12.32737938941099,A,-1.2825893162369102,3
4424.01,tess,NON_HABITABLE,2.00179,527.0,12.8216,17.7424733,0.11870965553407845,0.0,4926.2,0.69,0.7089412763947854,0.2526044815949618,K,-0.9844127480196557,3
4425.01,tess,NON_HABITABLE,11.0171044,1346.375787,776.5799485,5.412802,0.06684994803976783,0.0,6468.0,1.47364,1.3603146946185938,3.4241876610609103,F,-1.2601526273262227,3
4426.01,tess,NON_HABITABLE,14.5499431,1061.5900983,300.1569738,3.905126,0.04698617235567028,0.0,5381.0,0.947475,0.9074454959524523,0.6780819712417627,G,-1.2313012366239902,3
4427.01,tess,NON_HABITABLE,13.3976162,964.8475089,204.8121523,4.6182631,0.051821061277007495,0.0,5328.0,0.889218,0.8704463658029971,0.5740742480305895,G,-1.2156787784013467,3
4428.01,tess,NON_HABITABLE,14.8951809,1721.8944712,2077.5291591,1.8555745,0.03107371102028764,0.0,5651.75,1.40959,1.1625269392786608,1.8264681459030665,G,-1.2782540173710095,3
4429.01,tess,NON_HABITABLE,12.8140087,1163.188716,432.6350726,3.4505658,0.044020762123277185,0.0,5402.0,1.04301,0.9558120327825101,0.8346222808296193,G,-1.2435325435316225,3
443.01,tess,NON_HABITABLE,13.382013,1455.8120076,1061.5542425,3.3106692,0.046381661685020524,0.0,6030.0,1.3514301,1.2144727747498476,2.175460158917859,F,-1.2666025581247145,3
4430.01,tess,NON_HABITABLE,12.2701,1345.0,543.643,6.6363577,0.07239365846340516,0.0,5490.0,1.46,1.1492710047649721,1.7445756226350997,G,-1.2344025070355369,3
4431.01,tess,NON_HABITABLE,18.1759557,1576.376555,1459.3547301,4.8854844,0.06440371177681808,0.0,5974.0,2.0812199,1.4931308916949533,4.970402088169716,G,-1.2701288540998628,3
4432.01,tess,NON_HABITABLE,25.3471107,961.0799713,201.6318379,3.0413391,0.03662426578952874,0.0,4034.0,1.02777,0.708528851959901,0.2520171867683573,K,-1.209393811413344,3
4434.01,tess,NON_HABITABLE,13.9748499,1288.4205473,651.2557496,2.6843081,0.03757402138744518,0.0,5616.02,1.01895,0.9821521239238673,0.9304971357233238,G,-1.2562579359461181,3
4435.01,tess,NON_HABITABLE,12.1210086,946.6123519,189.762184,3.5256535,0.0415049947900326,0.0,5003.05,0.783768,0.7673655263435502,0.34674414704688133,K,-1.2127979982185986,3
4436.01,tess,NON_HABITABLE,20.9577864,2236.2766989,5910.4855015,1.7590566,0.03286917563993992,0.0,6250.0,1.9992501,1.5310425413940518,5.494763851890613,F,-1.2906174326069122,3
4437.01,tess,NON_HABITABLE,16.0223,1198.0,342.766,5.8929985,0.06705985453375328,0.0,6182.0,1.17,1.1584988557649887,1.8012850175066615,F,-1.2410785043922028,3
4438.01,tess,NON_HABITABLE,2.4048644,392.8439471,5.6286114,7.4463034,0.05289812006198005,0.0,3353.0,0.375859,0.35613914192453777,0.016087139652161766,M,-0.7351296144390385,3
4439.01,tess,NON_HABITABLE,13.059562,1137.3474484,395.4518688,3.3792358,0.043063311334503404,0.0,5529.0,0.948617,0.9329657896657445,0.7576399673197403,G,-1.2417562576759937,3
444.01,tess,NON_HABITABLE,3.2970197,561.3646044,23.4693523,17.9635083,0.12500030448567492,0.0,5229.0,0.794471,0.8074791997719812,0.42513354662936453,G,-1.0457178805534133,3
4441.01,tess,NON_HABITABLE,18.8478934,1831.5756099,2659.6250101,4.3745757,0.0635483289680222,0.0,7305.0,1.99827,1.7890438361898033,10.244338685453508,F,-1.2825788105257614,3
4442.01,tess,NON_HABITABLE,16.7752,1494.0,827.311,4.0434287,0.05689476898619065,0.0,6557.0,1.75,1.5027885781921795,5.100250914034121,F,-1.275221519226836,3
4443.01,tess,NON_HABITABLE,1.7193265,1499.3048942,1194.2103654,1.8498567,0.02968171048626818,0.0,5834.0,1.0173301,1.019462016945453,1.0801503183908114,G,-1.270581735102694,3
4443.02,tess,NON_HABITABLE,2.2122841,845.6661185,120.8695,10.3088724,0.09329770829770626,0.0,5834.0,1.0173301,1.019462016945453,1.0801503183908114,G,-1.186219014480863,3
4444.01,tess,NON_HABITABLE,12.4231453,1223.0165958,528.7500273,5.2410659,0.06259639522601189,0.0,6064.0,1.28562,1.1912123303775923,2.013523584105594,F,-1.249144252300693,3
4445.01,tess,NON_HABITABLE,8.8893197,1097.038628,342.3014046,4.2253498,0.05059550766183794,0.0,5501.0,1.03122,0.9678119633128589,0.8773319487277079,G,-1.2354948099348806,3
4446.01,tess,NON_HABITABLE,12.9928631,756.7539667,77.5068035,2.4552388,0.028552317372920195,0.0,3792.0,0.614823,0.5151302563961035,0.07041549497002922,K,-1.1616459591060466,3
4447.01,tess,NON_HABITABLE,9.3574411,749.515043,74.5834411,4.1596197,0.043115048712704204,0.0,4230.0,0.711036,0.6179592534492764,0.1458274761047421,K,-1.154334078105585,3
4449.01,tess,NON_HABITABLE,13.4019,1186.0,328.515,2.7519172,0.04023987925123282,0.0,5856.0,1.28,1.1478357063419051,1.7358768917839713,G,-1.267849048582701,3
445.01,tess,NON_HABITABLE,12.9538,2971.0,12939.9,0.7649571,0.018328688345689556,0.0,6307.9,1.65,1.4037845215343339,3.8833076459236557,F,-1.2971242937806065,3
4450.01,tess,NON_HABITABLE,4.01292,865.0,93.3426,10.6925011,0.09762708475073956,0.0,5844.0,1.15,1.085757417577937,1.389732519565088,G,-1.1958051663262033,3
4451.01,tess,NON_HABITABLE,3.6624912,947.2477653,190.2722086,8.8517354,0.08654079431573371,0.0,6138.0,1.07689,1.10353530955171,1.4830129211097909,F,-1.212000070539614,3
4452.01,tess,NON_HABITABLE,13.9171881,1228.3213942,537.9836369,3.4149091,0.044518883383560665,0.0,5480.0,1.13032,1.009380573639922,1.0380535750541018,G,-1.2497206049307743,3
4454.01,tess,NON_HABITABLE,16.2108254,1332.2108185,744.4110758,3.1208396,0.04296998026493141,0.0,5983.0,1.09921,1.0867584251647588,1.3948646338874642,G,-1.2597986244382544,3
4455.01,tess,NON_HABITABLE,10.7011777,1991.4697226,3717.1991885,1.5449334,0.028519587109757546,0.0,6136.25,1.4874001,1.296554049282995,2.8259371806642286,F,-1.2865610141898673,3
4456.01,tess,NON_HABITABLE,15.3204961,1187.1118303,469.3399619,4.9427985,0.058749950073230923,0.0,5550.93,1.32567,1.107279201403719,1.503240852139658,G,-1.2439014741536438,3
4457.01,tess,NON_HABITABLE,10.5529773,1136.2956303,393.9910424,3.2175184,0.04146255103769226,0.0,5549.0,0.912927,0.9185576706347675,0.7119110153540849,G,-1.2422151786620756,3
4458.01,tess,NON_HABITABLE,13.6344163,1703.4303761,1989.8418083,3.939371,0.055640489547306556,0.0,5904.4,2.0955601,1.4808105829166491,4.8083717631552805,G,-1.274971550945092,3
4459.01,tess,NON_HABITABLE,6.43097,528.0,12.9407,5.7475343,0.04966691808165127,0.0,3750.0,0.58,0.4947877537593495,0.05993434567654535,K,-1.0303314663705847,3
446.01,tess,NON_HABITABLE,22.103526,1648.3426761,1744.6608389,3.5018023,0.05083062726776264,0.0,6383.9,1.66889,1.4288071314471502,4.167680680567154,F,-1.2756267465460267,3
4460.01,tess,NON_HABITABLE,3.15161,917.0,117.442,28.6648749,0.16224135207859766,0.0,4818.0,0.69,0.6933699544618726,0.23113199848252777,K,-0.8448310431905883,3
4462.01,tess,NON_HABITABLE,9.33912,1566.0,999.403,4.9133022,0.06433533761785094,0.0,5918.0,2.06,1.4715744829990045,4.689526499978384,G,-1.2689973785562771,3
4463.01,tess,NON_HABITABLE,22.4297,1421.0,678.487,2.88069,0.039651768245817676,0.0,5541.0,1.09,1.0022477194364754,1.0090212366515132,G,-1.2555383822434911,3
4464.01,tess,NON_HABITABLE,7.65886,841.0,83.2088,8.0379975,0.09848779400320033,0.0,5022.0,5.14,1.9725678271949332,15.140066468075492,K,-1.2750578807385209,3
4466.01,tess,NON_HABITABLE,13.4911728,1511.3642562,1233.0979889,5.0141991,0.06570352568314794,0.0,6669.0,1.69675,1.5050236480078378,5.130660709465371,F,-1.2699647010857704,3
4467.01,tess,NON_HABITABLE,4.9169842,829.914194,112.1124314,7.7942155,0.0741792278062344,0.0,5461.54,0.897403,0.8963601793777461,0.6455504963535618,G,-1.1826975508859106,3
4468.01,tess,NON_HABITABLE,12.2577,1058.0,208.594,2.7708596,0.03532723386876184,0.0,4975.0,0.79,0.7660909082838715,0.34444606939894284,K,-1.226982110792187,3
4468.02,tess,NON_HABITABLE,3.6528621,752.2846294,75.6935339,7.014001,0.06560647501469549,0.0,4975.0,0.789304,0.765753366028964,0.3438394140577964,K,-1.1557395259925618,3
4469.01,tess,NON_HABITABLE,13.6857367,832.6796495,113.6142497,2.6634154,0.031499393316023284,0.0,4051.0,0.701369,0.5877724202011219,0.11935395535893027,K,-1.1842795942695437,3
447.01,tess,NON_HABITABLE,23.5458512,1234.7287098,549.2969498,5.5292743,0.06568859351168056,0.0,6350.0,1.26396,1.2368415546662703,2.340217765643806,F,-1.250761574089039,3
4470.01,tess,NON_HABITABLE,13.3010355,1101.6954166,348.1506195,2.2185748,0.03047125005833014,0.0,5023.0,0.776484,0.7668370915682565,0.3457900125364844,K,-1.2385249291655949,3
4471.01,tess,NON_HABITABLE,14.5800064,1278.4960939,631.4204214,3.2432488,0.04353612538615293,0.0,5778.0,1.09304,1.0465723164360743,1.1997119119849573,G,-1.255161405642671,3
4472.01,tess,NON_HABITABLE,14.548121,1382.3219455,862.8947232,8.6004516,0.09575144642721801,0.0,6011.95,2.3108399,1.5833392085049514,6.28486372999944,F,-1.2573024196994205,3
4473.01,tess,NON_HABITABLE,11.7557579,980.0208686,218.0029128,3.7970076,0.04465305476810246,0.0,5211.36,0.832631,0.8238554915237855,0.46068509741273145,G,-1.2192709070480379,3
4474.01,tess,NON_HABITABLE,10.9625327,1198.2496832,487.2033805,3.3119026,0.043037168309388064,0.0,5355.0,1.09206,0.9695191746907407,0.8835387696356669,G,-1.2468393252176546,3
4475.01,tess,NON_HABITABLE,12.1416042,1171.9596007,445.8323379,3.578757,0.045454244291594524,0.0,5482.59,1.06062,0.97822634172137,0.915708853932125,G,-1.2444764288247179,3
4476.01,tess,NON_HABITABLE,14.3739674,1652.2561498,1761.2885419,1.5947535,0.02727274411947434,0.0,5703.0,1.15986,1.0640936089143365,1.282092439265288,G,-1.2767466277996578,3
4478.01,tess,NON_HABITABLE,7.78435,1475.0,787.087,2.7586362,0.039520030115871095,0.0,5774.0,1.17,1.0820401800690786,1.3707982836463677,G,-1.2634215390956784,3
4479.01,tess,NON_HABITABLE,2.6829722,781.5723494,88.1856149,1.1589013,0.015784481882708028,0.0,3449.0,0.427389,0.3906416467660841,0.02328703351741677,M,-1.1673827514088002,3
448.01,tess,NON_HABITABLE,8.3888941,1428.2525761,983.4245957,0.8820624,0.016101086378927668,0.0,4669.0,0.782888,0.7157269486935056,0.26241549690768273,K,-1.2666235397390198,3
4480.01,tess,NON_HABITABLE,16.8088001,2306.6027861,6689.7863925,3.8493846,0.06058712755220965,0.0,5843.47,3.9119101,2.0023450991283123,16.07517526306914,G,-1.2891162709975137,3
4481.01,tess,NON_HABITABLE,1.67823,1162.0,303.547,0.9263237,0.013769833042852819,0.0,3573.0,0.43,0.4059204408754513,0.027149615681756528,M,-1.1947644097351209,3
4482.01,tess,NON_HABITABLE,14.4894174,1229.1274806,539.3972356,2.8164979,0.038287275633702704,0.0,5413.0,1.0130399,0.9438978137207444,0.7937795766943735,G,-1.2507148586294479,3
4483.01,tess,NON_HABITABLE,20.3177656,1045.4454298,282.3101387,1.752217,0.02463167537859761,0.0,4355.0,0.740712,0.6493614865948742,0.1778058758656989,K,-1.2294338539601108,3
4484.01,tess,NON_HABITABLE,15.2271225,1012.661107,248.5292583,2.6890703,0.034290748121627794,0.0,4844.0,0.785703,0.7438870832451915,0.3062161352552242,K,-1.2245372005803772,3
4485.01,tess,NON_HABITABLE,16.7317044,1124.6340774,378.0645504,7.3405675,0.07878333641677464,0.0,5828.81,1.4372801,1.21066582397569,2.148310896984263,G,-1.2358614686773541,3
4486.01,tess,NON_HABITABLE,17.4501,2267.0,4392.03,2.6915408,0.045078913956688144,0.0,6955.0,1.96,1.686936936936937,8.098328516042981,F,-1.288110942400376,3
4487.01,tess,NON_HABITABLE,13.1238,1477.0,792.078,3.9540617,0.05341234849681158,0.0,5773.0,1.69,1.300225225225225,2.8580797937044067,G,-1.2663991209734196,3
4488.01,tess,NON_HABITABLE,13.8017218,997.225629,233.7193811,4.45417,0.05097429981091072,0.0,5353.54,0.922087,0.8906368890805925,0.6292202869390909,G,-1.2213754939200865,3
4489.01,tess,NON_HABITABLE,12.0149088,1149.3363399,412.3913581,2.7974757,0.037286942315781856,0.0,5477.0,0.867368,0.8837269844451752,0.609919425011574,G,-1.2441401943491477,3
449.01,tess,NON_HABITABLE,18.7874019,2124.2969654,4812.6238237,2.1751729,0.038147784956359815,0.0,6291.0,2.0625999,1.5653117992334424,6.003485081627828,F,-1.2884851404759214,3
4490.01,tess,NON_HABITABLE,22.5105621,1539.4228275,1327.2498679,2.0523417,0.03242906621414224,0.0,5767.0,1.16875,1.0801509226117938,1.3612495955224422,G,-1.2716351596207793,3
4491.01,tess,NON_HABITABLE,2.22447,731.0,47.6469,5.006622,0.046571811942480563,0.0,4006.0,0.6,0.537601222623247,0.08352971332639637,K,-1.08785338903293,3
4492.01,tess,NON_HABITABLE,12.5157,1268.0,430.349,4.4331838,0.05455330453797956,0.0,5667.0,1.26,1.102077568131389,1.4751923484672533,G,-1.2480387515659175,3
4493.01,tess,NON_HABITABLE,4.68666,1491.0,820.873,1.5076298,0.029066165164788167,0.0,4954.0,2.82,1.4412994934172034,4.315359048770454,K,-1.290658996185464,3
4495.01,tess,NON_HABITABLE,3.63045,1202.0,346.626,5.1830043,0.06287854143259818,0.0,6156.0,1.34,1.2345954950377103,2.323265009940301,F,-1.2530869651041534,3
4495.02,tess,NON_HABITABLE,2.18392,1567.0,1001.28,2.5693728,0.03938517937447982,0.0,6156.0,1.34,1.2345954950377103,2.323265009940301,F,-1.2743302722457208,3
4497.01,tess,NON_HABITABLE,16.1928,1619.0,1141.26,3.6001959,0.05425439602881037,0.0,7172.0,1.75,1.6437394666454648,7.3001524769956925,F,-1.2822678838723376,3
4499.01,tess,NON_HABITABLE,2.05978,1352.0,555.873,3.4902115,0.04655940451276211,0.0,6111.0,1.09,1.1053484593893343,1.4927835514883823,F,-1.257422089372075,3
4499.02,tess,NON_HABITABLE,2.07738,1219.0,366.683,5.5387718,0.06334542222759525,0.0,6111.0,1.09,1.1053484593893343,1.4927835514883823,F,-1.2384866411834774,3
450.01,tess,HABITABILITY_ZONE,14.037554,339.8915287,3.1541502,10.7148661,0.0666361314579403,0.0,3054.0,0.422267,0.3438240737602291,0.013974784734800535,M,-0.5330461921405204,3
4501.01,tess,NON_HABITABLE,3.57655,4867.0,93196.9,2.0348789,0.042420323004702866,0.0,8279.0,2.94,2.459377669153041,36.58481822222176,A,-1.3002773045199294,3
4503.01,tess,HABITABILITY_ZONE,2.0928405,243.9123864,0.8364817,710.6982018,1.4615516317585695,0.0,5334.0,0.796254,0.8246174151399461,0.46239167867627506,G,1.6524006304618752,3
4504.01,tess,HABITABILITY_ZONE,11.4756331,182.8021957,0.2639044,82.9294114,0.35868696991162097,0.0,5271.0,0.960919,0.8951794093507152,0.6421556920677224,G,-0.6930334375321447,3
4504.02,tess,NON_HABITABLE,2.6600255,1234.029846,548.0543839,2.4261538,0.03405561785733814,0.0,5271.0,0.960919,0.8951794093507152,0.6421556920677224,G,-1.2513707152672144,3
4505.01,tess,NON_HABITABLE,17.3337286,1052.1008534,289.5679511,19.4723789,0.170552481934181,0.0,7182.7,1.9674799,1.7454867536083776,9.282527174966098,F,-1.2327906491229499,3
4506.01,tess,HABITABILITY_ZONE,2.9859726,299.447353,1.9002158,5.4107024,0.036353911515019634,0.0,2938.0,0.185013,0.21894074507479863,0.002297769004496642,M,-0.26468345992760745,3
4507.01,tess,NON_HABITABLE,15.8235575,562.0116791,23.5777503,104.6162557,0.49620502916883735,0.0,6115.26,1.97585,1.489243076419743,4.918836180829525,F,-1.0015845955618714,3
4508.01,tess,NON_HABITABLE,2.1135466,492.9988422,13.9606166,3.4672779,0.031229860829788184,0.0,3383.0,0.332564,0.3379973481581886,0.013051281942934841,M,-0.9331790287393832,3
451.01,tess,NON_HABITABLE,3.9248322,634.2219521,38.2371999,16.364873,0.12082519505452592,0.0,5481.0,0.856226,0.8786738170060291,0.5960884973924973,G,-1.0942541393786458,3
451.02,tess,NON_HABITABLE,1.9323657,1309.6200353,695.1879631,1.8586624,0.02833670969995237,0.0,5481.0,0.856226,0.8786738170060291,0.5960884973924973,G,-1.2593585324267726,3
451.03,tess,NON_HABITABLE,2.7251006,768.6995876,82.5177911,9.1910792,0.08224826606028214,0.0,5481.0,0.856226,0.8786738170060291,0.5960884973924973,G,-1.1631191491454032,3
4510.01,tess,NON_HABITABLE,4.4714848,477.6516387,12.3017271,194.2432864,0.7820886899711569,0.0,7923.0,1.5184,1.6914393545022481,8.185132689828366,A,-0.9331793060508097,3
4511.01,tess,NON_HABITABLE,4.53003,1260.0,419.568,20.9040576,0.1479606145694629,0.0,5708.0,1.0,0.988911988911989,0.9563801818852152,G,-1.1014188311713766,3
4511.02,tess,NON_HABITABLE,5.76837,1542.0,938.995,10.9776867,0.09630886962638538,0.0,5708.0,1.0,0.988911988911989,0.9563801818852152,G,-1.174212908589853,3
4512.01,tess,NON_HABITABLE,3.2870868,464.0100077,10.9554543,19.5620458,0.12250613990100552,0.0,4246.8,0.758892,0.6409519506503729,0.1687725819162109,K,-0.8989514932281094,3
4513.01,tess,NON_HABITABLE,2.22799,653.0,30.3621,9.7607632,0.08504356145094398,0.0,5558.0,0.8,0.86126582251863,0.5502358134073217,G,-1.151930181250082,3
4514.01,tess,NON_HABITABLE,10.7107,1082.0,227.759,2.7535993,0.03581765580165881,0.0,5032.08,0.86,0.8084821579836108,0.42724969407312824,K,-1.2344197852715575,3
4515.01,tess,NON_HABITABLE,12.2663968,650.4312952,42.2986706,15.2664658,0.11532853519037994,0.0,5420.82,0.874078,0.8780389039248456,0.5943674747878362,G,-1.1037685685731324,3
4516.01,tess,NON_HABITABLE,11.4694856,940.6014835,184.988035,3.7224626,0.04314278939238183,0.0,4926.0,0.82064,0.7731155810380176,0.35725449660425596,K,-1.2104610992326672,3
4517.01,tess,NON_HABITABLE,1.68645,1183.0,325.749,1.2089755,0.01849473554999404,0.0,4199.0,0.63,0.5774173469417991,0.1111627565883564,K,-1.233490324659587,3
4518.01,tess,NON_HABITABLE,14.2632,1430.0,695.65,3.408833,0.046029541276596274,0.0,6134.0,1.11,1.1196413742203517,1.5715049541847257,F,-1.2593370125067702,3
452.01,tess,NON_HABITABLE,10.2196833,938.3708227,183.2394519,4.7633952,0.052532233380222476,0.0,5258.0,0.87551,0.8523634426395771,0.5278363064695691,G,-1.2102875754281959,3
4521.01,tess,NON_HABITABLE,12.0054949,1043.0891762,279.7736168,3.0717182,0.038565278773265,0.0,5082.0,0.848394,0.8109743765571855,0.432542245052005,K,-1.229125290099937,3
4523.01,tess,NON_HABITABLE,12.4543,1388.0,616.33,2.7186256,0.03970753995997911,0.0,6427.0,1.03,1.130057624546911,1.630806220584677,F,-1.2670887047215922,3
4524.01,tess,NON_HABITABLE,1.67736,1576.0,1025.84,0.9260632,0.01877464317040173,0.0,5640.0,1.11,1.0294713646238645,1.1231999716419507,G,-1.2855276556876127,3
4525.01,tess,NON_HABITABLE,13.3413,1232.0,383.047,2.4841975,0.03807782579727279,0.0,6089.0,1.28,1.193506081952845,2.0290770829279046,F,-1.2731008633362626,3
4526.01,tess,NON_HABITABLE,2.7262374,547.9367777,21.3031001,2.2602655,0.023231167806650778,0.0,3236.0,0.341024,0.3273969751188592,0.011489434411464005,M,-1.0112345506350207,3
4527.01,tess,NON_HABITABLE,0.9086617,1247.0250186,571.5071504,0.3994445,0.008116693462087364,0.0,3702.0,0.485948,0.44710033113867537,0.03995949270217857,K,-1.253981080572692,3
4529.01,tess,NON_HABITABLE,1.8721219,498.6247907,14.6088648,5.8795752,0.0484592437968232,0.0,3611.0,0.492759,0.4391556237315108,0.03719407773618225,M,-0.9636325468678923,3
453.01,tess,NON_HABITABLE,18.4904,2151.0,3557.29,2.70582,0.044606499643557035,0.0,6441.6,2.1,1.6172496959156946,6.84082235444374,F,-1.2864378279072581,3
4530.01,tess,NON_HABITABLE,12.6675004,1095.6337284,340.5513253,3.6528112,0.045243806283199725,0.0,5610.0,0.907682,0.9259838247414562,0.7352137178273136,G,-1.237219220668304,3
4531.01,tess,NON_HABITABLE,13.221703,1206.886094,501.4020843,4.53347,0.0554744385773577,0.0,5846.0,1.1971,1.1081478393217923,1.5079634526669687,G,-1.2476812618449096,3
4532.01,tess,NON_HABITABLE,11.6459,1136.0,277.39,5.8176452,0.06491016782795409,0.0,5633.4,1.22,1.0780134572803657,1.3505066574884472,G,-1.2329611050393798,3
4533.01,tess,NON_HABITABLE,1.79105,1013.0,174.942,2.1747824,0.02864620204121342,0.0,4542.0,0.71,0.6630556526293663,0.19328579025862747,K,-1.2201398403502728,3
4534.01,tess,NON_HABITABLE,4.75272,912.0,115.305,2.849282,0.03385639772615978,0.0,4279.0,0.74,0.6377226233138497,0.16539687345961002,K,-1.1952063879417245,3
4535.01,tess,NON_HABITABLE,14.8366922,1078.6113787,319.8755104,4.0984741,0.048904050076046146,0.0,5198.0,1.0639499,0.9289033770858841,0.7445299405043457,K,-1.2318291570155133,3
4536.01,tess,NON_HABITABLE,18.2851,2509.0,6586.47,4.0460644,0.05679147394728476,0.0,6404.0,1.81,1.4926716631576584,4.96429010515546,F,-1.274813150504657,3
4537.01,tess,NON_HABITABLE,3.7022837,1021.2631882,257.0820256,6.6629951,0.07093904925936168,0.0,5975.0,1.07392,1.072747602111156,1.3243116810478874,G,-1.2249829642944972,3
4538.01,tess,NON_HABITABLE,3.60516,787.0,63.7967,7.1385672,0.0668499811212565,0.0,5144.5,0.77,0.7820998664403808,0.37415266840068445,K,-1.1593162438173545,3
4538.02,tess,NON_HABITABLE,2.65245,1163.0,304.054,3.4715644,0.04134065991533312,0.0,5144.5,0.77,0.7820998664403808,0.37415266840068445,K,-1.2167941330819227,3
4539.01,tess,NON_HABITABLE,12.1616,1259.0,417.295,4.1591488,0.05091301307964888,0.0,5576.0,1.11,1.0177894200607567,1.0730790799948695,G,-1.2422042967073563,3
454.01,tess,NON_HABITABLE,3.911716,465.1025269,11.0589985,18.0826084,0.09154684281281572,0.0,3321.0,0.296,0.3130317640991712,0.009601821649203455,M,-0.022308036536290494,3
4540.01,tess,NON_HABITABLE,3.9467,1282.0,448.655,2.5048178,0.034660477911556006,0.0,5328.0,0.92,0.8853842812269637,0.6145075592591297,G,-1.2490041003101773,3
4542.01,tess,NON_HABITABLE,18.1119,577.0,18.5055,5.9167817,0.06061673934291852,0.0,4781.0,1.05,0.8487642344430498,0.5189772055454254,K,-1.193973611651109,3
4543.01,tess,NON_HABITABLE,24.6129,1412.0,660.328,5.7740318,0.07205513578976837,0.0,4837.8,3.19,1.4969832097214344,5.021896030405312,K,-1.265627692963327,3
4544.01,tess,NON_HABITABLE,2.7997542,704.4580992,58.2025038,8.2000875,0.07233433625104653,0.0,4865.6,0.793476,0.7508911366507883,0.3179127253921463,K,-1.1331292798880304,3
4545.01,tess,NON_HABITABLE,11.6786,876.0,97.8595,4.0248735,0.04341662155876765,0.0,4492.0,0.75,0.6739754181912159,0.20633657979111097,K,-1.1782104750437585,3
4546.01,tess,NON_HABITABLE,7.71235,2202.0,3906.17,0.745637,0.019183453713446253,0.0,6984.0,1.96,1.693970893970894,8.234244830430317,F,-1.3007295204346658,3
4547.01,tess,NON_HABITABLE,14.0672,2254.0,4289.27,3.0026215,0.04297629130637216,0.0,5630.0,1.45,1.174535299352055,1.9031117655410865,G,-1.2670072206309793,3
4548.01,tess,NON_HABITABLE,5.39503,768.9980213628594,82.7066,4.6003967,0.05914676823918474,0.0,5970.5,1.59,1.3043163622874197,2.89422152847458,G,-1.2620261688063363,4
4549.01,tess,NON_HABITABLE,4.28877,1119.0,260.965,3.3129214,0.0426853892899713,0.0,5512.0,0.98,0.9453571741268797,0.7987000236596403,G,-1.2441149073536422,3
455.01,tess,NON_HABITABLE,1.4454154,403.7401541,6.2795537,5.358776,0.041169788593646554,0.0,3562.0,0.275953,0.3241792048015182,0.011044361426286913,M,-0.7700168470201909,3
4550.01,tess,NON_HABITABLE,4.8297,2734.0,9275.7,1.8868756,0.03858643784186185,0.0,7751.0,2.57,2.1527717025142534,21.477904378636897,A,-1.298468045719232,3
4551.01,tess,NON_HABITABLE,8.32411,1655.0,1247.74,9.956296,0.10546122829058108,0.0,4956.0,3.38,1.578568111513752,6.209452391976996,K,-1.2516133014363087,3
4552.01,tess,NON_HABITABLE,1.2801124,1027.596418,263.5186329,0.3011506,0.005926609118710714,0.0,3304.0,0.286178,0.306218791592129,0.008792803208712589,M,-1.222833186746432,3
4553.01,tess,NON_HABITABLE,10.8026737,866.2905237,133.0991422,20.3129649,0.16147758277060043,0.0,6490.0,1.4658999,1.3613523080266794,3.4346471534065057,F,-1.1898559544031577,3
4554.01,tess,NON_HABITABLE,1.4669377,458.2261962,10.4193507,39.1076478,0.21348882033868485,0.0,5490.0,0.796293,0.848755244876985,0.5189552192007253,G,-0.9014956039757123,3
4555.01,tess,HABITABILITY_ZONE,2.2445426,279.9010524,1.4505715,522.6272677,1.376963162576964,0.0,6199.0,1.40973,1.2751559006488709,2.643949401270174,F,-0.14280570755624872,3
4556.01,tess,NON_HABITABLE,1.4571721,414.6491761,6.9862517,3.792456,0.030716612772861283,0.0,3319.0,0.218553,0.26881860071484676,0.0052220047736826715,M,-0.7241006721765384,3
4557.01,tess,NON_HABITABLE,5.1460938,616.6120377,34.1640224,32.291901,0.20833470935153536,0.0,6013.0,1.23318,1.1568528417345665,1.7910696342915824,F,-1.0953917872579197,3
4558.01,tess,NON_HABITABLE,1.6765354,1005.888008,241.9466004,6.5812768,0.07614289535698893,0.0,5217.0,2.2631199,1.3597162756468262,3.418166268720956,G,-1.253181184723084,3
4559.01,tess,NON_HABITABLE,1.4999935,522.5103737,17.615731,3.9649053,0.035923448155532,0.0,3476.0,0.426767,0.39341313917080684,0.023954959524472623,M,-0.9900489796317413,3
4560.01,tess,NON_HABITABLE,2.4144238,1728.4676115,2109.4342142,3.7634028,0.054787648477844605,0.0,6491.0,1.89742,1.5490556628210763,5.757952725234485,F,-1.2784749521106882,3
4561.01,tess,NON_HABITABLE,2.0224563,789.8093802,91.9623692,8.9356558,0.08137921298364827,0.0,5631.0,0.851957,0.9004674999854079,0.6574642925086358,G,-1.1716174000727582,3
4562.01,tess,HABITABILITY_ZONE,13.2081506,341.1480504,3.2010509,225.1037885,0.7602079857156062,0.0,5965.99,1.25231,1.1566770612781607,1.7899812908955413,G,-0.5268121954447949,3
4563.01,tess,HABITABILITY_ZONE,5.4510788,360.5530878,3.9939064,743.4843888,1.4740816266678962,0.0,5342.0,0.697666,0.7730388858041741,0.357112755105794,G,2.089792551632633,3
4565.01,tess,NON_HABITABLE,2.2782015,165.7679643,0.1784528,692.5150646,1.179404626416117,0.0,3614.0,0.531248,0.4563630561546439,0.04337524285018288,M,3.0,3
4566.01,tess,NON_HABITABLE,1.881105,983.115793,220.7698145,2.0844882,0.02766610098147809,0.0,4443.39,0.713304,0.6501677754838214,0.17869062273799144,K,-1.2197398685023115,3
4567.01,tess,NON_HABITABLE,1.6732084,1088.3303343,331.5613798,0.8409429,0.01399968289939544,0.0,3830.0,0.608498,0.5176092503250042,0.07178077061447619,K,-1.2379254694270723,3
4567.02,tess,HABITABILITY_ZONE,2.3109407,358.4266471,3.9005169,23.5422422,0.12907409109447385,0.0,3830.0,0.608498,0.5176092503250042,0.07178077061447619,K,-0.6459536615885699,3
4568.01,tess,NON_HABITABLE,2.26316,583.0,19.2603,14.0063765,0.12012028276212208,0.0,5899.0,1.33,1.1786310940049034,1.929796777816467,G,-1.1907678981452672,3
457.01,tess,NON_HABITABLE,7.7193559,768.6592267,82.500462,1.1759834,0.015778207010013954,0.0,3054.0,0.512881,0.37892304239651786,0.020615983715611897,M,-1.158488953110296,3
4570.01,tess,NON_HABITABLE,14.2783974,1029.9824769,265.9747113,1.9737719,0.027014396282218762,0.0,4664.23,0.697971,0.6751065549613388,0.20772525424865615,K,-1.2282518578704742,3
4571.01,tess,NON_HABITABLE,11.2141216,452.3403225,9.8942349,30.3599812,0.17257164396677252,0.0,4815.0,0.795118,0.7438506753289092,0.3061561913566289,K,-0.8800861330173391,3
4572.01,tess,NON_HABITABLE,1.5718719,382.427399,5.0549516,13.4755461,0.0843198052505287,0.0,3710.0,0.469524,0.4404295862407209,0.037627550003584385,K,-0.7108383556419944,3
4573.01,tess,NON_HABITABLE,1.4160391,509.258495,15.8954977,10.7155521,0.07912576816053513,0.0,4207.0,0.623617,0.575579294378683,0.10975407395207136,K,-0.9807629892159548,3
4574.01,tess,NON_HABITABLE,2.01326,807.0,70.4453,0.768988,0.012820388396945022,0.0,3734.0,0.54,0.47538433989357526,0.05107160241311564,K,-1.2317557924369522,3
4575.01,tess,NON_HABITABLE,2.85252,803.0,69.3133,27.9815639,0.18630679613063245,0.0,5905.0,1.16,1.1018502489996274,1.4739756075952146,G,-1.0984436113404532,3
4576.01,tess,NON_HABITABLE,3.5119412,541.6077626,20.3357654,10.4834062,0.0794689940055207,0.0,4271.0,0.677846,0.6092124467937744,0.13774475509924522,K,-1.014831615389272,3
4577.01,tess,NON_HABITABLE,11.2971803,1513.1286131,1238.8661223,1.6255124,0.026790757476885484,0.0,5483.74,1.04426,0.9708560793430314,0.8884222317984999,G,-1.270769039145805,3
4578.01,tess,NON_HABITABLE,2.9176946,842.4208274,119.024779,8.6239097,0.0812164595757089,0.0,5917.0,0.878735,0.9609575631219119,0.8527403958776036,G,-1.1887268091417817,3
4579.01,tess,HABITABILITY_ZONE,5.1574303,209.1701491,0.4523971,88.495683,0.378736319862834,0.0,5509.61,0.939951,0.9254376048464253,0.7334804989308382,G,-0.7004499806581819,3
458.01,tess,NON_HABITABLE,2.8950078,572.8570065,25.4510626,17.5288347,0.12334822586659006,0.0,5164.0,0.829519,0.8148413884729875,0.44085149767651166,K,-1.0539002709947354,3
4580.01,tess,NON_HABITABLE,0.6115871,1792.0450656,2437.3433306,0.9167992,0.01826478989788542,0.0,5659.0,0.973028,0.967110370648104,0.8747907085457665,G,-1.2830287105295115,3
4581.01,tess,NON_HABITABLE,11.3355032,804.6793626,99.086036,22.3428773,0.16859089040635378,0.0,6184.0,1.42864,1.2805736502156153,2.6891699226891936,F,-1.1682494204037592,3
4582.01,tess,NON_HABITABLE,10.1577688,614.6639792,33.7343273,31.0343214,0.21893121937930154,0.0,5234.0,2.56935,1.4535133671662495,4.463505973987982,G,-1.1671210905659093,3
4584.01,tess,NON_HABITABLE,4.8743389,581.4317504,27.0094647,31.5786847,0.1963079611003647,0.0,5696.0,1.05178,1.0120596549260052,1.0491182681140618,G,-1.0457925180271996,3
4586.01,tess,NON_HABITABLE,2.22182,861.0,91.5265,5.3909915,0.05751687505189524,0.0,5405.0,0.87,0.8734318049540029,0.5819906515847704,G,-1.2060318735295374,3
4587.01,tess,NON_HABITABLE,7.5296069,629.3977311,37.0869991,3.2903136,0.03359024072219734,0.0,3579.0,0.567309,0.4670304667235428,0.04757522498184361,M,-1.0976927254183793,3
4588.01,tess,NON_HABITABLE,2.9857871,1181.1005716,459.9054123,13.1187746,0.12981321691797781,0.0,7800.0,1.57458,1.6957063468092592,8.268040260415194,A,-1.2477213745404505,3
4589.01,tess,NON_HABITABLE,2.16267,782.0,62.1044,17.8335899,0.14602201400317577,0.0,6304.0,1.43,1.3060442779714345,2.9095887120215425,F,-1.1919578108172701,3
459.01,tess,NON_HABITABLE,6.3443547,1727.6835992,2105.6095608,4.4291253,0.062254851830669054,0.0,6559.17,2.0848899,1.6408320384484907,7.248639635654164,F,-1.278074163874082,3
4590.01,tess,NON_HABITABLE,1.9119702,488.4956168,13.4574783,25.9213509,0.1571124009083185,0.0,5011.0,0.786678,0.7700103856167624,0.3515493758908178,K,-0.9447325557166897,3
4592.01,tess,NON_HABITABLE,12.6838437,794.7680813,94.2936984,8.8849511,0.08056333434774436,0.0,5160.0,0.977054,0.8836548444600845,0.6097202947749053,K,-1.1677437514843618,3
4593.01,tess,NON_HABITABLE,3.7973353,683.7010001,51.6399559,7.8344688,0.06908177590221745,0.0,4837.0,0.731146,0.7165587756565365,0.2636375557966752,K,-1.1245107299764112,3
4593.02,tess,NON_HABITABLE,2.1434355,940.9761542,185.282957,3.0051929,0.03647024599879521,0.0,4837.0,0.731146,0.7165587756565365,0.2636375557966752,K,-1.2120481751751209,3
4595.01,tess,NON_HABITABLE,15.822462,1388.6809829,878.8827779,3.7705865,0.050395579799867286,0.0,5897.0,1.38188,1.200991603185667,2.0804624614126195,G,-1.2617886554882893,3
4596.01,tess,NON_HABITABLE,2.68492,1087.0,232.099,4.1194175,0.04961392584440464,0.0,5598.0,0.98,0.9601069413574516,0.8497250827190173,G,-1.2357627103596125,3
4597.01,tess,NON_HABITABLE,13.2255,1438.0,711.568,4.6663795,0.06489183603534097,0.0,7712.0,1.57,1.6741351876702104,7.855287754338293,A,-1.2780327451043814,3
4598.01,tess,NON_HABITABLE,15.9053,1337.0,530.919,8.2003748,0.08863826194748534,0.0,6011.0,1.76,1.3815822324896958,3.643400871017292,F,-1.245941293129862,3
4599.01,tess,NON_HABITABLE,1.27326,602.0,21.8758,2.7694936,0.0296238787828333,0.0,3807.0,0.47,0.4521738923029586,0.04180439411528644,K,-1.110252926329552,3
4599.02,tess,NON_HABITABLE,1.89602,593.0,20.536,5.7060868,0.04796604684260753,0.0,3807.0,0.47,0.4521738923029586,0.04180439411528644,K,-0.986610922743281,3
4600.01,tess,HABITABILITY_ZONE,6.8236925,344.1684282,3.3159282,82.6901439,0.3450656172786302,0.0,5073.0,0.831915,0.8016374860200853,0.4129638818507226,K,-0.5698747600732565,3
4600.02,tess,NON_HABITABLE,6.9087752,672.6687765,48.3867084,482.8191,1.1188936715818685,0.0,5073.0,0.831915,0.8016374860200853,0.4129638818507226,K,1.0897685827004302,3
4601.01,tess,NON_HABITABLE,15.2099907,1554.2526706,1379.1372564,2.7875233,0.04179605982004444,0.0,6408.3,1.27487,1.253572519498985,2.469436438873153,F,-1.2732858806755842,3
4602.01,tess,NON_HABITABLE,2.36323,1561.0,986.754,3.9813082,0.05108128995150514,0.0,6011.9,1.16,1.1217973771313903,1.5836444423785958,F,-1.2539986213274612,3
4603.01,tess,NON_HABITABLE,14.2395,1637.0,1192.46,7.2455997,0.08830332081151977,0.0,6169.1,2.68,1.7496971512459576,9.372415614947423,F,-1.270189668703568,3
4604.01,tess,NON_HABITABLE,1.50436,1203.0,348.601,2.2251639,0.03238878389598862,0.0,5509.0,0.92,0.9154620880779547,0.7023627239882458,G,-1.2566785792468347,3
4606.01,tess,NON_HABITABLE,12.77,1171.0,312.155,11.1684037,0.10228447442231085,0.0,5981.0,1.22,1.1445305655543487,1.7159695670574695,G,-1.2023262788736162,3
4607.01,tess,NON_HABITABLE,3.08109,1121.0,262.935,5.5109534,0.06612178345137466,0.0,6404.0,1.31,1.2698740506415536,2.600414593405967,F,-1.2534302124061742,3
4608.01,tess,NON_HABITABLE,14.6551,1690.0,1355.37,2.3494903,0.04027928059317336,0.0,7418.5,1.51,1.579349518174759,6.221756482943906,F,-1.287687146131359,3
4609.01,tess,NON_HABITABLE,16.0682,2242.0,4194.73,2.6921752,0.04498402137424948,0.0,7461.4,1.68,1.6755162386382676,7.881240220378053,F,-1.287858885094789,3
461.01,tess,NON_HABITABLE,1.9015018,621.4224577,35.242668,10.9245478,0.08675611111851189,0.0,4884.0,0.74413,0.7299174387940196,0.2838539609422954,K,-1.0855143959130047,3
4611.01,tess,NON_HABITABLE,2.3513,1342.0,538.64,5.2289874,0.06296196194018425,0.0,6213.0,1.28,1.2178113462264781,2.199480237000936,F,-1.251431425224754,3
4612.01,tess,NON_HABITABLE,15.0368,2080.0,3108.45,4.1137862,0.05755518759593576,0.0,6327.0,1.88,1.502970431626383,5.102720101055637,F,-1.2748269770669016,3
4613.01,tess,NON_HABITABLE,21.1272,1928.470375879667,3271.08,4.5461685,0.06056092640307975,0.0,5341.8,2.4,1.4337285127353276,4.225398645672806,G,-1.2693378600064147,4
4614.01,tess,NON_HABITABLE,10.4349704,556.929421,22.7363971,13.8338893,0.09944584390033824,0.0,4225.95,0.876814,0.6855699443047208,0.22090577965974378,K,-1.0183286604971002,3
4615.01,tess,NON_HABITABLE,19.6684639,1698.9307701,1968.900323,5.3193755,0.07108325584376723,0.0,6350.0,2.3693399,1.6934059715141505,8.223266168625928,F,-1.2757791557777998,3
4616.01,tess,NON_HABITABLE,1.2643202,525.2017443,17.9814886,1.5538188,0.01646706186682223,0.0,3244.0,0.192729,0.2467334646188188,0.003706058142793927,M,-0.9371344179751077,3
4617.01,tess,NON_HABITABLE,16.8851071,1314.8674761,706.3971426,3.4878754,0.046477209262855826,0.0,5752.44,1.22041,1.100978032961314,1.4693139961452257,G,-1.2570977441548885,3
4618.01,tess,NON_HABITABLE,13.2670623,782.6461795,88.67126,3.7998536,0.04072435176193206,0.0,4133.4,0.759375,0.6240354481502236,0.15164812374850145,K,-1.1658108487041876,3
4619.01,tess,NON_HABITABLE,16.6589645,1767.1168865,2304.5286397,3.4732399,0.05254863270682576,0.0,7406.97,1.56373,1.604704783842313,6.631023838922444,F,-1.281818053589797,3
462.01,tess,NON_HABITABLE,3.971632,1171.7048355,445.4447971,4.1074291,0.050664747206664085,0.0,5205.0,1.30055,1.0283902206876128,1.1184890907754266,G,-1.2439171676273078,3
4620.01,tess,NON_HABITABLE,15.9057,2945.0,12503.9,1.3887494,0.030461573761750082,0.0,7825.0,2.08,1.9551932592173054,14.613652134176554,A,-1.2989609213530373,3
4621.01,tess,NON_HABITABLE,14.3049176,1127.8807531,382.449189,4.5195089,0.054134843014558585,0.0,5887.0,1.0321,1.0361642460496971,1.1526950008577626,G,-1.2404495807849887,3
4622.01,tess,NON_HABITABLE,11.2860342,672.4915576,48.3357374,1.2969404,0.01646601313707789,0.0,3003.0,0.463184,0.35408357727125206,0.015718935683103875,M,-1.1289331004350849,3
4623.01,tess,NON_HABITABLE,12.8714868,1047.3879178,284.4141772,3.2588316,0.040647770968542614,0.0,5387.06,0.817114,0.8436587516494439,0.5066024246273855,G,-1.2312334591359542,3
4624.01,tess,NON_HABITABLE,16.7559488,1705.3403223,1998.7811524,2.7908285,0.04333851441076664,0.0,6635.91,1.4707,1.3942357391431912,3.778721147416255,F,-1.2792158229149317,3
4625.01,tess,NON_HABITABLE,2.301946,1007.7178174,243.7119088,2.191342,0.028521369580844384,0.0,4384.23,0.720126,0.6445717280263368,0.17261757489098672,K,-1.2153296341597197,3
4626.01,tess,NON_HABITABLE,2.65592,620.0,24.581,17.4756122,0.1251085304022772,0.0,5387.2,0.84,0.8554141297250901,0.5354336711111111,G,-1.0742971862250288,3
4628.01,tess,NON_HABITABLE,2.2901554,953.9690748,195.7303563,6.32668,0.0662849775304617,0.0,5673.0,0.975383,0.9706754643087808,0.8877612990695296,G,-1.2129832086272179,3
4629.01,tess,HABITABILITY_ZONE,2.491011,221.0985478,0.5647608,714.6970956,1.6449447663999166,0.0,6324.0,1.12577,1.1624930749430304,1.8262553355994062,F,0.3676894074798825,3
4630.01,tess,HABITABILITY_ZONE,4.5521238,195.7514704,0.3470093,721.5622191,1.6120108456742728,0.0,6294.0,0.968886,1.073338620915664,1.3272325551367157,F,0.6185616708730605,3
4631.01,tess,NON_HABITABLE,2.3945586,497.9403065,14.5288129,33.6356252,0.19553986922921862,0.0,5614.0,0.821642,0.8816321143261824,0.6041567132342801,G,-0.9632170208586721,3
4632.01,tess,HABITABILITY_ZONE,2.8828549,295.9907568,1.8139846,63.1448519,0.26214182312353784,0.0,4152.0,0.702045,0.602717078482817,0.1319635502383936,K,-0.31537269168086296,3
4633.01,tess,HABITABILITY_ZONE,3.5295923,268.5690786,1.2295467,271.938639,0.8720338896293458,0.0,5490.04,1.5819,1.1962961341319895,2.0481171643084757,G,-0.47013094522423704,3
4637.01,tess,NON_HABITABLE,2.8052104,635.2583194,38.4877433,14.3540583,0.10856215977336764,0.0,5142.48,0.86465,0.8284503043133902,0.4710487408540956,K,-1.0919356473253996,3
4638.01,tess,NON_HABITABLE,2.7186716,779.8300521,87.4018996,10.2829583,0.09046277370943184,0.0,5700.0,0.894563,0.934015318313535,0.7610549162170973,G,-1.167024943477866,3
4639.01,tess,NON_HABITABLE,2.7025526,1207.4504214,502.3405437,3.990679,0.05052037690281836,0.0,6153.0,1.02672,1.0801563015874656,1.36127671093011,F,-1.2502646241771063,3
4639.02,tess,NON_HABITABLE,3.3632641,812.9001083,103.1976309,13.0780555,0.11146302764447645,0.0,6153.0,1.02672,1.0801563015874656,1.36127671093011,F,-1.1782742442737102,3
4640.01,tess,NON_HABITABLE,2.8622325,1378.8564659,854.2741042,2.6857229,0.03867480143604352,0.0,5978.0,1.06715,1.0698978693405845,1.310295623850287,G,-1.2633772819619415,3
4641.01,tess,NON_HABITABLE,9.7603293,950.1073168,192.5802083,22.0933922,0.17871735639734287,0.0,6798.4,1.75449,1.5601122248251924,5.924113352395207,F,-1.2087431695275521,3
4642.01,tess,NON_HABITABLE,1.1671855,427.9661854,7.9279121,3.6022377,0.03002948068064096,0.0,3266.0,0.242091,0.2784063779201045,0.006007817348559477,M,-0.7759746807685484,3
4643.01,tess,NON_HABITABLE,1.4655752,559.6083706,23.1770314,5.0256637,0.04469494711897565,0.0,3782.0,0.518021,0.4715946667725506,0.04946244042549369,K,-1.0329642788089026,3
4643.02,tess,NON_HABITABLE,1.7168904,434.4749293,8.4213145,10.7387039,0.07414764985171537,0.0,3782.0,0.518021,0.4715946667725506,0.04946244042549369,K,-0.8504429102757549,3
4644.01,tess,NON_HABITABLE,1.78228,1776.0,1654.43,0.3181853,0.007846201034236543,0.0,4242.23,0.75,0.6365001643618259,0.16413230952387972,K,-1.2832509051122685,3
4645.01,tess,NON_HABITABLE,17.9284,2832.0,10680.9,5.0872348,0.08062130867071986,0.0,8972.0,3.02,2.701260163744445,53.24338469321654,A,-1.2947153558443159,3
4646.01,tess,NON_HABITABLE,12.6566078,625.1069435,36.0859625,8.9299483,0.07367386031699026,0.0,4379.0,0.777586,0.6689949495406688,0.2003047999895252,K,-1.0830644869722925,3
4647.01,tess,NON_HABITABLE,2.5385619,884.5519427,144.6819536,8.8346147,0.08422445646257137,0.0,5991.0,0.968041,1.0212213200086315,1.0876257769945281,G,-1.1986357765624365,3
4647.02,tess,NON_HABITABLE,2.5924247,820.4934142,107.1078742,11.0696104,0.09788918181285328,0.0,5991.0,0.968041,1.0212213200086315,1.0876257769945281,G,-1.1805770345522135,3
4648.01,tess,NON_HABITABLE,2.5382638,779.1712437,87.1069216,15.3886607,0.12458712501332178,0.0,6101.0,1.0623,1.0894273984196146,1.408617803845781,F,-1.1652652349453623,3
4649.01,tess,NON_HABITABLE,2.41942,735.0,48.6781,15.0758735,0.11944344792249932,0.0,5744.71,1.01,1.0002359837042514,1.0009442689994268,G,-1.1453987419688576,3
465.01,tess,NON_HABITABLE,6.2369926,947.796565,190.7135382,3.8361623,0.04420478239873051,0.0,4910.0,0.84738,0.783058619570502,0.3759906955534163,K,-1.2105844118540652,3
4650.01,tess,NON_HABITABLE,8.5917,1166.0,307.867,2.6672418,0.032998006720127246,0.0,4432.0,0.77,0.6737810492883209,0.20609865972582334,K,-1.2097644273060624,3
4651.01,tess,NON_HABITABLE,10.1018,683.0,36.1679,11.1878978,0.09871534825362119,0.0,5721.0,1.07,1.0252682632706789,1.1049689051595804,G,-1.1805130642463932,3
4652.01,tess,NON_HABITABLE,12.759,843.0,84.0311,18.6224802,0.13633060400036384,0.0,5654.5,0.99,0.974732581968015,0.9026968627993387,G,-1.1121786954841213,3
4653.01,tess,NON_HABITABLE,4.23355,913.0,115.374,16.3764188,0.13537529977345175,0.0,6397.0,1.24,1.2341298901255595,2.3197622859116076,F,-1.1874411349211924,3
4654.01,tess,NON_HABITABLE,12.2512,688.0,37.24,10.6936683,0.09735853243845298,0.0,5820.0,1.14,1.0765868923565876,1.3433721842359088,G,-1.1941717353355865,3
4655.01,tess,NON_HABITABLE,11.714,864.0,92.6245,3.6749802,0.04243346039081499,0.0,5134.0,0.72,0.7547372587550384,0.32447643405727206,K,-1.2072734578927105,3
4656.01,tess,NON_HABITABLE,6.2369,916.0,117.243,3.439221,0.04167805469510942,0.0,5053.0,0.87,0.8165496596545008,0.44456002531148864,K,-1.2237907369815306,3
4657.01,tess,NON_HABITABLE,5.8543726,1098.7796748,344.4795703,8.115667,0.08511259819583541,0.0,6200.0,1.35175,1.2488594262616384,2.432507706268576,F,-1.234730345534214,3
4658.01,tess,NON_HABITABLE,2.96676,887.0,103.111,6.0142432,0.06226870658595684,0.0,5575.0,0.85,0.8904878785413693,0.6287992986430473,G,-1.2017152430737372,3
4659.01,tess,NON_HABITABLE,6.13091,1638.0,1195.11,1.0451165,0.021796397548207773,0.0,5921.2,1.52,1.2647514966867603,2.558708477723118,G,-1.2911631538196582,3
466.01,tess,NON_HABITABLE,13.9002369,1361.1997652,811.3504171,4.1876154,0.05529768481403435,0.0,6675.0,1.23733,1.286375378636715,2.73823600169223,F,-1.2638861396659409,3
4660.01,tess,NON_HABITABLE,14.3177,1218.0,365.719,1.5090806,0.023312140427169947,0.0,4674.0,0.84,0.742167664526112,0.3033947872075109,K,-1.2516117005936902,3
4662.01,tess,NON_HABITABLE,2.58065,741.0,50.104,4.7034187,0.04746498342586369,0.0,4481.0,0.69,0.6448714748741492,0.17293889011575192,K,-1.1526344588773485,3
4663.01,tess,NON_HABITABLE,10.1289,745.0,51.2343,5.2916448,0.05173572315228054,0.0,4397.1,0.75,0.6597367122280935,0.1894447644026637,K,-1.146120116896985,3
4664.01,tess,NON_HABITABLE,12.4821,1587.0,1054.22,3.0002713,0.04262590493444836,0.0,5902.3,1.26,1.1478370267128815,1.7358848790086532,G,-1.2653531660842814,3
4665.01,tess,NON_HABITABLE,12.4845,1733.0,1500.66,3.6831574,0.0523039728972146,0.0,6304.0,1.66,1.4071614409784334,3.9208091617421696,F,-1.273537356429341,3
4666.01,tess,NON_HABITABLE,12.8688,729.0,46.992,2.9093856,0.03139820024700206,0.0,3666.0,0.59,0.48785655425651964,0.05664591236091774,M,-1.128121218299898,3
4667.01,tess,NON_HABITABLE,13.3791,427.0,5.5686,17.9450925,0.13365648505450872,0.0,5681.0,1.01,0.989143163610322,0.9572747748930404,G,-1.1216660297461079,3
4668.01,tess,NON_HABITABLE,5.19137,787.0,63.8249,1.0049552,0.013973507632352904,0.0,3210.0,0.42,0.36041541306114394,0.016873820339267636,M,-1.1616830098558635,3
4670.01,tess,HABITABILITY_ZONE,10.8287,254.0,0.691797,15.5014296,0.08587245166044057,0.0,3382.0,0.36,0.35155925155925155,0.015275453935746251,M,-0.3523455890844836,3
4671.01,tess,NON_HABITABLE,5.37173,727.0,46.4785,17.1470323,0.1321748334751141,0.0,5689.0,1.13,1.0477286820624985,1.2050229891290671,G,-1.1439933033347793,3
4672.01,tess,NON_HABITABLE,15.5423,1389.0,619.404,6.6132132,0.07583959585067501,0.0,6110.0,1.58,1.3305874757407594,3.134539342714843,F,-1.2509048502303342,3
4673.01,tess,NON_HABITABLE,16.8337,679.0,35.4585,4.8667353,0.055182820036361775,0.0,5383.0,1.03,0.9464913945753883,0.802539984057752,G,-1.2250454852192945,3
4674.01,tess,NON_HABITABLE,12.965,1289.0,459.164,4.2430633,0.054491992155419625,0.0,5595.0,1.53,1.1990008303186492,2.0667023600334975,G,-1.2577013419550351,3
4675.01,tess,NON_HABITABLE,2.15124,755.0,54.0709,3.5779775,0.037282500127293706,0.0,3991.0,0.61,0.5400330293926449,0.08505136566992152,K,-1.1337495351141018,3
4676.01,tess,NON_HABITABLE,8.65633,652.0,30.0086,13.291966,0.1031490555724543,0.0,5042.0,0.9,0.8287008296553517,0.47161878440001537,K,-1.1029311248490512,3
4677.01,tess,NON_HABITABLE,5.84962,640.0,28.012,4.0589926,0.04908738090598355,0.0,5556.0,0.99,0.9577529800007589,0.8414223580120129,G,-1.2361887629599526,3
4678.01,tess,NON_HABITABLE,12.3583,1096.0,239.866,4.7743169,0.05629767771293537,0.0,5549.0,1.18,1.044309926293659,1.1893717644470017,G,-1.2387961419055413,3
4679.01,tess,NON_HABITABLE,7.4200144,1059.1524799,297.4095784,6.8170909,0.0694721416356277,0.0,4955.0,1.25717,0.9625301471684637,0.8583360699133097,K,-1.206593882635071,3
468.01,tess,NON_HABITABLE,11.5039006,668.9710175,47.331494,3.3252703,0.03456929527717058,0.0,3724.0,0.596801,0.49842305291205147,0.06171524876240245,K,-1.118155731950727,3
4680.01,tess,NON_HABITABLE,9.8169,714.0,43.2591,17.4314043,0.1344220549191626,0.0,5923.0,1.08,1.0664175606268669,1.2933294052764432,G,-1.1470354196343981,3
4681.01,tess,NON_HABITABLE,14.5498,1257.0,414.535,3.0421828,0.04063474366225985,0.0,5582.5,1.0,0.9671690921690922,0.8750031919242094,G,-1.250072024413462,3
4684.01,tess,NON_HABITABLE,16.7425,863.0,92.2897,6.4879123,0.07870965381284072,0.0,6782.0,1.73,1.5454484189585027,5.704506224368047,F,-1.264523563465995,3
4685.01,tess,NON_HABITABLE,3.61495,973.0,149.202,7.0308254,0.06951584222711317,0.0,5516.0,0.9,0.9066072543393338,0.6755799611976054,G,-1.1933774134792743,3
4686.01,tess,NON_HABITABLE,13.6973,739.0,49.6833,7.9461192,0.08050209688516254,0.0,5416.0,1.38,1.1022798703072327,1.4762758177747397,G,-1.2186267643875934,3
4687.01,tess,NON_HABITABLE,14.6999,1489.0,817.242,3.313358,0.04946797573151764,0.0,6209.0,1.87,1.4710117464012498,4.682357430728166,F,-1.278435564684983,3
4688.01,tess,NON_HABITABLE,11.4556,704.0,40.9939,7.7688831,0.07881900990166497,0.0,5851.0,1.14,1.0823212898931946,1.3722233510853314,G,-1.2172081103396337,3
4689.01,tess,NON_HABITABLE,8.67796,916.0,116.886,2.4337374,0.03051520560390857,0.0,4294.3,0.74,0.6400028654584399,0.16777516467112813,K,-1.2072650427813814,3
469.01,tess,NON_HABITABLE,3.5493962,710.3089208,60.1603117,13.6308024,0.11393793463409096,0.0,6114.0,1.00528,1.0620443018010883,1.272244355149027,F,-1.1707208788347858,3
4690.01,tess,NON_HABITABLE,6.82739,584.0,19.425,11.5341529,0.11050425466770566,0.0,6356.0,1.51,1.3531503049833211,3.3526186689715733,F,-1.226764457371479,3
4691.01,tess,NON_HABITABLE,10.4135,1076.0,222.607,8.5725884,0.08788300049002452,0.0,5807.0,1.5,1.232171425532044,2.305072197605075,G,-1.2301643076381508,3
4692.01,tess,NON_HABITABLE,10.7206,619.0,24.4556,4.0519584,0.048789771926985026,0.0,5147.0,1.12,0.9437063061711329,0.7931355725563638,K,-1.234437382690849,3
4693.01,tess,NON_HABITABLE,10.1581,1076.0,223.347,1.9113216,0.028128316102236307,0.0,4578.0,1.05,0.8127259287346335,0.43629120849804354,K,-1.2512509771518927,3
4694.01,tess,NON_HABITABLE,14.4974,849.0,86.4308,5.629318,0.06691122671457699,0.0,5885.0,1.53,1.2611474327837802,2.5296674970488193,G,-1.2519613175845608,3
4695.01,tess,NON_HABITABLE,13.2073,478.0,8.69035,35.7861915,0.20664567849393603,0.0,5755.0,0.85,0.9192390566826155,0.7140257492291552,G,-0.9728922926299703,3
4696.01,tess,NON_HABITABLE,10.7709,1285.0,453.643,4.1249095,0.05420828917173748,0.0,6007.5,1.44,1.248960498960499,2.433295272786441,F,-1.262047881944053,3
4697.01,tess,NON_HABITABLE,13.8852,1509.0,861.273,5.0274739,0.06278283915600397,0.0,5178.0,2.12,1.3061818782638435,2.9108150824888006,K,-1.2592256230253924,3
4698.01,tess,NON_HABITABLE,12.5093,1070.0,217.929,4.2333233,0.05211461129202811,0.0,5696.0,1.14,1.0536493022101585,1.2324926428231042,G,-1.2452449537653643,3
4699.01,tess,NON_HABITABLE,11.0026,981.0,154.351,10.1766089,0.09282741178997012,0.0,5452.0,1.19,1.0303932510220706,1.1272286586749378,G,-1.1894407322311107,3
470.01,tess,NON_HABITABLE,4.6131319,659.6756823,44.7551381,12.1914558,0.09861537381503753,0.0,5418.0,0.840971,0.8608018430993474,0.5490510833968637,G,-1.1265158159036102,3
4701.01,tess,NON_HABITABLE,9.30439,974.0,149.861,8.5821795,0.08357046624251908,0.0,5818.0,1.1,1.057167338644134,1.2490359781015017,G,-1.2068830059602709,3
4702.01,tess,NON_HABITABLE,14.8115,1500.0,842.648,3.121702,0.04404364530671514,0.0,5944.0,1.29,1.169626860964547,1.871497856011108,G,-1.2655707680539974,3
4703.01,tess,NON_HABITABLE,13.6976,1219.0,366.902,5.1155806,0.06558867004064746,0.0,6349.0,1.71,1.4383913405685933,4.280635406922,F,-1.2662514619604717,3
4704.01,tess,NON_HABITABLE,13.3886,1132.0,272.867,2.6875966,0.043554258418470784,0.0,5885.0,2.24,1.525963528840239,5.422213521804502,G,-1.2841642194260088,3
4705.01,tess,NON_HABITABLE,9.89059,1040.0,194.396,11.9140328,0.1095368885621219,0.0,5359.0,1.77,1.235219297193152,2.327964059930483,G,-1.2109972917340024,3
4706.01,tess,NON_HABITABLE,12.541,132.48861642104882,0.0728708,735.982363,1.554057743191455,0.0,5309.0,1.01,0.9243726554492517,0.7301101049358,G,1.1967389849816312,4
4707.01,tess,NON_HABITABLE,14.5973,2019.0,2761.87,0.4709937,0.013289100249740027,0.0,6719.0,1.47,1.4113573394384442,3.9677832906783363,F,-1.3007484530301212,3
4708.01,tess,NON_HABITABLE,15.1419,1771.0,1635.6,3.3560085,0.04600215870216642,0.0,5906.0,1.27,1.1531053329273546,1.7679741986433095,G,-1.262260042018786,3
4709.01,tess,NON_HABITABLE,7.89594,1371.0,587.658,6.2397532,0.05971880677938271,0.0,5956.9,0.5,0.729758209433497,0.2836063543240567,G,-1.1553896481040675,3
471.01,tess,NON_HABITABLE,15.8525901,1465.1893915,1089.1709863,3.5857076,0.04986067573338559,0.0,6400.0,1.34556,1.286190168806715,2.7366593586190464,F,-1.2684026429653694,3
4710.01,tess,NON_HABITABLE,8.37272,1909.0,2205.43,1.4798437,0.026716827871507125,0.0,5475.0,1.5,1.1617252548283006,1.8214351883827098,G,-1.282659603684554,3
4711.01,tess,NON_HABITABLE,13.6266,1833.0,1874.58,3.7081082,0.05644256503919638,0.0,5337.0,3.56,1.7446000451069332,9.263679421658347,G,-1.2843845222802852,3
4712.01,tess,NON_HABITABLE,8.76898,916.0,117.013,8.8720052,0.08698760888688814,0.0,5626.0,1.31,1.1156014067628637,1.548945769863804,G,-1.2136124723846757,3
4714.01,tess,NON_HABITABLE,14.5746,833.0,80.2209,7.9144674,0.07616208185196979,0.0,5431.0,1.0,0.9409216909216909,0.7838156336590137,G,-1.1913779159752802,3
4716.01,tess,NON_HABITABLE,16.2444,2170.0,3686.59,5.2376102,0.07603135975968547,0.0,7666.0,2.59,2.1374323322536153,20.87226106392125,A,-1.2870064927505092,3
4717.01,tess,NON_HABITABLE,16.0152,1736.0,1509.9,4.1583367,0.06103232426069711,0.0,8131.7,1.55,1.7539648052835235,9.464191048928164,A,-1.2826004778143185,3
4718.01,tess,NON_HABITABLE,8.29803,1057.0,207.445,5.1409029,0.06064520958633018,0.0,6282.4,1.07,1.1258775279097557,1.6068102869468972,F,-1.244004649689169,3
4719.01,tess,NON_HABITABLE,11.615,612.0,23.3681,14.3953055,0.10462625983898434,0.0,4850.0,0.77,0.737328088684196,0.29555826948469843,K,-1.0446994295987924,3
472.01,tess,NON_HABITABLE,24.8489,954.0,138.045,0.5682596,0.009921982635764921,0.0,3294.0,0.5,0.403535990510826,0.02651728756491708,M,-1.2259663939143186,3
4720.01,tess,NON_HABITABLE,15.3456,1434.0,702.278,3.7810832,0.053013296391870704,0.0,6364.0,1.59,1.390280433732039,3.736023874436393,F,-1.2721421087833564,3
4721.01,tess,NON_HABITABLE,7.2935622,908.6497573,161.1042737,4.0086493,0.044416473504196224,0.0,4779.0,0.77199,0.7274724409423804,0.2800697358876737,K,-1.194268956605734,3
4722.01,tess,NON_HABITABLE,10.6208,1016.0,177.179,10.8910909,0.10896334770229196,0.0,6619.0,1.61,1.4550536164281944,4.482455499737027,F,-1.23901029937802,3
4723.01,tess,NON_HABITABLE,14.6976,1488.0,814.239,3.6590997,0.05250857033882656,0.0,6624.0,1.58,1.4425223304921098,4.330022761781651,F,-1.2751648254457895,3
4724.01,tess,NON_HABITABLE,3.43709,1314.0,495.575,3.572359,0.04499359058878727,0.0,5730.0,0.92,0.9521869240672863,0.822032243835518,G,-1.2415470805936932,3
4725.01,tess,NON_HABITABLE,12.6426,1100.0,243.693,2.0763072,0.031640754058742976,0.0,5805.0,0.95,0.980251926050174,0.9233169689154542,G,-1.264559897436378,3
4726.01,tess,NON_HABITABLE,14.1426,1000.0,166.22,4.2971136,0.04863363477559206,0.0,5203.0,0.85,0.831068777049461,0.4770323868639009,G,-1.2128948052757333,3
4727.01,tess,NON_HABITABLE,22.4773,720.0,44.731,7.151653,0.07365758590700314,0.0,5635.0,1.14,1.042365487702641,1.1805383356952497,G,-1.2165096256012864,3
4728.01,tess,NON_HABITABLE,12.8134,526.0,12.8029,6.0879495,0.05374883498056891,0.0,3971.0,0.66,0.5589147003605232,0.0975847895021217,K,-1.072803641676167,3
4729.01,tess,NON_HABITABLE,9.55039,806.0,70.231,6.9279673,0.0723179612122208,0.0,5950.0,1.04,1.0512531568217973,1.2213193891405931,G,-1.2197534778283678,3
473.01,tess,NON_HABITABLE,14.7247524,1603.8131115,1563.6373659,1.5732848,0.026288270965576926,0.0,5400.0,1.09539,0.9791558508285986,0.9191942380708645,G,-1.2721526925166626,3
4730.01,tess,NON_HABITABLE,9.75584,2283.0,4517.28,4.0681112,0.05874479936659115,0.0,7070.0,1.78,1.634192046662737,7.132017006948407,F,-1.279626138916663,3
4731.01,tess,NON_HABITABLE,13.4308,1671.0,1295.38,1.4553693,0.026921382087257743,0.0,6344.5,1.25,1.228926999588307,2.2808900107767287,F,-1.2853752759742796,3
4732.01,tess,NON_HABITABLE,21.7999,1342.0,538.48,1.8911553,0.029872631937008877,0.0,5711.0,1.01,0.9943665916878276,0.9776560643823405,G,-1.2683037513659452,3
4733.01,tess,NON_HABITABLE,17.4742,1324.0,510.647,5.3054422,0.06436473076330208,0.0,6473.0,1.27,1.2638081307210915,2.551082950655225,F,-1.2544025895140034,3
4734.01,tess,NON_HABITABLE,9.02698,1397.0,633.344,6.2356356,0.07319609497820395,0.0,5854.0,1.76,1.3454969870229043,3.2774110855044154,G,-1.2542185384300202,3
4736.01,tess,NON_HABITABLE,21.5886,2665.0,8379.19,2.8564778,0.042841673271641754,0.0,5777.0,1.65,1.2856359772513593,2.731945736643645,G,-1.274219648882941,3
4737.01,tess,NON_HABITABLE,7.8768,1108.0,250.474,9.3202467,0.09518711155578526,0.0,5916.0,1.67,1.3245247517207488,3.0777994230893087,G,-1.2351635684335438,3
4739.01,tess,NON_HABITABLE,22.3829,1508.212269169117,1223.74,8.1703609,0.10095389654774327,0.0,8190.0,2.1,2.0562088626349877,17.87594076262658,A,-1.2770343514848541,4
474.01,tess,NON_HABITABLE,12.9083148,1240.0502722,558.8280149,2.5167257,0.03531822864548864,0.0,5403.0,0.982638,0.927909075862057,0.741347266014334,G,-1.2534087625989736,3
4741.01,tess,NON_HABITABLE,14.0194,1710.0,1421.21,2.4849639,0.039878374939521684,0.0,6252.0,1.6,1.3701011733453021,3.523794334817731,F,-1.2806642197267901,3
4742.01,tess,NON_HABITABLE,10.5038,1427.0,689.785,4.1034672,0.055004462324814214,0.0,6753.0,1.27,1.318476179014295,3.0219630587380344,F,-1.2663340159299032,3
4743.01,tess,NON_HABITABLE,19.4459,1480.0,798.226,6.2185453,0.08365187536685921,0.0,7968.0,2.14,2.019435049615313,16.631045766283357,A,-1.2816723033911483,3
4744.01,tess,NON_HABITABLE,14.2355,1622.0,1151.39,4.8013522,0.06528973778097343,0.0,6399.9,2.11,1.6106014780428386,6.729028585508725,F,-1.275254109893648,3
4745.01,tess,NON_HABITABLE,13.3105,1153.0,293.437,4.413935,0.0554996136263751,0.0,5972.0,1.28,1.1705728890494975,1.8775600927301694,G,-1.2541195761308834,3
4746.01,tess,NON_HABITABLE,4.39334,759.0,55.2646,7.5395871,0.06983158405329339,0.0,5223.0,0.78,0.7991733715320573,0.40790968701876495,G,-1.1592492839456936,3
4747.01,tess,NON_HABITABLE,3.8343,1035.0,190.795,5.2192426,0.058500798487497035,0.0,5688.0,0.99,0.9805073704543408,0.9242797759472442,G,-1.2260772816459107,3
4748.01,tess,NON_HABITABLE,13.8992,1462.0,759.181,4.1018859,0.05408962486650107,0.0,6327.7,1.31,1.2547442270837845,2.4786820681062265,F,-1.262592292620351,3
4749.01,tess,NON_HABITABLE,16.4864,2842.0,10840.4,1.3832999,0.024925532649269066,0.0,5786.0,1.16,1.079645307487188,1.3587025985946066,G,-1.2804714426541277,3
475.01,tess,NON_HABITABLE,2.3414536,531.2398464,18.8227716,8.2617663,0.06591424279956293,0.0,4105.0,0.6194,0.5597220802401167,0.09814987665935644,K,-1.0199682633848324,3
4750.01,tess,NON_HABITABLE,11.8959,1291.0,462.146,3.2141617,0.05007675716084635,0.0,7137.0,1.72,1.621636824253062,6.915353592650922,F,-1.2836978434602582,3
4752.01,tess,NON_HABITABLE,9.9097,1564.0,995.585,5.0467874,0.059898787584553755,0.0,6252.0,1.08,1.1256529780582767,1.6055287938013285,F,-1.2447902380698082,3
4753.01,tess,NON_HABITABLE,11.7601,1639.0,1200.61,5.3970484,0.06975850464596245,0.0,5996.0,2.24,1.5547455087384998,5.843018262187753,G,-1.2701688594691525,3
4754.01,tess,NON_HABITABLE,14.0586,1506.0,855.031,3.6307276,0.04953396555463667,0.0,6350.0,1.25,1.2299923472906849,2.2888094478347054,F,-1.2648176041256942,3
4755.01,tess,NON_HABITABLE,19.0824,677.0,34.998,22.7273078,0.1806224443628589,0.0,6243.0,1.98,1.5219472759136004,5.365354606040107,F,-1.2024705061717047,3
4756.01,tess,NON_HABITABLE,15.2282,774.0,59.7456,8.0823172,0.07659807566649145,0.0,5351.5,0.98,0.917829992260522,0.7096578003201655,G,-1.1846235703083903,3
4757.01,tess,NON_HABITABLE,11.5464,2165.0,3648.06,2.0804611,0.03576441771724219,0.0,6434.0,1.6,1.4099857564465248,3.9523819011071777,F,-1.2851492902711446,3
4758.01,tess,NON_HABITABLE,15.7774,1631.0,1176.49,5.7627112,0.07018308183401059,0.0,6589.0,1.48,1.3887499068653835,3.719599419781038,F,-1.259788783011769,3
4759.01,tess,NON_HABITABLE,9.98401,1117.0,258.473,9.6578504,0.09909594997197578,0.0,5557.0,2.09,1.3918332824360522,3.7527433986931276,G,-1.2394403392707483,3
476.01,tess,NON_HABITABLE,14.5105081,1912.9129538,2303.34,3.0629783,0.05119335630645296,0.0,7691.0,2.05,1.9078025259469584,13.247492363732833,A,-1.290558047201584,3
4761.01,tess,NON_HABITABLE,9.94411,2044.0,2897.86,3.7863767,0.05734865541058717,0.0,6892.9,2.16,1.755102686905423,9.488774468714245,F,-1.2842840900510486,3
4762.01,tess,NON_HABITABLE,3.61577,1394.0,626.954,4.3591525,0.054126508308366454,0.0,5866.0,1.2,1.113285004270722,1.5361210376318477,G,-1.2497534721280865,3
4763.01,tess,NON_HABITABLE,14.2889,1735.0,1505.89,5.8679992,0.077394818076912,0.0,7054.0,2.16,1.7961227282320726,10.407442830865484,F,-1.2768785498982052,3
4764.01,tess,NON_HABITABLE,10.4975,1528.0,905.776,1.6025971,0.02560530715448657,0.0,5164.0,0.95,0.8720104989014811,0.5782116733489956,K,-1.2635332309389846,3
4766.01,tess,NON_HABITABLE,10.5088307,1196.3465579,484.1155352,1.9326573,0.028064778259277293,0.0,4909.0,0.861743,0.7895062853441794,0.38852804006083735,K,-1.2478883749486376,3
4767.01,tess,NON_HABITABLE,13.2415,1927.0,2289.27,2.7319222,0.04245175666706372,0.0,5473.0,2.08,1.367510889162468,3.4972217669989365,G,-1.2786566255279177,3
4768.01,tess,NON_HABITABLE,15.0763,1295.0,468.187,7.2644599,0.0834310385158011,0.0,6617.0,1.64,1.4681037102942882,4.645440960930172,F,-1.2565926250743986,3
477.01,tess,NON_HABITABLE,12.7921539,1076.5451049,317.4314288,2.9444273,0.03794110797608721,0.0,5150.0,0.88727,0.8404440471073965,0.4989249490532734,K,-1.2359115007388837,3
4770.01,tess,NON_HABITABLE,15.8333,2165.0,3650.34,1.9491813,0.033394008588342565,0.0,6472.0,1.36,1.3076202586084127,2.9236579499810715,F,-1.2830260657663104,3
4771.01,tess,NON_HABITABLE,12.6954,1173.0,315.049,6.0049484,0.06945310777660313,0.0,6373.5,1.26,1.2394726275781558,2.360194321446162,F,-1.247635326145222,3
4772.01,tess,NON_HABITABLE,13.0354,1304.0,480.071,2.8894603,0.039114420041689836,0.0,5604.0,0.97,0.9562196659955885,0.8360469855072586,G,-1.2509846745706605,3
4773.01,tess,NON_HABITABLE,14.1453349,2012.9003882,3879.8071248,1.7454828,0.03181477381787761,0.0,6674.0,1.4871401,1.4100542505386036,3.9531499501045118,F,-1.2878895677634778,3
4774.01,tess,NON_HABITABLE,4.55822,1020.0,180.356,8.6000244,0.0836168126054382,0.0,5700.8,1.14,1.054537208925504,1.236652366792791,G,-1.2063108369945552,3
4775.01,tess,NON_HABITABLE,15.4982,1826.0,1846.66,2.4732088,0.041632575990721704,0.0,6643.0,1.87,1.5738333115386536,6.135287705460643,F,-1.2867778475500846,3
4776.01,tess,NON_HABITABLE,10.0431,919.0,118.725,10.4137997,0.097883948163297,0.0,6079.0,1.2,1.1537094341905423,1.771682012700654,F,-1.2085884322129365,3
4777.01,tess,NON_HABITABLE,14.8585,1668.0,1285.38,2.9588764,0.04179570397573076,0.0,6041.0,1.13,1.1125556281138256,1.5320993918925419,F,-1.2634046448870577,3
4778.01,tess,NON_HABITABLE,15.4202705,1358.6227154,805.2235864,3.8074213,0.04995691124722073,0.0,5296.0,1.56375,1.1473748216583046,1.7330905789236526,G,-1.257642217575711,3
4779.01,tess,NON_HABITABLE,11.4707,639.0,27.7925,10.7490194,0.09542621013463498,0.0,5424.0,1.14,1.0033345883405724,1.0134052186778841,G,-1.1792954705754364,3
4780.01,tess,NON_HABITABLE,16.4932,1546.0,948.685,4.6942884,0.06390285360066301,0.0,6400.0,2.03,1.5797984031905756,6.228832925831178,F,-1.2746540564353692,3
4783.01,tess,NON_HABITABLE,19.5004,1059.0,209.336,6.7519508,0.08611366428444575,0.0,8297.0,1.69,1.8686936936936935,12.194176588280332,A,-1.2759556424694118,3
4784.01,tess,NON_HABITABLE,8.84831,1200.0,344.843,3.3583921,0.04166630253765248,0.0,5177.0,0.91,0.8556034729271531,0.535907894707269,K,-1.2314982009660054,3
4785.01,tess,NON_HABITABLE,11.4436,1050.0,202.251,6.4311106,0.07582711008850473,0.0,6741.0,1.45,1.40631304670199,3.911362100779952,F,-1.2571004505500716,3
4786.01,tess,NON_HABITABLE,10.8479,1706.0,1406.27,5.6984189,0.07481443528747102,0.0,7528.0,1.74,1.7203939718274175,8.7601521361569,A,-1.2751051564424736,3
4787.01,tess,NON_HABITABLE,13.0482,1383.0,608.189,3.5037708,0.04877293597094716,0.0,6107.0,1.42,1.260798750566076,2.5268710457745724,F,-1.2676557089302356,3
4788.01,tess,NON_HABITABLE,14.0261,1134.0,275.326,4.3930669,0.056692738114333244,0.0,6328.0,1.32,1.2595839371896274,2.5171462803556444,F,-1.260694132109158,3
4789.01,tess,NON_HABITABLE,11.2467,812.0,72.4941,7.5002702,0.07607269916512885,0.0,5644.0,1.14,1.044030312793914,1.1880984609914746,G,-1.2137535903983696,3
479.01,tess,NON_HABITABLE,12.6841023,1270.3448387,615.4708822,2.7817379,0.0384537444482561,0.0,5600.0,1.02095,0.9803111477775471,0.9235401171891552,G,-1.2547944433136498,3
4790.01,tess,NON_HABITABLE,16.8320485,1951.3154178,3426.3435462,1.6102435,0.029225326618360237,0.0,6080.2,1.48651,1.2843265490002078,2.720832714084172,F,-1.2855239840997992,3
4791.01,tess,NON_HABITABLE,13.0113,1279.0,445.261,4.2809767,0.05574893499232388,0.0,5964.0,1.49,1.2612594887774742,2.530566685136461,G,-1.2616426070868305,3
4792.01,tess,NON_HABITABLE,10.2494,609.0,22.9265,8.4481666,0.08209756016477518,0.0,5826.1,1.05,1.0342993738315527,1.1444189672132714,G,-1.204172993906252,3
4793.01,tess,NON_HABITABLE,15.0462,1620.0,1145.52,3.4658629,0.05031163856769214,0.0,6688.0,1.49,1.4143701309429486,4.001771665345744,F,-1.275280173557404,3
4794.01,tess,NON_HABITABLE,13.7385,1610.0,1115.66,3.5658043,0.049516259994055754,0.0,6214.0,1.4,1.273822583928656,2.632908565304952,F,-1.2678846306858091,3
4796.01,tess,NON_HABITABLE,15.3215,1415.0,665.763,3.5775958,0.05117620630114637,0.0,6355.0,1.61,1.3970185424386121,3.808979909160426,F,-1.273803211922417,3
4797.01,tess,NON_HABITABLE,20.032,1070.0,218.392,2.9922495,0.044118283658092824,0.0,5932.0,1.55,1.2795011159956542,2.680172063655971,G,-1.2728015165690458,3
4798.01,tess,NON_HABITABLE,9.00518,792.0,65.4488,5.5261155,0.05597060852538239,0.0,4824.0,0.84,0.7659856255186062,0.3442567615277648,K,-1.1784677847112672,3
4799.01,tess,NON_HABITABLE,12.891,1496.0,832.08,4.0234634,0.055293564135386955,0.0,6678.0,1.45,1.3931699341159902,3.767180016402315,F,-1.2706795363677863,3
480.01,tess,NON_HABITABLE,2.8144915,1224.6157859,531.5209848,6.8659582,0.07751887967405231,0.0,6212.63,1.5000401,1.3182585646442193,3.0199684537387865,F,-1.248463548495343,3
4800.01,tess,NON_HABITABLE,7.54314,741.0,50.2356,4.3229915,0.05581465160524977,0.0,6121.0,1.37,1.2412416520012965,2.3736974466230403,F,-1.2600133377989462,3
4802.01,tess,NON_HABITABLE,6.86542,1844.0,1919.49,1.7131374,0.02849761151181929,0.0,5843.0,1.08,1.0520138117073752,1.2248580661480521,G,-1.2744545239391643,3
4803.01,tess,NON_HABITABLE,8.2562,1004.0,168.924,8.4516737,0.08673979748911607,0.0,5782.9,1.48,1.2188498765232698,2.206992567907933,G,-1.2294714642328102,3
4804.01,tess,NON_HABITABLE,8.28506,1514.0,873.95,5.0648401,0.0711337232058036,0.0,6675.0,2.62,1.8718696088945421,12.27728600643349,F,-1.2819631809092789,3
4805.01,tess,NON_HABITABLE,9.52189,983.0,155.205,8.9981735,0.08582885693328789,0.0,5444.0,1.22,1.0417696704360264,1.177841461023907,G,-1.2009459466434464,3
4806.01,tess,NON_HABITABLE,4.97976,1033.0,189.537,8.4476983,0.0834646958595746,0.0,5902.0,1.13,1.0869563511219664,1.3958810708147997,G,-1.2125779084860964,3
4807.01,tess,HABITABILITY_ZONE,8.80381,333.0,2.06218,17.6868627,0.11702774430965068,0.0,4496.0,0.77,0.6835107395307516,0.21826362854753803,K,-0.9647006911340639,3
4809.01,tess,NON_HABITABLE,9.0734924,1403.7743209,917.7199576,4.4722598,0.0581261783376316,0.0,6211.0,1.4818799,1.3099107627995104,2.9441968386018194,F,-1.2632543609195055,3
481.01,tess,NON_HABITABLE,11.9428,1111.0,253.126,10.3311664,0.10164339414086751,0.0,5760.0,1.73,1.3125601434976373,2.968088527556308,G,-1.2286290467411864,3
4810.01,tess,NON_HABITABLE,14.6399,1930.0,2303.62,2.4162514,0.04188525133873186,0.0,6688.0,2.1,1.6791117061419778,7.949107267318919,F,-1.2894681666855468,3
4811.01,tess,NON_HABITABLE,21.8486399,2076.6757868,4395.3736341,0.9828259,0.024282834401205846,0.0,4959.0,5.2980399,1.9775405528468901,15.29331355477058,K,-1.3013853208039556,3
4812.01,tess,NON_HABITABLE,8.15594,1753.0,1568.27,3.3138453,0.04677401883072928,0.0,6153.0,1.36,1.2431686420299077,2.388472181385997,F,-1.268230420744525,3
4814.01,tess,NON_HABITABLE,15.8197,918.0,118.195,5.545745,0.06158096345260535,0.0,5706.0,1.05,1.0129781890257357,1.0529321286565911,G,-1.227230591709673,3
4815.01,tess,NON_HABITABLE,13.0195,948.0,134.631,8.9727235,0.08638467428802227,0.0,5605.0,1.21,1.0681739431739432,1.3018708973221076,G,-1.205596587543082,3
4816.01,tess,NON_HABITABLE,15.7487,920.0,119.042,11.2473628,0.10766134881632299,0.0,6141.0,1.53,1.3160078818564478,2.9993970602468996,F,-1.2242654026369864,3
4818.01,tess,NON_HABITABLE,8.8613965,1545.0922159,1346.9101325,2.6006996,0.039721958156707725,0.0,6673.0,1.1433901,1.2362093277554669,2.3354365077856456,F,-1.274119465602771,3
4819.01,tess,NON_HABITABLE,14.0293,1245.0,399.352,1.5889429,0.02471841830630993,0.0,5150.0,0.8,0.7980422788720662,0.4056052805946483,K,-1.2564505876092575,3
4820.01,tess,NON_HABITABLE,10.9270095,738.2202692,70.1883225,27.1358856,0.19104716310020373,0.0,6315.0,1.33332,1.263322494820569,2.547164053400421,F,-1.1449606497601543,3
4821.01,tess,NON_HABITABLE,12.6725,1137.0,278.238,5.469359,0.07074158880501027,0.0,7182.0,1.61,1.5788178083074922,6.213382151514089,F,-1.2708289333574383,3
4822.01,tess,NON_HABITABLE,15.8899,2415.0,5650.08,4.4712213,0.06362368476295352,0.0,7586.0,1.71,1.7186386375103715,8.724454550649803,A,-1.2802557099193967,3
4823.01,tess,NON_HABITABLE,13.5887921,1160.4576185,428.5861553,3.7260939,0.04691972642444419,0.0,5736.0,0.9975,0.9925200126714605,0.9704140810514185,G,-1.244298129893231,3
4824.01,tess,NON_HABITABLE,13.6708,1367.0,581.326,5.124162,0.0631513902850503,0.0,5750.0,1.65,1.2796272925731893,2.6812294287817213,G,-1.2567886006577682,3
4826.01,tess,NON_HABITABLE,13.7408,1262.0,421.342,5.9730504,0.06963331787619301,0.0,6137.0,1.41,1.2625231702728983,2.540723641699441,F,-1.2497339161692438,3
4828.01,tess,NON_HABITABLE,8.13514,536.0,13.7261,19.0286016,0.12605555717995076,0.0,4733.0,0.81,0.737993762993763,0.2966270590725504,K,-0.9909490557802781,3
483.01,tess,NON_HABITABLE,15.1767346,1469.9084134,1103.2707506,4.3780807,0.05704330464125451,0.0,5570.0,1.79224,1.2918942215014708,2.785529888421071,G,-1.2628372782481856,3
4831.01,tess,NON_HABITABLE,16.5853,1947.0,2389.95,2.6375869,0.04568136405613935,0.0,6196.0,2.9,1.8280332280540537,11.166995534241574,F,-1.2911026644087873,3
4832.01,tess,NON_HABITABLE,8.80341,735.0,48.6261,2.7805098,0.03197627666623627,0.0,3949.0,0.68,0.5641768577811553,0.10131204241642273,K,-1.1714835758418878,3
4833.01,tess,NON_HABITABLE,12.1216,1802.0,1753.41,3.6520005,0.054511678762570896,0.0,7194.0,1.69,1.6202702702702703,6.892072756826256,F,-1.2813252617473836,3
4834.01,tess,NON_HABITABLE,8.60632,1133.0,273.914,3.118166,0.04134316828889231,0.0,5218.8,1.15,0.9696014392292501,0.8838386839127597,G,-1.2493334702552876,3
4835.01,tess,NON_HABITABLE,13.6454,1198.0,343.068,5.1953991,0.06588232344452953,0.0,6047.0,1.82,1.4133487533760247,3.9902247741768493,F,-1.26448681347909,3
4836.01,tess,NON_HABITABLE,13.7067,1058.6501351,296.8457469,5.1035091,0.07327963683578415,0.0,8086.0,2.07,2.0155454104733184,16.5032830820331,A,-1.2850820364908309,3
4837.01,tess,NON_HABITABLE,8.09695,871.5340537898043,136.451,4.4644761,0.06185680879345262,0.0,7013.0,1.7,1.584170702276028,6.298076168586605,F,-1.2759722508255582,4
4841.01,tess,NON_HABITABLE,11.9294,795.0,66.4905,9.6284672,0.08474229358877983,0.0,5388.3,0.88,0.8757230505425012,0.5881215930710124,G,-1.1576457990859734,3
4842.01,tess,NON_HABITABLE,16.5532,889.0,104.023,5.3374045,0.06875909399652727,0.0,5064.7,3.01,1.5223364676239401,5.370844816317837,K,-1.269051671729235,3
4843.01,tess,NON_HABITABLE,10.7025,1054.0,205.555,8.3548746,0.09161017615704992,0.0,6643.0,1.63,1.4693719067758317,4.661513313116869,F,-1.2514634773901612,3
4844.01,tess,NON_HABITABLE,11.925,1489.0,818.029,4.5425274,0.060579404954556076,0.0,7333.0,1.28,1.4373427654721977,4.268166861676464,F,-1.2695294839971223,3
4845.01,tess,NON_HABITABLE,12.0136223,1508.1261899,1222.564355,4.21909,0.056094100448128244,0.0,5367.0,2.02385,1.3228007528864407,3.061806450699891,G,-1.2657604283612205,3
4848.01,tess,NON_HABITABLE,18.0478848,1732.9675246,2131.4870511,3.7235407,0.055165364467934845,0.0,7492.0,1.54879,1.615354010375036,6.808804380209882,F,-1.280805529876229,3
4850.01,tess,NON_HABITABLE,17.73,1422.0,680.523,7.6778159,0.07915179416828859,0.0,5938.0,1.19,1.1222441534426,1.5861688113312031,G,-1.2233245267504387,3
4851.01,tess,NON_HABITABLE,2.134,888.0,103.508,21.6091483,0.15714159687127066,0.0,5967.0,1.15,1.1086096014181297,1.510478480692702,G,-1.1337213331070466,3
4852.01,tess,NON_HABITABLE,13.364,1570.0,1009.89,7.2307407,0.08568144709750787,0.0,7747.0,1.43,1.6050007965489694,6.635917974025786,A,-1.2641014714818235,3
4853.01,tess,NON_HABITABLE,9.46193,544.0,14.6012,7.2333744,0.0706786128884593,0.0,5508.0,0.89,0.9002489271546739,0.6568261727871414,G,-1.1897476189673062,3
4854.01,tess,NON_HABITABLE,9.13123,1192.0,336.151,3.9230475,0.05027598106147155,0.0,5620.0,1.28,1.1015773001436997,1.4725156252153015,G,-1.2528406349469405,3
4855.01,tess,NON_HABITABLE,16.4426,823.0,76.4611,7.5872202,0.08935263671510046,0.0,6419.0,2.21,1.6532448941274684,7.47048435247433,F,-1.264886678423556,3
4857.01,tess,NON_HABITABLE,13.7957,1995.0,2630.38,1.8881146,0.032650127105267025,0.0,6309.0,1.42,1.3025019350452551,2.8781505598004604,F,-1.2834184299695908,3
4859.01,tess,NON_HABITABLE,18.372,1147.0,287.355,7.1878971,0.06979429294472309,0.0,5144.9,0.97,0.8778826837224666,0.593944589517482,K,-1.1851265051222957,3
486.01,tess,NON_HABITABLE,0.591815,896.0,107.262,1.7447031,0.020746901702207825,0.0,3445.0,0.43,0.3913786506621689,0.02346326936432919,M,-1.1232687343693644,3
4860.01,tess,NON_HABITABLE,8.99483,687.0,37.1159,1.5229985,0.017934514880018907,0.0,3237.0,0.35,0.33178014999815414,0.012117181039817619,M,-1.0853922824984388,3
4861.01,tess,NON_HABITABLE,9.36413,1948.0,2393.6,3.4321678,0.05202011915688862,0.0,6176.0,2.22,1.5942537680776208,6.459959697589271,F,-1.2817346922388693,3
4863.01,tess,HABITABILITY_ZONE,12.2535,375.0,3.28873,12.4856615,0.07784112917105425,0.0,3473.0,0.45,0.4036311894935951,0.02654231940656588,M,-0.6514278387434478,3
4864.01,tess,NON_HABITABLE,9.54095,752.0,53.3051,5.2410982,0.06135864526354299,0.0,6119.0,1.12,1.1219232344008476,1.5843552542027264,F,-1.2427578329222222,3
4865.01,tess,NON_HABITABLE,11.3966,1369.0,583.776,1.2655205,0.023482284055173316,0.0,5243.0,1.41,1.0786066452241823,1.3534816323486876,G,-1.282124438523164,3
4866.01,tess,NON_HABITABLE,9.32533,1572.0,1015.01,4.1059615,0.05474880328397434,0.0,6524.0,1.32,1.2985975989609875,2.8437956279594423,F,-1.2651976247118013,3
4867.01,tess,NON_HABITABLE,11.2429,2371.0,5246.76,2.835273,0.0462295265923599,0.0,6996.0,1.83,1.6396419579391355,7.227633014523837,F,-1.2862434061729917,3
4868.01,tess,NON_HABITABLE,22.1885,1081.0,227.514,3.5164369,0.04836614151958129,0.0,4395.0,2.57,1.2206723819571854,2.2202223726238834,K,-1.2652060966135992,3
487.01,tess,NON_HABITABLE,2.727569,666.0,32.6779,24.3321784,0.1614416296116376,0.0,5450.0,1.0083,0.948123832717938,0.8080909700427934,G,-1.062422550856935,3
4870.01,tess,NON_HABITABLE,8.20112,1936.0,2335.94,1.8119168,0.02950072130434675,0.0,6146.0,0.96,1.0432823256511026,1.1846973038244082,F,-1.2725878113054705,3
4871.01,tess,NON_HABITABLE,19.8865,2122.0,3371.36,1.7687528,0.03152818947693751,0.0,6176.0,1.56,1.3364209160813758,3.1898705300002534,F,-1.2856135560160356,3
4872.01,tess,NON_HABITABLE,9.77984,2941.0,12427.4,1.7125104,0.03634045351692842,0.0,7938.0,2.52,2.1831573708140044,22.716434670922293,A,-1.299434730835916,3
4873.01,tess,NON_HABITABLE,6.57285,1840.0,1906.13,0.8313018,0.017791340513492383,0.0,5983.0,1.1,1.08714888056168,1.3968703271451561,G,-1.2891962937817298,3
4874.01,tess,NON_HABITABLE,14.738,2382.0,5350.8,2.2866856,0.04435363377390153,0.0,8277.0,2.41,2.2261537415271,24.559561944199928,A,-1.2976082000758231,3
4875.01,tess,NON_HABITABLE,10.6608,935.0,127.221,9.7929019,0.09683494631477581,0.0,6322.0,1.33,1.2631472751820647,2.5457512064945838,F,-1.226296353440815,3
4877.01,tess,NON_HABITABLE,12.0807,1524.0,896.671,5.2220526,0.06749288343466335,0.0,6718.0,1.67,1.5040833810108165,5.117851151448301,F,-1.268824567198327,3
4878.01,tess,NON_HABITABLE,13.0542,773.0,59.5611,4.728422,0.056292894245658434,0.0,5655.8,1.18,1.0644094577638632,1.283615341955702,G,-1.2414635761954842,3
4879.01,tess,NON_HABITABLE,9.71605,1099.0,242.224,5.3763108,0.06722459575483052,0.0,6543.0,1.53,1.4021559307908706,3.865318213420829,F,-1.262817228749966,3
488.01,tess,NON_HABITABLE,1.2107339,704.6326883,58.2602237,1.1979996,0.015463666803195938,0.0,3332.0,0.354529,0.34371980216582465,0.013957839902193722,M,-1.1295462071255857,3
4880.01,tess,NON_HABITABLE,15.0586,1630.0,1172.33,3.4717583,0.0496758225994869,0.0,6549.0,1.43,1.3568026612365047,3.38896237287352,F,-1.272752358066644,3
4881.01,tess,NON_HABITABLE,11.2662,1405.0,647.404,4.4158835,0.05763432827623275,0.0,5306.0,2.03,1.3097516136451868,2.9427662646613717,G,-1.2636381812407302,3
4882.01,tess,NON_HABITABLE,11.7883,1254.0,410.649,4.4360402,0.05846561521954944,0.0,6633.0,1.39,1.3548495611726392,3.3694909947141123,F,-1.2660453754699228,3
4883.01,tess,NON_HABITABLE,10.7052,1614.0,1127.24,4.4967355,0.059649149161685365,0.0,6534.0,1.53,1.4002272431281597,3.8440948279202054,F,-1.268012534914875,3
4887.01,tess,NON_HABITABLE,12.2426,2002.0,2667.28,5.1873583,0.0727432503937348,0.0,7868.0,1.96,1.9083853083853084,13.263686794932491,A,-1.282414596400784,3
4888.01,tess,NON_HABITABLE,8.08768,1076.0,223.026,9.4185437,0.09669281568453988,0.0,6243.0,1.58,1.3595511638378988,3.416506284695063,F,-1.237844341736423,3
489.01,tess,NON_HABITABLE,13.2844134,1434.1143407,999.6687505,3.6466612,0.04968111996187504,0.0,6096.0,1.35672,1.2301660847233793,2.290102906738533,F,-1.2646963287596928,3
4890.01,tess,NON_HABITABLE,15.718004,1763.0038602,2283.1479477,3.0471275,0.04705947980017316,0.0,6823.0,1.60466,1.4974094249268102,5.02761773181298,F,-1.2810171097079277,3
4892.01,tess,NON_HABITABLE,11.1801,1323.0,509.073,4.516649,0.05681311458080194,0.0,5850.0,1.4,1.1992053614391114,2.0681129115908403,G,-1.255494635944754,3
4894.01,tess,NON_HABITABLE,12.6024,1197.0,340.982,3.5611222,0.04861866392786095,0.0,5260.0,1.76,1.2089706443014139,2.1363038470056015,G,-1.2640977536405418,3
4895.01,tess,NON_HABITABLE,11.2056,764.0,56.781,8.9641788,0.09884472221295348,0.0,6956.0,1.77,1.6033187966552649,6.608144579827192,F,-1.2569477438666883,3
4896.01,tess,NON_HABITABLE,10.5964,1680.0,1325.48,5.1609259,0.06773238655371044,0.0,7102.0,1.6,1.5563753251916723,5.867557408989369,F,-1.2714049409996095,3
4897.01,tess,NON_HABITABLE,11.6239,1172.0,313.657,4.3066915,0.056124612787939114,0.0,6618.0,1.23,1.2716072522421609,2.6146405030148943,F,-1.2621052973823452,3
4898.01,tess,NON_HABITABLE,3.48557,667.0,33.0144,2.7652293,0.031218696315533236,0.0,3830.0,0.64,0.5308385308385308,0.07940534813502548,K,-1.1572513955860169,3
4899.01,tess,NON_HABITABLE,14.4175,2186.0,3793.38,2.3908076,0.041482261058196614,0.0,7228.0,1.77,1.6660132636895135,7.70395644131487,F,-1.2893450506439978,3
490.01,tess,NON_HABITABLE,15.9952263,1578.6945221,1467.9572554,2.8106013,0.04214592595760202,0.0,6304.0,1.34004,1.2642959977888526,2.5550244040643317,F,-1.27360341592833,3
4900.01,tess,NON_HABITABLE,14.8051,1327.0,516.192,7.6650157,0.08442638290102748,0.0,6085.0,1.68,1.366434759175739,3.4862265340683005,F,-1.2476234775850599,3
4901.01,tess,NON_HABITABLE,10.789,539.0,14.0395,16.0462248,0.12523059233635694,0.0,5295.9,1.23,1.0175740173994046,1.072170952174917,G,-1.1432552141431163,3
4903.01,tess,NON_HABITABLE,12.5243,1962.0,2462.94,4.9142901,0.06908989728421101,0.0,8065.0,1.7,1.821807602146894,11.01564775096762,A,-1.2812530218008338,3
4904.01,tess,NON_HABITABLE,19.2999,1883.0,2090.41,2.4118274,0.04510202806488463,0.0,8765.0,1.92,2.1041476546557463,19.602201511138173,A,-1.295903279861156,3
4905.01,tess,NON_HABITABLE,13.1836,576.0,18.3455,11.1378464,0.10533833533004791,0.0,5809.0,1.56,1.2570060073699338,2.4966025682117023,G,-1.2180597569375222,3
4906.01,tess,NON_HABITABLE,8.81618,845.0,84.7541,11.9768241,0.1056242384667305,0.0,6059.0,1.09,1.0959427778497752,1.4426185629185841,F,-1.1887401506386959,3
4908.01,tess,NON_HABITABLE,9.99929,889.0,104.142,19.7112002,0.1616248377532731,0.0,6636.0,1.59,1.4497015962045583,4.416868488062851,F,-1.2039503688375985,3
4909.01,tess,NON_HABITABLE,16.0778778,1007.8499578,243.8397642,11.6484665,0.11736968310561029,0.0,6496.0,1.99518,1.589683751252054,6.386206253056568,F,-1.2459314614669679,3
491.01,tess,NON_HABITABLE,14.4797,1331.0,521.877,3.3326812,0.04410306127908778,0.0,5645.0,1.11,1.030384016542857,1.1271882499099415,G,-1.2526905580855763,3
4910.01,tess,NON_HABITABLE,14.6366494,964.5506052,204.5601687,5.506691,0.059345723851622255,0.0,5277.0,1.01161,0.9195330189157225,0.7149395368125364,G,-1.213208936081416,3
4911.01,tess,NON_HABITABLE,13.5074,1741.0,1527.79,4.4573401,0.06219547297661551,0.0,7514.0,1.54,1.6154935512123232,6.811157373736209,A,-1.2770979655111783,3
4912.01,tess,NON_HABITABLE,18.0468,904.0,111.176,7.4105517,0.07199290971104315,0.0,5546.0,0.89,0.906459794843831,0.6751405366177473,G,-1.189184523150114,3
4913.01,tess,NON_HABITABLE,4.75554,753.0,53.4345,6.5430693,0.06102593364487603,0.0,4689.0,0.76,0.7082078013257872,0.2515607181259894,K,-1.1422486668419984,3
4914.01,tess,NON_HABITABLE,12.6054,574.0,18.1082,10.5988743,0.09525753657567991,0.0,5809.9,1.04,1.0265001203057076,1.1102889521579706,G,-1.1853463486435285,3
4916.01,tess,NON_HABITABLE,9.06392,1584.0,1047.58,4.1197036,0.055663795890126724,0.0,5848.8,1.79,1.3557105133701777,3.3780638639268807,G,-1.2682021444906315,3
4917.01,tess,NON_HABITABLE,13.3725,1377.0,597.141,4.7738904,0.06124662439315628,0.0,6681.0,1.35,1.344875350104561,3.2713584573612033,F,-1.263272661056452,3
4918.01,tess,NON_HABITABLE,7.59526,1074.0,221.525,6.5329169,0.07194143788154038,0.0,5698.0,1.39,1.1638674505595807,1.8349071393029908,G,-1.236745509856547,3
4919.01,tess,NON_HABITABLE,16.5056,1221.0,369.697,3.6470909,0.050834291388371484,0.0,6050.0,1.58,1.3175211502834032,3.0132168186230435,F,-1.2695818153261849,3
492.01,tess,NON_HABITABLE,14.3229397,1728.2631239,2108.4361588,3.1220166,0.04710834768842147,0.0,6280.0,1.72958,1.4308814340101932,4.191935528343104,F,-1.2782318637886714,3
4920.01,tess,NON_HABITABLE,13.3195,2094.0,3197.52,2.5245706,0.04146845726139244,0.0,6687.0,1.66,1.4926536414693505,4.964050365175283,F,-1.2842910838153188,3
4921.01,tess,NON_HABITABLE,13.5654,1488.7190411566307,1161.69,3.4975869,0.052451122117150965,0.0,6987.0,1.69,1.5736486486486485,6.132408720589046,F,-1.280751257085871,4
4923.01,tess,NON_HABITABLE,9.95556,805.0,69.9889,12.9175271,0.11133080390341303,0.0,5501.0,1.34,1.1032342134831779,1.4813950421408084,G,-1.1838749746787378,3
4925.01,tess,NON_HABITABLE,15.9780798,1370.5745345,833.9339122,3.9511085,0.05206097123208941,0.0,5933.0,1.37614,1.205811260479205,2.1140601548414875,G,-1.2605941941210717,3
4926.01,tess,NON_HABITABLE,10.1542,1579.0,1033.51,6.809144,0.08326522335193727,0.0,6464.0,2.2,1.6610639993273169,7.612818277066031,F,-1.2683506593883729,3
4927.01,tess,NON_HABITABLE,10.8868,1886.0,2102.63,0.8166936,0.019340967659903226,0.0,5951.0,1.97,1.4470939936274412,4.385175345097554,G,-1.2972138813474268,3
4928.01,tess,NON_HABITABLE,12.48,2254.0,4287.92,2.7792649,0.0477890965504153,0.0,7544.0,2.08,1.8849812073527608,12.62490442839411,A,-1.2914063021047866,3
4929.01,tess,NON_HABITABLE,13.5829,1887.0,2108.75,2.5547255,0.03470378704915016,0.0,4956.0,0.99,0.8543239324844782,0.5327093142201477,K,-1.2444106733599059,3
493.01,tess,NON_HABITABLE,4.4955906,697.8613892,56.0528481,5.944441,0.05659041560978711,0.0,4383.0,0.811865,0.6842062827388538,0.21915340925916582,K,-1.143335660653405,3
4930.01,tess,NON_HABITABLE,5.88108,1169.0,310.079,6.7789159,0.07198743613944822,0.0,5804.0,1.16,1.083004038136128,1.3756891240243037,G,-1.2253526204716607,3
4932.01,tess,NON_HABITABLE,11.7599,1745.0,1541.06,3.9417247,0.05312943388274809,0.0,4900.9,2.3,1.287696266935282,2.749500143354056,K,-1.2657828050011342,3
4935.01,tess,NON_HABITABLE,16.1019557,805.0171124,99.2524992,17.4219809,0.14252383964280124,0.0,6282.0,1.36695,1.2724710904980454,2.6217525387549125,F,-1.188627396330264,3
4936.01,tess,NON_HABITABLE,15.088,1533.0,917.418,4.7750178,0.06389153267519847,0.0,7121.0,1.53,1.5260205384627528,5.4230238574738285,F,-1.2721296981799852,3
4937.01,tess,NON_HABITABLE,11.6667,1741.0,1527.97,5.0414219,0.06728906135952603,0.0,5838.0,2.5,1.5992183801163373,6.540803320649657,G,-1.273681080100584,3
4938.01,tess,NON_HABITABLE,13.5499,1371.0,586.602,2.913692,0.039822659354057065,0.0,5816.0,0.97,0.9923935719897116,0.9699196774256674,G,-1.2542134159039113,3
4939.01,tess,NON_HABITABLE,7.49243,1186.0,328.919,9.1717558,0.09483837870815506,0.0,7513.5,1.08,1.3527820938325115,3.3489709801976812,A,-1.2385176305742418,3
494.01,tess,NON_HABITABLE,1.96356,1246.0,400.827,1.7018818,0.0255969011209961,0.0,4985.0,0.8,0.7724739340150002,0.3560699592748177,K,-1.2508217894127736,3
4940.01,tess,NON_HABITABLE,6.7555369,643.2496503,40.4612445,25.8663869,0.17217401631731027,0.0,5418.7,1.17513,1.0176811768391318,1.0726226594187342,G,-1.0808194377238238,3
4941.01,tess,NON_HABITABLE,10.8822,801.0,68.3964,3.5569996,0.04008947579499006,0.0,4440.0,0.78,0.6793662204867575,0.21301775147929003,K,-1.1902283059558565,3
4942.01,tess,NON_HABITABLE,7.01304,1142.0,283.041,7.9248476,0.08267987895829365,0.0,6274.0,1.22,1.2005993593526139,2.077745876640193,F,-1.2308882621678763,3
4943.01,tess,NON_HABITABLE,8.9733,629.0,26.1122,8.0176705,0.06846603878215977,0.0,4353.0,0.78,0.6660543148150575,0.19680611317548666,K,-1.097236147538247,3
4944.01,tess,NON_HABITABLE,9.4389,825.0,77.2131,4.075051,0.04850681517444661,0.0,5674.0,0.87,0.9169013989470883,0.706790236169479,G,-1.2304220083065445,3
4945.01,tess,NON_HABITABLE,18.0511,2785.0,9993.06,1.6500255,0.029024981113575748,0.0,6449.0,1.15,1.1981604356536817,2.0609141391032586,F,-1.2820777771486223,3
4947.01,tess,NON_HABITABLE,12.7772,1663.0,1271.14,4.1400273,0.058577305457996484,0.0,6639.0,1.85,1.5644518833592276,5.990303708813815,F,-1.276957247550391,3
4948.01,tess,NON_HABITABLE,7.34189,2241.0,4192.02,0.4722347,0.012096232536084203,0.0,5827.0,1.1,1.0588026954760001,1.256782581685383,G,-1.295072160048362,3
4949.01,tess,NON_HABITABLE,17.5347,2135.0,3451.71,1.7819156,0.03303424524749798,0.0,6955.0,1.58,1.514604892598524,5.262564376158295,F,-1.2900965033389493,3
495.01,tess,NON_HABITABLE,22.0328,2473.0,6216.41,1.2749246,0.025616302097273256,0.0,6459.0,1.52,1.3796240486894185,3.622788866256277,F,-1.2913943404079655,3
4950.01,tess,NON_HABITABLE,12.0264,1953.0,2417.15,3.9358604,0.05731272021499856,0.0,6975.0,1.8,1.6212655034366978,6.909021884159505,F,-1.2798916709184116,3
4951.01,tess,NON_HABITABLE,10.2079,1566.0,1000.26,4.1042587,0.05609446744679846,0.0,5823.0,1.92,1.3978838326366698,3.8184255571837693,G,-1.270379007866505,3
4952.01,tess,NON_HABITABLE,6.94706,2352.0,5084.28,0.6534841,0.0172939200407817,0.0,7540.0,1.53,1.6158116640934075,6.816523800516604,A,-1.3008140553771304,3
4953.01,tess,NON_HABITABLE,15.6559,1643.0,1209.71,2.9590176,0.04507723787601977,0.0,6808.0,1.4,1.395588051397858,3.793402883410469,F,-1.2780449547197883,3
4954.01,tess,NON_HABITABLE,14.6987,2020.0,2766.53,6.6819653,0.08968972360797842,0.0,10126.0,1.51,2.155758336730823,21.597341581776767,B,-1.283344154624637,3
4955.01,tess,NON_HABITABLE,9.6232,825.0,77.0719,3.1409607,0.03859151024186627,0.0,4924.0,0.83,0.7771963780960937,0.36485732700216156,K,-1.2218878557278572,3
4956.01,tess,NON_HABITABLE,12.7621,643.0,28.5078,5.1087099,0.057347039121251504,0.0,5770.0,0.93,0.9640309232662744,0.8637018703096212,G,-1.224897076944933,3
4957.01,tess,NON_HABITABLE,15.6435,1471.0,778.408,4.6622996,0.06734293710989105,0.0,6870.0,2.48,1.8743740157470945,12.343121960335536,F,-1.2835250113152823,3
4958.01,tess,HABITABILITY_ZONE,21.1132,237.0,0.530165,748.8277169,1.9220808051549199,0.0,6713.0,2.11,1.689396353396393,8.14565870546909,F,-0.3817576810799558,3
4959.01,tess,NON_HABITABLE,13.7898,1346.0,545.801,4.6011828,0.058591123078434525,0.0,6183.0,1.4,1.2674678204748762,2.5807608844343854,F,-1.2596762216755053,3
496.01,tess,NON_HABITABLE,28.980984,1777.6749499,2360.1000393,2.767691,0.04364172122339312,0.0,6717.03,1.54739,1.4476076133318345,4.391404413517967,F,-1.2812404258590697,3
4960.01,tess,NON_HABITABLE,16.4885,1304.0,481.002,4.0557174,0.0595476773575016,0.0,6664.3,2.2,1.7125353976975615,8.601183796273101,F,-1.2819592275040417,3
4961.01,tess,NON_HABITABLE,13.4499302,828.266397,111.2246815,7.4793374,0.07134794561452995,0.0,5078.0,0.969314,0.8661609833197873,0.5628523286923159,K,-1.1788711779612322,3
4965.01,tess,NON_HABITABLE,9.46717,1233.0,384.263,7.0857491,0.07889779558904533,0.0,5353.0,1.98,1.3049789793313316,2.9001072857993972,G,-1.2460899517412658,3
4966.01,tess,NON_HABITABLE,10.3927,1265.0,425.471,7.3136902,0.08631041072221085,0.0,5654.0,2.68,1.6036030690286498,6.6128323876513475,G,-1.2636844240074478,3
4967.01,tess,NON_HABITABLE,10.3319,1964.0,2472.04,0.5979368,0.014690040089249302,0.0,5812.0,1.38,1.182874927294246,1.9577413132377337,G,-1.2954732683992218,3
4968.01,tess,NON_HABITABLE,19.1583617,2020.3037543,3937.2018929,2.2355936,0.0386449987316179,0.0,6731.0,1.74519,1.5405458416281217,5.632465031525141,F,-1.287500916909008,3
4969.01,tess,NON_HABITABLE,13.6438,1959.0,2446.41,3.0773658,0.04910295453913532,0.0,7277.0,1.75,1.6678042524789523,7.737137364821288,F,-1.2856132777477411,3
4970.01,tess,NON_HABITABLE,16.2870392,1349.5949074,784.0336903,4.8338813,0.061682314851644576,0.0,6859.0,1.2713701,1.3398941074325528,3.2231603266801323,F,-1.2625905314881307,3
4972.01,tess,NON_HABITABLE,12.9788,1355.0,560.52,2.6492703,0.038825154942952106,0.0,5743.0,1.25,1.1124167008646302,1.5313342688431648,G,-1.2667014964466239,3
4973.01,tess,NON_HABITABLE,9.54103,676.0,34.816,7.9486299,0.07687659645554781,0.0,5742.0,0.93,0.959352783603977,0.8470584126666629,G,-1.1948199215892594,3
4976.01,tess,NON_HABITABLE,10.9691,1835.0,1882.44,3.027103,0.04448595503458381,0.0,6275.0,1.39,1.2817248599967301,2.6988530074866217,F,-1.2726218258361017,3
4977.01,tess,NON_HABITABLE,14.6181,721.0,44.8696,7.7023687,0.07235595735783282,0.0,5333.0,0.85,0.8518335168181387,0.5265248783655799,G,-1.172510324687378,3
4978.01,tess,NON_HABITABLE,17.051,1151.0,292.335,4.7190303,0.06240483414204181,0.0,6389.0,1.73,1.4558935341677783,4.492814307094588,F,-1.2693658684884763,3
4979.01,tess,NON_HABITABLE,5.32844,1876.0,2058.82,3.6305988,0.04657284495776132,0.0,5156.0,1.31,1.0224032799981027,1.0926697910791963,K,-1.2485368319611407,3
498.01,tess,NON_HABITABLE,4.0587998,3469.9976486,34263.9733582,0.2750478,0.008889935858559172,0.0,6218.0,1.3227299,1.238967689300631,2.356350672527686,F,-1.3019614962661266,3
4981.01,tess,NON_HABITABLE,11.9597,2489.0,6373.11,0.2097217,0.0071064602192952055,0.0,6046.0,1.08,1.0885633245905855,1.4041541654889027,F,-1.3016778130008602,3
4982.01,tess,NON_HABITABLE,15.79,1663.0,1270.4,2.5665666,0.04010958859738531,0.0,6020.0,1.57,1.3068327061429805,2.9166208772711357,F,-1.2775739800896562,3
4986.01,tess,NON_HABITABLE,22.1605,1137.0,277.451,6.5946181,0.08050521766876197,0.0,6345.0,2.12,1.6005647001900516,6.562856947160029,F,-1.2666318061259185,3
4987.01,tess,NON_HABITABLE,20.7112,1404.0,646.761,4.2889696,0.06382534528875401,0.0,6736.9,2.61,1.8856193757372368,12.64200997248889,F,-1.2852027035476103,3
4988.01,tess,NON_HABITABLE,21.171114,843.3573872,119.5549647,2.3696548,0.028953226530920143,0.0,3986.0,0.697237,0.5766352463258713,0.11056170792538321,K,-1.1899324067356645,3
4989.01,tess,NON_HABITABLE,21.1656,1027.0,185.229,3.429078,0.048969974163505965,0.0,5654.0,1.85,1.332340856832817,3.1510941811562616,G,-1.2719221993006966,3
499.01,tess,NON_HABITABLE,4.14687,941.0,130.53,8.5334865,0.08235476241339887,0.0,5997.0,0.97,1.0232778973903542,1.0964134997088404,G,-1.2015437266577158,3
4990.01,tess,NON_HABITABLE,13.3798,922.0,120.336,5.6386197,0.0651937544300121,0.0,5373.0,1.56,1.162660230263153,1.8273059539647332,G,-1.2434732178889563,3
4991.01,tess,NON_HABITABLE,13.5452,922.0,120.256,0.7702101,0.01317638901391089,0.0,3601.0,0.68,0.5144595758090504,0.07004949701447806,M,-1.241328189013134,3
4992.01,tess,NON_HABITABLE,18.7724,1264.0,424.843,4.8807474,0.06352696102819931,0.0,6356.0,1.7,1.4357605851513526,4.2494048301950995,F,-1.2674696468610238,3
4993.01,tess,NON_HABITABLE,12.6882,1708.0,1415.95,3.1062522,0.046133522953286904,0.0,5369.0,2.13,1.357553279613021,3.396468045568147,G,-1.275442571014384,3
4994.01,tess,NON_HABITABLE,9.09747,608.0,22.7774,21.4921464,0.15166468193105123,0.0,5520.0,1.11,1.0075677185680376,1.0306162333619928,G,-1.1040405493316323,3
4995.01,tess,NON_HABITABLE,8.87975,851.0,87.107,8.7802662,0.09437875275398,0.0,6124.0,1.88,1.454748051727512,4.478691380631236,F,-1.2484787814413647,3
4996.01,tess,NON_HABITABLE,15.2753,1595.0,1074.75,4.8131406,0.06495827411943463,0.0,6287.0,2.1,1.5784353015123527,6.207362971047842,F,-1.2740092339968903,3
4998.01,tess,NON_HABITABLE,9.06075,1031.0,187.783,9.7800223,0.09567189544180327,0.0,6113.0,1.33,1.2213886892103705,2.225438389072438,F,-1.221553415593856,3
4999.01,tess,NON_HABITABLE,9.33343,1392.0,624.784,5.5846356,0.06879295486907688,0.0,5698.0,1.99,1.392588039018299,3.760890100074414,G,-1.2610528167847876,3
500.01,tess,NON_HABITABLE,1.3591774,1577.3911825,1463.1155872,0.5481573,0.011580435710003275,0.0,4590.0,0.751825,0.6895166291957975,0.22603671048724913,K,-1.276372568616636,3
5000.01,tess,NON_HABITABLE,14.7328,1035.4989664543796,271.918,5.5422295,0.06044961285754474,0.0,5483.0,1.02,0.9593829795051849,0.8471650633178369,G,-1.2194251875968245,4
5000.02,tess,NON_HABITABLE,11.7705,580.6273599574661,26.88,15.3392841,0.11916276745675725,0.0,5483.0,1.02,0.9593829795051849,0.8471650633178369,G,-1.131507201971986,4
5001.01,tess,NON_HABITABLE,13.2155,1542.0,939.466,5.069043,0.06521152352649366,0.0,6763.0,1.51,1.4397979094717117,4.2974037117385615,F,-1.2665875329762908,3
5002.01,tess,NON_HABITABLE,13.3208,1408.0,653.055,3.7318818,0.04972373253691666,0.0,6129.0,1.23,1.1776489647918107,1.9233725722043737,F,-1.2605284244203636,3
5003.01,tess,NON_HABITABLE,12.2601,806.0,70.3253,4.4540914,0.05533930087167726,0.0,6188.0,1.13,1.1396282447886694,1.686758150597902,F,-1.251216943858211,3
5004.01,tess,NON_HABITABLE,10.0697,1429.0,692.871,5.7626113,0.061475446484252766,0.0,5470.0,0.97,0.9333550273011901,0.758905122358481,G,-1.2126833689184229,3
5005.01,tess,NON_HABITABLE,6.00429,1012.0,174.188,6.3084728,0.06673906799059341,0.0,5840.0,0.97,0.9964887311588574,0.9860287256788239,G,-1.2173112350245863,3
5006.01,tess,NON_HABITABLE,14.4712,2372.0,5255.5,4.254955,0.07015339712356587,0.0,8653.0,2.88,2.5441143358034077,41.89348607119035,A,-1.2950050516398084,3
5007.01,tess,NON_HABITABLE,10.6224,615.0,23.828,2.5432595,0.029486908853384054,0.0,3757.0,0.66,0.5287943916531065,0.07818930658625751,K,-1.1646044626060863,3
5008.01,tess,NON_HABITABLE,10.2658,1500.0,840.782,2.7702532,0.03686031974130332,0.0,5183.0,0.94,0.8706003014895646,0.5744804486275089,K,-1.2429166778637306,3
5009.01,tess,NON_HABITABLE,17.9327,2291.0,4574.7,8.1755735,0.11386151523697247,0.0,9169.0,3.44,2.9462857929729767,75.35281590642826,A,-1.2918652408730713,3
501.01,tess,NON_HABITABLE,17.2191,1493.0,826.113,1.7100122,0.029885375444960786,0.0,5720.0,1.51,1.2177501171341405,2.199037928682109,G,-1.2821674375797156,3
5010.01,tess,NON_HABITABLE,12.843,437.0,6.07437,6.7107895,0.057963889213333876,0.0,3980.0,0.7,0.5769069483031221,0.11077023539920748,K,-1.0699096222457474,3
5011.01,tess,NON_HABITABLE,6.7707607,965.2816733,205.1810486,2.6060495,0.03271392507044204,0.0,4471.0,0.78826,0.6877222762312727,0.2236929864959718,K,-1.2146126680180742,3
5012.01,tess,NON_HABITABLE,14.8687,1958.0,2440.51,4.18438,0.06899747112321222,0.0,10708.0,1.82,2.502751521605833,39.234754216404085,B,-1.294761545690085,3
5013.01,tess,NON_HABITABLE,13.4707,704.0,40.9859,8.989491,0.10108169585893555,0.0,6620.0,2.21,1.705013428746509,8.451060590896796,F,-1.2620204557610062,3
5014.01,tess,NON_HABITABLE,8.16973,1495.0,830.757,3.4507193,0.04865286108645198,0.0,5712.0,1.7,1.2902870456866782,2.7716944240777805,G,-1.2696659156473293,3
5015.01,tess,NON_HABITABLE,16.1215,1868.0,2024.13,2.4533968,0.04011322584408884,0.0,6333.0,1.7,1.4305651015990428,4.188229825346812,F,-1.2829287647614143,3
5017.01,tess,NON_HABITABLE,12.6215,1732.0,1495.44,3.3677179,0.04993783033320898,0.0,5575.2,2.3,1.46486649950368,4.604602960594208,G,-1.2778688717301974,3
5018.01,tess,NON_HABITABLE,5.98453,905.0,111.468,6.5859565,0.07518071503712695,0.0,6353.0,1.41,1.3069593776672193,2.9177518759998127,F,-1.249282506689513,3
5019.01,tess,NON_HABITABLE,8.96609,2156.0,3593.4,1.090295,0.020824679769674004,0.0,5479.0,1.14,1.0135085194539077,1.0551388518454428,G,-1.2820018636630817,3
502.01,tess,NON_HABITABLE,8.8335566,1430.7395644,990.2921795,2.9412694,0.041178973404450404,0.0,5642.0,1.21356,1.0768057997894467,1.3444651340523233,G,-1.2609962602940916,3
5020.01,tess,NON_HABITABLE,11.8547,1694.0,1370.06,5.3450209,0.06929456990118708,0.0,6279.0,2.04,1.5537432121559445,5.827965569796967,F,-1.270382392129827,3
5021.01,tess,NON_HABITABLE,11.8674,1125.0,266.841,12.975062,0.12017044994086276,0.0,6480.9,1.5,1.375164420824974,3.5761729169909318,F,-1.2223613915515135,3
5022.01,tess,NON_HABITABLE,13.6382,1294.0,465.777,2.244541,0.033086733530482734,0.0,5455.0,1.03,0.9591511345734244,0.8463464549212874,G,-1.260374831616993,3
5023.01,tess,NON_HABITABLE,17.0496,398.0,4.17143,2.2749988,0.022997551521351876,0.0,3199.0,0.32,0.31351830811029324,0.009661657263017908,M,-0.9874787174803562,3
5024.01,tess,NON_HABITABLE,10.2309,920.0,119.223,14.7765802,0.12887331824124906,0.0,6247.0,1.46,1.307740613254423,2.9247344839328213,F,-1.2060838982465125,3
5025.01,tess,NON_HABITABLE,16.5935,1982.0,2563.35,2.8846592,0.04730225028351475,0.0,8219.0,1.42,1.6968241249226426,8.289862379665475,A,-1.2873003462289916,3
5026.01,tess,NON_HABITABLE,10.9441,1508.9388960932183,1226.1,3.2813635,0.048616514231707354,0.0,6622.0,1.54,1.4237155038764977,4.108590500223249,F,-1.2768863511385486,4
5027.01,tess,NON_HABITABLE,11.2818,1035.0,190.912,10.2436729,0.09207262895292007,0.0,5845.9,0.96,0.9923404079928053,0.9697118539784854,G,-1.1810782107070623,3
5028.01,tess,NON_HABITABLE,20.2069,1364.0,575.011,3.9353218,0.05561435138245501,0.0,5806.0,2.17,1.481769243287978,4.82083540637072,G,-1.2750331951709426,3
5029.01,tess,NON_HABITABLE,10.8516,1766.0,1616.52,3.8861815,0.05840284766899972,0.0,8615.0,1.39,1.759690783883957,9.588384428845671,A,-1.2839485034463136,3
503.01,tess,NON_HABITABLE,11.426,1475.0,786.44,3.6773543,0.056412700024811774,0.0,7887.0,1.68,1.7710880765191543,9.83921922484336,A,-1.285156433535215,3
5033.01,tess,NON_HABITABLE,1.39203,437.0,6.09736,5.4695364,0.043226451350231766,0.0,3465.0,0.36,0.3601871101871102,0.016831106484942304,M,-0.8507246539722867,3
5034.01,tess,NON_HABITABLE,3.59413,749.0,52.2984,8.7042937,0.07637953957013638,0.0,5160.9,0.77,0.7845930995650034,0.3789465320036532,K,-1.1389361711128918,3
5035.01,tess,NON_HABITABLE,8.06972,1008.0,171.882,5.8009082,0.06232351916489622,0.0,5406.0,1.05,0.9597196091610809,0.8483547071700565,G,-1.2166846283163801,3
5036.01,tess,NON_HABITABLE,11.5797,516.0,11.794,17.7481897,0.13943551832550005,0.0,5393.0,1.51,1.148133982815458,1.7376819344111751,G,-1.164157780634722,3
5037.01,tess,NON_HABITABLE,17.7780627,1395.887109,897.2680177,4.1245473,0.054720203156123935,0.0,6433.0,1.3291301,1.2849048713943994,2.7257367055952946,F,-1.2642627429369262,3
5038.01,tess,NON_HABITABLE,16.981,2548.9493883931746,9983.53,0.9990876,0.026636280270983092,0.0,9391.0,2.41,2.525771388991301,40.69828958588047,A,-1.3041888165524667,4
5039.01,tess,NON_HABITABLE,11.6242,1887.0,2106.93,2.1967461,0.03634263541647648,0.0,5709.0,1.8,1.3269970980817358,3.100843818867655,G,-1.2814985779750305,3
5040.01,tess,NON_HABITABLE,15.6348,1617.0,1136.54,3.3808424,0.05116402229039879,0.0,6445.0,1.96,1.5632363132363132,5.971707670146764,F,-1.2810869997391299,3
5041.01,tess,NON_HABITABLE,12.8031517,910.7685622,162.6122005,0.733892,0.011661401202636059,0.0,3423.0,0.438708,0.3927971732243113,0.023805286621581843,M,-1.2057739248071548,3
5042.01,tess,NON_HABITABLE,6.99657,1562.0,989.195,5.6316098,0.07132528883688581,0.0,5784.0,2.32,1.5263212627968414,5.4272998611838075,G,-1.2677467237130358,3
5043.01,tess,NON_HABITABLE,14.5097,1102.0,245.058,3.8027513,0.044503231362535,0.0,5061.0,0.86,0.8131286071674247,0.43715652196265176,K,-1.2171751155211679,3
5044.01,tess,NON_HABITABLE,13.1283718,1515.5765796,1246.9026373,5.5556615,0.07021318731571112,0.0,5964.0,2.09656,1.4961149415145338,5.010255123507441,G,-1.2667103998111637,3
5045.01,tess,NON_HABITABLE,14.4016,1542.0,940.992,3.4792084,0.04921539254744111,0.0,6052.0,1.57,1.3137793251789567,2.9791316301637143,F,-1.2706442875973722,3
5047.01,tess,NON_HABITABLE,12.5859,803.0,69.2385,7.3142625,0.06800342433040626,0.0,4881.0,0.86,0.7842087989694132,0.3782046319429119,K,-1.1575403105610493,3
5048.01,tess,NON_HABITABLE,13.5621,1487.0,812.252,1.3583233,0.025596857557458302,0.0,5604.0,1.56,1.2126461809779843,2.1624018959830638,G,-1.28595257006571,3
5049.01,tess,NON_HABITABLE,12.9535,1297.0,470.192,2.9204289,0.03987470081904545,0.0,5508.0,1.08,0.9916981131070037,0.9672036964258576,G,-1.254062292004853,3
505.01,tess,NON_HABITABLE,16.0269619,1616.2640286,1612.761812,3.3294649,0.047419539202988276,0.0,6003.0,1.52238,1.28322719785183,2.7115288116210414,F,-1.2702537883754845,3
5050.01,tess,NON_HABITABLE,13.5732,1574.0,1020.03,2.3064574,0.03831395321176596,0.0,6692.0,1.48,1.4104590039069884,3.9576908812822293,F,-1.2833996175641014,3
5051.01,tess,NON_HABITABLE,14.8005,1021.0,180.551,3.5980715,0.04381970951811764,0.0,4708.0,1.13,0.867060403436499,0.5651938323258909,K,-1.2296097929684382,3
5052.01,tess,NON_HABITABLE,15.0245,1145.0,286.231,4.0668104,0.049611218906361686,0.0,5496.0,1.07,0.984945704411056,0.9411290127709072,G,-1.239460816043555,3
5053.01,tess,NON_HABITABLE,10.3147,650.0,29.7162,9.8830331,0.07999115092044737,0.0,4456.0,0.82,0.699078242819479,0.23883784488692517,K,-1.0843550027479043,3
5054.01,tess,NON_HABITABLE,13.6161,1266.0,427.599,4.2100055,0.05528336624837279,0.0,6160.0,1.42,1.2717406752066525,2.615738036849047,F,-1.2628322245525978,3
5056.01,tess,NON_HABITABLE,8.82795,1304.0,480.358,7.6686232,0.08656044678845201,0.0,6066.0,1.96,1.4713097713097714,4.6861531401308705,F,-1.2548324625199623,3
5057.01,tess,NON_HABITABLE,12.9975,1348.0,548.925,1.1437772,0.023491585058736105,0.0,4520.0,2.85,1.3220093976598455,3.0544862156330894,K,-1.2914178884337797,3
5058.01,tess,NON_HABITABLE,12.8901,936.0701130120835,181.582,23.7123919,0.1719490425977154,0.0,6130.0,1.29,1.2062268939624283,2.116976460658331,F,-1.1470632529016715,4
5059.01,tess,NON_HABITABLE,11.5115,656.0,30.7909,8.7876771,0.0743795862486911,0.0,4676.0,0.77,0.7108754933375877,0.25537252501155466,K,-1.1070849682031385,3
5060.01,tess,NON_HABITABLE,14.8016,3219.0,17833.5,1.2695326,0.027908838018681856,0.0,9561.0,1.18,1.7993597414477696,10.482672015662919,A,-1.2980629446150562,3
5061.01,tess,NON_HABITABLE,11.8831,1558.0,978.355,3.3645349,0.04786241535860016,0.0,6443.0,1.34,1.2921537970318335,2.787769308139976,F,-1.2704346919788438,3
5062.01,tess,NON_HABITABLE,8.34496,1401.0,639.699,6.2244575,0.07447627463163053,0.0,5692.8,2.08,1.422431205887831,4.093785522998563,G,-1.2592114018182798,3
5063.01,tess,NON_HABITABLE,15.4064,1665.0,1276.89,3.613799,0.05270189563335532,0.0,6955.0,1.54,1.4953097749110604,4.999478318577555,F,-1.2774578226402968,3
5064.01,tess,NON_HABITABLE,5.42543,1356.0,561.487,3.5108018,0.04908709643114176,0.0,5860.0,1.59,1.2801765150329585,2.685835581737002,G,-1.2686620156970394,3
5065.01,tess,NON_HABITABLE,5.50689,662.0,31.9085,19.4921473,0.15220664137165277,0.0,6128.0,1.36,1.2381175748999307,2.3498901105686896,F,-1.1730960962070114,3
5066.01,tess,NON_HABITABLE,7.22545,2162.0,3632.59,1.3454079,0.02922629770640172,0.0,7509.4,2.0,1.839898705004248,11.45976349809875,A,-1.2980443221395173,3
5067.01,tess,NON_HABITABLE,3.36071,946.0,133.083,4.6886342,0.050905790558854414,0.0,4954.0,0.87,0.8005515562890159,0.41073075599999465,K,-1.2004683845995625,3
5068.01,tess,NON_HABITABLE,2.93924,1166.0,307.522,4.7369669,0.05082557494310387,0.0,5069.2,0.79,0.7805965894015278,0.3712843106837184,K,-1.1949811018477252,3
5069.01,tess,NON_HABITABLE,3.014,1378.0,599.445,8.8558739,0.09589720037778449,0.0,6332.0,1.87,1.5001524203918042,5.064557988942276,F,-1.2512131717025854,3
507.01,tess,NON_HABITABLE,17.1200078,866.8813273,133.4667668,0.8994677,0.013558447917365374,0.0,3338.0,0.505078,0.4109975527981226,0.028533624644121763,M,-1.1993172126537963,3
5071.01,tess,NON_HABITABLE,3.44449,1461.0,757.167,1.6739029,0.02907514432951871,0.0,6115.5,1.22,1.170268629601675,1.875608765433882,F,-1.280683186511285,3
5072.01,tess,NON_HABITABLE,7.50399,935.0,126.877,5.185768,0.050831902837239484,0.0,4664.8,0.65,0.6515734571078149,0.1802409788374293,K,-1.144923620259637,3
5073.01,tess,NON_HABITABLE,15.9004,1597.0,963.197,3.1393667,0.044682377888772884,0.0,5653.4,1.52,1.2075501775601112,2.126281421226905,G,-1.2677103430128147,3
5074.01,tess,NON_HABITABLE,17.0613,1937.7234037,3331.8707078,3.0801795,0.04942284654651535,0.0,7511.0,1.70169,1.6975073481408292,8.303222039238785,A,-1.2863042822456285,3
5076.01,tess,NON_HABITABLE,3.02618,527.0,12.8373,23.4428912,0.14666273062997628,0.0,4794.4,0.85,0.7658036026688325,0.34392965218125804,K,-0.9652671785818407,3
5077.01,tess,NON_HABITABLE,9.19044,2079.0,3105.54,5.8879518,0.07090393058740968,0.0,5641.0,1.97,1.3717118497819518,3.540393718529001,G,-1.2580070898844946,3
5078.01,tess,NON_HABITABLE,1.47339,1346.0,545.9,1.5110224,0.022397093782513738,0.0,4595.0,0.68,0.6564681340856947,0.18571825680136206,K,-1.2383140735547378,3
508.01,tess,NON_HABITABLE,18.7958,1722.0,1460.67,4.6117328,0.06400445743785627,0.0,7346.0,1.67,1.6446853999561564,7.316971250823283,F,-1.2773318648995886,3
5080.01,tess,NON_HABITABLE,7.23871,1214.0,361.739,9.72665,0.0938294927434216,0.0,5583.6,1.45,1.164855292622049,1.841144644939418,G,-1.2146370426571562,3
5081.01,tess,NON_HABITABLE,9.23587,1356.0,562.184,5.1699026,0.06425809387566912,0.0,6283.4,1.48,1.3243392267108742,3.0760753667958123,F,-1.259447522892383,3
5082.01,tess,NON_HABITABLE,2.64301,1113.0,255.637,4.2403543,0.05035477781647544,0.0,5670.0,0.93,0.9473232816152124,0.8053651689809131,G,-1.2326093511364136,3
5083.01,tess,NON_HABITABLE,3.3985,919.0,118.638,4.7948642,0.04610734338513216,0.0,4072.0,0.65,0.5687718910442082,0.1046531972373204,K,-1.1135077798978885,3
5084.01,tess,NON_HABITABLE,1.15554,740.0,49.8722,5.8321337,0.05580918862025656,0.0,4544.0,0.75,0.6817774488559406,0.21605808770864185,K,-1.144462890715161,3
5085.01,tess,NON_HABITABLE,2.89398,1535.0,921.698,4.5117148,0.056218888001230455,0.0,5785.0,1.35,1.1645118845015545,1.838974471573756,G,-1.252805938580102,3
5086.01,tess,NON_HABITABLE,13.1937,1552.0,963.566,2.9956366,0.04389972714407047,0.0,6135.5,1.4,1.2577306829247294,2.502364806406135,F,-1.2716950106185057,3
5087.01,tess,NON_HABITABLE,3.7275,658.0,31.2616,17.3070631,0.11303053157337589,0.0,4230.6,0.77,0.6431629303066722,0.17111340005905296,K,-0.9333435665821769,3
5088.01,tess,NON_HABITABLE,3.76664,1611.0,1120.27,10.3883213,0.09033184144373863,0.0,5638.7,0.87,0.9111970247167689,0.6893649080454666,G,-1.1599947054419228,3
5088.02,tess,NON_HABITABLE,1.53506,782.0,62.2227,13.4155226,0.10712290579321174,0.0,5638.7,0.87,0.9111970247167689,0.6893649080454666,G,-1.1321219456232143,3
5089.01,tess,NON_HABITABLE,5.6708634,1369.8736571,832.2294086,5.113835,0.06410709165773863,0.0,6315.7,1.50876,1.3440185131112603,3.263029526885465,F,-1.2610306424165092,3
509.01,tess,NON_HABITABLE,2.67607,864.0,92.839,9.0588209,0.0834236326630828,0.0,5560.26,0.96,0.9438530725715589,0.7936290854657089,G,-1.1808789206711112,3
509.02,tess,NON_HABITABLE,3.0010426,621.592122,35.2811724,21.4003129,0.14803454657673135,0.0,5560.26,0.962324,0.9449948374735476,0.7974762239654032,G,-1.0814726589706485,3
5090.01,tess,NON_HABITABLE,10.8910702,543.4709395,20.6170397,1.9828041,0.02070828198304292,0.0,3213.0,0.293047,0.30133740432705863,0.008245408412280419,M,-0.995628944946909,3
5091.01,tess,NON_HABITABLE,16.4955,1685.0,1340.13,3.6413702,0.052425042878893456,0.0,6832.0,1.5,1.449663368216794,4.416402623042332,F,-1.275561399488121,3
5092.01,tess,NON_HABITABLE,6.9577388,1095.4591558,340.3343305,2.3626901,0.032042205488548595,0.0,5222.44,0.755047,0.7862019739204968,0.38206435302464997,G,-1.2384969523913756,3
5093.01,tess,NON_HABITABLE,13.7058869,963.6320245,203.7820374,2.2984058,0.029554876862496686,0.0,4221.54,0.794584,0.6519503068909565,0.1806583237937787,K,-1.21410785380796,3
5094.01,tess,NON_HABITABLE,4.1305078,595.1913226,29.6583759,3.3366511,0.03311162753260223,0.0,3552.0,0.499698,0.4350112016513255,0.03580978892796415,M,-1.0687829813089142,3
5095.01,tess,NON_HABITABLE,4.2083193,447.8143065,9.5041407,3.4845543,0.030080170594675833,0.0,3204.0,0.290216,0.2990383315822844,0.007996638139832384,M,-0.8463332548553734,3
5096.01,tess,NON_HABITABLE,11.1331,846.0,85.1168,2.8753183,0.034415304688872106,0.0,4604.0,0.68,0.6577539258608355,0.18717756600592775,K,-1.2003079100450629,3
5097.01,tess,HABITABILITY_ZONE,2.06081,393.0,3.99828,5.7459945,0.0435824498646954,0.0,3413.0,0.32,0.3344913990560896,0.01251814045468424,M,-0.7730747013811714,3
5098.01,tess,NON_HABITABLE,19.1202757,1687.334743,1915.6933754,3.5438732,0.05184566084126768,0.0,6466.0,1.74624,1.480339555568783,4.802256749629757,F,-1.277335981072705,3
5099.01,tess,NON_HABITABLE,6.2516257,1182.8796624,462.6827,14.4507561,0.13814132557589073,0.0,6761.32,2.0669501,1.6841088742939092,8.044159206692527,F,-1.2428144584300531,3
510.01,tess,NON_HABITABLE,2.82883,1110.0,252.046,1.3523942,0.025175792117967083,0.0,5915.0,1.29,1.163920404206813,1.8352411005517064,G,-1.2843302273862667,3
5100.01,tess,NON_HABITABLE,16.9569136,1419.2316453,958.8135146,3.4532143,0.04752747927212344,0.0,6028.0,1.3226399,1.2010683731732432,2.080994463107677,F,-1.264535029992853,3
5101.01,tess,NON_HABITABLE,5.44119,1563.0,992.258,10.1367283,0.10099846917353889,0.0,6283.0,1.51,1.3376090884534624,3.2012297462637123,F,-1.2321428164623731,3
5102.01,tess,NON_HABITABLE,7.9172286,1326.2779363,731.2387223,0.4522013,0.009246544835420244,0.0,3739.0,0.633946,0.5157690476579149,0.0707654223113413,K,-1.262036782436326,3
5103.01,tess,NON_HABITABLE,9.128,1001.0,167.032,4.9898664,0.06363502370223663,0.0,6242.0,1.63,1.3806743101151198,3.6338330993411407,F,-1.2639346628997603,3
5104.01,tess,NON_HABITABLE,16.1683559,1354.8522096,796.3219695,4.890376,0.0616625850687707,0.0,6278.0,1.4458801,1.3078596139097434,2.9257991991409407,F,-1.2602583146022552,3
5105.01,tess,NON_HABITABLE,15.8181,1528.0,905.997,4.4455436,0.06188016678031891,0.0,6355.8,2.11,1.5995032538234464,6.545465100042818,F,-1.276607828249456,3
5106.01,tess,NON_HABITABLE,7.79741,1485.0,807.375,2.4361097,0.04388136904168258,0.0,7182.5,2.33,1.899447405668186,13.01694563473835,F,-1.293180364546224,3
5108.01,tess,NON_HABITABLE,6.28796,927.0,122.785,6.7535728,0.07368994467746981,0.0,5880.0,1.32,1.170409853140804,1.876514294479465,G,-1.235802341087261,3
5109.01,tess,NON_HABITABLE,20.5754,2035.0,2847.04,3.2104815,0.06423569598024997,0.0,9124.0,4.71,3.430594663812517,138.5088842942151,A,-1.3024208422794612,3
511.01,tess,NON_HABITABLE,15.4971874,1529.9640816,1294.9289564,3.3552444,0.04805645674464071,0.0,6373.0,1.41886,1.3151865800854199,2.991916542714767,F,-1.2716517878336226,3
5110.01,tess,NON_HABITABLE,11.2128,549.0,15.1027,30.1584857,0.2229664548165707,0.0,6083.0,2.38,1.625848117788531,6.987468937789896,F,-1.1936899050572758,3
5111.01,tess,NON_HABITABLE,1.9149,688.0,37.2966,3.3557219,0.034666820707815967,0.0,3807.0,0.56,0.49357206068774756,0.05934747847240304,K,-1.1138155481842567,3
5112.01,tess,NON_HABITABLE,2.17742,659.0,31.4267,15.532806,0.09906620253878609,0.0,3973.0,0.61,0.5375974005955845,0.0835273379637148,K,-0.8375133077136504,3
5113.01,tess,NON_HABITABLE,2.75771,1250.0,405.932,4.136488,0.05430496280970988,0.0,6113.0,1.39,1.2486349114199222,2.430758952754173,F,-1.2619374406197386,3
5114.01,tess,NON_HABITABLE,22.3615,910.0,114.033,6.1539077,0.08484744385323877,0.0,5234.4,5.63,2.1517647184294293,21.43774640455792,G,-1.284686735170361,3
5115.01,tess,NON_HABITABLE,2.38171,681.0,35.732,13.8240078,0.10236253062390618,0.0,5129.0,0.71,0.7487477856310039,0.3142984245019955,K,-1.0582937726236723,3
5116.01,tess,NON_HABITABLE,4.18368,969.0,146.577,3.4355113,0.040567973631788275,0.0,4870.0,0.8,0.7546535724479541,0.3243325444152931,K,-1.2117653269225932,3
5117.01,tess,NON_HABITABLE,3.51877,855.0,89.0703,11.6986928,0.10614536965200758,0.0,6247.5,1.16,1.1657594294030773,1.8468675384287985,F,-1.2022944935147741,3
5118.01,tess,NON_HABITABLE,2.51186,2067.0,3031.49,1.5749553,0.029918522933569048,0.0,6635.0,1.57,1.440338040740644,4.303855918914978,F,-1.290066977649947,3
512.01,tess,NON_HABITABLE,1.5254582,830.5601795,112.4619017,7.1887332,0.07059979908264459,0.0,5581.0,0.882675,0.9084187994146647,0.6809958304613581,G,-1.192031490695146,3
512.02,tess,NON_HABITABLE,1.74398,764.0,56.5944,20.2749388,0.1408602852828826,0.0,5581.0,0.88,0.9070412458619044,0.6768744867839583,G,-1.0739711823388471,3
5120.01,tess,NON_HABITABLE,12.0398,745.0,51.1862,24.9163182,0.1780911800223409,0.0,5778.4,1.47,1.2137799151973665,2.170499985230356,G,-1.1433380583087083,3
5121.01,tess,NON_HABITABLE,10.1248,910.0,114.149,8.4071591,0.09742890625586074,0.0,4642.6,4.71,1.7456026727549312,9.284993260302505,K,-1.2658753703936678,3
5122.01,tess,NON_HABITABLE,6.12917,1824.0,1838.7,3.3885867,0.04734659066764711,0.0,6148.7,1.34,1.2331314685409955,2.312264560903641,F,-1.267029640858662,3
5123.01,tess,NON_HABITABLE,2.5044826,908.8517497,161.2475751,3.2810299,0.03856304725515958,0.0,4783.6,0.735345,0.7106800212807711,0.2550917579423518,K,-1.2047109754919736,3
5123.02,tess,NON_HABITABLE,3.0161255,663.3374243,45.7571538,8.4388997,0.07239164340487377,0.0,4783.6,0.735345,0.7106800212807711,0.2550917579423518,K,-1.1123981392566913,3
5125.01,tess,NON_HABITABLE,2.96154,1296.0,468.76,5.909621,0.07236028778047017,0.0,6710.0,1.55,1.4473116130025017,4.3878137760785165,F,-1.2623328965924956,3
5126.01,tess,NON_HABITABLE,4.40571,1247.0,402.195,5.4589863,0.06448756226948399,0.0,6223.0,1.24,1.2005612484369796,2.07748207164345,F,-1.2482790947404894,3
5126.02,tess,NON_HABITABLE,3.00633,824.0,76.5725,17.9051919,0.14235976986964294,0.0,6223.0,1.24,1.2005612484369796,2.07748207164345,F,-1.173816155168239,3
5127.01,tess,NON_HABITABLE,2.60324,753.0,53.5244,17.5328625,0.13795708417822358,0.0,6160.0,1.14,1.13948028469357,1.6858823411471042,F,-1.163504388253828,3
5128.01,tess,NON_HABITABLE,9.00796,1312.0,492.37,7.6014943,0.09317689829979599,0.0,7642.0,1.99,1.8677005605787715,12.168274451947509,A,-1.2731287728822984,3
5129.01,tess,NON_HABITABLE,3.6822,840.0,82.6575,7.4121119,0.07834287693306426,0.0,6178.0,1.19,1.1676026237737256,1.8585756756291463,F,-1.2307414501218525,3
5130.01,tess,NON_HABITABLE,1.77975,2301.0,4654.09,2.1667786,0.034641299091775435,0.0,6224.0,1.2,1.1812284123049737,1.9468636584194527,F,-1.2757255214601497,3
5131.01,tess,HABITABILITY_ZONE,6.37051,360.0,2.79712,9.4813433,0.07430264197257841,0.0,4427.0,0.63,0.6087703250562859,0.13734532998727628,K,-1.0336161703055313,3
5132.01,tess,NON_HABITABLE,11.0534,1793.0,1717.96,1.5985577,0.03394596338482959,0.0,7947.0,2.2,2.042152785064076,17.39213605006708,A,-1.2987247895797165,3
5136.01,tess,NON_HABITABLE,2.70889,1085.0,230.628,7.8092052,0.08024453731818891,0.0,5906.9,1.22,1.1303507101944459,1.632498707278857,G,-1.2233837435947355,3
5137.01,tess,NON_HABITABLE,6.33877,731.2567532413998,67.6268,3.2092033,0.040117507084633665,0.0,5060.5,0.91,0.8363495025589837,0.4892729564931157,K,-1.230896505105896,4
5138.01,tess,NON_HABITABLE,12.6001269,1073.564736,313.9308182,1.7292681,0.024597050497935143,0.0,4377.0,0.766495,0.663903391627975,0.1942761771892007,K,-1.2330304011446738,3
5139.01,tess,NON_HABITABLE,7.14437,732.0,47.8442,5.9471027,0.05158833400092629,0.0,3859.0,0.6,0.5178739685729182,0.0719277251883164,K,-1.0448311976652187,3
514.01,tess,NON_HABITABLE,11.1984741,667.4487415,46.9021418,11.3909685,0.09255215479063177,0.0,5027.0,0.875936,0.815114747446571,0.44144337418493296,K,-1.1179548063480769,3
5140.01,tess,NON_HABITABLE,2.9033347,829.6557911,111.9728668,15.6113633,0.1285447363196463,0.0,6061.77,1.22568,1.1626839607233665,1.8274551433416883,F,-1.1788872643880595,3
5141.01,tess,NON_HABITABLE,6.9724932,1039.2173413,275.6427299,11.8141726,0.11075785310838587,0.0,5609.0,1.78598,1.2986658284997519,2.8443933378476265,G,-1.2194313990090488,3
5142.01,tess,NON_HABITABLE,12.622985,1384.2569724,867.7365296,1.7554285,0.027528346324414893,0.0,5306.0,0.965222,0.9031388597710093,0.6653009093824981,G,-1.2634279044078833,3
5143.01,tess,NON_HABITABLE,12.0204139,904.4759937,158.1645607,5.20971,0.055669796816898535,0.0,5296.38,0.85412,0.8480320386251597,0.517188715884054,G,-1.203253929548309,3
5143.02,tess,NON_HABITABLE,2.8597467,1173.6702026,448.4410045,2.3843304,0.033061424436307704,0.0,5296.38,0.85412,0.8480320386251597,0.517188715884054,G,-1.2465821756905515,3
5145.01,tess,NON_HABITABLE,6.5930786,782.7242061,88.706626,7.9177855,0.07350994092174151,0.0,5322.0,0.840476,0.8453006561260107,0.5105576928262446,G,-1.1681519389080683,3
5146.01,tess,NON_HABITABLE,2.1128666,470.166566,11.5485637,10.0546003,0.07255644343275325,0.0,3920.0,0.550856,0.504055997663098,0.0645528092291374,K,-0.9163527476060478,3
5147.01,tess,NON_HABITABLE,7.07511,573.0,17.9382,3.9178573,0.04590891020859529,0.0,5174.39,0.88,0.840957740938072,0.5001458738370071,K,-1.2204738807909894,3
5148.01,tess,NON_HABITABLE,13.5595,1501.0,843.513,5.0637114,0.06305241512110944,0.0,5447.0,1.91,1.3042106325889011,2.8932832040842666,G,-1.2588537628773075,3
5149.01,tess,NON_HABITABLE,18.3071322,797.2741655,95.4886533,27.3714952,0.19575346633715865,0.0,5903.0,1.70581,1.3357088049164538,3.1830770790705483,G,-1.1587223342680508,3
515.01,tess,NON_HABITABLE,12.1120086,956.8339703,198.0921858,3.1148931,0.037855913223390936,0.0,4973.0,0.74956,0.7459253007638448,0.30958602806762864,K,-1.2161721921089246,3
5151.01,tess,HABITABILITY_ZONE,16.0082,298.0,1.32226,92.1950434,0.3964053205415369,0.0,5643.0,1.0,0.9776507276507277,0.9135554469904901,G,-0.7383353024869356,3
5152.01,tess,NON_HABITABLE,11.6348,449.0,6.76453,54.3212423,0.3177727738078763,0.0,6207.0,1.82,1.450745115297666,4.429599564704791,F,-1.101848785646844,3
5153.01,tess,NON_HABITABLE,11.3547,739.0,49.5559,20.9108406,0.16229286207035884,0.0,6408.0,1.38,1.3041745585171247,2.8929631080105866,F,-1.1784347273942544,3
5154.01,tess,NON_HABITABLE,15.4613,697.0,39.274,17.7256773,0.1462926117029445,0.0,6010.0,1.63,1.3293579948400946,3.1229699627505916,F,-1.1958488430677867,3
5155.01,tess,NON_HABITABLE,2.8237599,552.1381323,21.964027,9.7956535,0.07573504963100465,0.0,4147.0,0.706632,0.6039546971716465,0.13305078864109313,K,-1.0237796873028442,3
5156.01,tess,NON_HABITABLE,8.99211,750.0,52.664,22.8524131,0.16042439026857444,0.0,5857.9,1.08,1.0546965099436305,1.2373997832818002,G,-1.1111775493430343,3
5157.01,tess,NON_HABITABLE,7.65729,981.3447879165179,219.344,2.5194039,0.04116757435090242,0.0,6380.0,1.76,1.4663940514530458,4.623839607829631,F,-1.2835569672739537,4
5158.01,tess,NON_HABITABLE,10.3209,1141.0,281.823,4.7464485,0.06374983300423041,0.0,5890.5,2.26,1.534193214081871,5.54013349887126,G,-1.2726144660917658,3
5159.01,tess,NON_HABITABLE,1.6134349,866.292942,133.1006284,5.8365098,0.05990793870811263,0.0,5259.0,0.854084,0.8420291789613362,0.502699630171837,G,-1.1934888320962993,3
5159.02,tess,NON_HABITABLE,1.0301459,1013.3032371,249.1602293,3.6469454,0.043785979726327785,0.0,5259.0,0.854084,0.8420291789613362,0.502699630171837,G,-1.2248281732062987,3
516.01,tess,NON_HABITABLE,4.183797,580.9456261,26.9192494,1.04855,0.012588944186779367,0.0,3109.0,0.202,0.24208622839100943,0.0034346329926259376,M,-1.0138862787151353,3
5160.01,tess,NON_HABITABLE,2.23474,1016.0,177.537,4.2807509,0.05149336370153992,0.0,5653.3,1.03,0.994018168484682,0.9762865128938102,G,-1.238116170540029,3
5161.01,tess,NON_HABITABLE,2.96374,690.0,37.7733,5.7519475,0.05481195832532164,0.0,4181.8,0.84,0.6640129951894086,0.19440450088653394,K,-1.1386074240149948,3
5162.01,tess,NON_HABITABLE,6.9223911,867.4395087,133.8066806,8.5623289,0.0811302483073685,0.0,5545.3,1.0230401,0.9717287507719176,0.8916208383932113,G,-1.1915250152623633,3
5163.01,tess,NON_HABITABLE,5.07911,668.0,33.0649,15.4658691,0.11980142291026992,0.0,5480.8,1.02,0.9589980364895163,0.8458062147208724,G,-1.1304068237636198,3
5164.01,tess,NON_HABITABLE,3.44807,958.0,140.125,8.2669589,0.07723036481713373,0.0,5411.1,0.92,0.8991934842618662,0.6537513594921306,G,-1.1782972367232962,3
5165.01,tess,NON_HABITABLE,3.3001,870.0,95.4633,3.577501,0.041595111362500145,0.0,4642.1,0.87,0.7501494508375537,0.3166585236808773,K,-1.2080671034331911,3
5166.01,tess,NON_HABITABLE,1.7148,1305.0,482.108,1.7726881,0.02766885317544115,0.0,5502.0,0.89,0.8992682638353333,0.6539688581614207,G,-1.2627871556923835,3
5167.01,tess,NON_HABITABLE,14.3194,1490.0,819.404,4.8740385,0.06457110387092,0.0,6504.4,1.8,1.5118794753481943,5.224788141959683,F,-1.2710092672168718,3
5168.01,tess,NON_HABITABLE,5.07965,965.0,144.17,6.7713411,0.06648251571890976,0.0,5231.0,0.89,0.8549749705784493,0.5343349771782656,G,-1.1845926114869831,3
5169.01,tess,NON_HABITABLE,2.25604,709.0,42.1222,8.0387972,0.07183820200178907,0.0,5002.0,0.78,0.765358070917739,0.34312998025414765,K,-1.1409177852609422,3
5170.01,tess,NON_HABITABLE,5.7395617,810.7827881,102.1266495,14.7565015,0.1215342788811268,0.0,5790.7,1.20174,1.0997905963694712,1.462985453380797,G,-1.171457613234558,3
5171.01,tess,NON_HABITABLE,11.7676797,726.6499887,65.8903912,15.7815791,0.12318958529285418,0.0,5780.0,1.0,1.0013860013860014,1.0055555421967817,G,-1.140627648023834,3
5172.01,tess,NON_HABITABLE,3.124138,763.2360985,80.1967213,4.7218077,0.048103297147085736,0.0,4570.0,0.707615,0.6660217207348892,0.19676759233274582,K,-1.1604835743355264,3
5173.01,tess,NON_HABITABLE,12.9627879,1115.4142221,365.8185403,4.0035773,0.048671973036369075,0.0,5318.0,1.08492,0.9596676788514754,0.8481711045987845,G,-1.2371044442819488,3
5174.01,tess,NON_HABITABLE,4.8045458,808.3726382,100.9111624,12.2193392,0.10461482886218154,0.0,5643.77,1.09457,1.0229743742516368,1.0951132123449272,G,-1.1721621380428304,3
5175.01,tess,NON_HABITABLE,15.6545004,855.3595051,126.5073461,6.8548465,0.0670681808458078,0.0,4797.5,1.06192,0.8565141875379191,0.5381932475013465,K,-1.183942446647695,3
5176.01,tess,HABITABILITY_ZONE,10.5079933,350.8176432,3.5797006,20.3550739,0.11377547242547345,0.0,3728.0,0.539092,0.4742212651087404,0.05057362676634902,K,-0.6126541859821751,3
5177.01,tess,NON_HABITABLE,1.8831,2185.0,3785.82,2.2085904,0.037027622321205406,0.0,6183.0,1.68,1.388441432371996,3.716295673585515,F,-1.283470746437037,3
5178.01,tess,NON_HABITABLE,3.1908777,629.3763076,37.0819499,14.0666014,0.1065365331300805,0.0,5141.67,0.837606,0.815263064289117,0.44176475892226214,K,-1.0890262599297051,3
5179.01,tess,NON_HABITABLE,5.53402,2447.0,5953.77,0.2874782,0.008518114110718636,0.0,5702.0,1.02,0.9977023069740223,0.9908408557617107,G,-1.2981491904515277,3
518.01,tess,NON_HABITABLE,3.618524,720.7196301,63.7655934,17.87897,0.1352992841759553,0.0,5596.0,1.13674,1.0336701013183116,1.141636428736396,G,-1.1354182619552522,3
5180.01,tess,NON_HABITABLE,15.9998,1384.0,609.495,2.7779767,0.04504898230811895,0.0,6976.0,1.71,1.5804406980322108,6.2389688717145635,F,-1.285086018087855,3
5181.01,tess,NON_HABITABLE,13.0318,1236.0,387.931,3.8922407,0.05320888119985095,0.0,5943.0,1.66,1.3265800196279873,3.0969472450284607,G,-1.2682714483179955,3
5182.01,tess,NON_HABITABLE,4.15031,974.0,149.732,7.3039588,0.07216474608668466,0.0,5718.0,0.9,0.9398078825801868,0.7801108770305676,G,-1.1973343332913786,3
5183.01,tess,NON_HABITABLE,15.259201,1635.5605318,1691.1708699,2.7395591,0.04153413473935211,0.0,5919.0,1.5425,1.2736045557870237,2.631106428008717,G,-1.2746525085807576,3
5185.01,tess,NON_HABITABLE,17.4175,1603.0,1098.85,4.2788309,0.05967855631596189,0.0,6353.0,1.98,1.5487635822327572,5.753611214058481,F,-1.275652827885534,3
5186.01,tess,NON_HABITABLE,17.5644,2120.0,3356.68,2.503254,0.044215459491298424,0.0,8076.0,1.73,1.8403187011956454,11.470230824992106,A,-1.291949924541617,3
5187.01,tess,NON_HABITABLE,6.12838,833.0,80.0325,17.8597459,0.1435487083857845,0.0,6263.0,1.3,1.2371653997567396,2.3426697069927935,F,-1.180681604966234,3
5188.01,tess,NON_HABITABLE,6.9652,726.0,46.3189,22.43341,0.17422969430254295,0.0,5395.0,2.25,1.402027027027027,3.863897015247965,G,-1.1877814847556714,3
519.01,tess,NON_HABITABLE,11.9244053,691.3390016,53.9865076,1.2652338,0.015869230710312876,0.0,3225.0,0.355309,0.3330477474819916,0.012303424339134837,M,-1.11276049286933,3
5190.01,tess,NON_HABITABLE,12.6677,1475.0,786.234,5.7488688,0.07241952730961695,0.0,6728.0,1.73,1.5331431676132123,5.5249817490305055,F,-1.267479793773063,3
5191.01,tess,NON_HABITABLE,15.5158,2237.0,4163.14,3.0278609,0.05089266453819471,0.0,8032.0,1.9,1.9181129517808153,13.536198407159723,A,-1.290878532612724,3
5192.01,tess,NON_HABITABLE,16.0689,1512.0,868.672,4.7271324,0.06165171224440105,0.0,6121.7,1.74,1.3990084720159273,3.8307285449711714,F,-1.2665292742748244,3
5193.01,tess,NON_HABITABLE,4.7954,642.0,28.2737,18.9972068,0.13396992971856223,0.0,5469.0,0.88,0.8888386621785979,0.6241539856332448,G,-1.076227726184851,3
5194.01,tess,NON_HABITABLE,9.80458,1050.0,202.23,7.0485133,0.07633025345497967,0.0,5889.0,1.37,1.194195734134232,2.033771054164578,G,-1.2361746937566709,3
5195.01,tess,NON_HABITABLE,12.6359,1523.0,895.126,3.1523405,0.04611600433937892,0.0,6124.0,1.54,1.316646594041026,3.005224218624106,F,-1.2732793963460474,3
5196.01,tess,NON_HABITABLE,12.6572,1533.0,917.773,2.5677096,0.03821637878906688,0.0,5854.0,1.24,1.129372577269818,1.626855399364537,G,-1.2686480000879041,3
5197.01,tess,HABITABILITY_ZONE,8.59393,360.0,2.81608,20.5773388,0.1379630953343498,0.0,5062.0,0.89,0.8273529537503557,0.46855792406542096,K,-1.0321591223819948,3
520.01,tess,NON_HABITABLE,1.4861645,3256.1988827,26568.3567102,0.523613,0.01485871391405889,0.0,7450.0,1.52949,1.5962586778240682,6.492516843974405,F,-1.3019062423393413,3
5200.01,tess,NON_HABITABLE,11.4845,1067.0,215.608,17.4372954,0.14547522275043673,0.0,6520.0,1.43,1.3507945260745169,3.3293324840270446,F,-1.200058785924199,3
5201.01,tess,NON_HABITABLE,17.8128,1318.0,502.171,3.8558229,0.051169666506800174,0.0,5704.0,1.48,1.2022202866535359,2.0889892662841163,G,-1.2611488791183914,3
5202.01,tess,NON_HABITABLE,7.6965,659.0,31.4696,34.6141657,0.23527403246890513,0.0,6382.0,1.72,1.4500891428307474,4.421593402498051,F,-1.1557339444820354,3
5203.01,tess,NON_HABITABLE,10.2442,993.0,161.672,15.1255732,0.13838488911494362,0.0,5907.2,2.28,1.5453354808049677,5.702838913381872,G,-1.2300759903778826,3
5204.01,tess,NON_HABITABLE,14.4804,2388.0,5402.33,1.593603,0.03129679394023587,0.0,6589.0,1.99,1.6103479447335154,6.724792577736893,F,-1.2933097541792271,3
5205.01,tess,NON_HABITABLE,11.1125,653.0,30.1966,1.6306523,0.01924169406007534,0.0,3262.0,0.4,0.3574272254840351,0.01632114111546971,M,-1.1023591329801044,3
5206.01,tess,NON_HABITABLE,17.4958,1787.0,1694.87,4.4716261,0.06220865874795668,0.0,5972.0,2.41,1.6062087887398626,6.655918441519835,G,-1.2767100951332222,3
5207.01,tess,HABITABILITY_ZONE,6.41046,372.0,3.18912,24.6951647,0.13165093315135043,0.0,3850.0,0.56,0.49914694868605947,0.0620745646468506,K,-0.5816716742474437,3
5208.01,tess,NON_HABITABLE,8.68366,776.1452445944238,85.8245,12.2307873,0.11107937935163721,0.0,6164.0,1.31,1.2222835178255052,2.231967270397396,F,-1.2074688589639004,4
5209.01,tess,NON_HABITABLE,13.8231,1303.0,479.892,2.635737,0.03709776678245443,0.0,5900.0,0.92,0.9804367979052336,0.9240137025249946,G,-1.2567527721718628,3
521.01,tess,NON_HABITABLE,1.9653032,709.8873414,60.0176145,1.5428486,0.019028463241842694,0.0,3439.0,0.420028,0.3861401621336098,0.022232069856957554,M,-1.1340537979261371,3
5210.01,tess,NON_HABITABLE,11.6029,1228.0,377.954,4.5661309,0.05546138559324131,0.0,5569.0,1.28,1.0915807801601893,1.4197880652447719,G,-1.2457920984257176,3
5211.01,tess,NON_HABITABLE,18.2172,1951.0,2405.31,2.0961984,0.03572894086585984,0.0,6379.0,1.57,1.3847650884528362,3.6770913885364807,F,-1.2842634173998955,3
5213.01,tess,NON_HABITABLE,16.84,990.0,159.735,4.5333993,0.0561094512104292,0.0,6254.0,1.12,1.1466755855438635,1.728869701261033,F,-1.2511293043322391,3
5214.01,tess,NON_HABITABLE,13.3147,1513.0,871.955,5.3333965,0.07001286597491363,0.0,5840.8,2.53,1.6095566754539805,6.71158499447593,G,-1.2726963433241434,3
5215.01,tess,NON_HABITABLE,11.1736,1043.0,196.654,7.4244269,0.07865816908744705,0.0,5873.0,1.34,1.1778393993431566,1.92461696831168,G,-1.2317989457749585,3
5216.01,tess,NON_HABITABLE,10.1981,2379.0,5318.45,1.8951273,0.036346685081465505,0.0,6818.0,2.28,1.7836026049783773,10.120276819077972,F,-1.2941964771977932,3
5217.01,tess,NON_HABITABLE,12.9868,1502.0,847.146,4.3713133,0.061637990892386474,0.0,6029.0,2.45,1.6349406939435833,7.145095115687745,F,-1.2781621354816313,3
5218.01,tess,NON_HABITABLE,9.3875781,675.4063492,49.1792111,4.2914879,0.04261716398323416,0.0,3937.0,0.675707,0.5606841786581745,0.0988264523723281,K,-1.1231014725306183,3
5219.01,tess,NON_HABITABLE,16.2965,1710.0,1422.54,2.88753,0.04485528122550262,0.0,6095.0,1.87,1.444003316849028,4.347832085919314,F,-1.280294817465326,3
522.01,tess,NON_HABITABLE,2.108062,3963.2340986,58306.893695,0.3969687,0.012726558738540618,0.0,7381.0,1.86219,1.745021884975505,9.27264240865241,F,-1.304183199197018,3
5220.01,tess,NON_HABITABLE,18.0794,1917.0,2243.2,2.0876485,0.03617663729900027,0.0,6655.0,1.58,1.4492732653117437,4.411650744146001,F,-1.2862048347694528,3
5221.01,tess,NON_HABITABLE,10.688,1076.0,223.224,4.4247361,0.05148444016253498,0.0,5536.0,0.94,0.9298945145757725,0.7477126759814932,G,-1.2278827221513695,3
5222.01,tess,NON_HABITABLE,13.7171,1321.0,505.593,13.3057762,0.14096428831250868,0.0,8104.0,2.26,2.1107039821610196,19.847660290849266,A,-1.2663339058912082,3
5223.01,tess,NON_HABITABLE,18.7081977,1503.3146725,1207.0370102,4.0656968,0.055465935379458854,0.0,6424.0,1.53116,1.3771761640243136,3.597145373406867,F,-1.2696370034348086,3
5224.01,tess,NON_HABITABLE,14.0062,1706.0,1409.33,5.2819763,0.07092536470800846,0.0,6228.0,2.5,1.7060520848517553,8.47167220508887,F,-1.2763585284265335,3
5225.01,tess,NON_HABITABLE,8.88483,428.0,5.57635,22.9367426,0.16539676808715192,0.0,5721.0,1.34,1.1473555599595093,1.732974203951911,G,-1.1367794950019676,3
5227.01,tess,NON_HABITABLE,9.10598,1279.0,445.556,3.7325203,0.04934522373010961,0.0,5824.6,1.3,1.1505657971296674,1.7524508178745366,G,-1.258568762954495,3
5228.01,tess,NON_HABITABLE,11.2943,858.0,90.1896,8.3221959,0.088002799644617,0.0,5899.0,1.65,1.3127863302416076,2.9701349582256378,G,-1.239565727808291,3
5229.01,tess,NON_HABITABLE,3.4729,941.0,130.7,5.9184575,0.06108485230187035,0.0,5087.5,0.97,0.8680884280429259,0.5678790769945515,K,-1.1982231155116845,3
5230.01,tess,NON_HABITABLE,12.0822,923.0,120.883,7.1452343,0.07199293756116126,0.0,5685.0,0.98,0.975028217509309,0.9037925098187408,G,-1.2055718887420583,3
5232.01,tess,NON_HABITABLE,12.9734,1637.0,1193.86,4.0966887,0.056314695799906875,0.0,6212.0,1.74,1.4196449725015832,4.061804300779369,F,-1.2714320373473682,3
5233.01,tess,HABITABILITY_ZONE,5.77167,387.0,3.75556,25.763332,0.17261076891172267,0.0,5795.0,1.06,1.0336655694216852,1.1416164078641717,G,-1.0872875183389632,3
5234.01,tess,NON_HABITABLE,2.71644,934.0,126.721,15.1016086,0.12795073427925963,0.0,6511.0,1.18,1.2253562678136627,2.2544961931639644,F,-1.192495714447881,3
5235.01,tess,NON_HABITABLE,8.19739,681.0,35.8503,26.1442304,0.17410433822223637,0.0,5721.0,1.08,1.0300480946051505,1.125719041818617,G,-1.0837807045641046,3
5236.01,tess,NON_HABITABLE,9.89885,1291.0,461.346,10.9974977,0.11279413375907754,0.0,6188.0,2.18,1.5828954451961934,6.277820843371816,F,-1.2478981443701933,3
5237.01,tess,NON_HABITABLE,17.7415,1172.0,314.21,2.9889845,0.043617446712492396,0.0,6002.0,1.42,1.2391213526932352,2.35751987882337,F,-1.2707909275124016,3
5238.01,tess,NON_HABITABLE,4.89644,1042.0,195.925,4.8721904,0.05529602064056169,0.0,5430.5,1.02,0.9501968393585458,0.8151815204172603,G,-1.2255335383088852,3
5239.01,tess,NON_HABITABLE,8.83548,773.0,59.5158,11.3182327,0.10340803741866615,0.0,5969.0,1.24,1.1515587485007763,1.7585081935767048,G,-1.2024681310660046,3
5240.01,tess,NON_HABITABLE,16.1603,2040.0,2876.9,4.1793301,0.06327715409407,0.0,7349.0,2.31,1.9351200596775953,14.02270054011598,F,-1.2866540187327444,3
5241.01,tess,NON_HABITABLE,12.0967,1047.0,199.608,4.8398399,0.05823261266122316,0.0,5506.0,1.39,1.124649733727808,1.5998126962036108,G,-1.246489513774023,3
5242.01,tess,NON_HABITABLE,11.4754,1099.0,242.515,2.4038486,0.03274330088237125,0.0,5074.0,0.85,0.8104637660482348,0.4314539141727688,K,-1.241239441965404,3
5243.01,tess,NON_HABITABLE,16.2542,1673.0,1301.71,1.6087939,0.030040524311220732,0.0,5995.0,1.81,1.3973401968504313,3.812489092046506,G,-1.2887387994513404,3
5244.01,tess,NON_HABITABLE,10.6708,1374.0,592.328,5.0821798,0.06265756045800894,0.0,5929.0,1.53,1.270576572468145,2.6061737930561946,G,-1.256450228202052,3
5245.01,tess,NON_HABITABLE,12.4063,986.0,156.925,0.4305826,0.00917438248926283,0.0,3861.0,0.69,0.5556457854249253,0.095321770056583,K,-1.2689883542439377,3
5247.01,tess,NON_HABITABLE,15.194,601.0,21.7315,12.9177538,0.11147154008189081,0.0,5606.0,1.3,1.1073845171700913,1.5038128399459658,G,-1.1846599990573934,3
5248.01,tess,NON_HABITABLE,10.9462,1599.0,1087.15,0.701239,0.014451218654590814,0.0,5126.0,0.85,0.8187696619557058,0.4494143847855716,K,-1.2802330533125768,3
5249.01,tess,NON_HABITABLE,12.8401,1159.0,300.005,4.6285493,0.05562002677214493,0.0,6007.0,1.06,1.071480427181374,1.3180654271349725,F,-1.2431721941415166,3
525.01,tess,NON_HABITABLE,4.4404093,1002.8611977,239.0475595,14.8608019,0.13716135825791226,0.0,7064.0,1.62231,1.5588032074825204,5.90425577430912,F,-1.2321441015765242,3
5250.01,tess,NON_HABITABLE,20.2415,1092.0,236.789,5.4463931,0.07296809999859313,0.0,6815.0,2.19,1.7472763361063006,9.320653875987784,F,-1.2770024181062005,3
5251.01,tess,NON_HABITABLE,14.7239,1704.0,1400.15,2.3205922,0.0387218709356995,0.0,6756.0,1.51,1.4383076558318622,4.27963931475623,F,-1.2841457859351875,3
5252.01,tess,NON_HABITABLE,13.4388,1359.0,566.287,8.5394045,0.09230276339713245,0.0,6369.0,1.7,1.4386971628113536,4.284277061447495,F,-1.2484819991581313,3
5253.01,tess,NON_HABITABLE,12.9236,2057.0,2976.45,1.1110609,0.02072748181895959,0.0,5500.1,1.02,0.9623750365815188,0.8577829242974853,G,-1.2790984151089904,3
5254.01,tess,NON_HABITABLE,13.9078,1279.0,445.248,4.4836616,0.06090849883465284,0.0,5646.0,2.35,1.4995069483853738,5.055847084332018,G,-1.272609137111014,3
5255.01,tess,NON_HABITABLE,12.9095,1562.0,989.904,2.612273,0.03972367606229339,0.0,5874.0,1.45,1.2254387830184674,2.25510352349454,G,-1.2734853993864275,3
5256.01,tess,NON_HABITABLE,6.85964,552.0,15.5174,21.1968768,0.13818426385228025,0.0,4934.0,0.84,0.7834521302464349,0.37674705230752753,K,-0.9996589377690124,3
5259.01,tess,NON_HABITABLE,12.5315,1248.0,403.028,3.0321361,0.0421018576640419,0.0,6071.0,1.06,1.0828962332975067,1.37514144812963,F,-1.26046061384539,3
5261.01,tess,NON_HABITABLE,10.8804,990.0,159.592,4.1509756,0.05062585506688714,0.0,5686.0,1.04,1.0046093192754184,1.0185651442133028,G,-1.2408073647407494,3
5263.01,tess,NON_HABITABLE,20.3727,1211.0,357.357,3.1501356,0.04575202598992693,0.0,5950.0,1.56,1.287516912351714,2.7479686255663345,G,-1.2719042249611827,3
5264.01,tess,NON_HABITABLE,19.9341,1861.0,1995.4,4.4274169,0.06216888900369988,0.0,6812.0,1.92,1.6353056273262911,7.151476648401307,F,-1.277902703604274,3
5265.01,tess,NON_HABITABLE,3.16826,649.0,29.4907,11.5914514,0.10225378815225676,0.0,5896.0,1.08,1.0615562953665385,1.2699075952451513,G,-1.1848830116053126,3
5267.01,tess,NON_HABITABLE,2.8229,872.0,96.0669,13.7036806,0.10805272530080329,0.0,5546.0,0.87,0.8962169824745421,0.6451380787349741,G,-1.1245322774393054,3
5269.01,tess,NON_HABITABLE,9.45026,1903.0,2179.86,2.7340756,0.04988266589296736,0.0,8524.0,2.25,2.215176715176715,24.078726329093346,A,-1.295932692069002,3
527.01,tess,NON_HABITABLE,22.2024283,984.1503966,221.7006105,18.0892103,0.16215340398662795,0.0,7403.0,1.8368599,1.738278840221867,9.130147094054951,F,-1.2359805434802038,3
5270.01,tess,NON_HABITABLE,16.1359,2978.0,13073.2,1.0513177,0.025251760120428516,0.0,7529.0,2.22,1.9435130537332266,14.267564605741741,A,-1.300729481810083,3
5271.01,tess,NON_HABITABLE,4.50948,1371.2165136790463,836.11,4.3108587,0.05669137119023439,0.0,6358.0,1.41,1.3079879935791248,2.926948155615586,F,-1.264272871348016,4
5272.01,tess,NON_HABITABLE,9.19425,1398.0,635.189,5.0135727,0.062297165216842074,0.0,5930.0,1.56,1.283189124411036,2.711207020944067,G,-1.257798299992116,3
5274.01,tess,NON_HABITABLE,4.7793,698.0,39.468,6.1313492,0.05681937676337377,0.0,4310.0,0.76,0.6509651575419371,0.17956883932449338,K,-1.1251410988747257,3
5276.01,tess,NON_HABITABLE,13.5272,1515.0,875.429,2.3612205,0.04093620821101039,0.0,5766.0,2.7,1.641459598011844,7.25973538074268,G,-1.2890035234613022,3
5277.01,tess,NON_HABITABLE,13.4988,753.0,53.3959,15.9929608,0.13621904362193346,0.0,6132.0,1.54,1.3183665765283425,3.020958343229751,F,-1.201926452347467,3
5278.01,tess,NON_HABITABLE,17.9748711,1016.912095,252.7287521,0.435435,0.00799230035649153,0.0,3349.0,0.383284,0.359210621823523,0.016649326915763773,M,-1.2245744523921052,3
5279.01,tess,NON_HABITABLE,8.86029,541.0,14.2918,16.0104634,0.12465526578322858,0.0,5733.4,1.03,1.008102129232497,1.0328045156686168,G,-1.1408884204049603,3
5280.01,tess,NON_HABITABLE,9.81811,967.0,145.183,9.0165933,0.09820850577040184,0.0,6543.2,1.88,1.5543284539620272,5.836751311566416,F,-1.2539173437610343,3
5281.01,tess,NON_HABITABLE,12.7051,1282.0,448.634,5.5047275,0.06540794743032567,0.0,5865.0,1.47,1.2319706497702747,2.303570167896294,G,-1.2505475187612145,3
5282.01,tess,NON_HABITABLE,9.7757,1467.0,769.854,1.392516,0.026420518988304623,0.0,6082.0,1.45,1.2688319166357371,2.591888877507803,F,-1.2873250972653378,3
5284.01,tess,NON_HABITABLE,21.5462,1638.0,1195.69,2.0327015,0.036334835968194514,0.0,6555.0,1.86,1.5488267675631027,5.7545501981033285,F,-1.2890675381807288,3
5285.01,tess,NON_HABITABLE,10.2627,705.0,41.2399,4.3852176,0.04460383140602603,0.0,4076.0,0.76,0.6156227336753911,0.14363444354003352,K,-1.147736519154021,3
5286.01,tess,NON_HABITABLE,9.7209,1212.0,358.69,3.2988824,0.0425233225858435,0.0,5735.0,0.9,0.9426019948578823,0.7894296213039635,G,-1.2439809171353697,3
5287.01,tess,NON_HABITABLE,14.6667,1439.0,713.476,4.1976789,0.05659520800059023,0.0,6058.0,1.71,1.3724641268175364,3.5481666298979904,F,-1.2685334910179564,3
5288.01,tess,NON_HABITABLE,11.0835,955.0,138.253,3.8123614,0.043391572870194996,0.0,4780.0,0.82,0.7499088870460299,0.31625252490570643,K,-1.203598948366937,3
5289.01,tess,NON_HABITABLE,4.89568,1197.0,341.303,3.4411264,0.04276026254210069,0.0,5244.0,0.94,0.8808466102665014,0.6020064572048976,G,-1.2339866669833568,3
5291.01,tess,NON_HABITABLE,6.24136,1115.0,256.685,2.3007511,0.034861703447263005,0.0,5603.0,1.21,1.0677927927927928,1.3000137351392294,G,-1.2678027482715999,3
5292.01,tess,NON_HABITABLE,13.4378,680.0,35.677,2.0231137,0.024868627209945905,0.0,3767.0,0.59,0.5012972285554582,0.06315114284940598,K,-1.173551799896444,3
5293.01,tess,NON_HABITABLE,11.8933,662.0,31.8905,2.9304371,0.03076344093223444,0.0,3692.0,0.5,0.4522935267049088,0.041848653449479994,M,-1.1026809842424241,3
5295.01,tess,NON_HABITABLE,10.2749,508.0,11.1055,4.3023572,0.04003084435111254,0.0,3504.0,0.58,0.46232967711273626,0.04568851972160591,M,-1.0518258196458348,3
5297.01,tess,NON_HABITABLE,11.7342,1265.0,426.381,3.3014986,0.04798885958957798,0.0,6311.9,1.53,1.352631517585037,3.34748015238035,F,-1.2737934180412074,3
5298.01,tess,NON_HABITABLE,12.7073,1121.0,262.791,2.6831464,0.037022350908519124,0.0,5348.0,1.03,0.9403373542985654,0.7818703678393346,G,-1.2522371099972325,3
5299.01,tess,NON_HABITABLE,19.2523,764.0,56.7896,2.5792489,0.03663669402846933,0.0,5452.0,1.09,0.9861495337245377,0.9457385561554226,G,-1.2580206972181773,3
530.01,tess,NON_HABITABLE,8.6121163,495.6126203,14.2590446,6.3875739,0.052442984969043975,0.0,3688.0,0.544769,0.47159672777283274,0.04946330508982627,M,-0.9849517476363914,3
5300.01,tess,NON_HABITABLE,11.9692,944.0,131.906,2.2623535,0.0288289199213221,0.0,4219.0,0.73,0.6245175294784245,0.1521172732985356,K,-1.2080688848725625,3
5301.01,tess,NON_HABITABLE,12.1366,1268.0,429.794,5.8588751,0.07576043684612396,0.0,6418.0,2.31,1.6899714985727048,8.156756940137317,F,-1.2733830481419466,3
5302.01,tess,NON_HABITABLE,11.5903,799.0,67.8153,4.2417694,0.04654174107122413,0.0,4794.0,0.81,0.7475051975051975,0.31221723037878396,K,-1.195143733051003,3
5303.01,tess,NON_HABITABLE,12.8969,750.0,52.7617,9.809558,0.09846718090738947,0.0,6480.0,1.39,1.3235979430723206,3.069193956057706,F,-1.232478346906808,3
5304.01,tess,NON_HABITABLE,8.08217,1051.0,203.091,3.7079439,0.04459480873476309,0.0,5265.0,0.89,0.8605320627213794,0.5483631035069243,G,-1.2269436721787688,3
5305.01,tess,NON_HABITABLE,11.6079,1346.0,545.343,4.4632038,0.05638848795196249,0.0,5921.4,1.37,1.2007659399053219,2.0788992475592356,G,-1.2560419707808217,3
5306.01,tess,NON_HABITABLE,10.0196,1051.0,203.229,5.3331348,0.06261802864360401,0.0,5807.7,1.31,1.1516314059823467,1.7589520471609994,G,-1.2448706881628595,3
5307.01,tess,NON_HABITABLE,4.00604,583.0,19.2351,5.2976347,0.04872538684728095,0.0,4031.0,0.62,0.5498982283461817,0.09143853976087223,K,-1.0878595177468018,3
5309.01,tess,NON_HABITABLE,8.02442,1000.0,166.169,6.4666483,0.06671605758573275,0.0,5441.0,1.01,0.9473557389902766,0.8054755489676146,G,-1.2074889933703454,3
5310.01,tess,NON_HABITABLE,6.17248,583.0,19.2497,11.2036244,0.08596207399776852,0.0,4329.8,0.81,0.6751247401247401,0.2077476369098645,K,-1.0500081269358001,3
5311.01,tess,HABITABILITY_ZONE,13.5254,225.0,0.431293,39.0536929,0.18455101365689322,0.0,3793.0,0.7,0.5498010188225482,0.0913738998712938,K,-0.468486839282126,3
5312.01,tess,HABITABILITY_ZONE,8.33656,383.0,3.59287,46.1965072,0.2425569091248229,0.0,5397.7,0.91,0.8920785910409299,0.633304344781673,G,-0.8898616864814562,3
5313.01,tess,NON_HABITABLE,13.21,1172.0,313.937,3.2571037,0.04244577572692963,0.0,5442.9,1.04,0.9616581188681278,0.8552297701838519,G,-1.2466847979704008,3
5314.01,tess,NON_HABITABLE,12.5634,1427.0,688.571,2.5351022,0.037452985792489166,0.0,6143.0,1.05,1.090558187028583,1.414475305393694,F,-1.2665408379240242,3
5315.01,tess,NON_HABITABLE,17.1677,546.0,14.841,2.4704071,0.025874180758204437,0.0,3333.0,0.43,0.37865458422554693,0.020557621992392274,M,-1.0612257818959279,3
5316.01,tess,NON_HABITABLE,10.9188,1887.0,2105.63,0.9997277,0.021278297592310993,0.0,5849.8,1.61,1.2859605144858213,2.7347053168174082,G,-1.2922093220622743,3
5317.01,tess,NON_HABITABLE,11.1852,920.0,119.291,8.662046,0.08737525932993642,0.0,5981.3,1.31,1.1860552247192886,1.978880841511295,G,-1.2243372182440801,3
5318.01,tess,NON_HABITABLE,16.3815,1509.0,862.417,4.9583217,0.06662622316780865,0.0,5801.0,2.55,1.6048950341461585,6.634169037170236,G,-1.2742918353978583,3
5319.01,tess,NON_HABITABLE,3.74681,695.0,38.7885,4.0785273,0.037699408856453905,0.0,3580.0,0.48,0.42971184276483587,0.0340964600082442,M,-1.0285549487490662,3
532.01,tess,NON_HABITABLE,5.5911206,779.1471354,87.0961414,2.32664,0.027980467021055933,0.0,3946.0,0.623609,0.5398672040469303,0.08494694852091042,K,-1.1776288848160905,3
5320.01,tess,NON_HABITABLE,5.99543,1268.0,429.583,0.3852177,0.010489150368229465,0.0,5313.9,1.27,1.0375019350901913,1.158659059277428,G,-1.2965129768312194,3
5322.01,tess,NON_HABITABLE,16.7305,1354.0,558.524,5.4233428,0.06418861048840599,0.0,5790.0,1.43,1.1995552616520633,2.070527677041456,G,-1.2484619672137662,3
5323.01,tess,NON_HABITABLE,20.5615,1242.0,395.882,5.8049376,0.07390079087060207,0.0,5978.2,2.38,1.5978374515474925,6.518240574269007,G,-1.2700491299202317,3
5324.01,tess,NON_HABITABLE,10.4869,842.0,83.5964,5.0269053,0.05125545675408447,0.0,4738.0,0.75,0.7108850247974134,0.2553862214854958,K,-1.1701560750511675,3
5325.01,tess,NON_HABITABLE,7.19514,475.0,8.48258,15.057596,0.11887479867570626,0.0,5948.0,0.92,0.9884132328712423,0.954452246302876,G,-1.142241070435956,3
5326.01,tess,NON_HABITABLE,9.11145,1269.9346644274428,615.127,3.133469,0.04674429639733955,0.0,6312.9,1.61,1.3877637067758797,3.70904499623266,F,-1.2764912324483793,4
5327.01,tess,NON_HABITABLE,11.4089,937.0,128.159,4.6671176,0.05254730934417436,0.0,5377.0,0.91,0.8886574993102766,0.6236452815640235,G,-1.2182352094717137,3
5328.01,tess,NON_HABITABLE,17.6429,1714.0,1434.4,5.4886518,0.07253142756400631,0.0,6119.8,2.54,1.6897706604578373,8.152880198581128,F,-1.2749329763169943,3
5329.01,tess,NON_HABITABLE,11.2162,732.0,47.7257,3.7796053,0.04935682142968327,0.0,5892.0,1.21,1.1228690228690228,1.5897045001094927,G,-1.2559904079639446,3
533.01,tess,NON_HABITABLE,3.6067731,540.2741317,20.1362084,19.5715862,0.1297515575037967,0.0,4666.1,0.88568,0.7607923525731101,0.33501523234720026,K,-1.000980257534776,3
5330.01,tess,NON_HABITABLE,13.0324,1549.0,958.026,4.6303272,0.06029277191938025,0.0,6701.0,1.38,1.3638067597726673,3.459484227134613,F,-1.2652661769433406,3
5331.01,tess,NON_HABITABLE,11.7908,526.0,12.7448,22.7545332,0.1535211638815755,0.0,5580.0,0.93,0.9322864041292566,0.7554355234903932,G,-1.0665011609031059,3
5332.01,tess,NON_HABITABLE,9.29453,1042.0,195.804,3.9544873,0.05212637817953241,0.0,6002.5,1.35,1.2082943105826414,2.131527412298202,F,-1.2607350658532772,3
5333.01,tess,NON_HABITABLE,4.14274,841.0,83.2925,11.4420309,0.09213558232228351,0.0,4932.0,0.87,0.7969964222077969,0.4034832285349517,K,-1.1100304014774889,3
5334.01,tess,NON_HABITABLE,12.3259,1419.0,674.791,3.6136326,0.04931945576756314,0.0,5957.5,1.41,1.2255958590354883,2.25625997715424,G,-1.2646900952298208,3
5335.01,tess,NON_HABITABLE,4.08922,1048.0,200.83,3.6139919,0.0445287432201052,0.0,5427.0,0.92,0.9018356783443566,0.6614692371468869,G,-1.234484216462432,3
5336.01,tess,NON_HABITABLE,16.8231,1470.0,776.308,4.0153167,0.0537427237363015,0.0,6093.9,1.48,1.2843987035129703,2.7214442000142025,F,-1.2650433780904091,3
5337.01,tess,NON_HABITABLE,10.5169,1074.0,221.115,0.7135221,0.01470308713227996,0.0,4626.0,1.08,0.8328967812696078,0.4812433430316838,K,-1.2807319643174135,3
5338.01,tess,NON_HABITABLE,13.9715,1201.0,346.2,2.6429687,0.03673829563636748,0.0,5439.0,1.01,0.9470075104517762,0.8042918966340683,G,-1.253483682505643,3
5339.01,tess,NON_HABITABLE,8.96869,715.0,43.4731,15.1873222,0.12075439811430332,0.0,5938.0,0.98,1.0184199745945959,1.0757407855395011,G,-1.1494801638420615,3
534.01,tess,NON_HABITABLE,12.5330606,1233.1730452,546.5338871,4.0350444,0.05117742551804929,0.0,5945.0,1.1370699,1.0982952824212986,1.455045159832061,G,-1.251468870772166,3
5340.01,tess,NON_HABITABLE,13.6199,1529.0,908.364,4.9393117,0.0637395375012584,0.0,6287.2,1.69,1.416036036036036,4.020658826945621,F,-1.2661320233432964,3
5341.01,tess,NON_HABITABLE,11.6872,403.0,4.38918,20.6875239,0.13090734404925136,0.0,4660.7,0.75,0.6992870061361977,0.23912326598337447,K,-0.9409832523580436,3
5342.01,tess,NON_HABITABLE,8.96055,1619.0,1143.23,0.5894678,0.016067405423838745,0.0,5946.0,2.39,1.5925663420204412,6.432653104135866,G,-1.3012121106998413,3
5343.01,tess,NON_HABITABLE,2.49822,700.0,39.9592,12.836391,0.09713420403554024,0.0,5156.0,0.69,0.7420123464519334,0.30314089361506047,K,-1.0667922635567861,3
5344.01,tess,NON_HABITABLE,9.66312,536.0,13.7486,3.7927572,0.03705081664012774,0.0,3575.0,0.58,0.4716976585839132,0.049505663097267415,M,-1.0804359815692863,3
5345.01,tess,NON_HABITABLE,3.45691,1565.0,996.39,1.1062164,0.020868431885042935,0.0,4816.0,1.41,0.9907628463474465,0.9635601900749255,K,-1.2806427584604896,3
5346.01,tess,NON_HABITABLE,12.3611,1297.0,470.153,3.9783327,0.0523920619466347,0.0,6441.1,1.18,1.21220123738513,2.1592299321649175,F,-1.2608025551336708,3
5347.01,tess,NON_HABITABLE,7.44992,1182.0,324.161,1.7109175,0.024726615652149977,0.0,4686.8,0.72,0.6889954390987756,0.2253540607314437,K,-1.238154304425621,3
5348.01,tess,NON_HABITABLE,15.8046856,1658.242891,1786.9548445,3.089007,0.04645573808889318,0.0,6622.0,1.49278,1.4017183472743446,3.8604953320612694,F,-1.2773563876353893,3
5349.01,tess,NON_HABITABLE,9.42671,650.0,29.6839,3.3176675,0.03418971218955971,0.0,3640.0,0.59,0.4843965786944167,0.05505595092917989,M,-1.1091175090471894,3
535.01,tess,NON_HABITABLE,17.7603707,1293.2784182,661.1334378,2.8280391,0.039152089071233784,0.0,5675.0,1.0367399,1.001093058466656,1.0043794077527646,G,-1.2560999855149078,3
5350.01,tess,NON_HABITABLE,11.5863,1180.0,321.879,7.5811005,0.07929990253238288,0.0,6257.6,1.14,1.1575343879055984,1.7952941156412143,F,-1.2283732374447884,3
5351.01,tess,NON_HABITABLE,14.306,1169.0,310.304,2.8817237,0.044033473285250035,0.0,6182.0,1.64,1.371590922931735,3.539145432892042,F,-1.277683691486974,3
5352.01,tess,NON_HABITABLE,8.65136,1512.0,868.398,2.0389145,0.03427596748334514,0.0,6396.0,1.36,1.2922650145332828,2.7887292210221006,F,-1.2816546797756043,3
5354.01,tess,NON_HABITABLE,12.1728,1309.0,487.852,4.7949288,0.05919354165975128,0.0,5850.0,1.41,1.2034806169295187,2.0977628977213008,G,-1.2536156156540328,3
5355.01,tess,NON_HABITABLE,9.05686,998.0,165.055,9.6125545,0.09506102283740597,0.0,5825.7,1.51,1.2402529470958674,2.3661434503696137,G,-1.2247691301403845,3
5356.01,tess,NON_HABITABLE,13.3231,1812.0,1793.16,3.1948695,0.0497725137929486,0.0,6577.4,2.0,1.6115468269495485,6.744841020211472,F,-1.283529623505004,3
5357.01,tess,NON_HABITABLE,11.9608,870.0,95.3586,9.6995203,0.08846572335554086,0.0,5504.0,1.06,0.9817593259873952,0.9290094714763362,G,-1.1834431486741082,3
5358.01,tess,NON_HABITABLE,3.4087339,994.79316,231.4473239,2.6599132,0.03366739911561624,0.0,4636.3,0.802524,0.7195719443461576,0.26810004603110577,K,-1.2203269805476114,3
5359.01,tess,NON_HABITABLE,9.28931,436.0,6.00664,1.6817287,0.01999341514428937,0.0,3174.0,0.47,0.37698973842122163,0.02019845336115675,M,-1.11605388712173,3
536.01,tess,NON_HABITABLE,15.3965057,935.3230728,180.8704391,9.2432303,0.09060510860158642,0.0,5880.0,1.2998101,1.161424430863625,1.819549308524688,G,-1.217367651666063,3
5360.01,tess,NON_HABITABLE,24.4253,913.0,115.574,4.0107869,0.05331449673763953,0.0,6175.1,1.38,1.2567740818194595,2.4947605223014917,F,-1.2634214971430555,3
5362.01,tess,NON_HABITABLE,11.6412,775.0,59.8936,13.7279713,0.1253096911060298,0.0,6416.5,1.57,1.3929056576356205,3.764322378424152,F,-1.2209274726783552,3
5363.01,tess,NON_HABITABLE,9.83914,904.0,111.352,6.7504762,0.06671459425707608,0.0,5318.7,0.89,0.8693089994294778,0.5710796734930679,G,-1.188269079989845,3
5364.01,tess,NON_HABITABLE,12.418,1379.0,600.438,1.4466879,0.03289793001671371,0.0,6332.0,4.28,2.269532823992287,26.530526770751287,F,-1.3011405496942454,3
5365.01,tess,NON_HABITABLE,7.39456,1996.0,2636.63,4.0069668,0.05949787045551428,0.0,6080.3,2.76,1.7500611598648916,9.380217433337439,F,-1.2831688768531953,3
5366.01,tess,NON_HABITABLE,9.08045,2193.0,3844.96,1.5328484,0.030139243435580446,0.0,6943.0,1.67,1.5544583081807235,5.838702049235948,F,-1.2927523971468606,3
5367.01,tess,NON_HABITABLE,10.3733412,1640.8659455,1713.2210773,1.6649585,0.02835238718070348,0.0,6155.0,1.05799,1.0968380708701861,1.447338334316278,F,-1.2774622575354784,3
5368.01,tess,NON_HABITABLE,14.0647,1755.0,1578.1,3.612762,0.05550797158360253,0.0,7976.9,1.6,1.748106213956836,9.338374064739059,A,-1.284908461395685,3
5369.01,tess,NON_HABITABLE,14.2200993,1419.6169652,959.8552062,4.2460352,0.05567961188783482,0.0,5905.5,1.55863,1.2773263372192996,2.66199642554876,G,-1.2629086272347048,3
537.01,tess,NON_HABITABLE,18.382674,1350.5669431,786.2949096,4.0379012,0.05262381289957713,0.0,6100.0,1.27299,1.1923836397740812,2.021454798030159,F,-1.2589308703824793,3
5370.01,tess,NON_HABITABLE,14.5318,1296.0,469.124,3.7539574,0.052211209543469896,0.0,6350.0,1.5,1.3473891083396727,3.295885604881976,F,-1.270306076475084,3
5371.01,tess,NON_HABITABLE,14.5092,1063.0,212.433,1.27615,0.02156296042742701,0.0,4671.0,1.03,0.8213006323725875,0.454997100270426,K,-1.2658848019945643,3
5372.01,tess,NON_HABITABLE,10.1847,769.0,58.1485,11.6270831,0.10865335941524945,0.0,5776.1,1.6,1.2658095629174344,2.567281489026206,G,-1.2164818727754863,3
5373.01,tess,NON_HABITABLE,11.7695065,1138.8028661,397.4799328,4.1878375,0.05090477246840481,0.0,5521.95,1.10007,1.003405109193987,1.0136901634479376,G,-1.2402595098817144,3
5374.01,tess,NON_HABITABLE,16.778361,1701.0031002,1978.5244535,2.9164004,0.04403875569666852,0.0,5720.0,1.82744,1.3396497573183423,3.2208098000973218,G,-1.2761229654443653,3
5375.01,tess,NON_HABITABLE,11.4801145,877.7434298,140.2785768,1.7215575,0.02279176254814642,0.0,3865.0,0.633426,0.5329311660237327,0.08066487678885355,K,-1.1993416206227596,3
5376.01,tess,NON_HABITABLE,13.2487,1236.0,388.241,2.9859596,0.05011618729581659,0.0,6417.0,2.87,1.8834177768348426,12.583071400677523,F,-1.2904713518336106,3
5377.01,tess,NON_HABITABLE,2.68559,1486.6096797047826,1155.12,4.4626933,0.06072699103297147,0.0,6803.0,1.62,1.5001395319372401,5.064383944002721,F,-1.2727517794110765,4
5378.01,tess,NON_HABITABLE,13.6017,1029.0,186.605,5.2841676,0.07233308229734343,0.0,4626.0,5.09,1.8081655773669658,10.689386707475279,K,-1.279451302537888,3
5379.01,tess,NON_HABITABLE,16.6789,1064.0,213.224,12.7426508,0.11774544634670915,0.0,6385.0,1.47,1.34119907907642,3.2357352952723497,F,-1.219727291183178,3
5380.01,tess,NON_HABITABLE,3.13069,1479.0,796.305,3.7723119,0.05320475041761758,0.0,6525.0,1.56,1.4119408156462077,3.974348724189691,F,-1.2731606597849847,3
5382.01,tess,NON_HABITABLE,4.35314,1015.0,176.698,14.5416243,0.13124370242050717,0.0,6277.0,1.72,1.426231518262081,4.137710664696766,F,-1.22101819398139,3
5383.01,tess,NON_HABITABLE,1.39962,1943.0,2368.07,2.8114961,0.04383581366594418,0.0,6768.0,1.47,1.4216500183538312,4.084799835159528,F,-1.2800503373900134,3
5384.01,tess,NON_HABITABLE,18.8182218,1694.8109409,1949.8717061,2.9895092,0.04532976063664924,0.0,6317.0,1.61396,1.3903717594171072,3.737005629057762,F,-1.2776251192409933,3
5385.01,tess,NON_HABITABLE,14.3194419,1589.3956027,1508.1655987,5.1665549,0.06781039534643114,0.0,6238.0,2.0792,1.5583578077333677,5.897510529916284,F,-1.2714586601833435,3
5386.01,tess,NON_HABITABLE,15.1893,1202.0,346.581,3.6215615,0.04940411435616501,0.0,5920.2,1.43,1.2265297167586435,2.263144580179441,G,-1.2646814184553474,3
5387.01,tess,NON_HABITABLE,1.27317,1980.0,2552.75,2.8037514,0.04559482560753503,0.0,7531.0,1.52,1.6086002029230548,6.6956458804197725,A,-1.2856579507468184,3
5388.01,tess,HABITABILITY_ZONE,1.89426,375.0,3.30231,2.594675,0.02571949261329984,0.0,3495.0,0.31,0.3371333410965164,0.012918343203040377,M,-0.9980649565361904,3
5389.01,tess,NON_HABITABLE,8.8111557,382.7938065,5.0743522,10.4014008,0.06851310197821264,0.0,3526.0,0.421428,0.39656801099562905,0.024732653682041868,M,-0.7095103007333501,3
539.01,tess,NON_HABITABLE,1.5526965,2138.4737213,4942.3861378,0.3096062,0.008157538995546656,0.0,4836.0,0.813125,0.755507233382452,0.3258025708155626,K,-1.2902460029118632,3
5390.01,tess,NON_HABITABLE,4.687483,661.4248635,45.2317163,15.0619708,0.11479824503141148,0.0,5441.34,0.890607,0.8896569856076532,0.626455710989265,G,-1.1100417152518436,3
5391.01,tess,NON_HABITABLE,1.77499,834.0,80.3771,13.6421377,0.11331631193940317,0.0,5961.0,1.02,1.0430205983641085,1.1835089353701078,G,-1.166383523574768,3
5392.01,tess,NON_HABITABLE,1.66838,1296.0,468.87,17.5313321,0.12742412765527342,0.0,5464.0,0.9,0.8980605579605003,0.6504628413408211,G,-1.0921890647396568,3
5393.01,tess,NON_HABITABLE,1.82693,765.0,57.0124,30.0017176,0.2007877552708678,0.0,6194.0,1.25,1.1997752124596064,2.072046705040629,F,-1.1176945066675759,3
5394.01,tess,NON_HABITABLE,9.68144,844.0,84.3696,15.1935123,0.12283672966900319,0.0,5977.0,1.07,1.0711463746842944,1.3164224771723665,G,-1.1623873523626609,3
5395.01,tess,NON_HABITABLE,1.80641,1104.0,247.2,6.5811814,0.0725210445468772,0.0,6269.0,1.17,1.1748025439648517,1.9048444336919264,F,-1.2375230214597635,3
5397.01,tess,NON_HABITABLE,2.57133,827.0,77.7367,9.6477019,0.0871679467522892,0.0,5621.7,0.95,0.9492992683335508,0.8121057483423244,G,-1.176629035898934,3
5398.01,tess,NON_HABITABLE,11.1189,919.0,118.413,10.590923,0.09648228405023018,0.0,6017.1,1.05,1.0682073363453828,1.3020337009066336,F,-1.1934066512115886,3
5398.02,tess,NON_HABITABLE,3.30213,1222.0,370.603,4.7728997,0.05671264565862397,0.0,6017.1,1.05,1.0682073363453828,1.3020337009066336,F,-1.2414426540629333,3
5399.01,tess,NON_HABITABLE,3.70815,1765.0,1611.69,4.0625969,0.05900298072897395,0.0,6629.0,2.09,1.660331623046354,7.599400946403514,F,-1.2804441477541115,3
540.01,tess,NON_HABITABLE,0.9654706,550.2321395,21.6623126,1.2391534,0.013913024227612996,0.0,3042.0,0.197117,0.23398872324909775,0.0029976416260700054,M,-0.9597096031463036,3
5400.01,tess,NON_HABITABLE,4.46533,698.0,39.4243,19.8067259,0.13989090148189395,0.0,5513.0,0.95,0.9309438188311127,0.7510933049488364,G,-1.0874747039708172,3
5401.01,tess,NON_HABITABLE,12.9127343,2798.2279931,14489.4996714,6.8291029,0.10559119277854156,0.0,9333.0,4.3379302,3.367721916554072,128.63077698148544,A,-1.2971117499525167,3
5402.01,tess,NON_HABITABLE,1.4488457,809.9057589,101.6854816,3.3174026,0.03716601744136575,0.0,4363.0,0.677839,0.6223320489349109,0.14999910496323607,K,-1.1776835229214442,3
5403.01,tess,NON_HABITABLE,11.2388,491.0,9.72374,12.8355591,0.10346799902358429,0.0,5311.7,0.95,0.8969516202585199,0.6472559849100176,G,-1.1326900661575576,3
5404.01,tess,NON_HABITABLE,4.05014,1143.0,284.168,2.177475,0.026552548672279578,0.0,4027.0,0.57,0.5267356769028986,0.07697876514679872,K,-1.1780426800668053,3
5405.01,tess,NON_HABITABLE,10.7594,956.0,139.161,9.0711977,0.08533928502874914,0.0,5649.0,1.06,1.007623261719258,1.0308435070462865,G,-1.1940979275571133,3
5406.01,tess,NON_HABITABLE,10.209,2300.0,4653.02,0.8045139,0.019605420660490674,0.0,7110.0,1.59,1.5532517102191699,5.820594731574913,F,-1.2987433521947018,3
5407.01,tess,NON_HABITABLE,13.9823,1264.0,425.087,5.4683192,0.06688306036529744,0.0,6606.6,1.36,1.334815204036208,3.174567597516094,F,-1.2582064992474997,3
5408.01,tess,NON_HABITABLE,17.4316,2403.0,5539.92,0.9598377,0.02545238536423084,0.0,7575.0,3.31,2.3876480577763584,32.49984177015343,A,-1.3037899861008626,3
5409.01,tess,NON_HABITABLE,7.44558,1542.0,939.24,0.594385,0.014704618472089783,0.0,6078.0,1.3,1.2006213156189467,2.077897870035551,F,-1.295883933591269,3
541.01,tess,NON_HABITABLE,18.1129716,1618.3040205,1620.9195266,1.3534084,0.023389522324745757,0.0,4978.0,1.16766,0.9319374652706811,0.7543051719025629,K,-1.2728262636769057,3
5410.01,tess,NON_HABITABLE,13.555,1313.0,494.014,4.1059353,0.05316845119589004,0.0,6140.3,1.25,1.1893735448927547,2.0011198374383223,F,-1.2581416988076168,3
5411.01,tess,NON_HABITABLE,18.6847,1660.0,1261.17,3.0604071,0.0470422631391382,0.0,6623.0,1.67,1.4828139673168559,4.834445545855886,F,-1.280455652066862,3
5412.01,tess,NON_HABITABLE,13.7767,3056.0,14493.6,0.3828485,0.011656546820801722,0.0,6419.6,1.68,1.4415718290886728,4.318621547210516,F,-1.3022125863181642,3
5413.01,tess,NON_HABITABLE,5.43397,805.0,69.7878,12.612483,0.1126696311531274,0.0,5981.0,1.34,1.1994989694315374,2.07013904502042,G,-1.2020155423055858,3
5414.01,tess,NON_HABITABLE,15.4312,678.0,35.1978,10.7833596,0.07892981509969063,0.0,3892.0,0.7,0.564151216782852,0.1012936257459621,K,-0.9681399875558301,3
5415.01,tess,NON_HABITABLE,17.8139,1850.0,1945.7,2.9858191,0.048878252448515395,0.0,7497.0,1.81,1.7474327699395635,9.32399224074908,F,-1.2878815672011525,3
5416.01,tess,NON_HABITABLE,10.9890553,410.0052556,6.6784964,13.0086903,0.08444622524334602,0.0,3799.0,0.520262,0.4747380309975538,0.050794430658937406,K,-0.7935287568544211,3
5417.01,tess,NON_HABITABLE,14.6783,1520.0,888.042,2.8675385,0.04162964809728038,0.0,6219.5,1.18,1.1704965915630585,1.877070626036081,F,-1.2680650995038831,3
5419.01,tess,NON_HABITABLE,15.2174,1192.0,336.117,4.8002161,0.06134939267317184,0.0,6498.4,1.41,1.3368715283854329,3.1941749285415417,F,-1.2626329038168143,3
542.01,tess,NON_HABITABLE,11.5558043,1359.3620865,806.9778488,1.6318282,0.02574726653091561,0.0,5084.0,0.942522,0.8551158719637977,0.5346873016541256,K,-1.2614136816586046,3
5420.01,tess,NON_HABITABLE,10.0397,1276.0,440.51,6.0614403,0.07187537856559269,0.0,6507.7,1.43,1.3482462480575357,3.3042803033281807,F,-1.255446944712199,3
5421.01,tess,NON_HABITABLE,19.1366,1542.0,938.617,6.5552932,0.08904643485367914,0.0,7787.0,2.64,2.1920265785481714,23.087837807781433,A,-1.2844015881112871,3
5422.01,tess,NON_HABITABLE,10.5654196,1277.232515,628.9279068,5.3767997,0.06436661087637817,0.0,5663.5,1.57294,1.230593624597657,2.2932882355124646,G,-1.2513622549755115,3
5423.01,tess,NON_HABITABLE,4.2762449,789.2154631,91.6860673,5.7188414,0.056864371163942586,0.0,4964.8,0.76036,0.7500411081990805,0.3164756257895154,K,-1.1706288344793316,3
5423.02,tess,NON_HABITABLE,3.7170935,939.2446608,183.9229574,3.3928027,0.04014892695802957,0.0,4964.8,0.76036,0.7500411081990805,0.3164756257895154,K,-1.21158074061197,3
5425.01,tess,NON_HABITABLE,7.9095,1911.0,2215.14,0.4553752,0.01215012550729851,0.0,6439.0,1.07,1.1539420288760533,1.7731111713533558,F,-1.297367471563735,3
5426.01,tess,NON_HABITABLE,5.0621,1244.0,398.441,5.8095099,0.06683987218029745,0.0,6353.1,1.15,1.1803431638628323,1.9410340608484113,F,-1.2438214664981488,3
5427.01,tess,NON_HABITABLE,14.2208,1248.0,403.505,5.2374183,0.06236474823459134,0.0,6042.1,1.27,1.179677909258444,1.9366618049670623,F,-1.2481789178756548,3
5428.01,tess,NON_HABITABLE,12.5732,1510.1956971209129,1230.19,3.0343155,0.05288086677979754,0.0,8415.0,2.16,2.142666963151813,21.07748038743823,A,-1.2940683062631786,4
5430.01,tess,NON_HABITABLE,15.1873,1683.0,1333.49,3.8635521,0.05394808985847538,0.0,6797.0,1.42,1.403250222301886,3.877398864367385,F,-1.2721833570493857,3
5431.01,tess,NON_HABITABLE,16.3086,1309.0,487.83,4.788785,0.0624484867332066,0.0,6045.0,1.83,1.416757523690977,4.028859390828959,F,-1.2670631337903338,3
5432.01,tess,NON_HABITABLE,11.4188,1337.0,531.966,2.9525486,0.04259696131173805,0.0,5612.0,1.48,1.1828296368688014,1.9574414950821732,G,-1.2679809497359127,3
5433.01,tess,NON_HABITABLE,12.1704,763.0,56.2686,4.1459886,0.042149289915013224,0.0,3981.0,0.71,0.5811590825886189,0.11407227896740853,K,-1.1379441295061383,3
5435.01,tess,NON_HABITABLE,7.56197,3155.0,16457.7,1.2699324,0.029872423343420242,0.0,9649.0,1.74,2.205111773932353,23.64408067340041,A,-1.3014762554634245,3
5436.01,tess,NON_HABITABLE,16.0753,578.0,18.6079,11.9285531,0.10166881675966058,0.0,5447.3,1.09,0.9852994048161546,0.9424816033242035,G,-1.1656063772006533,3
5437.01,tess,NON_HABITABLE,18.3061,1485.0,808.301,3.42015,0.04863414418509063,0.0,5708.0,1.76,1.3119400071620666,2.9624832514076425,G,-1.2709994531908317,3
5438.01,tess,NON_HABITABLE,7.50424,1157.5759536488786,424.656,2.5842514,0.03967606845617731,0.0,5860.5,1.51,1.2476616366196907,2.4231889841594616,G,-1.2748147339735063,4
5439.01,tess,NON_HABITABLE,18.5536,1693.0,1365.56,5.0775738,0.07128059890924257,0.0,7648.8,2.0,1.8740534816145755,12.33468100435373,A,-1.2819707162335234,3
544.01,tess,NON_HABITABLE,2.1601741,1004.0625199,240.1950345,1.5483542,0.022785537360255768,0.0,4665.0,0.663414,0.658290581936088,0.18778918062564676,K,-1.2374746971233865,3
5441.01,tess,NON_HABITABLE,11.4725,970.0,147.202,2.8633026,0.0439954628493288,0.0,6642.2,1.45,1.385701308233787,3.6870455923236505,F,-1.2783646201674028,3
5442.01,tess,NON_HABITABLE,16.3709,829.0,78.6129,12.7091678,0.11295395703971174,0.0,6145.0,1.25,1.190283932929332,2.0072537836121236,F,-1.200061351378959,3
5443.01,tess,NON_HABITABLE,7.62588,2098.0,3221.06,1.6757659,0.03154837627733143,0.0,6960.9,1.53,1.4917113279294165,4.951526993216161,F,-1.2904029583019219,3
5444.01,tess,NON_HABITABLE,11.8122,691.0,37.8777,10.2780324,0.1007891204861017,0.0,6545.7,1.3,1.293008711031086,2.7951544021321544,F,-1.2268556058540823,3
5445.01,tess,NON_HABITABLE,18.7767,810.0,71.6141,6.3780197,0.07895894369642253,0.0,6540.2,2.03,1.6144058619604693,6.7928324623454905,F,-1.2681889762096483,3
5446.01,tess,NON_HABITABLE,13.0442723,1472.5454489,1111.2092116,4.4977307,0.059711104168821943,0.0,6544.0,1.5335,1.4039733313733715,3.8853972960620307,F,-1.26819267685418,3
5448.01,tess,NON_HABITABLE,6.77869,1143.0,284.023,3.214031,0.04048720786588093,0.0,5366.0,0.85,0.8571045661440337,0.5396786470457814,G,-1.233984844259214,3
5449.01,tess,NON_HABITABLE,12.5904,1893.0,2136.19,2.5444539,0.04102118424016668,0.0,6171.0,1.77,1.4223807208395112,4.0932043660150645,F,-1.2819984564471802,3
545.01,tess,NON_HABITABLE,15.0496208,1366.350537,823.7008783,1.9000862,0.029103120743940565,0.0,5440.0,0.934028,0.9108618758795953,0.6883512418301254,G,-1.261597339747283,3
5451.01,tess,NON_HABITABLE,12.3028,1239.0,379.254,1.6822448,0.027734354746075985,0.0,5534.6,1.1,1.005671769071816,1.0228808209282796,G,-1.2721485875189606,3
5452.01,tess,NON_HABITABLE,16.1327515,2594.395383,10706.9470002,0.9907914,0.022110239814589948,0.0,6273.8,1.82635,1.4689139387566799,4.6557045014592235,F,-1.2958203686842613,3
5453.01,tess,NON_HABITABLE,10.1350877,986.8351657,224.1297312,8.3762443,0.08396103597737661,0.0,6086.0,1.13925,1.1254213356784133,1.604207627388588,F,-1.2185796403739109,3
5454.01,tess,NON_HABITABLE,13.3603,1656.0,1249.33,3.7196227,0.05257929449745309,0.0,5623.0,2.07,1.4016091816833378,3.859292853614292,G,-1.2730551934414658,3
5455.01,tess,NON_HABITABLE,12.0047,1542.0,939.48,4.267781,0.05650794313723088,0.0,5903.0,1.67,1.3216142003731541,3.050835459462552,G,-1.265354505456396,3
5457.01,tess,NON_HABITABLE,6.31449,2222.0,4049.64,1.2452975,0.025750148200434687,0.0,6580.3,1.66,1.4688363626380692,4.65472107318646,F,-1.2934936252271387,3
5458.01,tess,NON_HABITABLE,10.1729473,647.5341338,41.5500612,22.0632969,0.15410239590838987,0.0,5762.0,1.0093499,1.0029234909631237,1.0117453446679752,G,-1.098788982182236,3
5459.01,tess,NON_HABITABLE,14.8378,1267.0,428.439,2.8078585,0.044916344245190615,0.0,6338.0,1.95,1.5333567809668667,5.5280615828952016,F,-1.2836137704538404,3
546.01,tess,NON_HABITABLE,13.4373959,963.8325055,203.9516754,9.2016496,0.08967740208600178,0.0,6190.0,1.12271,1.136313384117908,1.6672183753901144,F,-1.2142210767355823,3
5460.01,tess,NON_HABITABLE,12.2385,1408.0,653.131,6.2987919,0.0774410677517072,0.0,6265.0,2.07,1.5616364081888872,5.9472980329025384,F,-1.2661772761754309,3
5461.01,tess,NON_HABITABLE,11.8373,911.0,114.587,7.4603194,0.08519344906146517,0.0,6034.1,2.01,1.4821228726803983,4.825439090733386,F,-1.2564913536288542,3
5462.01,tess,NON_HABITABLE,4.6477,1169.0,310.113,3.5533716,0.0483871097993661,0.0,6280.9,1.21,1.1969837144837145,2.0528299094047746,F,-1.2633976763988466,3
5463.01,tess,NON_HABITABLE,10.0319087,2474.045674,8854.2514993,1.100804,0.02386603939421975,0.0,6810.0,1.60902,1.4965854225772353,5.0165603671345,F,-1.2952573679231425,3
5464.01,tess,NON_HABITABLE,9.92228,884.0,101.767,1.1606902,0.01657009822507459,0.0,3572.0,0.53,0.450529323016459,0.04119952892870057,M,-1.1974297028570744,3
5465.01,tess,NON_HABITABLE,18.5093039,1211.9705717,509.9050351,4.3983492,0.05414437003276217,0.0,5717.9,1.22096,1.0946138815371436,1.4356342332086112,G,-1.2476620632543118,3
5466.01,tess,NON_HABITABLE,17.3144,1546.0,949.059,2.8066134,0.04335527265509064,0.0,6709.0,1.41,1.3801968305948957,3.628808942627675,F,-1.2785754179289042,3
5467.01,tess,NON_HABITABLE,10.4864,1427.0,688.584,2.6570006,0.04199796831792063,0.0,6328.7,1.63,1.3998515710390196,3.8399711027923664,F,-1.2804047231437068,3
5468.01,tess,NON_HABITABLE,12.2366,539.0,14.0816,20.9233666,0.15801601704368803,0.0,6283.0,1.22,1.2023216089914686,2.089693589903473,F,-1.159287474845625,3
5469.01,tess,NON_HABITABLE,11.9961,644.0,28.6506,29.3312035,0.22455713840527852,0.0,7618.0,1.77,1.755906065687149,9.506159926095304,A,-1.2095625756571666,3
547.01,tess,NON_HABITABLE,20.5944,2036.0,2852.63,1.5089635,0.027136521262846918,0.0,5950.0,1.29,1.170807507190285,1.879065824213074,G,-1.2826592804658545,3
5470.01,tess,NON_HABITABLE,8.43132,1461.0,757.504,1.450491,0.02660300637032767,0.0,6067.0,1.29,1.193830108592178,2.031281488367524,F,-1.2842173886486556,3
5471.01,tess,NON_HABITABLE,15.2294,1099.0,242.247,4.9017215,0.06410794613257696,0.0,6329.0,1.78,1.4629139269205744,4.580101448160492,F,-1.2686575781280538,3
5472.01,tess,NON_HABITABLE,12.7801,1327.0,515.387,2.2703829,0.034492454512066235,0.0,5845.0,1.1,1.0620734091397326,1.2723838339622264,G,-1.2677988284565442,3
5473.01,tess,NON_HABITABLE,16.0968,1451.0,736.769,7.5554044,0.0941101088336955,0.0,7872.0,2.04,1.9479322449580498,14.397775148455407,A,-1.2757599996117197,3
5474.01,tess,NON_HABITABLE,11.5473,1530.0,911.613,8.4332312,0.09469624149131119,0.0,5874.0,2.45,1.5929078845952245,6.438173079560513,G,-1.258506121612843,3
5475.01,tess,NON_HABITABLE,11.5364,760.0,55.4002,10.0532043,0.10094261751425829,0.0,6553.2,1.43,1.3576728049496203,3.397664367245064,F,-1.2344670631547414,3
5476.01,tess,NON_HABITABLE,10.465,855.0,89.0638,10.3413829,0.0928369642355764,0.0,5732.6,1.01,0.9981274599036316,0.9925308518017502,G,-1.1815107783169598,3
5477.01,tess,NON_HABITABLE,8.37476,862.0,92.0429,5.8936518,0.060821110393087206,0.0,5508.0,0.82,0.8641209518513667,0.5575683860397346,G,-1.197681674770173,3
5478.01,tess,NON_HABITABLE,14.6377,1163.0,304.209,8.3026667,0.08749548050717007,0.0,5656.0,1.75,1.2962897968972042,2.823634052997121,G,-1.238179189241073,3
5479.01,tess,NON_HABITABLE,11.9169,772.0,59.008,15.1306782,0.12857872920595798,0.0,5799.3,1.52,1.2387140030290362,2.354421355887409,G,-1.19445098302391,3
548.01,tess,NON_HABITABLE,13.4932227,1470.087664,1103.8090105,3.8971203,0.05357776816009897,0.0,6090.0,1.6395,1.3509730349621822,3.3310927317816583,F,-1.2694841448654377,3
5480.01,tess,NON_HABITABLE,15.3816,1228.0,378.206,3.6079916,0.049781755604000805,0.0,5308.3,1.89,1.2643288233645575,2.5552897641178425,G,-1.2670217172966856,3
5481.01,tess,NON_HABITABLE,9.60432,1438.0,711.472,3.9315754,0.051815613931482284,0.0,6032.1,1.32,1.2006852508725585,2.078340512649925,F,-1.2604064950383254,3
5482.01,tess,NON_HABITABLE,9.69724,890.0,104.579,7.9923268,0.08066631344962469,0.0,5825.0,1.18,1.0962525357110404,1.4442502244891369,G,-1.2174315323884173,3
5483.01,tess,NON_HABITABLE,16.647,1307.0,485.903,3.7702854,0.05159466286711867,0.0,5900.3,1.59,1.288980459325762,2.7604846361550157,G,-1.267143897422401,3
5484.01,tess,NON_HABITABLE,8.57678,1932.0,2317.44,1.1282471,0.023770137425580925,0.0,6655.8,1.49,1.4075605139847607,3.92525884264387,F,-1.2934076235438587,3
5485.01,tess,NON_HABITABLE,7.01829,1834.0,1881.65,2.5840753,0.03974501602007648,0.0,6119.0,1.4,1.254348308828363,2.4755550846917593,F,-1.2751278666610035,3
5486.01,tess,NON_HABITABLE,3.7963,752.0,53.3297,2.0247088,0.024343858724588812,0.0,3654.0,0.55,0.4694869936217525,0.0485841111142801,M,-1.157724458103731,3
5487.01,tess,NON_HABITABLE,9.1871,1359.0,566.49,4.6549271,0.058533481240409864,0.0,5706.0,1.56,1.2347178994754422,2.3241865109285085,G,-1.2570263746664658,3
5488.01,tess,NON_HABITABLE,12.0476,1044.0,197.437,3.1910454,0.042958415994289796,0.0,5907.0,1.03,1.0386261690055396,1.1636893056520636,G,-1.2550580691635784,3
5489.01,tess,NON_HABITABLE,1.4624574,570.9491075,25.1136938,3.1522131,0.03090560769953791,0.0,3547.0,0.415961,0.39633385620890693,0.024674291515679295,M,-1.038773601689744,3
5489.02,tess,NON_HABITABLE,1.2783897,492.1641006,13.8663044,4.9212788,0.04159223141330992,0.0,3547.0,0.415961,0.39633385620890693,0.024674291515679295,M,-0.945007792805223,3
5490.01,tess,NON_HABITABLE,11.5079,1708.0,1412.92,2.5193047,0.039318254226433154,0.0,5706.5,1.67,1.2776200973114358,2.66444609904831,G,-1.276744977559279,3
5491.01,tess,NON_HABITABLE,2.87252,832.0,79.6611,5.0280368,0.05180173047921717,0.0,4825.0,0.77,0.7335274284332465,0.2895112412767304,K,-1.1772534671926653,3
5492.01,tess,NON_HABITABLE,11.3257,1447.0,728.684,2.9238483,0.04094166548700074,0.0,6004.0,1.06,1.0709453112696803,1.3154343400191364,F,-1.260744262227184,3
5493.01,tess,NON_HABITABLE,5.1712602,663.6424754,45.8413818,24.4383239,0.16939875817840588,0.0,6151.0,1.03824,1.0858461179138552,1.3901867088557207,F,-1.1119275069985632,3
5493.02,tess,NON_HABITABLE,2.3955263,912.3920352,163.7747493,9.4043652,0.08962220025164092,0.0,6151.0,1.03824,1.0858461179138552,1.3901867088557207,F,-1.2051809897750567,3
5493.03,tess,NON_HABITABLE,2.2567046,788.6079558,91.4040877,14.5643289,0.11996547092381712,0.0,6151.0,1.03824,1.0858461179138552,1.3901867088557207,F,-1.169711727343255,3
5494.01,tess,NON_HABITABLE,4.92939,1413.0,663.223,2.0760349,0.030911600933678868,0.0,5386.0,0.96,0.9142724708683436,0.6987190316554581,G,-1.2589754956496628,3
5495.01,tess,NON_HABITABLE,2.91617,995.0,162.76,9.6569059,0.08910951911098165,0.0,5729.1,1.04,1.0122242791172704,1.049801043641727,G,-1.190077118908326,3
5497.01,tess,NON_HABITABLE,17.1459,1193.0,336.815,11.2120396,0.1099043555291688,0.0,6147.0,1.75,1.4088213192233228,3.9393417622096543,F,-1.2336249464145752,3
5498.01,tess,NON_HABITABLE,9.06591,519.0,12.1018,18.2050594,0.12415726248373177,0.0,4880.9,0.83,0.7703935422114588,0.3522496211674507,K,-1.0216244188417187,3
5499.01,tess,NON_HABITABLE,11.3023,797.0,67.3083,4.8038446,0.05155559341423293,0.0,5019.0,0.83,0.7921910279578177,0.39383986853382513,K,-1.1967183846019187,3
5500.01,tess,NON_HABITABLE,19.7783,1358.0,564.728,1.7530712,0.027667666349379554,0.0,5625.1,0.89,0.9193882062704714,0.7144892742171193,G,-1.2648304457029826,3
5501.01,tess,NON_HABITABLE,8.65143,705.0,41.1658,24.166804,0.1740687867586327,0.0,5985.0,1.35,1.2047715866450825,2.1067784447375404,G,-1.1446567134959826,3
5502.01,tess,NON_HABITABLE,4.02844,870.0,95.1955,11.6260799,0.10840581008992285,0.0,6317.0,1.32,1.2573943949473572,2.4996895826287835,F,-1.2154424929417613,3
5504.01,tess,NON_HABITABLE,4.4877,865.0,93.077,13.2414304,0.11477806986385776,0.0,6062.1,1.2,1.1505020498447913,1.7520624708618122,F,-1.1904316638453107,3
5505.01,tess,NON_HABITABLE,10.19,594.0,20.7088,11.1064221,0.09041103473560262,0.0,5190.5,0.79,0.7992753486326502,0.4081179292415317,K,-1.114889339409706,3
5506.01,tess,NON_HABITABLE,19.398,855.0,88.9614,19.5862903,0.14899177369174177,0.0,5986.0,1.23,1.1501724103840398,1.7500553444654585,G,-1.1547179928652016,3
5507.01,tess,NON_HABITABLE,0.9740062,690.4110824,53.6972467,1.5068165,0.018360819964374407,0.0,3514.0,0.356879,0.36369382832824326,0.017496199640367655,M,-1.1186294652642483,3
5508.01,tess,NON_HABITABLE,14.4913,1564.0,994.501,3.1816478,0.04590602330482133,0.0,5949.3,1.53,1.274926834640704,2.6420501017067353,G,-1.271018654141126,3
5509.01,tess,NON_HABITABLE,9.12778,1007.0,170.956,5.7656076,0.06324366805203462,0.0,5638.4,1.08,1.0151762238457753,1.0621008364668247,G,-1.2253647696727572,3
551.01,tess,NON_HABITABLE,10.6134481,738.0394311,70.1195731,2.6473051,0.029947157902741755,0.0,3916.0,0.567866,0.5112570315705133,0.06832146598226385,K,-1.152035654912045,3
5510.01,tess,NON_HABITABLE,17.067,1566.0,998.412,5.7380349,0.07274390252281454,0.0,6786.0,1.76,1.5597100365455123,5.918006899940826,F,-1.2687302810089915,3
5511.01,tess,NON_HABITABLE,5.77392,451.0,6.87901,4.7174703,0.04214906852503831,0.0,3628.0,0.51,0.4488756468945506,0.04059795670262525,M,-1.0216316999557207,3
5512.01,tess,NON_HABITABLE,10.6821,864.0,92.6735,4.5589188,0.05289471603090164,0.0,5429.0,1.02,0.949934378211499,0.8142812233934386,G,-1.2291545252730498,3
5514.01,tess,NON_HABITABLE,12.8043,1469.0,773.913,1.7459947,0.027353382970550844,0.0,5332.0,0.94,0.8956281704692953,0.6434443333059902,G,-1.2629451009041384,3
5515.01,tess,NON_HABITABLE,2.4974696,778.0951063,86.6266934,8.5926333,0.07838235744236688,0.0,5494.0,0.835682,0.8701274239423894,0.5732333199386221,G,-1.167258168663714,3
5516.01,tess,NON_HABITABLE,12.3407,1281.0,448.118,4.3776584,0.059902823900103784,0.0,6077.0,2.02,1.4963686424529603,5.013654407201928,F,-1.2730713950717716,3
5517.01,tess,NON_HABITABLE,13.5857,1400.0,639.287,4.5867288,0.058002941346087064,0.0,5737.0,1.55,1.2374406443808275,2.3447551919571565,G,-1.257736509847059,3
5518.01,tess,NON_HABITABLE,11.2936,1523.0,894.532,4.469996,0.0575694534192623,0.0,6948.0,1.12,1.2739210054938859,2.6337223835553587,F,-1.261051863715974,3
5519.01,tess,NON_HABITABLE,1.3562009,433.308858,8.3312712,5.8512587,0.045223996333320866,0.0,3443.0,0.365053,0.36040321891326954,0.016871536847377903,M,-0.8300796185439535,3
552.01,tess,NON_HABITABLE,9.665126,684.7208601,51.9487662,2.788654,0.030465134430170872,0.0,3654.0,0.587106,0.48506560406645666,0.05536074422992052,M,-1.131488475097955,3
5520.01,tess,NON_HABITABLE,3.177884,512.9439621,16.3606551,14.69808,0.10158476196649183,0.0,4362.0,0.733789,0.6473586231014458,0.175622335981707,K,-0.9758521814479366,3
5520.02,tess,NON_HABITABLE,3.5483433,466.947359,11.2355075,19.4834833,0.12258365466921665,0.0,4362.0,0.733789,0.6473586231014458,0.175622335981707,K,-0.9067911831093274,3
5521.01,tess,NON_HABITABLE,6.56184,699.0,39.6871,18.5146638,0.1488726063639707,0.0,6379.0,1.35,1.2840831998678333,2.7187711694623458,F,-1.1855048644000628,3
5522.01,tess,NON_HABITABLE,6.5271985,2071.9205547,4355.2530871,1.3852161,0.02663358191894649,0.0,6294.0,1.451,1.3135122347028516,2.976709746805094,F,-1.2886674861213907,3
5523.02,tess,NON_HABITABLE,4.2314265,636.760408,38.8530584,3.4712803,0.035141442547039305,0.0,3696.0,0.563,0.48046287705194624,0.05328921837251536,M,-1.100133344271914,3
5524.01,tess,NON_HABITABLE,2.3271065,733.8783781,68.5515646,2.2979915,0.026793782293260064,0.0,3650.0,0.590525,0.4859433979749202,0.0557625652857765,M,-1.153560572822681,3
5525.01,tess,NON_HABITABLE,1.3820795,554.6733092,22.3702107,2.7521595,0.027551894171121052,0.0,3288.0,0.418181,0.36837286759126775,0.01841410178535618,M,-1.0301080556572326,3
5526.01,tess,NON_HABITABLE,2.526638,617.29617,34.3158951,21.7300248,0.13656765674608112,0.0,4788.0,0.752578,0.7196205859398315,0.26817254544392255,K,-0.9464746597591962,3
5527.01,tess,HABITABILITY_ZONE,2.5449936,250.8907848,0.9363966,346.1614828,0.9574946409266568,0.0,5862.0,0.92603,0.9773092739253161,0.9122798440798876,G,0.07170854625563142,3
5528.01,tess,NON_HABITABLE,2.4511775,856.6929763,127.2980722,1.2916034,0.017898587961363534,0.0,3689.0,0.514745,0.4585412401246026,0.04420929657173372,M,-1.1926189838663648,3
5529.01,tess,NON_HABITABLE,4.2853969,691.3376127,53.9860738,8.8652886,0.07705749180640449,0.0,5368.0,0.697439,0.7766749519533295,0.3638791712434828,G,-1.1338826002894125,3
553.02,tess,NON_HABITABLE,2.2904053,695.0795649,55.1644235,11.9234819,0.098174932298535,0.0,5465.0,0.879477,0.8879245973694572,0.6215904709815226,G,-1.138320657346735,3
553.03,tess,NON_HABITABLE,2.7104157,460.9226376,10.6667755,40.8905117,0.2232613652523412,0.0,5465.0,0.879477,0.8879245973694572,0.6215904709815226,G,-0.9196530935296952,3
5530.01,tess,NON_HABITABLE,1.118031,1266.9270194,608.8739519,0.4774382,0.009413938992942359,0.0,3888.0,0.525437,0.4882702452540476,0.05683829454988002,K,-1.2555210349750623,3
5531.01,tess,NON_HABITABLE,1.753622,1150.3554736,413.8559989,4.5352255,0.054553089803536126,0.0,5788.42,1.10259,1.0530299844213973,1.2295974408109027,G,-1.2421379838732562,3
5532.01,tess,NON_HABITABLE,2.732945,617.327479,34.3228576,5.6539689,0.0512068130579113,0.0,3975.0,0.662052,0.5603467553241461,0.09858876946761101,K,-1.085172331614335,3
5532.02,tess,NON_HABITABLE,1.6929049,822.218131,108.0113015,2.3929801,0.028865884005514906,0.0,3975.0,0.662052,0.5603467553241461,0.09858876946761101,K,-1.1832372878453932,3
5533.01,tess,NON_HABITABLE,3.8276199,2392.2284819,7739.833691,1.6098954,0.0318715506762708,0.0,7173.0,1.79821,1.6664593050699774,7.712210069735485,F,-1.2941257904259211,3
5534.01,tess,NON_HABITABLE,2.1341819,2008.0229649,3842.3392138,0.3693057,0.009243284643831288,0.0,5129.0,0.755722,0.772480293820304,0.3560816855660593,K,-1.2885943577314136,3
5536.01,tess,NON_HABITABLE,6.17795,1486.0,810.338,3.1479748,0.053294875435958046,0.0,6555.0,3.22,2.0378598337923126,17.246351680545306,F,-1.2922560065728543,3
5537.01,tess,NON_HABITABLE,8.90212,1096.0,240.104,22.2897649,0.18369195528841814,0.0,5772.0,2.77,1.6643316977093239,7.6729,G,-1.2185453710071061,3
5538.01,tess,NON_HABITABLE,12.8307536,476.1734157,12.1501484,23.899595,0.14553138925949666,0.0,4736.5,0.76962,0.7198953888447305,0.268582410417418,K,-0.9229137343676306,3
5539.01,tess,NON_HABITABLE,1.85858,917.0,117.665,7.1123703,0.07051784342945305,0.0,5595.7,0.91,0.9248020771602222,0.7314677551028117,G,-1.196304278914004,3
554.01,tess,NON_HABITABLE,2.8464941,1199.7417985,489.6346689,7.0491608,0.07876194180169672,0.0,6337.87,1.42717,1.3117614340255432,2.960870641310691,F,-1.2468573670493992,3
554.02,tess,NON_HABITABLE,1.3337425,1587.2668665,1500.1020491,3.0440441,0.04499788447015608,0.0,6337.87,1.42717,1.3117614340255432,2.960870641310691,F,-1.2739013868115328,3
5541.01,tess,NON_HABITABLE,5.61073,892.0,105.561,9.0182382,0.08408159235956135,0.0,5805.0,0.94,0.9750790565593136,0.9039810235276402,G,-1.1880591187020646,3
5542.01,tess,NON_HABITABLE,13.8062,462.0,7.6236,75.1247037,0.3544821192616544,0.0,5392.9,1.27,1.0529261344300596,1.2291124601476746,G,-0.8692618359371583,3
5543.01,tess,NON_HABITABLE,3.8362277,994.0230394,230.7314546,3.5424466,0.042385011972638345,0.0,5058.0,0.853329,0.8094886339253712,0.42938119537679836,K,-1.2207942379521097,3
5544.01,tess,NON_HABITABLE,3.3240452,956.1341771,197.5133118,4.2050741,0.04783069671758857,0.0,5086.0,0.877822,0.8255687851911043,0.46452923948152636,K,-1.2132210957382092,3
5545.01,tess,NON_HABITABLE,15.8657793,1225.6869197,533.3830462,1.9613369,0.028376286457560126,0.0,4427.0,1.06738,0.7923968310466654,0.3942492902482819,K,-1.247656513496027,3
5546.01,tess,NON_HABITABLE,18.822612,1433.2695828,997.3154311,9.8479326,0.10949683881947492,0.0,6887.55,2.29041,1.805905654306937,10.636046591947238,F,-1.263669292129115,3
5547.01,tess,NON_HABITABLE,14.0835896,659.8269963,44.7962153,19.6304978,0.14109826459480787,0.0,5509.85,1.03786,0.972484841357783,0.8943991171973645,G,-1.104315338418696,3
5548.01,tess,NON_HABITABLE,2.6609357,685.1732253,52.0861834,18.9690014,0.13921075179935744,0.0,5551.25,1.08166,1.0002529677738794,1.0010122551164415,G,-1.1181739264670167,3
5549.01,tess,NON_HABITABLE,3.7818383,941.9240103,186.0306364,7.4323882,0.07389535515995685,0.0,4921.0,1.30646,0.9744848716740709,0.9017795975501908,K,-1.2026943679459792,3
555.01,tess,NON_HABITABLE,11.7569044,857.3252177,127.6742735,1.9416366,0.02463677960566116,0.0,3837.0,0.633668,0.5291714010004221,0.07841252861706986,K,-1.1886833789594011,3
5550.01,tess,NON_HABITABLE,2.22304,771.0,58.904,13.955959,0.11678419436385679,0.0,5923.8,1.13,1.0909712017580997,1.4166192756910427,G,-1.1747100159397925,3
5551.01,tess,NON_HABITABLE,2.0045261,728.867004,66.6982074,2.40541,0.02761077354997435,0.0,3768.0,0.552722,0.4853309049868722,0.05548195925900475,K,-1.1483851703730568,3
5552.01,tess,NON_HABITABLE,9.4200991,546.1757094,21.030545,28.6503407,0.17810463234304916,0.0,5639.5,0.883211,0.9182195036381212,0.7108632340118299,G,-1.0187989189989912,3
5553.01,tess,NON_HABITABLE,1.5510074,1167.5245843,439.121942,1.7617165,0.025820219052739235,0.0,4732.72,0.814343,0.7399258032130074,0.29974551281130607,K,-1.2449438885743342,3
5554.01,tess,NON_HABITABLE,2.6845863,362.5947706,4.0851419,26.694279,0.14306511415757098,0.0,3997.0,0.626722,0.5482079078448004,0.09031942906262985,K,-0.6538442056407701,3
5555.01,tess,HABITABILITY_ZONE,2.5336294,260.4416558,1.0873336,32.9373717,0.14818272060956578,0.0,3464.0,0.444516,0.40012460623436247,0.02563191410473769,M,-0.03428795733327012,3
5556.01,tess,NON_HABITABLE,1.6108417,2301.9399951,6635.8566598,0.7195712,0.016450770761143256,0.0,5910.0,1.2550499,1.1470745789122554,1.731277244152858,G,-1.2927116271348673,3
5557.01,tess,NON_HABITABLE,1.1017624,374.4058708,4.6439935,4.0179805,0.030815789151548485,0.0,3166.0,0.194357,0.24181580430562052,0.003419311966654017,M,-0.5836195926942436,3
5558.01,tess,NON_HABITABLE,2.9945935,439.4509003,8.8137847,26.1944549,0.15200563025961694,0.0,4678.0,0.709927,0.6828742583636784,0.2174517801990116,K,-0.8606763689165926,3
5559.01,tess,NON_HABITABLE,2.59639,1267.0,428.205,2.1408063,0.03173910384099328,0.0,5372.0,1.0,0.9306999306999307,0.7503065302103866,G,-1.2594421806175473,3
5560.01,tess,NON_HABITABLE,9.883855,709.573548,59.9115659,702.469227,1.8134458158193985,0.0,6781.59,1.88308,1.6122767555056225,6.757069266704148,F,-0.3484379657805126,3
5561.01,tess,NON_HABITABLE,7.1639347,680.3415178,50.6324451,2.0074528,0.023294692318234667,0.0,3449.0,0.490442,0.4184665026203013,0.030664987880138904,M,-1.1266013947269455,3
5562.01,tess,NON_HABITABLE,2.2098839,450.7528526,9.7560707,13.8532745,0.09227905310688289,0.0,3893.47,0.655766,0.5462418347275906,0.08903070914385755,K,-0.8836981292340949,3
5564.01,tess,NON_HABITABLE,10.8619,173.0,0.149701,760.0530038,1.5939497093515544,0.0,5722.0,0.89,0.935225918877822,0.7650082830891316,G,1.2017572808144035,3
5564.02,tess,NON_HABITABLE,8.81795,475.0,8.47778,45.4964928,0.24391058133851606,0.0,5722.0,0.89,0.935225918877822,0.7650082830891316,G,-0.9255960102999221,3
5565.01,tess,NON_HABITABLE,14.6248,1486.0,809.661,3.2601896,0.044683661651955316,0.0,5542.4,1.36,1.1198013784473526,1.5724034609624287,G,-1.2608307539583086,3
5566.01,tess,NON_HABITABLE,9.70874,905.0,111.563,14.5814997,0.12274892905826165,0.0,5830.0,1.32,1.1604573884032126,1.8134967923907535,G,-1.1843156033719966,3
5567.01,tess,NON_HABITABLE,10.048,633.0,26.6947,13.62636,0.10451458774637548,0.0,5260.6,0.81,0.8202598752598754,0.4526951801305308,G,-1.0958514368800705,3
5568.01,tess,NON_HABITABLE,10.1064,434.0,5.91348,16.2601049,0.12458347181585461,0.0,5496.0,1.05,0.9756971831204774,0.9062754271813479,G,-1.1295765480728361,3
5569.01,tess,NON_HABITABLE,23.2699,1213.0,359.953,5.4021326,0.06542097225686745,0.0,6312.0,1.37,1.2799734205901294,2.684131602694462,F,-1.2549080618114892,3
557.01,tess,NON_HABITABLE,2.2540532,674.5540894,48.9314538,3.344904,0.034964074203330586,0.0,3883.0,0.573953,0.5096584548739187,0.06747096675744206,K,-1.1244237299641013,3
5570.01,tess,NON_HABITABLE,9.49037,546.0,14.833,23.1678315,0.14959776289218404,0.0,5120.0,0.88,0.8321181112368662,0.47944621951418326,K,-1.0121730015060801,3
5571.01,tess,NON_HABITABLE,11.7782,147.0,0.0776109,731.4778512,1.6576770100019507,0.0,6250.4,1.1,1.1357371490995696,1.6638390995865342,F,0.46126878233613794,3
5572.01,tess,NON_HABITABLE,2.35965,715.0,43.4681,5.8586824,0.05570876570885908,0.0,4571.0,0.72,0.6719719535974445,0.203894066842959,K,-1.139904751532733,3
5573.01,tess,NON_HABITABLE,9.14959,475.0,8.51849,8.7960328,0.06582170368264363,0.0,3695.0,0.59,0.4917157577680961,0.05845968952493559,M,-0.9347395976541973,3
5575.01,tess,NON_HABITABLE,9.48121,195.0,0.243503,32.0736228,0.1276218764720711,0.0,3176.0,0.24,0.26956269657239684,0.005280063782134398,M,1.110705926940915,3
5577.01,tess,NON_HABITABLE,8.24018,1546.0,948.501,0.358558,0.011370516320708157,0.0,6813.5,1.67,1.525464738987377,5.415127587506586,F,-1.303208922069863,3
5578.01,tess,NON_HABITABLE,3.3076,526.0,12.7406,13.4659853,0.09468792331869828,0.0,4340.0,0.69,0.6245798261445676,0.15217797818873413,K,-0.9754057092014305,3
5579.01,tess,HABITABILITY_ZONE,7.82397,273.0,0.933932,19.8628449,0.10649676555660387,0.0,3595.0,0.43,0.4084198110683592,0.027824489201046448,M,-0.43001129478475475,3
558.01,tess,NON_HABITABLE,13.5300683,1012.9931427,248.8553739,14.5728985,0.1301640674744603,0.0,6025.8,1.76095,1.385357636782953,3.6833892170827327,F,-1.2164687678892363,3
5580.01,tess,NON_HABITABLE,5.6755,1179.0,320.994,5.2782582,0.061451012714067096,0.0,5647.0,1.29,1.111184872790511,1.5245626710703037,G,-1.2413499085885509,3
5581.01,tess,NON_HABITABLE,9.8149834,446.1819156,9.3663171,33.5383044,0.18605668942374945,0.0,4947.0,0.794396,0.7638957825300405,0.340515157935683,K,-0.8704995165206147,3
5582.01,tess,NON_HABITABLE,5.04347,1666.0,1281.58,4.51125,0.061270354952389736,0.0,6297.2,1.91,1.5077795475562379,5.168343759007272,F,-1.2727983153556255,3
5583.01,tess,NON_HABITABLE,11.1354,633.0,26.6949,3.0650073,0.033224347545933744,0.0,3619.0,0.69,0.5208189840592604,0.07357787218574033,M,-1.1411290924258066,3
5584.01,tess,NON_HABITABLE,3.01483,452.0,6.92991,18.6300789,0.11689890455683015,0.0,4092.4,0.75,0.6140198133138317,0.1421443300943877,K,-0.8826048902583401,3
5585.01,tess,NON_HABITABLE,8.05828,1618.0,1139.02,1.8434549,0.031218951193508686,0.0,6457.2,1.14,1.1944565088187211,2.035548081948673,F,-1.2797852739472955,3
5586.01,tess,NON_HABITABLE,6.82341,899.0,108.636,8.9165771,0.08306365813086986,0.0,5607.0,0.98,0.961650521649023,0.8552027448166162,G,-1.186148447122872,3
5587.01,tess,NON_HABITABLE,14.1804,1434.0,702.991,3.7349773,0.050376409585319915,0.0,5632.0,1.57,1.222604950331772,2.2343160213147155,G,-1.263493851224054,3
5588.01,tess,NON_HABITABLE,16.5406,746.0,51.4199,8.9109435,0.09048101396137986,0.0,5733.0,1.57,1.244530216664071,2.3989532365601276,G,-1.2294290951657871,3
5589.01,tess,NON_HABITABLE,12.0705,1250.7054777612484,578.708,5.6895053,0.06909389692266539,0.0,5707.5,1.89,1.3594101236465934,3.4150887882893786,G,-1.2584127938703351,4
559.01,tess,NON_HABITABLE,12.2398,1249.0,404.915,6.9839072,0.07465648597747114,0.0,5972.0,1.21,1.1381150381150382,1.677817219095606,G,-1.2305066070298192,3
5590.01,tess,NON_HABITABLE,2.69399,1048.0,201.011,1.2749899,0.01988423593208491,0.0,4216.7,0.78,0.6451989959293942,0.1732904906776621,K,-1.244109731763727,3
5591.01,tess,NON_HABITABLE,4.59403,1019.0,179.365,12.8665269,0.10638169431507997,0.0,5465.0,1.05,0.970193796534463,0.8860005135110679,G,-1.1541760882740977,3
5592.01,tess,NON_HABITABLE,13.9108,1422.0,680.058,2.6085851,0.04035571390932047,0.0,6331.0,1.38,1.2885032974363166,2.756399339673507,F,-1.27644217769626,3
5593.01,tess,NON_HABITABLE,10.4912,1852.0,1955.29,4.7974601,0.062192114108365,0.0,6549.4,1.51,1.3943238841185905,3.779676816133065,F,-1.265853959420715,3
5594.01,tess,NON_HABITABLE,9.80232,956.0,138.883,9.2271917,0.09083067863219316,0.0,5899.0,1.32,1.1741917897410892,1.9008863732644086,G,-1.2191444255180697,3
5595.01,tess,NON_HABITABLE,4.71645,621.0,24.7628,5.9900508,0.05485976763350561,0.0,4119.0,0.74,0.6138769538279379,0.14201208954009606,K,-1.1093033180354912,3
5596.01,tess,NON_HABITABLE,15.3432,2276.0,4454.77,0.3642961,0.011610171505787335,0.0,6164.3,2.17,1.5732122194970863,6.125608603506969,F,-1.3034780478981096,3
5597.01,tess,NON_HABITABLE,22.5379,1643.0,1211.74,1.9784368,0.03237632835840249,0.0,6337.0,1.11,1.1566950421314588,1.790092596436488,F,-1.2765918105466671,3
5598.01,tess,NON_HABITABLE,6.67951,487.0,9.34062,6.2948747,0.05120642400199739,0.0,3584.0,0.53,0.4520428593759767,0.04175595813413524,M,-0.9645678511786034,3
5599.01,tess,NON_HABITABLE,6.11754,1496.0,833.218,5.4368408,0.06919930109635014,0.0,6246.0,1.91,1.495520398595608,5.002295744283041,F,-1.2673008039091973,3
560.01,tess,NON_HABITABLE,2.62025,671.0,33.7178,6.3980642,0.05829510590665929,0.0,4695.0,0.63,0.6456238256469986,0.17374735247648984,K,-1.1171911785940924,3
560.02,tess,NON_HABITABLE,1.99787,502.0,10.5814,18.8792871,0.11992878315023311,0.0,4695.0,0.63,0.6456238256469986,0.17374735247648984,K,-0.9134000312431957,3
5600.01,tess,NON_HABITABLE,12.4655,654.0,30.4561,10.717359,0.08764941622586016,0.0,5047.0,0.8,0.7820814332946251,0.3741173963483696,K,-1.112441413201326,3
5601.01,tess,NON_HABITABLE,3.89219,667.0,32.9482,9.5197732,0.07769285821367958,0.0,4541.0,0.77,0.6903519279824606,0.22713400995802785,K,-1.0852623731783608,3
5602.01,tess,NON_HABITABLE,13.6635,910.0,114.21,5.4853379,0.06384417288898823,0.0,6054.4,1.21,1.1538184338184336,1.772351644215635,F,-1.24384775717106,3
5603.01,tess,NON_HABITABLE,6.063,2080.0,3111.57,0.5736183,0.016103398642711358,0.0,6711.9,2.12,1.6931174485745637,8.217663272048906,F,-1.3022010778337716,3
5604.01,tess,NON_HABITABLE,6.89187,1024.0,183.14,11.1801504,0.10806941713866257,0.0,6413.0,1.47,1.3470806098852126,3.292868135138461,F,-1.22786249872822,3
5605.01,tess,NON_HABITABLE,2.3864,669.0,33.3499,5.9133875,0.05549408007758036,0.0,4374.8,0.74,0.6520002179185392,0.18071365241613646,K,-1.130024174397925,3
5606.01,tess,NON_HABITABLE,9.84184,623.0,25.0169,1.236949,0.020015715595166288,0.0,4660.0,0.75,0.6991819788003264,0.23897964070834316,K,-1.253512469391044,3
5607.01,tess,NON_HABITABLE,11.2041,1414.0,664.018,3.2750907,0.04548795403359785,0.0,5859.0,1.33,1.1706390201347228,1.8779844169565623,G,-1.264194884805667,3
5608.01,tess,NON_HABITABLE,3.14002,769.0,58.2235,6.4424263,0.06079559048245946,0.0,4661.0,0.8,0.7222670022956702,0.27213919514902424,K,-1.1493221729704177,3
5609.01,tess,NON_HABITABLE,13.7216,874.0,96.9861,4.019251,0.05109592624433452,0.0,5904.0,1.16,1.101663652852464,1.4729774018525486,G,-1.2519184504868188,3
561.01,tess,NON_HABITABLE,2.6584,791.0,65.3136,10.778833,0.09067381667919006,0.0,5391.0,0.84,0.8560175180702333,0.5369459979225153,G,-1.1393968282699614,3
561.02,tess,NON_HABITABLE,1.48867,2262.0,4347.38,0.4465713,0.010856619244424427,0.0,5391.0,0.84,0.8560175180702333,0.5369459979225153,G,-1.2895233775289436,3
561.03,tess,HABITABILITY_ZONE,2.8781392,331.7873984,2.8639178,25.7122157,0.16189869678272706,0.0,5391.0,0.840576,0.856310959495091,0.5376826334795805,G,-1.0056400596955775,3
5610.01,tess,HABITABILITY_ZONE,9.87351,386.0,3.70033,7.9454767,0.060133993211451534,0.0,3714.0,0.51,0.4595160288220399,0.04458642589315856,K,-0.9174385053810449,3
5611.01,tess,NON_HABITABLE,2.39002,638.0,27.5227,11.3630224,0.08868873846241444,0.0,4741.1,0.77,0.7207724126310602,0.269893622937247,K,-1.074656066063307,3
5611.02,tess,NON_HABITABLE,2.7358038,460.2637972,10.605918,26.7159918,0.15692708535709357,0.0,4741.1,0.773317,0.7223232131855672,0.2722239226647443,K,-0.8954084753878713,3
5612.01,tess,NON_HABITABLE,7.98487,759.0,55.3319,7.1314563,0.06628962530818142,0.0,4701.6,0.88,0.7641184593342286,0.34091237436183436,K,-1.1534663716569034,3
5613.01,tess,NON_HABITABLE,9.1313,651.0,29.951,12.782983,0.10534695654031566,0.0,5594.0,0.97,0.954513349675111,0.8300954378031118,G,-1.150581541153406,3
5614.01,tess,NON_HABITABLE,3.23281,817.0,74.1594,4.172202,0.04367386126115816,0.0,4313.0,0.73,0.6384318806922126,0.16613390109728432,K,-1.1622643563015844,3
5615.01,tess,NON_HABITABLE,15.2219,961.0,141.822,11.7672708,0.10538066889981765,0.0,6205.0,1.1,1.127487682414378,1.6160218330985687,F,-1.1956914094533169,3
5616.01,tess,NON_HABITABLE,10.9523,769.0,58.2268,2.0034478,0.025459837274073447,0.0,3927.0,0.65,0.5485184715448441,0.09052426945556256,K,-1.1933162821010455,3
5617.01,tess,NON_HABITABLE,12.0524,1372.0,589.138,3.154201,0.044304044121665276,0.0,5771.5,1.36,1.1660893576264606,1.8489591962296477,G,-1.2650372002168655,3
5618.01,tess,NON_HABITABLE,17.2611,1904.0,2183.12,3.5254325,0.046291323013735335,0.0,5497.0,1.25,1.0647666036310068,1.2853389970589526,G,-1.2536681679551578,3
5619.01,tess,NON_HABITABLE,7.69928,588.0,19.8821,37.9984529,0.23430420775590807,0.0,5839.5,1.38,1.1884718062516775,1.9950580379793843,G,-1.0813157748272797,3
562.01,tess,NON_HABITABLE,1.26995,561.0,16.4901,3.9306027,0.03481370667129793,0.0,3505.0,0.36,0.3643451143451143,0.017621862210126713,M,-0.9484913181073774,3
5620.01,tess,NON_HABITABLE,12.5808,1030.0,187.224,3.2856588,0.04031368280005111,0.0,4898.9,0.91,0.8096418492414198,0.4297063708174269,K,-1.2251829896614326,3
5622.01,tess,NON_HABITABLE,9.6239,1637.0,1193.52,3.0594206,0.04583165920100584,0.0,5414.0,2.14,1.3721412347662278,3.544828777818151,G,-1.276393236979757,3
5623.01,tess,NON_HABITABLE,8.91486,825.0,77.2704,3.6636707,0.047063701205294524,0.0,5286.0,1.28,1.0361098947614942,1.1524531645690372,G,-1.2495205835824355,3
5624.01,tess,NON_HABITABLE,4.07678,986.0,157.055,13.7317565,0.10602202994742355,0.0,5342.0,0.83,0.8431728374876791,0.5054363005212514,G,-1.1044067420953065,3
5624.02,tess,NON_HABITABLE,2.27887,1108.0,251.103,3.3903593,0.04172623535192929,0.0,5342.0,0.83,0.8431728374876791,0.5054363005212514,G,-1.2290519784469272,3
5624.03,tess,NON_HABITABLE,2.23283,873.0,96.429,7.8854383,0.07324802929697137,0.0,5342.0,0.83,0.8431728374876791,0.5054363005212514,G,-1.167943137950815,3
5624.04,tess,NON_HABITABLE,2.43328,603.0,21.9904,21.4904723,0.14291441179687925,0.0,5342.0,0.83,0.8431728374876791,0.5054363005212514,G,-1.032886362199078,3
5625.01,tess,NON_HABITABLE,10.4699,3624.0,28650.3,3.4645195,0.05352733984331779,0.0,6351.0,2.4,1.7045957887569858,8.442783344063356,F,-1.284553579044956,3
5626.01,tess,NON_HABITABLE,9.73397,428.0,5.58002,716.2159783,1.5547634104531776,0.0,5699.0,0.98,0.977429342407309,0.9127282435635703,G,0.9330082115906589,3
5627.01,tess,NON_HABITABLE,12.4415238,712.7913321,61.0057318,7.5575607,0.06818627925910603,0.0,4893.71,0.762768,0.7404711454790122,0.30063016746308846,K,-1.138544861214923,3
5629.01,tess,NON_HABITABLE,3.93456,1157.0,297.666,2.2853731,0.03248683147077497,0.0,5299.0,0.91,0.8757664290208584,0.5882381308984226,G,-1.2515643121874027,3
563.01,tess,NON_HABITABLE,6.5656892,463.2033538,10.8794711,731.9380939,1.5485177826261198,0.0,5383.0,0.983025,0.9246563123428666,0.7310066961984967,G,1.186270841444284,3
5630.01,tess,NON_HABITABLE,2.0774,1541.0,937.884,3.2220038,0.04120857432283597,0.0,5382.4,0.93,0.8992721042267581,0.6539800295218893,G,-1.239711915573235,3
5631.01,tess,NON_HABITABLE,14.2892,1690.0,1356.33,2.2438471,0.03651751389084332,0.0,6458.0,1.33,1.290320326340679,2.771980398806863,F,-1.2797137686673268,3
5632.01,tess,NON_HABITABLE,7.0962994,940.7111326,185.0743088,4.2342153,0.047809618251615935,0.0,5061.9,0.859778,0.813168230449787,0.4372417377196681,K,-1.2102925696811733,3
5633.01,tess,NON_HABITABLE,6.4100045,753.0224536,75.9893459,17.2837172,0.13372362647535618,0.0,5600.0,1.21154,1.0678999919473944,1.3005358640090903,G,-1.1483314817242494,3
5634.01,tess,NON_HABITABLE,9.6722,788.0,64.0804,2.2054776,0.02588168846011162,0.0,3770.0,0.53,0.47550267294850235,0.0511224725416804,K,-1.1521775187105459,3
5635.01,tess,NON_HABITABLE,5.30323,664.0,32.4574,25.0577354,0.16544301689600482,0.0,5954.0,0.87,0.9621485599807831,0.8569757579083976,G,-1.0636285740880362,3
5636.01,tess,NON_HABITABLE,4.01981,946.0,132.963,4.2744435,0.04955145914776123,0.0,5405.0,0.9,0.8883633447614392,0.6228199600788269,G,-1.2234064356986651,3
5637.01,tess,NON_HABITABLE,5.67639,905.0,111.663,17.7916498,0.14182368113864793,0.0,5803.0,1.43,1.2022485636212301,2.089185810517281,G,-1.1747091676581476,3
5638.01,tess,NON_HABITABLE,2.77075,1842.0,1913.7,1.0034686,0.019906899591861347,0.0,5601.2,1.16,1.0451623394913991,1.193259798632307,G,-1.2848266798750656,3
5639.01,tess,NON_HABITABLE,2.79896,1141.0,282.135,3.3957241,0.038898078557041804,0.0,4479.0,0.77,0.6809262905601059,0.21498116421069402,K,-1.1943176989406037,3
564.01,tess,NON_HABITABLE,7.7514065,1574.4904492,1452.3828899,1.6511456,0.02783709074920328,0.0,5752.0,1.12196,1.055555910388432,1.241437807056801,G,-1.2755093553145707,3
5641.01,tess,NON_HABITABLE,7.66626,647.0,29.151,2.1808015,0.024361915794465304,0.0,3379.0,0.48,0.4055855633246872,0.02706013457948894,M,-1.1058293724323223,3
5642.01,tess,NON_HABITABLE,11.589,650.0,29.6484,10.2682326,0.10272002047047124,0.0,6181.0,1.64,1.3713690544550394,3.536856020541657,F,-1.2346645636838929,3
5643.01,tess,NON_HABITABLE,9.37745,572.0,17.8387,17.1101127,0.13020021428357778,0.0,5834.7,0.99,1.0057957725720714,1.0233854160375977,G,-1.1325577488530243,3
5644.01,tess,NON_HABITABLE,7.34873,631.0,26.3908,6.640285,0.06455072590523737,0.0,5035.9,0.87,0.8137863508913715,0.4385727113793525,K,-1.175602965560524,3
5645.01,tess,NON_HABITABLE,7.12776,1164.0,305.034,4.5362433,0.05487204951308454,0.0,5620.5,1.21,1.0711278586278588,1.3163314557342576,G,-1.2440267595867236,3
5646.01,tess,NON_HABITABLE,6.0694,1801.0,1747.74,2.4277208,0.03995673380696257,0.0,5999.3,1.93,1.4439525160413411,4.34722028198872,G,-1.2835308131227803,3
5647.01,tess,NON_HABITABLE,10.7003,885.0,101.875,4.0134273,0.05037372960968765,0.0,5935.2,1.06,1.058673319694838,1.256168425980683,G,-1.2479983376833548,3
5649.01,tess,NON_HABITABLE,15.1227,1120.0,262.123,4.7518771,0.05930235590934206,0.0,5676.0,1.57,1.232156551506239,2.304960897888721,G,-1.256108151911326,3
565.01,tess,NON_HABITABLE,25.3271046,1631.7745361,1675.5662669,3.7271641,0.05333822031188329,0.0,6231.0,1.82228,1.4572665061618317,4.5097859862027265,F,-1.2753265752169143,3
5650.01,tess,NON_HABITABLE,5.84592,708.0,41.8997,34.2825595,0.21709260220036639,0.0,6145.0,1.19,1.1613658341031958,1.819182133102802,F,-1.0881067392232395,3
5651.01,tess,NON_HABITABLE,6.90838,1228.0,378.489,10.6893108,0.10666496029384566,0.0,5887.0,1.93,1.4169233847174463,4.030746370351067,G,-1.2367190483852413,3
5652.01,tess,NON_HABITABLE,8.80539,949.0,135.04,18.2598774,0.15039215549957805,0.0,6230.0,1.59,1.361006772808077,3.431161384788053,F,-1.1980431518440169,3
5653.01,tess,NON_HABITABLE,4.15964,1108.0,250.294,7.4992916,0.07697911299597282,0.0,6038.0,1.07,1.0820782684195698,1.3709913049530056,F,-1.2193321720810792,3
5654.01,tess,NON_HABITABLE,5.49054,855.0,89.1065,4.2528141,0.0507123136069381,0.0,5318.4,1.09,0.9619841673075168,0.8563902165919242,G,-1.2344160815809475,3
5655.01,tess,NON_HABITABLE,2.28524,407.0,4.59168,29.120986,0.15796941892354277,0.0,4248.0,0.71,0.6201365945331457,0.14789362024686767,K,-0.7438023395770702,3
5656.01,tess,NON_HABITABLE,5.49487,959.0,140.707,3.2487833,0.04068110754970386,0.0,5149.0,0.91,0.8509759092335158,0.524407702842122,K,-1.2325177744672158,3
5657.01,tess,NON_HABITABLE,6.33045,1315.0,496.763,0.8037513,0.014712164737033762,0.0,4708.0,0.65,0.6576075793310736,0.1870110377928491,K,-1.263054553959961,3
5658.01,tess,NON_HABITABLE,11.7098,652.0,30.0257,1.6064494,0.021051245213209394,0.0,3507.0,0.63,0.4822583081030935,0.05409023555658607,M,-1.185192185787134,3
5659.01,tess,NON_HABITABLE,16.4857,1202.0,347.18,6.2230846,0.07065847012742325,0.0,5845.3,1.44,1.215239085239085,2.1809560629234155,G,-1.2440006151185006,3
5660.01,tess,NON_HABITABLE,11.5419,804.0,69.6374,4.8183501,0.055164266233950696,0.0,5192.0,1.15,0.9646222642136634,0.8658230155947805,K,-1.228234425394581,3
5661.01,tess,NON_HABITABLE,11.996,1118.0,260.223,2.8329023,0.03740712877382328,0.0,5447.5,0.85,0.8701224606913202,0.5732202410425111,G,-1.2418476319297074,3
5662.01,tess,NON_HABITABLE,2.71343,740.0,49.7933,2.3144207,0.02723217150464331,0.0,3687.0,0.62,0.502970669291087,0.06399862446905397,M,-1.1615811653396333,3
5663.01,tess,HABITABILITY_ZONE,7.92062,258.0,0.746125,45.0854117,0.22789563239482113,0.0,5013.0,0.8,0.7768128046574113,0.3641375809374805,K,-0.7894327667541415,3
5664.01,tess,NON_HABITABLE,9.97164,1446.0,726.387,3.8863969,0.05185472609256138,0.0,5436.0,1.71,1.2315475393496413,2.300407227133787,G,-1.2628226095361192,3
5665.01,tess,NON_HABITABLE,13.3584,2100.0,3229.79,2.2465076,0.03840066465835151,0.0,6064.0,2.03,1.4968589870230706,5.020229329468129,F,-1.2863220998542622,3
5666.01,tess,NON_HABITABLE,16.445,971.0,147.869,5.468394,0.06412647873824694,0.0,5526.0,1.51,1.1764488019725978,1.9155439781887231,G,-1.2460850272387054,3
5667.01,tess,NON_HABITABLE,13.6915,529.0,13.0704,19.511064,0.1303892295067412,0.0,4951.8,0.82,0.7768616792624543,0.3642292311266503,K,-1.0121735701270964,3
5668.01,tess,NON_HABITABLE,4.07823,1427.0,689.452,4.1753448,0.053718382241030614,0.0,5686.0,1.45,1.1862180660951662,1.9799678399671496,G,-1.2573270866665238,3
5669.01,tess,NON_HABITABLE,12.1328,1478.0,792.672,3.676651,0.051938794614220934,0.0,5900.0,1.83,1.3827740926016152,3.6559894711554284,G,-1.2725051062365076,3
567.01,tess,NON_HABITABLE,13.3084502,1566.3579803,1422.6075133,1.5373643,0.026167016035919373,0.0,5959.0,0.959588,1.0113220286542024,1.046063066454048,G,-1.2746818064379801,3
5670.01,tess,NON_HABITABLE,15.3936,1267.0,428.306,14.616858,0.1323697422265276,0.0,6488.0,1.66,1.448233411971459,4.399002929630591,F,-1.2229596620949026,3
5671.01,tess,NON_HABITABLE,11.9758,553.0,15.6016,3.3079817,0.03133112706416963,0.0,3380.0,0.41,0.3749577256154371,0.019766474879778468,M,-1.0028024122817971,3
5672.01,tess,NON_HABITABLE,10.9147317,1091.9857549,336.0383887,3.0390851,0.03899389555407015,0.0,5316.0,0.864673,0.8564156577927615,0.5379456443918386,G,-1.2366687216393648,3
5673.01,tess,NON_HABITABLE,12.9007751,1312.9964796,702.3850325,2.8386215,0.03964162402482629,0.0,5878.0,1.02573,1.0313825710975268,1.1315640794428679,G,-1.2585818140569027,3
5674.01,tess,NON_HABITABLE,13.5073506,1232.4955082,545.3337575,3.5771891,0.04645332484702051,0.0,5849.09,1.06358,1.0450740464472046,1.1928566337402315,G,-1.2513229411583195,3
5675.01,tess,NON_HABITABLE,15.5446864,1075.5947516,316.3120227,4.0548695,0.04855835180912005,0.0,5326.6,1.01342,0.9290059548237448,0.74485886534378,G,-1.2323984666133985,3
5676.01,tess,NON_HABITABLE,12.8576195,927.5090521,174.9015383,3.5061649,0.04097122529360423,0.0,4906.0,0.771086,0.7463673459225921,0.31032053969989504,K,-1.2085755720382327,3
5677.01,tess,NON_HABITABLE,9.202299,1281.4336375,637.2435989,3.8480185,0.050090894543746545,0.0,6153.0,1.12835,1.1323547580235502,1.6441068437840098,F,-1.2561015068422139,3
5678.01,tess,HABITABILITY_ZONE,5.11487,389.0,3.83692,119.3355264,0.4624594301112671,0.0,5516.0,0.94,0.9265350690751376,0.7369659922397581,G,-0.567477923656915,3
5679.01,tess,NON_HABITABLE,18.8693,2157.0,3599.67,1.6622263,0.030369263800976754,0.0,6152.0,1.61,1.3523930878178354,3.3451205211143282,F,-1.2870581726940618,3
5680.01,tess,NON_HABITABLE,12.6518,883.0,101.253,3.3575477,0.03990757291088738,0.0,5013.0,0.75,0.7521457638897073,0.3200427957458324,K,-1.2127184468530605,3
5681.01,tess,NON_HABITABLE,10.6327,1407.0,652.193,1.1041295,0.019475717099124004,0.0,4974.0,0.88,0.8083897432211274,0.42705437790354955,K,-1.268868313217103,3
5682.01,tess,NON_HABITABLE,15.7497,1709.0,1419.36,3.1159994,0.04598806361977379,0.0,6098.0,1.6,1.3363526799519596,3.1892190952742356,F,-1.2744514703105911,3
5683.01,tess,NON_HABITABLE,17.1413,642.0,28.2246,0.7748443,0.01290802464403975,0.0,3448.0,0.64,0.4778932778932779,0.05215833109792795,M,-1.2320457372465332,3
5684.01,tess,NON_HABITABLE,16.0194,1609.0,1114.93,1.1000285,0.020339321171914927,0.0,5644.0,0.9,0.9276452761949238,0.7405045809503652,G,-1.2773672859928082,3
5685.01,tess,NON_HABITABLE,15.4992,1540.0,934.465,2.3409909,0.03692826911513852,0.0,6090.0,1.35,1.2259079302704352,2.25855888444484,F,-1.2760769304014188,3
5686.01,tess,NON_HABITABLE,15.6978,1206.0,351.913,4.2366102,0.05224490198565792,0.0,5407.5,1.28,1.0599251335457396,1.262120329205245,G,-1.2458490045767059,3
5687.01,tess,NON_HABITABLE,8.56554,837.0,81.7751,2.924439,0.03603950111377411,0.0,4803.0,0.77,0.730182847412411,0.2842670399244248,K,-1.216780719265514,3
5688.01,tess,NON_HABITABLE,9.41494,639.0,27.6969,2.9479689,0.031359453444859346,0.0,3588.0,0.58,0.47341292279694563,0.05022968272202867,M,-1.1170956121653555,3
5689.01,tess,NON_HABITABLE,14.9891,1117.0,258.909,3.3299795,0.04332503084388776,0.0,5794.0,0.95,0.9783944288604147,0.9163383955868664,G,-1.2475645360442202,3
569.01,tess,NON_HABITABLE,8.40415,879.0,99.2324,6.5562078,0.07737670933490882,0.0,6845.0,1.47,1.4378242280780102,4.273888518435748,F,-1.2583581875053045,3
5690.01,tess,NON_HABITABLE,15.8295,776.0,60.338,10.4995545,0.10640092227978386,0.0,6288.9,1.79,1.457722583698145,4.5154343088635045,F,-1.2409317942474192,3
5691.01,tess,NON_HABITABLE,6.16071,1105.0901346241692,352.72,3.3894889,0.04408218986189014,0.0,5657.3,1.03,0.9947214873734618,0.9790525381491072,G,-1.248540810377262,4
5692.01,tess,NON_HABITABLE,12.4331,1233.0,384.155,1.6929628,0.026798536449481346,0.0,5250.0,0.97,0.8958160682506852,0.643984467342662,G,-1.2639177457551711,3
5694.01,tess,NON_HABITABLE,16.9317,699.0,39.7301,1.1544795,0.016902238499711387,0.0,3543.0,0.62,0.4833265748029079,0.05457109882084142,M,-1.2102217794029806,3
5696.01,tess,NON_HABITABLE,3.16626,80.0,0.0068439,1637.265104,2.556943317255642,0.0,5271.0,0.83,0.8319663096962855,0.47909645781400473,G,3.0,3
5696.02,tess,NON_HABITABLE,2.6538,493.0,9.85942,32.429738,0.18718486200485956,0.0,5271.0,0.83,0.8319663096962855,0.47909645781400473,G,-0.9372209021440174,3
5697.01,tess,NON_HABITABLE,2.501165,845.7523198,120.9187899,6.2183322,0.06272566167287351,0.0,5554.41,0.782913,0.8514680648015935,0.5256219048011642,G,-1.1906998339570651,3
5698.01,tess,NON_HABITABLE,9.2562,1161.0,302.08,2.346931,0.0356387778141034,0.0,5901.0,1.15,1.0963474539916849,1.4447504871527288,G,-1.2690782591474674,3
5699.01,tess,NON_HABITABLE,10.5432,628.0,25.8591,22.0183163,0.16985847729878747,0.0,5901.0,1.74,1.3485713108068,3.307468109567941,G,-1.1812175351115124,3
570.01,tess,NON_HABITABLE,5.20197,1455.0,745.344,1.4687087,0.026754545352332296,0.0,5973.0,1.31,1.1844093854594,1.9679196425922876,G,-1.2836576314847223,3
5700.01,tess,NON_HABITABLE,1.85549,1591.0,1063.79,1.7812778,0.02709170856867079,0.0,5329.0,0.82,0.8360385897632413,0.4885458135138747,G,-1.2565226105424885,3
5701.01,tess,NON_HABITABLE,2.44538,842.0,83.5256,15.0764899,0.12317610365688936,0.0,6149.4,1.06,1.096880595789769,1.447562803277984,F,-1.168841074512022,3
5703.01,tess,NON_HABITABLE,2.48528,1020.0,180.213,10.1694553,0.09245919805023034,0.0,5856.0,1.01,1.019613160729105,1.0807910261894709,G,-1.1873673318405078,3
5704.01,tess,NON_HABITABLE,3.3409641,852.9098252,125.0643329,3.7711066,0.0419417895522726,0.0,4590.0,0.757521,0.6921236693179703,0.22947469757488814,K,-1.1892715462090915,3
5705.01,tess,NON_HABITABLE,2.82438,1203.0,348.496,10.5998647,0.09474542256198372,0.0,5888.0,0.98,1.00984452853031,1.039963428285381,G,-1.1818945658446793,3
5706.01,tess,NON_HABITABLE,3.4133323,2146.5775801,5017.7308025,0.3576555,0.009301695340471238,0.0,4717.0,1.05486,0.8393381551382061,0.4963041011185297,K,-1.2917457560435779,3
5707.01,tess,NON_HABITABLE,1.60247,1387.0,614.718,2.0364271,0.030666675938055696,0.0,5553.0,0.93,0.9277753408834699,0.7409199714370359,G,-1.260840445131647,3
5708.01,tess,NON_HABITABLE,4.5145927,1252.0224838,580.7236509,2.6953698,0.03729369703016378,0.0,5521.0,0.991556,0.9524672422816908,0.8230006771590156,G,-1.2532853159911608,3
5709.01,tess,NON_HABITABLE,1.4978948,598.9305429,30.41073,3.3810227,0.033508219266381645,0.0,3600.0,0.495592,0.4390746076959011,0.03716663887109793,M,-1.0703906908633032,3
571.01,tess,NON_HABITABLE,12.6031793,1304.3652267,684.0972603,4.6418435,0.05759692112811119,0.0,5743.0,1.41374,1.1830341105136026,1.958795363740768,G,-1.253224045897895,3
5710.01,tess,NON_HABITABLE,2.5276328,504.8704882,15.3546861,28.4064643,0.1717756818748039,0.0,5415.0,0.797844,0.8379751313439465,0.493088099267956,G,-0.9727913626551314,3
5711.01,tess,NON_HABITABLE,2.2450389,406.6782728,6.4643503,16.303675,0.10153287857554172,0.0,3729.0,0.661191,0.5253267641577225,0.07615845245617248,K,-0.8028662979266571,3
5712.01,tess,NON_HABITABLE,3.816863,1005.5238813,241.5964564,8.2077264,0.08311805235975904,0.0,6057.0,1.1743,1.13715792322638,1.6721803925544596,F,-1.2213543057804848,3
5713.01,tess,HABITABILITY_ZONE,1.8605473,317.8151042,2.4111217,10.4419896,0.06303510948300635,0.0,3271.0,0.292425,0.30645130210033855,0.00881953897875274,M,-0.3848492922792732,3
5714.01,tess,NON_HABITABLE,2.8542925,876.4617758,139.4610477,7.7784947,0.07560806446336982,0.0,5610.2,0.961354,0.9530017327088834,0.8248495864961506,G,-1.195205426311073,3
5715.01,tess,NON_HABITABLE,1.2659515,519.6870504,17.2380677,6.2822993,0.05177638120489926,0.0,3827.0,0.50074,0.4691786942968375,0.048456621310214984,K,-0.98576692349347,3
5716.01,tess,HABITABILITY_ZONE,1.0176743,346.566242,3.4093064,6.7662729,0.045491418242952844,0.0,3331.0,0.225966,0.2743278243694186,0.005663428694223013,M,-0.4768070085443083,3
5717.01,tess,NON_HABITABLE,3.2337702,676.6620949,49.5459771,13.478722,0.10616237463214677,0.0,5479.3,0.856628,0.8786074669194158,0.5959084713436725,G,-1.1204006228091155,3
5718.01,tess,NON_HABITABLE,2.6487075,121.9377133,0.0522484,716.8426894,1.2898482756802807,0.0,3922.0,0.672256,0.5571198216959219,0.09633729365340815,K,3.0,3
572.01,tess,NON_HABITABLE,14.5827994,1624.8593288,1647.3431502,2.3382709,0.037071382184972405,0.0,6621.0,1.17441,1.2431030606771618,2.387968221305547,F,-1.276879719266439,3
5720.01,tess,NON_HABITABLE,1.393219,691.2885073,53.970737,1.4344602,0.017724579493248065,0.0,3421.0,0.37103,0.36102000254539357,0.016987327503342708,M,-1.1225130973452337,3
5721.01,tess,HABITABILITY_ZONE,3.330945,204.5759725,0.413942,729.4823472,1.597806017506326,0.0,5881.4,1.00725,1.022640604957049,1.093684686564866,G,0.7957945535305898,3
5722.01,tess,NON_HABITABLE,6.3907079,363.4903344,4.1256508,61.3191144,0.2775708927731241,0.0,4911.0,0.795305,0.7587705530725479,0.33146820196732457,K,-0.645467343514419,3
5723.01,tess,HABITABILITY_ZONE,12.8504525,346.553227,3.4087943,170.6465146,0.6134982889420386,0.0,5695.0,1.14952,1.057853852178091,1.2522835840072768,G,-0.5543496442993373,3
5724.01,tess,HABITABILITY_ZONE,3.0187258,247.6001174,0.8882279,697.4037698,1.649577468268525,0.0,6060.54,1.3749599,1.231203994138023,2.2978414690437443,F,0.18987620028356797,3
5725.01,tess,NON_HABITABLE,2.7184667,147.762315,0.1126616,746.9545356,1.3103038975326338,0.0,3933.0,0.623191,0.5379082563873704,0.08372069817021252,K,3.0,3
5726.01,tess,NON_HABITABLE,2.430675,1093.0345624,337.3312542,5.4911302,0.06231244609871007,0.0,5874.0,1.10649,1.0704869231713554,1.313183646479319,G,-1.234999108550974,3
5727.01,tess,NON_HABITABLE,3.3171645,1165.0370206,435.391459,6.3928694,0.07146667129830606,0.0,5712.0,1.44969,1.1915148185453226,2.0155695639086924,G,-1.2405639005633702,3
5728.01,tess,HABITABILITY_ZONE,1.1269607,349.147284,3.5120094,11.4974559,0.07130447355250716,0.0,3444.0,0.375994,0.36587040209267924,0.017918807781168365,M,-0.5757870305070774,3
5729.01,tess,HABITABILITY_ZONE,3.8883371,240.8825959,0.7956878,554.4989676,1.0018875924895594,0.0,3870.0,0.423548,0.4363509846024921,0.036252990820325376,K,3.0,3
573.01,tess,NON_HABITABLE,19.8484205,531.8530421,18.9098286,13.5773431,0.07795732081475487,0.0,3404.0,0.338,0.34286375654996776,0.013819308641975312,M,-0.39595624488473885,3
5730.01,tess,NON_HABITABLE,1.4261604,701.4746588,57.2227793,1.9271225,0.022725867116094024,0.0,3572.0,0.464169,0.4216219319460559,0.031600414245119994,M,-1.1337456027036168,3
5731.01,tess,HABITABILITY_ZONE,4.4969676,201.8283767,0.3921479,270.303816,0.717739318325708,0.0,4448.25,0.767409,0.6751127485499081,0.2077328772376839,K,0.860459982536522,3
5732.01,tess,NON_HABITABLE,11.9133,649.0,29.4687,60.1702823,0.334997325364459,0.0,6710.0,1.42,1.3852889497786751,3.68265877131518,F,-1.0693481873450243,3
5733.01,tess,NON_HABITABLE,2.7563441,664.6732318,46.1268457,8.2751966,0.0708780553763858,0.0,4388.89,0.832265,0.6936800257407365,0.2315457197990208,K,-1.1069322899421443,3
5734.01,tess,NON_HABITABLE,2.4076002,698.8705758,56.3777871,6.1841688,0.05770534490730911,0.0,4645.0,0.693766,0.6702948798728213,0.20186620009176204,K,-1.1329281687882466,3
5735.01,tess,NON_HABITABLE,0.837844,483.360368,12.9004588,2.1208156,0.02052218995795043,0.0,3222.0,0.210908,0.25635733038740544,0.00431899758689574,M,-0.8795569572176607,3
5736.01,tess,NON_HABITABLE,1.6921774,1202.0920667,493.4826926,0.6489868,0.011803133194596265,0.0,3949.0,0.579535,0.520835581706124,0.07358725185856738,K,-1.249974988328083,3
5737.01,tess,NON_HABITABLE,2.3009285,397.8609983,5.921701,19.4480946,0.11527365541551737,0.0,3966.0,0.618273,0.5402770601980326,0.08520520237744969,K,-0.765662162816045,3
5738.01,tess,NON_HABITABLE,1.3040556,1063.3130159,302.1102929,0.768125,0.012906785254434864,0.0,3717.0,0.569914,0.48615068438550724,0.05585777160023178,K,-1.2346767179821212,3
5738.02,tess,HABITABILITY_ZONE,2.8547322,318.6316783,2.4359973,28.5462089,0.14373497038536365,0.0,3717.0,0.569914,0.48615068438550724,0.05585777160023178,K,-0.4717446911788328,3
5739.01,tess,NON_HABITABLE,2.0500339,1128.3677245,383.1101186,8.4306162,0.08828285347351442,0.0,6104.12,1.49138,1.2914895537095006,2.7820414148444566,F,-1.2369941112844887,3
574.01,tess,NON_HABITABLE,17.8079912,1753.9429007,2236.5715968,3.3023907,0.04916477964225358,0.0,6071.0,1.91031,1.4537369696068825,4.466253196489561,F,-1.2778800327358102,3
5740.01,tess,NON_HABITABLE,1.3821489,1130.7522348,386.3588109,1.689442,0.024651181508555012,0.0,4552.0,0.788247,0.7001757967045573,0.2403412839530408,K,-1.240640715980161,3
5741.01,tess,NON_HABITABLE,2.83659,436.0,6.01946,24.0004143,0.14523862015638037,0.0,4579.0,0.8,0.7095603097000373,0.2534879145173631,K,-0.9123585315804867,3
5743.01,tess,NON_HABITABLE,8.87205,704.0,40.7846,7.6603722,0.0719952703784498,0.0,5250.0,0.87,0.8483842693817789,0.5180485102897874,G,-1.1720812106862786,3
5744.01,tess,NON_HABITABLE,2.08943,1556.0,974.493,5.7488832,0.06840285904678496,0.0,6009.0,1.54,1.2919218457858463,2.7857681455061485,F,-1.2534590269108568,3
5747.01,tess,NON_HABITABLE,1.4969531,988.2507357,225.4185164,0.5734766,0.009866177552464356,0.0,3466.0,0.420908,0.3895792579939208,0.023034739455558405,M,-1.2203484070653832,3
5748.01,tess,NON_HABITABLE,14.2605,1718.0,1446.66,3.0269043,0.045568924518430795,0.0,6154.0,1.67,1.3778102302382502,3.6037746023077446,F,-1.2768595030111554,3
5749.01,tess,NON_HABITABLE,12.63,1787.0,1693.95,5.4328364,0.07522986829855981,0.0,6024.0,3.4,1.924412190254066,13.714892162101885,F,-1.2819457964655532,3
5750.01,tess,NON_HABITABLE,12.8293,672.0,33.8566,1.9044134,0.024537725217279274,0.0,3952.0,0.63,0.5434516206511051,0.08722551712472942,K,-1.1954345749671291,3
5751.01,tess,NON_HABITABLE,9.21007,1204.0,349.37,1.7465205,0.02762579957494406,0.0,5219.0,1.04,0.9220991975551194,0.7229538524757467,G,-1.2651631858626964,3
5752.01,tess,NON_HABITABLE,15.6415,796.0,66.8731,6.7113743,0.06922871442058594,0.0,5616.2,1.02,0.9826895293629435,0.9325353731095414,G,-1.2111381407229802,3
5753.01,tess,NON_HABITABLE,14.2577,911.0,114.75,7.4242482,0.07989546534933907,0.0,5760.0,1.53,1.234360104135017,2.3214936797609544,G,-1.2376722651260892,3
5754.01,tess,NON_HABITABLE,11.96,1058.0,208.679,3.6479472,0.048154039442710524,0.0,5999.0,1.16,1.1193902868329828,1.570095744523752,G,-1.2569775175376035,3
5755.01,tess,NON_HABITABLE,10.0246,976.0,150.751,5.4397285,0.05953223927206008,0.0,5188.0,1.12,0.9512236868886415,0.8187109996227997,K,-1.2192630120840446,3
5756.01,tess,HABITABILITY_ZONE,9.43925,308.0,1.50483,7.6408565,0.05843610117768118,0.0,3517.0,0.56,0.4559739788386678,0.04322751175789584,M,-0.9225720682667151,3
5757.01,tess,HABITABILITY_ZONE,11.6182,319.0,1.72193,32.6116713,0.1802442991305743,0.0,4626.0,0.84,0.734545917008514,0.29112251615496915,K,-0.8495278344742254,3
5758.01,tess,NON_HABITABLE,11.7101,644.0,28.5552,10.9299688,0.0938504479661641,0.0,5555.0,0.92,0.9231061715870463,0.7261170224796526,G,-1.1581477061905898,3
5759.01,tess,NON_HABITABLE,13.6804,698.0,39.5424,8.350615,0.08624791978518863,0.0,6075.0,1.36,1.2274093125843797,2.2696435500549703,F,-1.231039897116957,3
576.01,tess,NON_HABITABLE,7.30242,1248.0,402.866,5.4435354,0.06476127281334504,0.0,6313.0,1.25,1.2228254627474162,2.235928407178732,F,-1.2502518357126269,3
5760.01,tess,NON_HABITABLE,12.6224,1081.0,226.813,7.924204,0.08202215650096639,0.0,5739.6,1.39,1.1723646225397981,1.8890820374391843,G,-1.2276940923360775,3
5761.01,tess,NON_HABITABLE,5.05981,554.0,15.7305,19.5422056,0.13146590844560904,0.0,5221.0,0.77,0.793729886808286,0.3969089878988779,G,-1.022339974923721,3
5762.01,tess,NON_HABITABLE,11.2929,1019.0,179.278,3.946066,0.049869569008794024,0.0,5769.6,1.13,1.0625725793685696,1.2747775820084593,G,-1.2490675646681486,3
5763.01,tess,NON_HABITABLE,15.5368,1149.0,289.666,6.9541458,0.07914633230223768,0.0,5917.0,1.78,1.367682367765688,3.4989762291139748,G,-1.2516275199325568,3
5764.01,tess,NON_HABITABLE,16.2391,912.0,114.916,5.0859973,0.06546870267065796,0.0,6503.0,1.65,1.4472028319310348,4.3864947587507865,F,-1.2668608366201226,3
5765.01,tess,NON_HABITABLE,9.43,1348.0,549.351,3.8779743,0.05215673212953808,0.0,5798.0,1.57,1.2586405365808973,2.5096136000046023,G,-1.2645666343286948,3
5766.01,tess,NON_HABITABLE,9.61266,2172.0,3696.08,0.5721596,0.013575078317660605,0.0,5560.2,1.12,1.0194668357436825,1.0801707411756138,G,-1.2919413016116206,3
5767.01,tess,NON_HABITABLE,15.9171,1232.0,383.57,4.015073,0.04944666434620904,0.0,5690.0,1.03,1.0004711192892364,1.0018858092955694,G,-1.2418579372232168,3
5768.01,tess,NON_HABITABLE,12.3016,1642.0,1208.55,3.7749324,0.05335372025842788,0.0,6448.0,1.62,1.4218579600075443,4.087190258681084,F,-1.2735704153881242,3
577.01,tess,NON_HABITABLE,22.3335,1430.0,694.276,3.329754,0.050587062354748136,0.0,7341.0,1.5,1.557666684145124,5.8870554265913,F,-1.281208006854307,3
5770.01,tess,NON_HABITABLE,12.177,1564.0,993.613,1.4529225,0.024877108566159607,0.0,5986.6,0.88,0.9729606024864499,0.8961506414502209,G,-1.2737244336682676,3
5771.01,tess,NON_HABITABLE,11.1995,1000.0,166.048,6.6867154,0.07690676521466677,0.0,5839.0,1.8,1.3572142329128143,3.3930762672224675,G,-1.2524001651172278,3
5772.01,tess,NON_HABITABLE,13.5233,862.0,91.9991,3.5023306,0.046036235789371376,0.0,5568.0,1.21,1.0611226611226612,1.2678338923365986,G,-1.2535932378367352,3
5773.01,tess,NON_HABITABLE,12.6696,1529.0,908.875,2.7404478,0.041083417402934294,0.0,5390.0,1.74,1.2317911142600664,2.3022276610788586,G,-1.2726253382804735,3
5774.01,tess,NON_HABITABLE,14.7278,1007.0,170.944,5.4049747,0.05938171671502918,0.0,5662.6,0.95,0.9562057806118371,0.8359984251992738,G,-1.2204323845023446,3
5775.01,tess,NON_HABITABLE,7.18163,1298.0,471.423,2.4369467,0.025977769378427773,0.0,3550.0,0.41,0.3938165461345567,0.024053364690027428,M,-1.0790878484267403,3
5776.01,tess,NON_HABITABLE,13.4666,1473.0,782.898,4.1816344,0.05622522877008623,0.0,5900.0,1.76,1.3560697341023464,3.381645610753099,G,-1.267803471049194,3
5777.01,tess,NON_HABITABLE,2.51967,602.0,21.9209,6.9171675,0.059816497788202805,0.0,4208.0,0.67,0.5967422810817614,0.12680817149366144,K,-1.0784312728095469,3
5778.01,tess,NON_HABITABLE,9.0747,508.0,11.1142,6.0962241,0.05203620460589484,0.0,3769.0,0.6,0.5057960579298598,0.06544881095366871,K,-1.0296059574783132,3
5779.01,tess,NON_HABITABLE,11.6535,1034.0,190.021,10.2515829,0.10392851842731321,0.0,6080.0,1.83,1.424960420850478,4.122979798370763,F,-1.2394001225075173,3
578.01,tess,NON_HABITABLE,17.6267405,1909.3436393,3140.923774,2.0528684,0.035035418583603074,0.0,6010.0,1.70948,1.3613824938080457,3.4349517944778984,F,-1.2838894380065022,3
5780.01,tess,NON_HABITABLE,16.6203,591.0,20.3071,7.5358996,0.07464888085137462,0.0,5306.0,1.13,0.9771925447396058,0.9118440737086816,G,-1.2022003032734045,3
5781.01,tess,NON_HABITABLE,10.2347,1561.0,986.287,5.38265,0.06873523005178614,0.0,4942.0,3.05,1.495293131141089,4.999255732517484,K,-1.2675739012128424,3
5782.01,tess,NON_HABITABLE,4.81636,1479.0,795.439,5.0048582,0.06285020107873633,0.0,5641.8,1.83,1.3222601484135243,3.056804300998285,G,-1.2603984464449332,3
5783.01,tess,NON_HABITABLE,2.77011,988.0,158.296,5.4459647,0.058834788622856724,0.0,5483.0,0.93,0.9160799917277265,0.7042609220142226,G,-1.213317432090755,3
5786.01,tess,NON_HABITABLE,6.85813,1225.0,374.462,12.7791964,0.11537948443832226,0.0,6280.0,1.33,1.254755597618375,2.4787719169302136,F,-1.2089398216091545,3
5788.01,tess,NON_HABITABLE,1.99447,696.0,38.9693,16.2134274,0.12148941860134613,0.0,5664.0,0.86,0.9100099646307634,0.6857796467204313,G,-1.1077474049732223,3
5788.02,tess,NON_HABITABLE,1.53236,1078.0,224.712,6.3346129,0.06492848759454484,0.0,5664.0,0.86,0.9100099646307634,0.6857796467204313,G,-1.201882287750738,3
5789.01,tess,NON_HABITABLE,2.53704,478.0,8.71939,12.9256051,0.10146299076184517,0.0,5132.0,0.88,0.8340683880600777,0.48395685458777316,K,-1.1089273529557835,3
579.01,tess,NON_HABITABLE,14.0651,1220.0,368.424,1.6843068,0.03437305805582946,0.0,4959.7,4.94,1.9098205403741748,13.303632508804949,K,-1.2969548611410813,3
5790.01,tess,NON_HABITABLE,22.1803,1580.0,1034.78,2.1981511,0.043242892779904646,0.0,6898.0,3.49,2.232593114921593,24.84496128621543,F,-1.2979863814834105,3
5792.01,tess,NON_HABITABLE,7.01336,1578.0,1029.5,0.7036041,0.015711618602912748,0.0,5726.0,1.11,1.0451689776305402,1.1932901139230094,G,-1.290120150915229,3
5793.01,tess,NON_HABITABLE,18.2513755,1800.7544523,2485.0720832,2.6940348,0.04281071592974119,0.0,6479.0,1.65082,1.4422200151868165,4.326394060376757,F,-1.2815762173710679,3
5794.01,tess,NON_HABITABLE,14.8585448,1595.3527336,1530.9037436,1.4857148,0.0255387884237893,0.0,5781.0,1.01034,1.0067239963592096,1.0271684762679174,G,-1.2752132928508868,3
5795.01,tess,NON_HABITABLE,5.4273017,1004.561242,240.6726137,6.1406882,0.06592208356233877,0.0,5708.0,1.05042,1.013535892611466,1.0552528465543365,G,-1.2214972107408266,3
5796.01,tess,NON_HABITABLE,16.9227097,1409.5465081,932.907623,1.7430143,0.027643586644087566,0.0,5529.0,0.937741,0.9276020929383497,0.7403667042541301,G,-1.2656644258021867,3
5797.01,tess,NON_HABITABLE,11.9994427,1189.674375,473.405643,2.152163,0.030589026051071704,0.0,5147.0,0.85467,0.8243792954492034,0.4618578219841248,K,-1.2479082235949386,3
5798.01,tess,NON_HABITABLE,14.1049577,1854.6550022,2796.2341961,1.2129139,0.022979575575890778,0.0,5918.23,1.15176,1.1003896896767837,1.466175810589001,G,-1.2837871328543868,3
5799.01,tess,NON_HABITABLE,1.9881393,487.3029274,13.3265301,4.1645448,0.0359519655136875,0.0,3521.0,0.343358,0.35744834281453675,0.01632499856618603,M,-0.9221303441554064,3
580.01,tess,NON_HABITABLE,13.3884,5565.0,159308.0,1.5498373,0.03523760819732003,0.0,11159.0,1.58,2.4301187629772723,34.87466098539908,B,-1.301719473867352,3
5800.01,tess,NON_HABITABLE,2.8331017,1037.8197981,274.1629769,2.6282606,0.0339387433749996,0.0,4821.0,0.817034,0.7549720501036511,0.32488038823495174,K,-1.2278779250443699,3
5801.01,tess,NON_HABITABLE,11.7996868,744.0760606,72.441983,3.067816,0.033814756735327474,0.0,3965.0,0.636572,0.5480758110846048,0.09023240665993214,K,-1.1547935336059463,3
5802.01,tess,NON_HABITABLE,14.5541659,1446.303543,1034.0911042,2.7161298,0.039626932042039924,0.0,5962.0,1.18678,1.1252545007615227,1.6032565939195715,G,-1.266809816509236,3
5803.01,tess,NON_HABITABLE,3.5038,816.0,73.722,5.3829728,0.05522470693451286,0.0,5134.0,0.76,0.7754188210719964,0.36153084165023214,K,-1.1833569647761633,3
5805.01,tess,NON_HABITABLE,5.30408,1417.0,670.217,20.5676815,0.16590015477986989,0.0,6809.0,1.49,1.439959064233035,4.299328046667714,F,-1.199669447932763,3
5806.01,tess,NON_HABITABLE,11.2665,1299.0,473.071,3.1856488,0.04746254308386922,0.0,6602.0,1.51,1.4055220757551738,3.9025698488334166,F,-1.2768301084573253,3
5807.01,tess,NON_HABITABLE,2.12067,1027.0,184.841,14.2423724,0.13212176344742324,0.0,6815.9,1.65,1.5168368110347132,5.293652622320975,F,-1.2307984653819375,3
5808.01,tess,NON_HABITABLE,2.37279,994.0,162.379,7.1701672,0.07175318739716363,0.0,5707.0,0.94,0.958617773606202,0.8444654926361522,G,-1.202327439353755,3
5809.01,tess,NON_HABITABLE,2.62813,634.0,26.9787,9.2103194,0.07520062441438505,0.0,4115.1,0.88,0.6687986795997711,0.20006984148157692,K,-1.0782268699377315,3
581.01,tess,NON_HABITABLE,6.01556,4743.0,84020.4,1.3891689,0.03301421957352238,0.0,10585.0,1.84,2.487559351052701,38.29074407587033,B,-1.3025901034803975,3
5810.01,tess,NON_HABITABLE,15.1292,1575.0,1023.84,5.6857105,0.07064765916041674,0.0,6142.0,1.87,1.4551383711381018,4.483499976466334,F,-1.263958443375658,3
5811.01,tess,NON_HABITABLE,11.4949,1655.0,1247.98,6.25656,0.08225171895372196,0.0,5608.0,3.81,1.8964621106661315,12.935305242721114,G,-1.2784236073996393,3
5812.01,tess,NON_HABITABLE,11.2199,1063.0,212.215,10.1466193,0.09419852496023065,0.0,5660.0,1.22,1.0831036617685361,1.3761953827438376,G,-1.1992732512198057,3
5813.01,tess,NON_HABITABLE,2.99769,571.0,17.7487,27.0525472,0.17504108671731794,0.0,5615.0,1.01,0.9776516218398095,0.9135587892574322,G,-1.0575382974346028,3
5814.01,tess,NON_HABITABLE,2.73791,912.0,115.322,6.254395,0.06133641474004056,0.0,4986.0,0.83,0.7869823601111136,0.38358356552747147,K,-1.1734490073602808,3
5815.01,tess,NON_HABITABLE,15.2636582,1638.4711226,1703.2412549,3.8993831,0.054933712832934176,0.0,6152.0,1.86222,1.45447244408712,4.4752983234638615,F,-1.274153983186227,3
5816.01,tess,NON_HABITABLE,12.8306,1355.0,559.996,20.4282929,0.18077623973991264,0.0,8991.0,1.47,1.8886015536376026,12.722175153741661,A,-1.2400900617397874,3
5817.01,tess,NON_HABITABLE,3.0272584,855.9604214,126.863222,15.6146058,0.12931251334739147,0.0,5809.0,1.3820699,1.1831506818834427,1.9595675247746305,G,-1.182626263648119,3
5818.01,tess,NON_HABITABLE,17.8543699,1729.5771164,2114.8556223,2.6052674,0.04069289087724579,0.0,5916.0,1.66978,1.3244375047019266,3.076988559289749,G,-1.2779704795777451,3
5819.01,tess,NON_HABITABLE,2.8520931,1170.2620601,443.2548574,3.4200073,0.043844264648662055,0.0,5463.0,1.03162,0.961312865654837,0.8540022576327004,G,-1.2445536322103388,3
5820.01,tess,NON_HABITABLE,16.7083729,1638.7722976,1704.493923,3.9156848,0.05519322051723299,0.0,6228.0,1.83823,1.462925487040266,4.580246219900107,F,-1.2743992617255386,3
5821.01,tess,NON_HABITABLE,21.3705,3907.0,38711.5,2.1425095,0.040589980513533096,0.0,7893.0,2.02,1.9435309683859168,14.268090667551736,A,-1.2951331275976294,3
5822.01,tess,NON_HABITABLE,14.506178,1884.119256,2978.2047666,1.5487245,0.02792550948531486,0.0,5887.35,1.41021,1.2112545675254132,2.152492817589637,G,-1.2837098518013956,3
5823.01,tess,NON_HABITABLE,12.2658903,934.9167883,180.5563786,3.8681492,0.04420701174256166,0.0,4746.0,0.877591,0.7702779959765022,0.352038342336882,K,-1.2072547077046258,3
5824.01,tess,NON_HABITABLE,13.9654622,1178.6981748,456.1749634,3.8555897,0.04844736872907628,0.0,5741.0,1.05268,1.0204915438361932,1.08452018974951,G,-1.2458257064403797,3
5825.01,tess,NON_HABITABLE,3.6974,1053.0,204.476,9.7348295,0.09389947526818035,0.0,6115.71,1.21,1.1655025987525987,1.845240528770442,F,-1.2146718721548588,3
5826.01,tess,NON_HABITABLE,17.2648,1981.0,2559.93,2.8140207,0.04752556037276475,0.0,7456.0,1.96,1.8084546084546083,10.696223041434227,F,-1.289915337121398,3
5827.01,tess,NON_HABITABLE,15.7942,1272.0,435.709,5.0493049,0.0634702367039995,0.0,5821.0,1.76,1.3379121902050437,3.204132322824858,G,-1.2610734975922406,3
5828.01,tess,NON_HABITABLE,4.46821,1957.0,2437.87,1.1951761,0.020784773528697092,0.0,5313.0,0.83,0.8385955233193635,0.49454994591701756,G,-1.2692084824819119,3
5829.01,tess,NON_HABITABLE,9.28384,1657.0,1251.72,1.3502386,0.02619193886997194,0.0,5015.0,2.29,1.3148080551171881,2.9884736052638474,K,-1.2890615083932873,3
583.01,tess,NON_HABITABLE,11.1988,1081.0,227.331,6.5604227,0.09279881381208598,0.0,10902.0,1.72,2.477103076643812,37.65098261482173,B,-1.2890993949656422,3
5831.01,tess,NON_HABITABLE,12.2675,1318.0,501.062,3.7846792,0.05281104728198455,0.0,6360.0,1.55,1.3718184588220432,3.5414944802663,F,-1.2712659231671597,3
5832.01,tess,NON_HABITABLE,13.7192,1291.0,461.579,5.1357505,0.06250362067916775,0.0,6301.0,1.28,1.2350602434529274,2.32676524485206,F,-1.2534685047240477,3
5833.01,tess,NON_HABITABLE,13.6986,1316.0,499.207,2.6721807,0.03755757218035354,0.0,5549.0,1.06,0.9897860646628008,0.9597659541314646,G,-1.2571060050220642,3
5834.01,tess,NON_HABITABLE,12.31,777.0,60.7404,3.5242025,0.03997681855129505,0.0,4485.0,0.78,0.6862516889376368,0.2217857839329505,K,-1.1929482630068104,3
5835.01,tess,NON_HABITABLE,13.4185,828.0,78.3241,6.4226101,0.06414542312984975,0.0,4977.0,0.98,0.8535999012390204,0.5309057446964563,K,-1.1886091549674405,3
5836.01,tess,HABITABILITY_ZONE,11.6649,350.0,2.51961,8.4498763,0.05825636253291048,0.0,3330.0,0.41,0.3694110136980489,0.01862255895276775,M,-0.7215740539402116,3
5837.01,tess,NON_HABITABLE,13.1813,1995.0,2634.75,2.9665122,0.04709460420276472,0.0,7564.0,1.46,1.5834400510095175,6.2864650089841065,A,-1.2840556270489212,3
5838.01,tess,NON_HABITABLE,13.0275,717.0,43.9473,3.5982966,0.04019011791443223,0.0,4458.0,0.75,0.6688740904488959,0.20016009278782934,K,-1.1861330469911207,3
5840.01,tess,NON_HABITABLE,16.2059,1612.0,1122.8,4.006489,0.05517208574713574,0.0,6600.0,1.49,1.395759997641068,3.795272724381953,F,-1.270911063931408,3
5841.01,tess,NON_HABITABLE,10.5624,1404.0,646.84,4.2025514,0.05590495629271793,0.0,5678.0,1.8,1.319791473622017,3.0340397985573526,G,-1.2657083750655862,3
5842.01,tess,NON_HABITABLE,5.92308,1239.0,392.13,2.8091879,0.039266633847209395,0.0,5821.0,1.03,1.023504812896774,1.0973863575945544,G,-1.2582814902357968,3
5843.01,tess,NON_HABITABLE,12.6868,1210.0,356.665,4.197866,0.05198583526613585,0.0,5581.0,1.21,1.0636001386001386,1.2797158265759212,G,-1.246606795698413,3
5844.01,tess,NON_HABITABLE,6.40583,878.0,98.668,6.0671557,0.06838685069132888,0.0,5737.0,1.36,1.1591188849870926,1.8051443092794826,G,-1.2397909015749156,3
5845.01,tess,NON_HABITABLE,18.193,2424.0,5740.22,1.9081122,0.04251053805201056,0.0,8944.0,3.3,2.814896545431181,62.78411144210365,A,-1.302549055789242,3
5846.01,tess,NON_HABITABLE,15.2166,486.0,9.27536,10.5353472,0.10101669041751132,0.0,6044.0,1.4,1.2389738811176048,2.356397776908499,F,-1.2192459040462276,3
5847.01,tess,NON_HABITABLE,6.33611,1865.4166621548525,2863.8,2.5641981,0.038474305162978714,0.0,6014.0,1.23,1.1555524350233235,1.7830299091959458,F,-1.2702317344216905,4
5848.01,tess,NON_HABITABLE,19.2985,2094.0,3194.9,1.5101054,0.028560995193446154,0.0,5964.0,1.74,1.3629688692851645,3.450990358956421,G,-1.288753526905915,3
5849.01,tess,NON_HABITABLE,13.0504,945.0,132.764,3.9964264,0.05037094773781071,0.0,5771.0,1.14,1.067522844637434,1.2986996103221626,G,-1.2490244661005987,3
585.01,tess,NON_HABITABLE,19.6103,1456.9324919,1064.8261726,5.547255,0.06804141991443666,0.0,6118.1,1.66,1.3656653572414588,3.4783811692789417,F,-1.2596615380991492,3
5851.01,tess,NON_HABITABLE,11.5788,1022.0,181.815,4.5049415,0.053061369178341894,0.0,5697.0,0.99,0.9820588061670849,0.930143546788346,G,-1.2341153386996324,3
5852.01,tess,NON_HABITABLE,13.077,746.0,51.5714,3.9956793,0.041943738543502265,0.0,4348.0,0.67,0.616595874083531,0.1445447949515523,K,-1.157891336138667,3
5853.01,tess,NON_HABITABLE,12.8025,1116.0,257.512,3.7219898,0.046936555840595556,0.0,5806.0,0.98,0.9957807969848809,0.9832296978654121,G,-1.2447039578419996,3
5854.01,tess,NON_HABITABLE,14.3475,891.0,105.034,4.449914,0.051715753851337753,0.0,4910.0,1.2,0.9318495347714364,0.7540205302980467,K,-1.2278595437189739,3
5856.01,tess,NON_HABITABLE,4.44804,2590.0,7481.4,0.5498864,0.013838134875970435,0.0,5808.0,1.35,1.1691417502480603,1.8683949211320865,G,-1.2959903097500962,3
5857.01,tess,NON_HABITABLE,11.3277,944.0,131.926,3.415047,0.04436809743054477,0.0,5449.0,1.12,0.9990782324318056,0.9963180245279034,G,-1.248680388934012,3
5858.01,tess,NON_HABITABLE,11.017,848.0,86.2156,7.1476512,0.06980144113692653,0.0,5287.0,0.94,0.8880694180928667,0.6219960964481894,G,-1.187961051788673,3
5859.01,tess,NON_HABITABLE,6.36345,698.0,39.4252,3.3787501,0.0353970656415879,0.0,3769.0,0.63,0.5182867303223723,0.07215731407641976,K,-1.1283276621233167,3
5860.01,tess,NON_HABITABLE,12.9409,900.0,109.163,5.2498931,0.06227674906161217,0.0,5988.0,1.27,1.1691152613560785,1.8682256002459512,G,-1.2471465592001185,3
5861.01,tess,NON_HABITABLE,17.1437,813.0,72.8052,14.3033451,0.11686101176820247,0.0,5862.0,1.05,1.0406726505553563,1.1728880591199196,G,-1.161223949572132,3
5863.01,tess,NON_HABITABLE,13.9182,938.0,129.049,2.8492565,0.03621243415146496,0.0,4829.0,0.87,0.7803519308275448,0.3708190501697177,K,-1.2279831683534541,3
5864.01,tess,NON_HABITABLE,11.824,976.0,150.959,10.4453589,0.09730702348779713,0.0,5961.0,1.19,1.1265910068493328,1.6108871620315357,G,-1.2042767174558209,3
5865.01,tess,NON_HABITABLE,10.0835,999.0,165.896,6.6314176,0.07700456783325722,0.0,6044.0,1.75,1.3852149102628537,3.6818715264195307,F,-1.2546327554159042,3
5868.01,tess,NON_HABITABLE,14.0246,1817.0,1812.44,2.677573,0.0463200701526778,0.0,6875.8,2.41,1.8492917598153964,11.6955793027774,F,-1.291275936633757,3
5869.01,tess,NON_HABITABLE,19.4699,1702.0,1395.05,3.3879742,0.050632838694546926,0.0,6236.0,1.95,1.508679849496589,5.180698984636448,F,-1.279283917755826,3
5871.01,tess,NON_HABITABLE,18.3699,1973.0,2519.68,1.343636,0.024979928740957717,0.0,6339.0,1.1,1.1518363285777184,1.7602043410329393,F,-1.2839934550344392,3
5872.01,tess,NON_HABITABLE,6.01656,1495.0,830.151,2.2425137,0.03477702270756456,0.0,6032.0,1.14,1.115802772284353,1.5500644085777282,F,-1.271444868189986,3
5873.01,tess,NON_HABITABLE,12.2118,904.0,111.259,0.4131063,0.008278979309437735,0.0,3621.0,0.5,0.44359557426827595,0.038721200917153684,M,-1.2519566290595983,3
5874.01,tess,NON_HABITABLE,10.3952,971.0,147.884,2.5784481,0.03692972545348429,0.0,5512.0,1.12,1.0106293296318798,1.0432000309023877,G,-1.2601101910440042,3
5875.01,tess,NON_HABITABLE,8.2634,1064.0,213.2,5.216581,0.05664108020900408,0.0,5248.0,0.96,0.8908469972367372,0.6298142488794196,G,-1.2115758761154116,3
5877.01,tess,NON_HABITABLE,15.2568,1799.0,1742.51,6.9100016,0.09472647164184711,0.0,8722.0,2.47,2.3748612241175664,31.809214606625186,A,-1.2867949597631754,3
5878.01,tess,NON_HABITABLE,14.7953,1133.0,274.056,3.4363074,0.04192677684584709,0.0,5213.0,0.85,0.8326660647239746,0.48071033736470264,G,-1.2265990390211543,3
5879.01,tess,NON_HABITABLE,9.63078,463.0,7.64407,4.0331416,0.03661826560980482,0.0,3355.0,0.48,0.40270481354078885,0.02629948735714074,M,-0.9987355813008206,3
588.01,tess,NON_HABITABLE,16.3498,1015.0,176.652,39.4718663,0.3052120940635835,0.0,10416.0,1.82,2.4345031610988386,35.12702511093367,B,-1.2389680483898307,3
5880.01,tess,NON_HABITABLE,15.0692,1593.0,1071.51,3.1162505,0.04544174557483585,0.0,6244.0,1.42,1.289082593504925,2.7613596636761377,F,-1.2722539183262835,3
5881.01,tess,NON_HABITABLE,14.7763,2150.0,3548.41,2.2377411,0.03972873826205648,0.0,6148.0,2.46,1.6706100510233841,7.7893345993346585,F,-1.2903241893536685,3
5882.01,tess,NON_HABITABLE,14.1861,2317.0,4792.5,7.1487697,0.08342070321344164,0.0,5706.0,2.35,1.5154421975711905,5.274211048078027,G,-1.259879847481747,3
5883.01,tess,NON_HABITABLE,14.2556,2104.0,3259.1,0.5223032,0.01429341606491837,0.0,6285.0,1.72,1.4280492420387414,4.158844977878942,F,-1.3002833976790154,3
5884.01,tess,NON_HABITABLE,15.2747,1209.0,354.772,5.8311038,0.07530164392999127,0.0,6390.0,2.29,1.6752987980456298,7.87714985601288,F,-1.272965132728155,3
5885.01,tess,NON_HABITABLE,14.0851,1321.0,506.011,4.7264391,0.0649400412441818,0.0,6132.0,2.37,1.6354979223850463,7.154841001048739,F,-1.2764823739724707,3
5888.01,tess,NON_HABITABLE,9.87708,785.0,63.3289,15.2501659,0.12807095929387685,0.0,5796.0,1.44,1.204989604989605,2.108303849378246,G,-1.1883778577032003,3
5889.01,tess,NON_HABITABLE,12.4643,919.0,118.916,2.4013188,0.02994063516971353,0.0,4224.0,0.72,0.6209603001521782,0.1486809547633357,K,-1.2029246726557494,3
5890.01,tess,NON_HABITABLE,11.3389,1347.0,547.695,5.9029732,0.07054483688501889,0.0,7142.0,1.18,1.3441091176048499,3.263909499986598,F,-1.2561259975297194,3
5891.01,tess,NON_HABITABLE,15.7612,1602.0,1094.98,4.1784844,0.06043211951590226,0.0,6283.0,2.4,1.686344723785253,8.086962562378396,F,-1.280654581835129,3
5894.01,tess,NON_HABITABLE,12.7756,1437.0,708.388,3.0076713,0.041985996764456426,0.0,5704.0,1.22,1.091523548891825,1.4194903323307517,G,-1.261373766620144,3
5895.01,tess,NON_HABITABLE,11.0954,965.0,144.518,3.6491012,0.04865129261249234,0.0,5628.0,1.4,1.1536970554152681,1.7716059765692798,G,-1.2595658105064562,3
5896.01,tess,NON_HABITABLE,6.86149,1488.0,815.756,0.9965843,0.015322085534684227,0.0,3662.0,0.58,0.4831767344711302,0.05450345801438485,M,-1.21948845425905,3
5897.01,tess,NON_HABITABLE,11.4838,906.0,112.177,6.9349089,0.06873993994186256,0.0,5364.0,0.94,0.9010032832703114,0.6590304696185948,G,-1.1932401809625257,3
5898.01,tess,NON_HABITABLE,10.0684,873.0,96.5028,9.7884653,0.09745904526998796,0.0,5369.0,1.92,1.288895465812516,2.7597566186564437,G,-1.2290872161690514,3
5900.01,tess,NON_HABITABLE,18.8159,1698.0,1380.7,2.4667486,0.04124664087240479,0.0,5960.0,2.22,1.5384961881059944,5.602549446415162,G,-1.285926189585373,3
5902.01,tess,NON_HABITABLE,13.6377,1606.0,1106.76,4.8292589,0.06505672265243122,0.0,7035.0,1.67,1.5750560561790852,6.154376479858478,F,-1.2738001824218954,3
5903.01,tess,NON_HABITABLE,11.779,1198.0,343.055,2.4707357,0.038608702909898096,0.0,5869.0,1.53,1.2577186547167385,2.5022690831070267,G,-1.2763042594295262,3
5904.01,tess,NON_HABITABLE,13.5941,1156.0,296.507,5.6567374,0.06776227200893317,0.0,5975.7,1.57,1.2972159804150514,2.831712516498082,G,-1.2544437907848924,3
5905.01,tess,NON_HABITABLE,11.3795,1049.0,201.365,3.0233509,0.03758716728661553,0.0,4881.0,0.84,0.7750364506957538,0.36081826433060926,K,-1.223700806065309,3
5906.01,tess,NON_HABITABLE,16.7776477,619.9413012,34.9078647,30.1181254,0.1936107100450387,0.0,5809.0,1.1248,1.0673643859586501,1.297928687582735,G,-1.0757199654281517,3
5907.01,tess,NON_HABITABLE,8.31454,1963.0,2467.92,0.6583175,0.014996279105460707,0.0,5766.0,1.08,1.0381502033723646,1.1615576609188287,G,-1.2907659844308799,3
5909.01,tess,NON_HABITABLE,12.9614,1328.0,517.385,4.7729363,0.06379651229172016,0.0,6269.0,1.96,1.5205474705474706,5.345642761685226,F,-1.2719136373269175,3
5911.01,tess,NON_HABITABLE,12.1613,1567.0,1001.22,4.009823,0.05347946519937786,0.0,6304.5,1.35,1.269086460819369,2.5939693699292414,F,-1.2641786361557255,3
5912.01,tess,NON_HABITABLE,14.2131,1266.0,426.677,6.9038328,0.08082253540669089,0.0,5612.0,2.31,1.4777376207525739,4.768582707226071,G,-1.2589323367873124,3
5913.01,tess,NON_HABITABLE,19.4581,1294.0,466.261,10.1522322,0.10647812614966705,0.0,6509.0,1.92,1.5625666952828583,5.9614822319535845,F,-1.2498385105621885,3
5914.01,tess,NON_HABITABLE,8.92241,1213.0,359.493,4.3887257,0.05287950814624064,0.0,5561.0,1.13,1.0241552471347433,1.1001785607924612,G,-1.240459798410846,3
5916.01,tess,NON_HABITABLE,10.9197,735.0,48.4913,2.3682389,0.026141798466288363,0.0,3504.0,0.49,0.42494802494802497,0.03260943396301302,M,-1.1104216597964818,3
5917.01,tess,NON_HABITABLE,9.54371,1504.0,850.594,4.0387941,0.05358229482393816,0.0,6345.0,1.31,1.258174711324275,2.5059004109606007,F,-1.2632918591226596,3
5918.01,tess,NON_HABITABLE,11.6988,1420.0,675.543,2.0353259,0.03168611228179086,0.0,5771.0,1.05,1.024517547996411,1.1017361652663777,G,-1.2683373226904173,3
5919.01,tess,NON_HABITABLE,13.2129,1137.0,277.556,4.3686174,0.057996327141900866,0.0,5393.0,2.13,1.3636216868975641,3.4576067576992497,G,-1.2669561859097704,3
5921.01,tess,NON_HABITABLE,15.3662,1476.0,788.546,5.0114216,0.06686558385942988,0.0,6152.0,2.22,1.588058481414107,6.360129615470027,F,-1.2734010632705632,3
5922.01,tess,NON_HABITABLE,16.7817,1120.0,261.968,5.2079858,0.06259432876974824,0.0,5204.1,1.79,1.2062736087111445,2.117304424722114,G,-1.2506549813763068,3
5923.01,tess,NON_HABITABLE,13.4189,1429.0,692.888,4.0252588,0.05323312212639145,0.0,6059.0,1.4,1.2420487666597566,2.379877437354115,F,-1.2623845631483142,3
5925.01,tess,NON_HABITABLE,11.9381,948.0,134.424,6.1606297,0.06940148841640163,0.0,6352.0,1.14,1.1749965533073958,1.9061030253505173,F,-1.2406611308956252,3
5926.01,tess,NON_HABITABLE,7.38288,987.0,157.644,3.8116176,0.04589185043377586,0.0,5430.0,0.89,0.887500304003246,0.6204032182122007,G,-1.2296416465026971,3
5927.01,tess,NON_HABITABLE,12.6264,1617.0,1136.26,3.7306955,0.052753299651257315,0.0,6503.0,1.56,1.4071802489114618,3.92101878600401,F,-1.2732255854885717,3
5928.01,tess,NON_HABITABLE,12.5001,1643.0,1210.17,3.246565,0.04621612286734233,0.0,6277.0,1.32,1.2494324231572838,2.4369750750972305,F,-1.2691401657317178,3
5929.01,tess,NON_HABITABLE,15.6586,1382.0,605.972,4.6079976,0.06263969295082268,0.0,6662.0,1.79,1.5442045274367602,5.68616274654327,F,-1.2737385595732935,3
5930.01,tess,NON_HABITABLE,11.9632,1743.0,1535.28,3.7984372,0.05475139593743632,0.0,6289.0,1.94,1.5175958744839038,5.304256888837378,F,-1.2771784419267964,3
5931.01,tess,NON_HABITABLE,9.6255,1253.0,409.43,4.2447791,0.053152165093545485,0.0,5763.0,1.24,1.111816563513147,1.5280323857854876,G,-1.2506807301593086,3
5932.01,tess,NON_HABITABLE,18.292,1232.0,383.536,3.1003012,0.04672265077531064,0.0,6323.0,1.67,1.4156473977569801,4.0162466828552,F,-1.2778109392224373,3
5933.01,tess,NON_HABITABLE,8.79073,557.0,16.0188,5.5901313,0.055035172746755484,0.0,4743.0,0.75,0.711635220053637,0.25646596301639374,K,-1.1601640719673703,3
5934.01,tess,NON_HABITABLE,20.0973,1152.0,292.554,2.5505105,0.040399769789454976,0.0,6190.0,1.59,1.3522683665621182,3.3438867084743698,F,-1.2794939231740021,3
5935.01,tess,NON_HABITABLE,13.0636,1008.0,171.551,3.0200448,0.04186315067463654,0.0,5585.0,1.23,1.0731227718000103,1.3261652477214336,G,-1.259840869780924,3
5936.01,tess,NON_HABITABLE,9.06704,1545.0,946.484,0.3781425,0.009740946986974397,0.0,5080.0,0.96,0.8623290293373905,0.5529578470439555,K,-1.291889037548889,3
5937.01,tess,NON_HABITABLE,13.6234,502.0,10.5716,21.0685273,0.1474630330664724,0.0,5403.0,1.06,0.9637437569603736,0.862673209223303,G,-1.091123712455604,3
5938.01,tess,NON_HABITABLE,3.92152,1106.0,249.273,2.260431,0.02940010745615059,0.0,4452.0,0.74,0.6635057534454916,0.1938111562173809,K,-1.2179014114519644,3
5939.01,tess,NON_HABITABLE,12.5189,1542.0,940.498,6.13049,0.07535151515072698,0.0,6078.0,2.08,1.5186791858815056,5.31941854729101,F,-1.264915001194472,3
5941.01,tess,NON_HABITABLE,2.97165,747.0,51.7045,11.0771916,0.08559677229445699,0.0,4738.0,0.69,0.6818569622748759,0.21615889786532358,K,-1.0561985660790234,3
5943.01,tess,NON_HABITABLE,11.2628,975.0,150.132,15.7866044,0.13253584935756935,0.0,6237.4,1.33,1.2462440389466325,2.412194794945493,F,-1.1923308649451778,3
5944.01,tess,NON_HABITABLE,11.945,947.0,133.684,5.9404096,0.06445581074317225,0.0,5933.0,0.97,1.0123574729392981,1.0503537061986097,G,-1.2232630295453795,3
5945.01,tess,NON_HABITABLE,9.00661,1553.0,967.25,3.3825012,0.047440478074416655,0.0,6117.0,1.38,1.2449494030039407,2.4021869599213517,F,-1.267757019236098,3
5946.01,tess,NON_HABITABLE,12.52,1902.0,2173.06,5.754879,0.07926627676836362,0.0,6742.0,2.95,2.0061963399098355,16.199206252916905,F,-1.2827997428220648,3
5947.01,tess,NON_HABITABLE,2.15853,873.0,96.5124,6.9341584,0.06821902651062732,0.0,5451.0,0.87,0.8808652671238242,0.6020574622506797,G,-1.1887684145396094,3
5948.01,tess,NON_HABITABLE,12.3664,548.0,15.0146,7.9058861,0.09046423331385149,0.0,6294.0,2.1,1.5801927449846904,6.235054501926457,F,-1.2600108954784734,3
5949.01,tess,NON_HABITABLE,1.40901,1236.0,387.637,1.8826035,0.02728309033504914,0.0,4996.0,0.78,0.7644400084576216,0.34148657479964817,K,-1.2455956655893647,3
5949.02,tess,NON_HABITABLE,0.974713,1018.0,178.535,3.3751374,0.040263849254267715,0.0,4996.0,0.78,0.7644400084576216,0.34148657479964817,K,-1.2149802894586001,3
5951.01,tess,NON_HABITABLE,3.27956,1539.0,932.329,3.1728284,0.04795295612378372,0.0,6689.0,1.59,1.4612799844804538,4.559673469346365,F,-1.278992361209847,3
5952.01,tess,NON_HABITABLE,17.5122,514.0,11.5909,45.7138545,0.2805875414064091,0.0,5513.0,2.18,1.4102298948556262,3.9551200248629925,G,-1.1154902676235963,3
5953.01,tess,NON_HABITABLE,5.73125,1607.0,1109.54,7.4924561,0.08224992863658287,0.0,5242.0,2.12,1.3223262660986999,3.0574157509747484,G,-1.2451120901689574,3
5955.01,tess,NON_HABITABLE,1.6802901,1216.1685093,517.0065166,0.5902387,0.011016219858123056,0.0,3844.0,0.590924,0.5119444875746806,0.06868967857622497,K,-1.2520120845579312,3
5956.01,tess,NON_HABITABLE,10.6079914,815.2828522,104.4129181,0.9292334,0.013584457308920899,0.0,3207.0,0.485926,0.3873091044595659,0.022502502788776867,M,-1.1851322718462096,3
5957.01,tess,NON_HABITABLE,12.5826,1731.0,1493.68,3.2520192,0.04717421272597539,0.0,6756.31,1.28,1.3243056456821853,3.0757633807300957,F,-1.2728706457160173,3
5958.01,tess,NON_HABITABLE,2.0651033,1352.7258275,791.3345542,2.3062125,0.03403961414782342,0.0,5816.0,0.963996,0.9893174999751341,0.9579498315952062,G,-1.262009824448317,3
5959.01,tess,NON_HABITABLE,18.031156,1648.9928347,1747.4150659,4.4571444,0.06098350559771713,0.0,6074.0,2.09465,1.5230150614600655,5.380427612023917,F,-1.273708201104743,3
5960.01,tess,NON_HABITABLE,14.2287485,1592.4951117,1519.96446,3.076329,0.04548816321877263,0.0,6401.79,1.4311,1.3268141430009064,3.0991341005322006,F,-1.2743307015731475,3
5961.01,tess,NON_HABITABLE,1.3134056,955.7638559,197.2074933,1.617487,0.022308206749826275,0.0,3900.68,0.70171,0.5660995816967551,0.10270021100804438,K,-1.2140021330909605,3
5963.01,tess,NON_HABITABLE,15.1546943,1314.2372675,705.0438271,4.3226229,0.055054506786712525,0.0,5924.0,1.3475699,1.19141860675081,2.0149186342687253,G,-1.2564881119482525,3
5964.01,tess,NON_HABITABLE,14.4616,1270.0,431.951,3.9816471,0.05024668556408413,0.0,5771.0,1.14,1.067522844637434,1.2986996103221626,G,-1.2491747494701066,3
5965.01,tess,NON_HABITABLE,7.6400361,1474.8087701,1118.0567499,4.2254748,0.056039443387455735,0.0,5729.0,1.75516,1.3149548953685921,2.989808862476562,G,-1.265275174624512,3
5967.01,tess,NON_HABITABLE,3.32532,743.0,50.6698,15.343585,0.12054394243033496,0.0,5758.0,0.99,0.9925740926645734,0.9706256003177919,G,-1.141309096544305,3
5968.01,tess,NON_HABITABLE,1.90769,1180.0,322.574,753.822332,1.6525585984749454,0.0,5940.0,1.06,1.0595295051535478,1.2602369843552632,G,0.7189400339783687,3
5968.02,tess,NON_HABITABLE,2.47478,956.0,138.746,9.2152386,0.0876964321670851,0.0,5940.0,1.06,1.0595295051535478,1.2602369843552632,G,-1.2022764879916656,3
5969.01,tess,NON_HABITABLE,11.5285264,633.3727192,38.0328101,7.9192605,0.06732564672739345,0.0,4302.0,0.758608,0.6491615563291936,0.17758700016967802,K,-1.0897515021366038,3
5970.01,tess,NON_HABITABLE,12.6556708,926.3544365,174.0322539,3.0927432,0.03701683996871897,0.0,4713.98,0.750341,0.7074418570814315,0.2504742058089559,K,-1.2080034805281805,3
5971.01,tess,NON_HABITABLE,17.0087765,1634.7344157,1687.7566393,3.9914012,0.05633137837120952,0.0,6528.05,1.75165,1.4968587363188508,5.020225966179078,F,-1.2752924281055673,3
5972.01,tess,NON_HABITABLE,16.3776,1371.0,587.098,3.5247546,0.047403215279439505,0.0,6052.0,1.19,1.1437894268498847,1.7115291904234797,F,-1.2600041270844033,3
5973.01,tess,NON_HABITABLE,6.79941,1403.0,643.751,3.1643744,0.04480800688834307,0.0,6238.0,1.23,1.1985926321375944,2.0638893730710812,F,-1.2669562129094971,3
5974.01,tess,NON_HABITABLE,1.2127014,662.7454689,45.5940395,1.7266943,0.020190837795568763,0.0,3487.0,0.371684,0.36830919224809805,0.01840137315768256,M,-1.1048009140859365,3
5975.01,tess,NON_HABITABLE,8.4472776,577.1642659,26.2251959,373.0381637,1.1347524893640826,0.0,6508.0,1.54352,1.4008039329976631,3.850431572077657,F,-0.512916853534951,3
5977.01,tess,NON_HABITABLE,8.4942819,1115.4360389,365.8471618,0.4317124,0.008390855005471834,0.0,3180.0,0.58914,0.42287309346190854,0.03197718364389809,M,-1.2452719457431431,3
5978.01,tess,NON_HABITABLE,1.3097748,1941.9263461,3360.8723448,0.7394818,0.01581218539885803,0.0,5632.0,0.977079,0.9644976267192238,0.8653756151895925,G,-1.2865164144183288,3
5979.01,tess,NON_HABITABLE,1.45952,1190.0,333.088,4.7267257,0.05399002358896217,0.0,5655.0,0.92,0.9397237444328977,0.77983155070789,G,-1.2256798815042975,3
5980.01,tess,HABITABILITY_ZONE,1.9748837,355.2207257,3.7628265,79.5839995,0.3404092016690012,0.0,5391.0,0.79137,0.8308694689257393,0.4765749410494451,G,-0.6303298336948423,3
5981.01,tess,NON_HABITABLE,2.3954787,499.5920759,14.7225544,7.0142458,0.055895075728386465,0.0,3721.0,0.539525,0.47352088026276606,0.05027551606675801,K,-0.9663683271342915,3
5982.01,tess,HABITABILITY_ZONE,12.5609376,214.0696563,0.4962968,38.4787613,0.21114584411732432,0.0,5439.49,0.810043,0.8481758388163047,0.5175396024153249,G,-0.9054260945251725,3
5983.01,tess,NON_HABITABLE,1.375524,787.0157613,90.6681431,1.0271879,0.014343561564293464,0.0,3406.0,0.399822,0.37312269435809586,0.01938236016263941,M,-1.167946099487605,3
5984.01,tess,NON_HABITABLE,5.5008027,1065.3350121,304.4148279,3.4130781,0.04238830431040049,0.0,5410.0,0.865985,0.8722201739814572,0.5787679983613699,G,-1.2331506402047985,3
5985.01,tess,NON_HABITABLE,1.5356382,1041.6319451,278.2134769,2.4157665,0.03183491203722042,0.0,4837.0,0.774575,0.7375330777089536,0.29588708631908467,K,-1.2292817450641782,3
5986.01,tess,NON_HABITABLE,6.8872276,754.4387662,76.5626552,38.5835889,0.2533677816670878,0.0,6373.72,1.74231,1.4575698390999612,4.513542042639909,F,-1.1455747275172352,3
5987.01,tess,HABITABILITY_ZONE,2.4883067,291.8663524,1.7149724,48.7130843,0.21239549812855749,0.0,3943.0,0.621798,0.5386728848753359,0.0841977449864176,K,-0.30110542566524423,3
5988.01,tess,NON_HABITABLE,2.0046235,1987.0783791,3684.5206378,0.8374997,0.01757189451020507,0.0,5706.0,1.08974,1.0319695695128905,1.1341423413193517,G,-1.2872022899650117,3
5989.01,tess,NON_HABITABLE,3.5242338,1035.3989982,271.6138825,6.8669657,0.07323413351643085,0.0,6173.0,1.07955,1.11119770410986,1.524633091357046,F,-1.2281991235061271,3
5990.01,tess,NON_HABITABLE,2.2203819,522.1793937,17.5711392,700.9622566,1.5312300227190465,0.0,5626.0,1.00018,0.9747931942509963,0.9029214151429393,G,0.9110220199430339,3
5991.01,tess,NON_HABITABLE,1.6279088,1077.1479991,318.1431068,7.0893162,0.07577870324826778,0.0,5983.0,1.24177,1.1550831862238455,1.7801354489764265,G,-1.2316640647512045,3
5992.01,tess,NON_HABITABLE,11.980977,908.6681834,161.117342,8.0276821,0.07813799015331381,0.0,5368.0,1.12772,0.9876130639850563,0.9513652941691512,G,-1.1995317184848806,3
5993.01,tess,NON_HABITABLE,7.1843683,795.8922782,94.828344,28.5410557,0.20327717112056506,0.0,6197.21,1.64162,1.3756444736757636,3.581169122920038,F,-1.1618953794009381,3
5994.01,tess,NON_HABITABLE,3.7927661,607.6515119,32.2210236,7.9726644,0.06700606093660141,0.0,4564.61,0.637495,0.631416238014493,0.15895089787524533,K,-1.0783058414109872,3
5995.01,tess,NON_HABITABLE,15.6817806,1082.7227478,324.7805755,6.2468813,0.08407635722521715,0.0,4643.39,6.3787198,2.0317749517098993,17.04128766747169,K,-1.281872945907759,3
5996.01,tess,NON_HABITABLE,12.6721874,715.7032239,62.0087384,109.0502946,0.5767388556866728,0.0,8953.0,1.92506,2.1521096611463246,21.451496184485787,A,-1.138319874591651,3
5997.01,tess,NON_HABITABLE,1.5874236,730.2379204,67.2014321,5.655018,0.05462075128061563,0.0,4674.0,0.704768,0.6798067523197792,0.21357081057106406,K,-1.1470463848052248,3
5998.01,tess,NON_HABITABLE,3.093161,557.8740267,22.8910424,9.3380252,0.07316354670133272,0.0,4066.0,0.723481,0.5991762864287107,0.12888977570226587,K,-1.0290691724305192,3
5999.01,tess,NON_HABITABLE,2.87691,852.0,87.7838,6.8834027,0.07480429638427372,0.0,6133.77,1.23,1.1785654904178604,1.9293671573124762,F,-1.235719188290153,3
6000.01,tess,NON_HABITABLE,1.015263,1022.913907,258.7481981,0.4489589,0.008192624531160415,0.0,3419.0,0.377509,0.3639455665353523,0.017544691384301377,M,-1.2246968804527616,3
6001.01,tess,NON_HABITABLE,16.7208629,1590.5768607,1512.6541471,3.003901,0.044317421130020046,0.0,6052.0,1.50633,1.2868640238451685,2.7423989809130354,F,-1.273059586676406,3
6002.01,tess,POTENTIALLY_HABITABLE,1.5489482,296.3966212,1.8239545,10.9048392,0.06288114313293909,0.0,3272.0,0.242121,0.2789351222156794,0.006053587277355162,M,-0.19605837012059957,3
6003.01,tess,NON_HABITABLE,2.9189614,1287.6680247,649.7355768,5.8599392,0.06958021716749913,0.0,6149.0,1.5092,1.3087345534529424,2.933636331921907,F,-1.2539535651395393,3
6004.01,tess,NON_HABITABLE,2.1083189,411.7798487,6.7948733,9.8786838,0.06863652384776855,0.0,3759.27,0.460619,0.4420263106815957,0.038176181110357574,K,-0.8257873133674233,3
6005.01,tess,NON_HABITABLE,3.563467,536.1746979,19.5319797,16.1455898,0.11175818684605071,0.0,4816.0,0.732995,0.7143493632038984,0.26040099999651045,K,-1.0080981158072593,3
6006.01,tess,NON_HABITABLE,2.6163105,986.1732636,223.5290118,2.5080815,0.032115195460080556,0.0,4715.0,0.739515,0.7024717575509247,0.24350925586220262,K,-1.22024611504693,3
6007.01,tess,NON_HABITABLE,2.8632815,106.5435861,0.030453,949.7905952,1.3874902836586624,0.0,3500.0,0.424371,0.39501589452530855,0.024347719171943276,M,3.0,3
6008.01,tess,NON_HABITABLE,1.2465478,649.3272227,42.012202,0.8573727,0.011276233867710525,0.0,3098.0,0.235048,0.26021562516656144,0.004584938180191002,M,-1.0804217187304606,3
6009.01,tess,NON_HABITABLE,11.5208,2594.0,7523.43,1.5500607,0.033653446676349834,0.0,8552.3,2.04,2.1162729850806308,20.05795960089957,A,-1.29958688467246,3
601.01,tess,NON_HABITABLE,11.3342,1229.0,379.541,3.477756,0.05561741903330841,0.0,6221.0,3.1,1.8976439309837265,12.96757902708814,F,-1.288656703428051,3
6010.01,tess,NON_HABITABLE,6.12033,1658.0,1255.21,0.5868508,0.01470326146276957,0.0,5842.0,1.48,1.2313062613306376,2.298605024320368,G,-1.296577176314038,3
6011.01,tess,NON_HABITABLE,14.5204,1010.0,172.957,2.3179699,0.03594210280723792,0.0,5770.0,1.33,1.1528566557735707,1.7664495761252037,G,-1.2726716735030081,3
6012.01,tess,NON_HABITABLE,7.2826036,809.6830845,101.5736987,16.2117629,0.1314624793124863,0.0,6119.0,1.18343,1.1532551907031923,1.7688934427971348,F,-1.1737119427766534,3
6013.01,tess,NON_HABITABLE,12.3569361,1237.7606776,554.7122128,3.2573898,0.043144519412085705,0.0,5698.38,1.0461299,1.009759370727471,1.0396126820209663,G,-1.2516235514704952,3
6014.01,tess,NON_HABITABLE,17.7001932,1730.9375747,2121.5175266,2.5199146,0.039806962015561005,0.0,6116.0,1.56419,1.3252136692061833,3.084207773490666,F,-1.278703190828318,3
6015.01,tess,NON_HABITABLE,13.8395402,1406.737585,925.4934848,4.304829,0.05621364171908796,0.0,6001.0,1.51284,1.2787740181384502,2.674085044717139,F,-1.2625649665602927,3
6016.01,tess,NON_HABITABLE,14.9702,1382.0,606.797,4.0236805,0.05348277739932205,0.0,5807.0,1.57,1.2605942731847655,2.5252322043896664,G,-1.2635570841205048,3
6017.01,tess,NON_HABITABLE,14.717643,1839.3305452,2704.955558,2.5079177,0.0405417172853557,0.0,6207.39,1.72725,1.413384455160235,3.990627968480925,F,-1.28197238175066,3
6018.01,tess,NON_HABITABLE,1.902342,1031.2997377,267.3379607,2.3322524,0.030947760329775337,0.0,4983.53,0.708945,0.7269708995403723,0.2792981802161033,K,-1.229234458535758,3
6019.01,tess,NON_HABITABLE,12.189719,1013.8009423,249.6501113,14.5478626,0.12906200620549896,0.0,5559.5,1.9794101,1.3551185899515352,3.3721680744679676,G,-1.2130776466399917,3
602.01,tess,NON_HABITABLE,27.7781976,2010.4751747,3861.142775,11.0998745,0.1391360525944796,0.0,10633.0,2.5065,2.9165091677594073,72.35247364498872,B,-1.2873989395989807,3
6021.01,tess,NON_HABITABLE,17.7163979,1869.4111277,2886.2922002,2.0319883,0.03457471760211279,0.0,6161.0,1.56523,1.3354079826500649,3.1802105350253385,F,-1.2832221061910056,3
6022.01,tess,NON_HABITABLE,17.7947707,597.0685598,30.0343207,1.9281092,0.021240882708435927,0.0,3264.0,0.369847,0.34390213959609056,0.013987481051841735,M,-1.062412634120217,3
6022.02,tess,NON_HABITABLE,2.4829303,642.7614652,40.3385544,1.5454492,0.018328262612120175,0.0,3264.0,0.369847,0.34390213959609056,0.013987481051841735,M,-1.0963548677576826,3
6025.01,tess,NON_HABITABLE,8.97675,3126.0,15853.1,1.0222806,0.0261990157017437,0.0,8448.0,2.46,2.2955942926228934,27.770298328574146,A,-1.3030913145983731,3
6026.01,tess,NON_HABITABLE,1.28307,1211.0,357.418,1.2757761,0.020432269313610783,0.0,4540.4,0.79,0.6991676703461486,0.23896007885247209,K,-1.2523357092755318,3
6027.01,tess,NON_HABITABLE,24.2892126,1055.5743901,293.4109933,2.8406462,0.03599998942306019,0.0,4389.0,1.02903,0.7713531839786221,0.35400802417991645,K,-1.226551802238729,3
6028.01,tess,NON_HABITABLE,11.6470757,1164.2236638,434.1768781,5.7238582,0.0659805222994247,0.0,6086.0,1.23052,1.1696339454260825,1.8715431992756266,F,-1.2434708511148214,3
6029.01,tess,NON_HABITABLE,11.022,1484.0,806.794,5.7998626,0.07418242316797588,0.0,5852.0,2.55,1.6190046095196207,6.87056323318501,G,-1.2709373941371618,3
603.01,tess,NON_HABITABLE,7.89958,942.0,131.122,16.1798603,0.13681986373089558,0.0,5900.8,1.63,1.3052039360985743,2.902107524833156,G,-1.1992507349779085,3
6030.01,tess,NON_HABITABLE,15.3898195,2383.7563437,7630.771499,1.7442831,0.034253049878254484,0.0,8039.0,1.6008,1.7621555581009167,9.642218666919419,A,-1.294740099765987,3
6031.01,tess,NON_HABITABLE,20.6364944,1676.1615458,1865.4537814,2.1499907,0.03497207448488058,0.0,6340.0,1.2630399,1.2344442202463113,2.322126542024294,F,-1.2783129652532426,3
6032.01,tess,NON_HABITABLE,4.8405988,1540.7755679,1331.9212095,7.3723906,0.08819303930325674,0.0,6083.0,2.5524099,1.6837077241578038,8.036497557664442,F,-1.2670660920640147,3
6033.01,tess,NON_HABITABLE,11.1154985,882.4917606,143.3387586,18.0401494,0.14771506788287755,0.0,6345.0,1.4445699,1.3212183130425335,3.0471816109239596,F,-1.1933156054244145,3
6034.01,tess,NON_HABITABLE,12.1450869,661.8718403,45.3541068,2.5761796,0.028047576511148434,0.0,3628.0,0.497905,0.4435210121839953,0.03869517355559872,M,-1.1134294728029994,3
6036.01,tess,NON_HABITABLE,17.8406,1524.0,897.345,6.5234669,0.07968046073470796,0.0,6409.0,2.04,1.5859118086809123,6.32580982603275,F,-1.2662797160116048,3
6038.01,tess,NON_HABITABLE,4.615,1455.0,744.793,5.8267724,0.07072896643864243,0.0,6305.0,1.62,1.3903248197654414,3.7365010018357894,F,-1.2595131259658432,3
6040.01,tess,NON_HABITABLE,15.6608,1813.0,1793.79,3.4926045,0.05184999138781729,0.0,6558.7,1.8,1.5245009401276373,5.401455295892833,F,-1.2791951775728554,3
6041.01,tess,NON_HABITABLE,4.39378,566.0,17.1449,1094.062167,1.972983634708076,0.0,5359.0,0.85,0.8559864647718742,0.5368680881291371,G,2.40127082045332,3
6042.01,tess,NON_HABITABLE,18.0417,1048.0,200.285,7.7966237,0.1131312839067306,0.0,9434.0,3.78,3.177718697961526,101.9675061184576,A,-1.2945022757290785,3
6043.01,tess,NON_HABITABLE,12.7803657,1423.5425881,970.5163576,2.6452121,0.03840336452289106,0.0,5596.0,1.2406,1.0798595459904503,1.3597813716426566,G,-1.2645532806233035,3
6044.01,tess,NON_HABITABLE,2.1962137,1482.7274023,1142.2633882,2.2538642,0.034556447882559425,0.0,5957.0,1.10261,1.0837079046345424,1.3792689661671556,G,-1.2693896296910512,3
6045.01,tess,NON_HABITABLE,11.8138164,1458.8996447,1070.588751,7.4826325,0.08769687189305315,0.0,6128.0,2.2911999,1.6070297809440464,6.66953721448372,F,-1.2631415695934693,3
6046.01,tess,NON_HABITABLE,12.9118144,1223.7992852,530.104856,3.413702,0.04467380086994689,0.0,5845.0,1.01592,1.0206761062381455,1.085304972179933,G,-1.2508412144560321,3
6047.01,tess,NON_HABITABLE,14.7083576,1360.0729581,808.6671936,2.0814345,0.03139074939953758,0.0,5583.0,0.9697,0.9524890754230133,0.8230761414149673,G,-1.2622554933446017,3
6048.01,tess,NON_HABITABLE,5.5323212,1410.9076511,936.5163332,5.4928246,0.06833714420238866,0.0,6235.0,1.70647,1.4111054339067348,3.9649512963458178,F,-1.26264303624292,3
6049.01,tess,NON_HABITABLE,9.5731365,762.1896249,79.7577939,10.8614911,0.09363361942099795,0.0,5663.55,0.895095,0.9283184503341145,0.7426564009374491,G,-1.1601942869260293,3
605.01,tess,NON_HABITABLE,16.52,1437.3248358195406,1009.39,3.3840629,0.05635428665145389,0.0,8265.0,2.12,2.084896335235741,18.89460702610031,A,-1.2920750265139747,4
6050.01,tess,NON_HABITABLE,15.2816665,1475.0069316,1118.657778,5.4823596,0.0692666952131795,0.0,6243.0,1.85996,1.4750910050488815,4.734512406610434,F,-1.266068772630195,3
6051.01,tess,NON_HABITABLE,22.5941886,1513.8331768,1241.1751658,3.9200919,0.05419786428188896,0.0,6574.32,1.47238,1.382084102769823,3.648697728914997,F,-1.2708377178618164,3
6052.01,tess,NON_HABITABLE,14.9544789,1391.5756101,886.2336482,4.01357,0.05277114396773336,0.0,5679.0,1.53012,1.2170496398001602,2.193982547861907,G,-1.260840572748083,3
6053.01,tess,NON_HABITABLE,10.3424055,2460.5462963,8662.5781435,2.2118281,0.04146106586065256,0.0,7690.0,2.12813,1.9435651107025778,14.269093293214912,A,-1.2948158223489223,3
6054.01,tess,NON_HABITABLE,2.5277726,1221.8268955,526.6956422,7.4903271,0.08268955904547917,0.0,6111.67,1.61211,1.344407448620992,3.2668082219936125,F,-1.2468890030152469,3
6054.02,tess,NON_HABITABLE,2.7981797,1028.0064164,263.9394474,12.5759948,0.1168095595460147,0.0,6111.67,1.61211,1.344407448620992,3.2668082219936125,F,-1.2208710250623707,3
6055.01,tess,NON_HABITABLE,19.5460599,1092.8518572,337.1057655,0.8497194,0.013923697935739754,0.0,3493.0,0.679269,0.4987617737170888,0.06188318287047885,M,-1.2328007137213657,3
6056.01,tess,NON_HABITABLE,12.6079161,1039.1796205,275.6027117,3.1420495,0.0391468813896518,0.0,4996.0,0.877202,0.8106733828134937,0.43190044896193447,K,-1.2278455433042348,3
6057.01,tess,NON_HABITABLE,8.6575486,1379.8484358,856.7350684,10.327438,0.11123193226712443,0.0,6402.35,2.4084699,1.7214075416875794,8.780814556553617,F,-1.258207901172284,3
6058.01,tess,NON_HABITABLE,3.89751,1626.0,1161.29,2.3673691,0.030000904317675263,0.0,4403.0,0.71,0.6427639891076837,0.17068924192648116,K,-1.2098609975064494,3
6059.01,tess,NON_HABITABLE,2.19947,920.0,118.939,6.3667329,0.06404865969734487,0.0,5413.7,0.85,0.864723628351464,0.5591255063628308,G,-1.1918890955604657,3
6060.01,tess,NON_HABITABLE,8.3102,1624.0,1156.25,3.3906311,0.05916739271004922,0.0,7373.8,3.54,2.403624724292374,33.37848728275448,F,-1.2958285495830086,3
6061.01,tess,NON_HABITABLE,1.51687,966.0,144.968,8.1309123,0.07812437954045438,0.0,5639.0,0.97,0.9621917731172598,0.8571297262533142,G,-1.1936407160628086,3
6062.01,tess,NON_HABITABLE,2.68623,950.0,135.613,8.2125318,0.0804106827603698,0.0,5936.0,1.0,1.0284130284130284,1.1185883178595153,G,-1.2051569672939262,3
6063.01,tess,NON_HABITABLE,17.3594,2327.0,4869.36,2.1142179,0.05185793736128751,0.0,10207.0,5.54,4.162235746176637,300.1281276236981,B,-1.305817762187795,3
6064.01,tess,NON_HABITABLE,13.4962,807.0,70.5288,15.3058859,0.1399015918434073,0.0,6803.6,1.75,1.5593064466353992,5.911883913164767,F,-1.230641025850968,3
6065.01,tess,NON_HABITABLE,4.6173,2135.0,3451.52,8.2065998,0.08539540883036263,0.0,6061.0,1.38,1.2335521222178982,2.3154212734808293,F,-1.2325959503582582,3
6066.01,tess,NON_HABITABLE,1.87367,2049.0,2928.12,1.8330979,0.032868840188909475,0.0,6335.0,1.65,1.4098154606002007,3.950472797307147,F,-1.28715117648457,3
6067.01,tess,HABITABILITY_ZONE,2.89746,299.0,1.3372,87.2129046,0.40823814687626114,0.0,6236.0,1.22,1.1933276386552278,2.027863870804179,F,-0.9148311019030076,3
6068.01,tess,NON_HABITABLE,2.81276,872.0,96.346,10.66839,0.1051389800373559,0.0,6718.0,1.37,1.3623037768574922,3.44425932308556,F,-1.231862947287388,3
6070.01,tess,NON_HABITABLE,2.7531721,672.3725733,48.3015382,9.5128916,0.08013093132796004,0.0,4998.0,0.767312,0.7585005926629642,0.33099672585589973,K,-1.1179816344102185,3
6071.01,tess,NON_HABITABLE,10.9418064,1013.0874521,248.9480604,5.3664457,0.05923435796006063,0.0,5358.0,1.07573,0.9627821438127582,0.8592352948031071,G,-1.221870134581492,3
6072.01,tess,NON_HABITABLE,14.7244708,1213.2274319,512.0234924,3.691559,0.04726392599049622,0.0,5720.0,1.0878299,1.0335945297728217,1.1413026055241562,G,-1.248967823326351,3
6073.01,tess,NON_HABITABLE,15.0466879,1487.0514371,1155.6463869,3.2687063,0.04623149827691881,0.0,6007.22,1.40537,1.2337937163801715,2.3172357298357573,F,-1.2680853033735284,3
6074.01,tess,NON_HABITABLE,1.5690907,803.406097,98.4603771,12.1324506,0.10415898536320727,0.0,5865.0,1.0159301,1.0241736732117777,1.100257738327549,G,-1.1730835864505809,3
6075.01,tess,HABITABILITY_ZONE,1.7373781,203.5682958,0.4058463,832.9236254,1.4761784960614275,0.0,4193.0,0.725064,0.6185669490400737,0.1464019445328462,K,3.0,3
6076.01,tess,HABITABILITY_ZONE,5.3917254,259.5261864,1.0721258,720.5742399,1.7398569738564351,0.0,6665.4,1.37318,1.3532051110254946,3.3531618604350055,F,-0.00042190677290398414,3
6077.01,tess,NON_HABITABLE,2.9944585,796.3320731,95.0381191,2.2111104,0.026847519458839706,0.0,3761.0,0.656735,0.5280464072429232,0.0777478464630653,K,-1.1772386697462103,3
6078.01,tess,NON_HABITABLE,2.23934,677.0,35.0646,9.6703611,0.08372929116287732,0.0,5212.0,0.86,0.8373891129335344,0.49171022672829484,G,-1.1453739572166142,3
6078.02,tess,NON_HABITABLE,3.89809,949.0,135.17,25.0882806,0.15808702231411473,0.0,5212.0,0.86,0.8373891129335344,0.49171022672829484,G,-0.9992242862945397,3
6079.01,tess,NON_HABITABLE,7.5126605,496.9023128,14.4080456,104.2892798,0.4789468850130641,0.0,6501.0,1.43159,1.3476067314235685,3.2980154560911448,F,-0.9464576623344262,3
608.01,tess,NON_HABITABLE,14.221,3861.7186566024407,52597.1,1.1908287,0.02720256879454948,0.0,7471.9,2.14,1.8937019010066085,12.860162625616425,F,-1.2994886379013155,4
6080.01,tess,NON_HABITABLE,3.3778836,919.3282171,168.8120184,8.0555716,0.07901565788448722,0.0,5680.0,1.06221,1.0142084068755852,1.0580564147190488,G,-1.2040704065017345,3
6081.01,tess,NON_HABITABLE,12.4048291,1109.4957891,358.1159257,7.8864218,0.08265718396840893,0.0,5597.0,1.56051,1.211329412431818,2.1530248875955436,G,-1.2323039293604334,3
6082.01,tess,NON_HABITABLE,1.31196,1048.0,200.507,3.5941651,0.04829157601017787,0.0,5694.0,1.39,1.163050414792252,1.8297601378730268,G,-1.2607393476814095,3
6086.01,tess,NON_HABITABLE,0.9650619,604.3465776,31.5257386,1.3888584,0.01611671452512945,0.0,3300.0,0.256456,0.2895303194769297,0.007027101041406689,M,-1.0449623653767528,3
6088.01,tess,NON_HABITABLE,2.6996251,793.897973,93.8814469,9.2866733,0.08384292390247629,0.0,5511.0,0.911823,0.9117155455614063,0.6909353929937331,G,-1.1709244150424578,3
6089.01,tess,NON_HABITABLE,4.1549554,1550.1353571,1364.5815362,3.2135636,0.046068148754530885,0.0,5772.0,1.59521,1.2630162310912714,2.5446949441,G,-1.27014097545598,3
609.01,tess,NON_HABITABLE,21.4073,908.0,112.974,4.9699991,0.05862850264751996,0.0,5759.0,1.19,1.0884142943206354,1.4033853778585632,G,-1.2417335906829814,3
6090.01,tess,NON_HABITABLE,11.5403605,1113.8502354,363.7711103,4.7080353,0.05531611864826648,0.0,5490.0,1.14715,1.0187230358820667,1.0770218324470076,G,-1.2364808600345265,3
6091.01,tess,NON_HABITABLE,2.4406793,605.8924433,31.8495386,5.1855507,0.04738518832941992,0.0,3921.0,0.603804,0.527859707480069,0.07763794848585497,K,-1.0755572374745486,3
6093.01,tess,NON_HABITABLE,7.85938,2380.0,5327.83,1.2710408,0.02489427645490262,0.0,6004.0,1.5,1.2739723159797471,2.634146729301403,F,-1.2888033300156405,3
6095.01,tess,NON_HABITABLE,1.86733,1187.0,329.608,2.1613171,0.030560021002197523,0.0,5260.0,0.8,0.8150878421101104,0.44138509235652934,G,-1.2465460160200998,3
6097.01,tess,NON_HABITABLE,10.2362,2157.541702915092,5124.79,1.1256838,0.025528503243466973,0.0,7433.0,1.85,1.751554578853613,9.412276967624692,F,-1.2984749329603462,4
6098.01,tess,NON_HABITABLE,2.11652,1048.0,200.856,2.7297541,0.03832910092739317,0.0,5599.3,1.08,1.0081363915613737,1.0329449303786131,G,-1.2579657537775935,3
6099.01,tess,NON_HABITABLE,1.80945,785.0,63.339,5.2887576,0.052538463803838524,0.0,4610.0,0.75,0.6916800262380912,0.2288869007729601,K,-1.1585896060981398,3
6100.01,tess,NON_HABITABLE,3.2034237,1447.8874391,1038.6284238,1.2280156,0.021137590380669244,0.0,5223.0,0.852493,0.8354858793240435,0.4872551710951747,G,-1.2682080686357247,3
6101.01,tess,NON_HABITABLE,15.3206915,1689.3374258,1924.8044588,1.3328252,0.02371295548383027,0.0,5595.4,1.0670201,1.0013620224145696,1.0054592303988452,G,-1.2773499637214043,3
6102.01,tess,NON_HABITABLE,12.0561316,1040.908324,277.4411832,5.3708293,0.06024591081563889,0.0,5878.0,0.986176,1.0113010866401475,1.0459764234802842,G,-1.22875516400697,3
6103.01,tess,NON_HABITABLE,13.8082328,1596.416451,1534.9908103,3.2422424,0.04793761898908685,0.0,7069.0,1.30309,1.398037643098329,3.820106414277001,F,-1.2761396086514245,3
6104.01,tess,NON_HABITABLE,17.4517774,1844.7784392,2737.1453387,6.4095555,0.08438770376708563,0.0,6316.0,3.18048,1.9514711419036184,14.502688985687408,F,-1.2794025145557661,3
6105.01,tess,NON_HABITABLE,14.4173412,1516.5077563,1249.9698719,3.1122458,0.04348962546319103,0.0,6176.8,1.1207401,1.1328950328397076,1.6472468683820003,F,-1.2632416764389267,3
6106.01,tess,NON_HABITABLE,14.8362261,973.5018496,212.2599833,6.4240944,0.06746460721016845,0.0,5618.0,1.04006,0.992623629618216,0.9708193810554245,G,-1.2155735563571841,3
6107.01,tess,NON_HABITABLE,23.926255,2670.8488477,12025.9181554,3.7899018,0.06186673138881968,0.0,7810.0,2.64206,2.19935861867933,23.398294230653118,A,-1.2923158450015955,3
6108.01,tess,NON_HABITABLE,12.5321785,1330.1277094,739.7659967,3.8783341,0.05067037770939596,0.0,5748.0,1.34253,1.1538581890140445,1.7725959246879126,G,-1.2574897363448057,3
6109.01,tess,NON_HABITABLE,4.04578,786.0,63.3913,8.5386633,0.07936100535214584,0.0,5416.1,0.95,0.9145809572231434,0.6996625333349442,G,-1.1791790754111278,3
6109.02,tess,NON_HABITABLE,3.92346,700.0,39.9451,5.6952223,0.06058349941972138,0.0,5416.1,0.95,0.9145809572231434,0.6996625333349442,G,-1.2101190484700735,3
611.01,tess,NON_HABITABLE,5.30134,2207.0,3942.66,3.1471655,0.03818228403734667,0.0,4869.0,0.79,0.7497681673234512,0.3160152137150122,K,-1.2163307870216573,3
6110.01,tess,NON_HABITABLE,8.66923,829.0,78.6048,1.2541235,0.017615847979540748,0.0,3642.0,0.54,0.46367160307777205,0.046221282940033095,M,-1.1970134870300864,3
6111.01,tess,NON_HABITABLE,12.1719,711.0,42.4777,5.8340292,0.06376787345645245,0.0,5698.0,1.06,1.016363488276922,1.0670781334924906,G,-1.2248628485690878,3
6112.01,tess,NON_HABITABLE,7.26339,1444.0,721.952,1.8859353,0.0336045742822891,0.0,6556.9,1.57,1.4233839486559652,4.104764598639035,F,-1.2870831423142708,3
6113.01,tess,NON_HABITABLE,20.0897,1817.0,1810.88,4.9218915,0.0683537525623767,0.0,6178.0,2.7,1.7587473805961105,9.567838906388305,F,-1.2794867482932373,3
6114.01,tess,NON_HABITABLE,8.74683,831.0,79.5224,8.9539287,0.08747280453720323,0.0,5943.0,1.17,1.1137105628941002,1.538471143750711,G,-1.212745959641183,3
6115.01,tess,NON_HABITABLE,17.9469,1092.0,236.183,3.5529033,0.04991535327776826,0.0,6389.0,1.41,1.3143654122329391,2.984451242585702,F,-1.2701208986529287,3
6117.01,tess,NON_HABITABLE,11.5656,1143.0,283.77,9.866312,0.10017257414639831,0.0,6209.0,1.64,1.377581371802514,3.601380807482762,F,-1.2371920918647927,3
6118.01,tess,NON_HABITABLE,16.1625,2204.0,3924.24,4.6474314,0.06950748223557296,0.0,6455.0,3.44,2.0741929102018286,18.509580748308398,F,-1.2876764808642804,3
6119.01,tess,NON_HABITABLE,16.5857,1316.0,498.042,4.2070367,0.0571403154480397,0.0,6437.0,1.59,1.4062280251309134,3.9104163085316626,F,-1.270118218258909,3
612.01,tess,NON_HABITABLE,5.5813,2409.0,5597.87,0.9136081,0.021149568906366448,0.0,7126.0,1.5,1.512046422996615,5.227096290452236,F,-1.297193742076402,3
6120.01,tess,NON_HABITABLE,12.6797,1140.0,280.388,2.1350899,0.029592262655722533,0.0,4894.0,0.8,0.7583726044271636,0.33077337486032865,K,-1.2390281887930277,3
6121.01,tess,NON_HABITABLE,13.1247,1420.0,675.152,4.2916798,0.05731480355551518,0.0,6725.0,1.37,1.3637232657586533,3.4586371285313975,F,-1.2674676632580248,3
6122.01,tess,NON_HABITABLE,15.7213,1777.0,1656.67,4.6107024,0.06386675124515222,0.0,6391.0,2.18,1.6348230107060233,7.143038118401495,F,-1.2770082205450632,3
6123.01,tess,NON_HABITABLE,19.554,1597.0,1082.21,4.0833335,0.05555184678663063,0.0,6298.6,1.58,1.3716592920950486,3.539851143321025,F,-1.269249189645004,3
6124.01,tess,NON_HABITABLE,12.7345,1119.0,260.51,2.8474853,0.036764295505104384,0.0,5149.0,0.84,0.8175912076690097,0.4468325988713938,K,-1.2341414614457806,3
6125.01,tess,NON_HABITABLE,12.0547,1064.0,213.379,2.3107907,0.0312970167739486,0.0,4767.0,0.86,0.7658929204440058,0.3440901340903383,K,-1.2364085304611563,3
6126.01,tess,NON_HABITABLE,14.5353,1163.0,304.256,7.1603723,0.07810729229628256,0.0,5767.0,1.54,1.2398923755445126,2.363393069374881,G,-1.2399188856070815,3
6127.01,tess,NON_HABITABLE,11.0925,1281.0,448.269,6.9191027,0.07845280384034337,0.0,5922.0,1.72,1.3455700256727805,3.2781227843793244,G,-1.250223043363557,3
6128.01,tess,NON_HABITABLE,10.3672,1094.0,237.971,4.5016419,0.059126451530054976,0.0,5713.2,1.89,1.3607677474231654,3.428751643236626,G,-1.2659345111591043,3
6129.01,tess,NON_HABITABLE,17.1637,1121.0,262.966,5.0310168,0.05977729646843652,0.0,5656.1,1.32,1.125842716045868,1.6066115674045836,G,-1.2449443005320027,3
613.01,tess,NON_HABITABLE,9.22083,1336.0,529.373,0.7784962,0.01793030847868367,0.0,4949.2,2.19,1.2689097641463394,2.592525023759098,K,-1.2945953435217705,3
6130.01,tess,NON_HABITABLE,14.5439,1351.0,553.561,2.3927114,0.036339109300680086,0.0,5967.0,1.17,1.118208132052683,1.5634737181249452,G,-1.2698885034515297,3
6131.01,tess,NON_HABITABLE,13.9066,1745.0,1540.79,2.5530138,0.04152131241970674,0.0,6286.0,1.81,1.4651677193330794,4.608391498563843,F,-1.2832856698921307,3
6132.01,tess,NON_HABITABLE,14.443,681.0,35.8015,18.8155978,0.14042548482301273,0.0,5641.0,1.14,1.043475371096823,1.1855743968152463,G,-1.1321940892954314,3
6134.01,tess,NON_HABITABLE,14.7013,1619.0,1141.48,4.679209,0.062361051430729564,0.0,6600.0,1.67,1.4776645303172655,4.76763934103366,F,-1.2705803841081114,3
6135.01,tess,NON_HABITABLE,13.4185,1522.0,891.85,3.1106751,0.04282977057426577,0.0,5660.5,1.22,1.0831993423040278,1.376681735306215,G,-1.259633258233227,3
6136.01,tess,NON_HABITABLE,12.2764,914.0,116.092,3.9779111,0.047401892131250095,0.0,5494.0,0.89,0.8979607127428791,0.650173619090396,G,-1.2289205557649,3
6137.01,tess,NON_HABITABLE,21.8226,984.0,155.949,0.520403,0.008846010797097,0.0,3112.0,0.4,0.3409912709093554,0.013519886516801758,M,-1.2050888241889914,3
6138.01,tess,NON_HABITABLE,5.19023,930.0,124.326,9.7824078,0.08909705869283545,0.0,5749.0,0.98,0.986004788471595,0.945183423182831,G,-1.183635142024025,3
6139.01,tess,NON_HABITABLE,16.2977,1007.0,170.744,10.3299557,0.10805214713542992,0.0,6486.0,1.97,1.5771889838123987,6.187781076658994,F,-1.2500757153983972,3
6140.01,tess,NON_HABITABLE,12.8496,1328.0,517.706,3.4742682,0.04806897887151613,0.0,6121.0,1.34,1.2275761899164757,2.270878115592909,F,-1.265979664491552,3
6141.01,tess,NON_HABITABLE,16.2086,1173.0,315.217,2.6607389,0.03981166924474419,0.0,6090.2,1.27,1.1890690989830979,1.999071704209522,F,-1.271135258993636,3
6142.01,tess,NON_HABITABLE,10.077,810.0,71.7847,4.9564809,0.05564191177064195,0.0,5511.0,0.96,0.9354911969839289,0.7658766350328254,G,-1.2223141487391538,3
6144.01,tess,NON_HABITABLE,10.9141,1273.0,436.742,6.3765906,0.07274147197493676,0.0,5433.0,1.8,1.2628437964403698,2.543305559794189,G,-1.2470783397677616,3
6145.01,tess,NON_HABITABLE,11.9626,1347.0,547.02,3.9921399,0.05230343932112514,0.0,5885.0,1.38,1.1977320968903369,2.0579686365841217,G,-1.2596932409760617,3
6146.01,tess,NON_HABITABLE,14.6817,1541.0,937.58,4.5803096,0.0610739654881614,0.0,5770.0,2.1,1.4486355479125619,4.4038909100074335,G,-1.2698323092972008,3
6148.01,tess,NON_HABITABLE,11.1765,1109.0,251.431,8.3753156,0.09050642104320442,0.0,6134.6,1.76,1.4099907442075008,3.952437826894293,F,-1.2471992284055244,3
6149.01,tess,NON_HABITABLE,8.52588,1136.0,277.264,13.3562254,0.11691905534092283,0.0,6122.0,1.27,1.1952778273249687,2.041152500154298,F,-1.197152513826778,3
615.01,tess,NON_HABITABLE,19.1536,1682.0,1329.63,4.6616079,0.06492256216533958,0.0,7437.0,1.7,1.6799483121099135,7.96496146542707,F,-1.2782381984596811,3
6150.01,tess,NON_HABITABLE,13.7943,1067.0,215.564,1.3094686,0.019044245264302415,0.0,3818.0,0.66,0.5373800871257813,0.08339236251616516,K,-1.2190511006376699,3
6151.01,tess,NON_HABITABLE,7.06395,1942.0,2365.6,1.4354814,0.02893412855437519,0.0,6008.0,2.27,1.568254455878426,6.048756762881717,F,-1.2937288682731998,3
6153.01,tess,NON_HABITABLE,14.495,1376.0,595.319,3.6720231,0.049268055950516455,0.0,6158.0,1.23,1.183221133168212,1.9600343000824914,F,-1.2614413419140722,3
6154.01,tess,NON_HABITABLE,12.3642,940.0,129.797,2.301919,0.030533112370810186,0.0,4654.0,0.79,0.7166607210358065,0.26378761950512064,K,-1.2280082319070786,3
6155.01,tess,NON_HABITABLE,11.6345,1373.0,591.525,1.6029811,0.02919567161388736,0.0,6049.0,1.52,1.2920492135814046,2.786866879530113,F,-1.2858395074363167,3
6156.01,tess,NON_HABITABLE,16.2893,662.0,32.0654,12.6885127,0.12474343006212628,0.0,7710.0,1.45,1.6084666355247503,6.6934223108411235,A,-1.2434895603462819,3
6158.01,tess,NON_HABITABLE,9.04276,453.0,7.01479,3.0444485,0.030425092211067123,0.0,3413.0,0.47,0.4053768044208032,0.02700446510195067,M,-1.05476700804895,3
6159.01,tess,NON_HABITABLE,11.2001,964.0,143.488,4.1846077,0.05161866777105508,0.0,5714.9,1.12,1.0478311966460865,1.2054946782742146,G,-1.245147032707788,3
6160.01,tess,HABITABILITY_ZONE,14.5988,388.0,3.77501,40.7401072,0.21739156952190758,0.0,5081.0,0.88,0.8257797115614292,0.4650041558048957,K,-0.870563039941159,3
6161.01,tess,NON_HABITABLE,11.2346,788.0,64.1962,5.7415661,0.06758366879339404,0.0,6051.0,1.42,1.249237471700561,2.4354544465323067,F,-1.2502566008036127,3
6162.01,tess,NON_HABITABLE,18.4423,2187.0,3803.45,1.8478843,0.03451569217577722,0.0,7218.8,1.65,1.6064997390656242,6.660742391921971,F,-1.2915109847890802,3
6163.01,tess,NON_HABITABLE,15.8848,777.0,60.6571,9.9754699,0.08909131051663105,0.0,5472.0,1.0,0.9480249480249481,0.8077539029863711,G,-1.173320898089541,3
6164.01,tess,NON_HABITABLE,10.2565,610.0,22.9867,3.6948038,0.04065319147685839,0.0,4376.0,0.75,0.6565708882468301,0.18583456285619515,K,-1.179968999152305,3
6165.01,tess,NON_HABITABLE,9.68709,648.0,29.3516,4.3172876,0.04158854897392999,0.0,3744.0,0.63,0.5148489037747311,0.07026178348605058,K,-1.093701140473754,3
6166.01,tess,NON_HABITABLE,13.3235,1696.0,1374.91,1.8021196,0.029848688543350297,0.0,6012.0,1.1,1.092418363686582,1.4241507676230227,F,-1.2754708073908867,3
6167.01,tess,NON_HABITABLE,10.6429,1316.0,498.329,6.7080688,0.07844413199942318,0.0,6174.0,1.79,1.431089575562077,4.194375161266729,F,-1.2571531908457207,3
6168.01,tess,NON_HABITABLE,14.7894,1519.0,884.118,5.0809743,0.06586150126265541,0.0,6071.2,1.97,1.4763228119830147,4.750346858789502,F,-1.2682952627097535,3
6169.01,tess,NON_HABITABLE,11.3217,858.0,90.3305,17.9661374,0.16241722425949778,0.0,6891.0,2.2,1.7707908445799103,9.832615839906556,F,-1.2385555919947715,3
6170.01,tess,NON_HABITABLE,14.9972,1582.0,1041.16,2.709631,0.04071415543527383,0.0,5838.0,1.47,1.2262991736332247,2.261443503294695,G,-1.2726287639853935,3
6171.01,tess,NON_HABITABLE,12.686,1680.0,1322.91,3.7473877,0.05408624595320519,0.0,5876.0,2.18,1.5030855908165535,5.104284184133463,G,-1.2769485538285137,3
6173.01,tess,NON_HABITABLE,18.0963,1230.0,380.113,3.8753785,0.05384626312891176,0.0,4637.0,2.98,1.3868161978182243,3.6989258216455014,K,-1.2713560994114,3
6174.01,tess,NON_HABITABLE,7.44411,1490.0,819.047,3.5257269,0.046561321609752716,0.0,5638.1,1.23,1.083325604240938,1.3773237330996886,G,-1.2552627292890193,3
6175.01,tess,NON_HABITABLE,13.6598,918.0,118.196,4.1877227,0.05057425914552498,0.0,5543.0,1.05,0.9840410272992733,0.937676048634416,G,-1.2379604542092708,3
6176.01,tess,NON_HABITABLE,12.931,636.0,27.248,9.6422713,0.07946534402549721,0.0,4799.0,0.75,0.7200374069233405,0.2687944125897567,K,-1.098694703357336,3
6177.01,tess,NON_HABITABLE,14.6814,1062.0,211.573,3.89989,0.05223261329899972,0.0,6076.0,1.41,1.2499740561476504,2.44120356996359,F,-1.2638682935948744,3
6178.01,tess,NON_HABITABLE,12.1166,825.0,77.0112,5.8878118,0.065202928214393,0.0,5925.0,1.08,1.0667776543498542,1.295077147466828,G,-1.2309763775400555,3
6179.01,tess,NON_HABITABLE,20.2585,1010.0,173.181,19.2445211,0.14941289389619608,0.0,6203.0,1.25,1.201518508699861,2.084115871651191,F,-1.167299382310679,3
618.01,tess,NON_HABITABLE,7.85756,1250.0,405.393,7.7614672,0.08478540649940651,0.0,6515.0,1.43,1.3497586407017603,3.3191315494013414,F,-1.2458024494881708,3
6180.01,tess,NON_HABITABLE,20.2394,1424.0,682.635,2.7432173,0.040623088366142125,0.0,6087.0,1.27,1.1884443212883185,1.9948734910859751,F,-1.2703026475295602,3
6182.01,tess,NON_HABITABLE,13.2499,1737.0,1511.43,4.7783263,0.06177558850032272,0.0,5622.0,2.0,1.3774616506690125,3.6001290333276703,G,-1.2650704672065056,3
6183.01,tess,NON_HABITABLE,11.1752,1091.0,235.614,8.7311119,0.09198250215040173,0.0,6047.0,1.69,1.3619369369369367,3.4405509532443235,F,-1.241596671964322,3
6184.01,tess,NON_HABITABLE,13.6892,1205.0,350.5,3.6153701,0.046343348537347874,0.0,5516.0,1.13,1.0158677114179544,1.0649975956212618,G,-1.2480506725827323,3
6185.01,tess,NON_HABITABLE,12.1724,771.0,58.7935,6.3720834,0.07445048642749906,0.0,6390.0,1.5,1.3558765987859067,3.379719527855872,F,-1.254128036921378,3
6187.01,tess,NON_HABITABLE,12.462,1216.0,363.901,5.5133822,0.06510331050889574,0.0,5785.0,1.46,1.2110260041102667,2.1508685781106265,G,-1.2487615419623075,3
6188.01,tess,NON_HABITABLE,4.75935,1189.0,331.92,4.7061119,0.054602356497520314,0.0,5660.0,1.0,0.9805959805959806,0.9246139362697108,G,-1.2316801907181325,3
6189.01,tess,NON_HABITABLE,13.0389,888.0,103.299,5.5867425,0.060628419467606734,0.0,5444.0,1.02,0.9525589896819673,0.8233178285738194,G,-1.2178520269816782,3
6190.01,tess,NON_HABITABLE,5.24582,777.0,60.7503,3.5595352,0.04488660223929009,0.0,5669.0,0.94,0.9522348271549954,0.8221976771274202,G,-1.2417165821803158,3
6191.01,tess,NON_HABITABLE,10.759,874.0,96.9264,3.7752321,0.04851334404546272,0.0,5585.0,1.22,1.068751581444748,1.304689242321754,G,-1.2514058952210572,3
6192.01,tess,NON_HABITABLE,7.13684,1035.0,190.511,3.563037,0.04086610365634776,0.0,4490.0,0.85,0.7171821658566365,0.2645561889568381,K,-1.2004392167697218,3
6193.01,tess,NON_HABITABLE,12.6737,1974.0,2522.62,2.8953095,0.04641100375218418,0.0,6526.0,1.98,1.5909383185347037,6.406389927559585,F,-1.2846713146858904,3
6194.01,tess,NON_HABITABLE,12.6434,899.0,108.749,8.6738593,0.09382620838930893,0.0,6446.0,1.72,1.4646309330440297,4.6016417940960554,F,-1.2496604785126544,3
6195.01,tess,NON_HABITABLE,7.20813,947.0,133.516,3.1989808,0.04736447729011598,0.0,6442.9,1.54,1.3852093959416925,3.681812898980028,F,-1.2759222826702379,3
6196.01,tess,NON_HABITABLE,10.1678,1588.0,1057.47,3.6119975,0.04684663764265533,0.0,5979.0,1.03,1.0512859090035753,1.2214715988867788,G,-1.251523168401729,3
6197.01,tess,NON_HABITABLE,9.77695,1351.0,553.409,3.7294859,0.04863663075589679,0.0,5719.9,1.24,1.1035015723822397,1.4828315753441603,G,-1.2548950739073355,3
6198.01,tess,NON_HABITABLE,14.0162,1801.0,1746.66,3.6166109,0.057300142282388826,0.0,8143.0,1.85,1.9188630345223965,13.557384283718152,A,-1.2884950132020143,3
6199.01,tess,NON_HABITABLE,5.75003,1592.0,1067.42,3.8311803,0.04595260235428814,0.0,5366.0,0.9,0.8819533224773141,0.6050376527433675,G,-1.2285207209199522,3
620.01,tess,NON_HABITABLE,3.0503381,538.1908458,19.827421,5.0988038,0.044938946038697386,0.0,3633.0,0.547453,0.4657067100675296,0.04703812282398824,M,-1.024365716960711,3
6200.01,tess,NON_HABITABLE,13.949,1056.0,206.861,3.1923193,0.04754446022977398,0.0,6003.0,1.83,1.4069140470995758,3.9180526097551946,F,-1.2768385609598722,3
6202.01,tess,NON_HABITABLE,12.4152,1876.293623392535,2931.18,2.8979408,0.0491721904564313,0.0,7767.0,1.97,1.8886874556384363,12.724489956168973,A,-1.290944593451531,4
6203.01,tess,NON_HABITABLE,6.78671,654.0,30.5175,25.1745344,0.1780629276242173,0.0,5776.9,1.41,1.188442252297459,1.9948595994322669,G,-1.136185826595269,3
6204.01,tess,NON_HABITABLE,13.1156,1259.0,417.756,4.0673088,0.053310073818452784,0.0,6333.0,1.24,1.2217828035274612,2.228312172821197,F,-1.2607226937303249,3
6205.01,tess,NON_HABITABLE,15.0353,1579.0,1032.67,3.9089363,0.053990796843726464,0.0,5800.0,1.87,1.3741130824814378,3.565249253655093,G,-1.2705338548862573,3
6206.01,tess,NON_HABITABLE,9.63171,832.0,79.8277,13.1471808,0.11140230767064983,0.0,5670.0,1.18,1.0670818673788154,1.296555048316595,G,-1.1751014179978534,3
6208.01,tess,NON_HABITABLE,15.6275,1584.0,1046.27,5.2266285,0.06777420399675792,0.0,6205.0,2.0,1.5203040808255466,5.342220935863036,F,-1.2695295589353677,3
6209.01,tess,NON_HABITABLE,6.17927,1256.0,414.266,0.747693,0.014810241275280685,0.0,4825.0,0.86,0.7752115253078096,0.361144398799578,K,-1.2759770896168487,3
621.01,tess,NON_HABITABLE,22.1621,2556.0,7091.97,3.1123343,0.05153021950828324,0.0,7850.0,1.92,1.884490483633498,12.611762820041788,A,-1.2899447342843702,3
6210.01,tess,NON_HABITABLE,21.4783,1529.0,908.368,7.8580085,0.09868391967691972,0.0,6406.0,3.5,2.076321657975907,18.585683463729477,F,-1.2783945283221272,3
6211.01,tess,NON_HABITABLE,10.117,694.0,38.6952,10.3473602,0.09443080031214142,0.0,5672.0,1.14,1.0492097686334303,1.211851212424933,G,-1.191716731337509,3
6212.01,tess,NON_HABITABLE,19.0899,1832.0,1872.26,3.6444426,0.05038062882580641,0.0,5407.0,1.88,1.2844256557300222,2.7216726376897338,G,-1.2678540465223191,3
6213.01,tess,NON_HABITABLE,12.2947,1587.0,1055.22,2.3921761,0.0380736163584107,0.0,5817.0,1.63,1.2866681291156123,2.7407294996307225,G,-1.2782464299665504,3
6214.01,tess,NON_HABITABLE,17.638,1338.0,533.148,7.0346299,0.09407586638466335,0.0,8294.0,2.44,2.2445672492020026,25.382271610999254,A,-1.284207475329261,3
6215.01,tess,NON_HABITABLE,15.3325,2345.0,5028.16,2.0323202,0.03818911752949809,0.0,8011.0,1.68,1.7989332548491117,10.47273708203633,A,-1.2936790547480939,3
6216.01,tess,NON_HABITABLE,10.9471,523.0,12.4858,29.5406035,0.19073178754212505,0.0,6315.0,0.94,1.0607449168255063,1.2660295341054233,F,-1.0763139730526254,3
6217.01,tess,NON_HABITABLE,17.0668,1504.0,850.609,3.0365848,0.046705563949207114,0.0,5928.0,2.06,1.4740610907769682,4.721303628450276,G,-1.2803179887360026,3
6218.01,tess,NON_HABITABLE,12.0548,743.0,50.6137,5.1570194,0.05263749108031338,0.0,4476.1,0.89,0.7315911806167458,0.2864665023655683,K,-1.1743980329089592,3
6219.01,tess,NON_HABITABLE,12.5391,1313.0,493.403,2.4784193,0.03987746436350035,0.0,6115.0,1.69,1.3772522522522521,3.597940400529126,F,-1.2809681431009117,3
622.01,tess,NON_HABITABLE,9.3002413,1274.2263616,623.0276834,6.4025295,0.0763796440348525,0.0,7056.0,1.4072,1.4501407707752363,4.422223129218825,F,-1.2598842035849978,3
6220.01,tess,NON_HABITABLE,8.79457,635.0,27.0742,19.6518502,0.15851988459798408,0.0,6359.0,1.56,1.37602017573858,3.5850829362270447,F,-1.1945554176761621,3
6221.01,tess,NON_HABITABLE,6.80252,1084.0,229.607,9.8326403,0.09617270208455794,0.0,5966.4,1.41,1.2274267953586802,2.2697728647450366,G,-1.2219627663018362,3
6222.01,tess,NON_HABITABLE,11.0911,1077.0,223.365,9.4321076,0.09747746997529136,0.0,6704.0,1.43,1.3889151077919573,3.721369618781349,F,-1.240300099054105,3
6223.01,tess,NON_HABITABLE,4.94518,708.0,41.8646,3.8553342,0.038807845138300136,0.0,3909.0,0.6,0.5245839189301731,0.0757285938524471,K,-1.11557933400613,3
6224.01,tess,NON_HABITABLE,13.1166,1438.0,711.089,1.5554236,0.025607462111630695,0.0,5318.0,1.01,0.9259396838725034,0.7350735397763847,G,-1.2687784336559436,3
6225.01,tess,NON_HABITABLE,5.09342,394.0,4.00885,8.555965,0.059710861120456316,0.0,3376.0,0.44,0.38797384934995943,0.02265738660366574,M,-0.7632110383096598,3
6226.01,tess,NON_HABITABLE,13.8034,1106.0,248.774,3.8857292,0.054243953754633534,0.0,6084.0,1.79,1.410228211486828,3.9551011402435527,F,-1.2723510748562554,3
6227.01,tess,NON_HABITABLE,15.731,790.0,64.8463,3.0922512,0.03346819692500748,0.0,3661.0,0.68,0.5230315209766547,0.07483615248904936,M,-1.1413257652979047,3
6228.01,tess,NON_HABITABLE,15.1293,1926.0,2284.74,3.3338016,0.05516114082969999,0.0,7894.0,2.17,2.014654909837289,16.474136733149734,A,-1.2912124901962478,3
6229.01,tess,NON_HABITABLE,10.6145,851.0,87.2497,4.6071277,0.04973290003943877,0.0,4928.0,0.82,0.7731278232976643,0.35727712559427777,K,-1.1952686994365807,3
6230.01,tess,NON_HABITABLE,12.0164,1419.0,673.068,4.3518774,0.05874557796892638,0.0,6496.3,1.61,1.4280804968125818,4.159209077442908,F,-1.2702428579653875,3
6231.01,tess,NON_HABITABLE,8.57154,700.0,40.0666,24.8366994,0.16853289626793197,0.0,6334.0,0.89,1.0352535774505636,1.1486479973894521,F,-1.0932141182994364,3
6232.01,tess,NON_HABITABLE,13.3007,887.0,102.929,9.8538051,0.09079456080041967,0.0,5634.0,1.11,1.0283761823210729,1.118428018867112,G,-1.1916168381379826,3
6233.01,tess,NON_HABITABLE,12.7103,1328.0,517.456,3.7069545,0.0525002907576459,0.0,6643.0,1.49,1.4048535855044868,3.8951506290981066,F,-1.2732805487849346,3
6234.01,tess,NON_HABITABLE,9.65916,1133.0,273.774,6.6283182,0.07156130992408771,0.0,5528.0,1.35,1.1127781672471206,1.5333255935288954,G,-1.2302930715933749,3
6235.01,tess,NON_HABITABLE,14.2139,717.0,43.9112,7.8209807,0.07343709126714319,0.0,5917.0,0.71,0.8637825399841391,0.5566954668275327,G,-1.174289262541869,3
6236.01,tess,NON_HABITABLE,12.7666,967.0,145.508,3.3045926,0.04667098236134969,0.0,6102.0,1.38,1.2418965599362508,2.3787110845425983,F,-1.268236999327467,3
6237.01,tess,NON_HABITABLE,15.5058,1661.0,1266.49,4.1533998,0.06068041981923827,0.0,6866.0,2.11,1.7279003966065296,8.914044899459432,F,-1.2819317994665564,3
6238.01,tess,NON_HABITABLE,9.81505,839.0,82.5797,5.7419523,0.06377099612764962,0.0,5396.0,1.26,1.0493754292636273,1.2126167546182194,G,-1.230127778488034,3
6239.01,tess,NON_HABITABLE,10.0564,968.0,146.106,6.0749198,0.06864108372761943,0.0,5643.0,1.43,1.1691002316930212,1.868129533550853,G,-1.2407272972516483,3
624.01,tess,NON_HABITABLE,20.1852,2388.0,5405.6,2.7443216,0.049302642570184074,0.0,8730.0,1.97,2.1228584379713595,20.308794143096538,A,-1.2948650004016449,3
6240.01,tess,NON_HABITABLE,11.867,2713.0,8997.74,1.1797412,0.02432086917591304,0.0,6393.0,1.55,1.3789363847876295,3.6155712503529225,F,-1.2923148076461595,3
6241.01,tess,NON_HABITABLE,4.97462,1001.0,167.006,3.7812464,0.04582597495088762,0.0,5209.0,0.99,0.8979365141871766,0.650103537509552,G,-1.2316100080133878,3
6243.01,tess,NON_HABITABLE,2.88847,1028.0,185.407,3.5653226,0.045523506751233955,0.0,5715.0,1.0,0.9901247401247402,0.961080242383584,G,-1.2459430421355384,3
6244.01,tess,NON_HABITABLE,15.4336,1349.0,551.23,2.5553078,0.03814177515853135,0.0,5739.2,1.3,1.1336962577493022,1.6519117878237888,G,-1.2690423838104825,3
6245.01,tess,NON_HABITABLE,0.9044272,419.7777463,7.3383538,3.2149937,0.027267396496421892,0.0,3106.0,0.236457,0.261668362481825,0.004688186353771747,M,-0.7610758008861188,3
6246.01,tess,NON_HABITABLE,13.8147158,1865.9861388,2865.1981035,6.7786403,0.09031703570232398,0.0,7665.0,2.5943999,2.138968043675163,20.932311304515007,A,-1.282735949268478,3
6247.01,tess,NON_HABITABLE,2.87574,810.0,72.6894,24.091624,0.18312877706304692,0.0,6675.0,1.49,1.411620906705171,3.9707480133563005,F,-1.1832812493826104,3
6248.01,tess,NON_HABITABLE,18.8912058,1424.9944393,974.4816829,3.8528933,0.052117190843743944,0.0,6306.0,1.35595,1.2721826890248245,2.6193764996236295,F,-1.2655612194992836,3
6249.01,tess,NON_HABITABLE,3.1384101,133.1248776,0.0742263,1092.002299,1.862354219863177,0.0,4813.0,0.751037,0.722637019228635,0.27269729079105576,K,3.0,3
6249.02,tess,NON_HABITABLE,2.5864246,548.952136,21.461443,15.5739143,0.10952462441595523,0.0,4813.0,0.751037,0.722637019228635,0.27269729079105576,K,-1.0208769197359722,3
625.01,tess,NON_HABITABLE,18.0112,1933.0,2320.18,4.786958,0.06806884953654453,0.0,7668.6,1.91,1.8361427679587385,11.366474598715937,A,-1.2821166634349803,3
6250.01,tess,HABITABILITY_ZONE,2.7512261,185.93669,0.2824759,1076.6094165,2.0938481803466935,0.0,5848.0,1.08752,1.0565733878522365,1.2462313476178815,G,1.2751259014034035,3
6251.01,tess,POTENTIALLY_HABITABLE,0.9705763,299.5067987,1.9017251,12.7614706,0.07183000403948875,0.0,3376.0,0.269427,0.3035964389833647,0.008495455960337876,M,-0.23585781539565165,3
6252.01,tess,NON_HABITABLE,12.0414,871.0,95.8765,2.1077445,0.02639616495537596,0.0,3954.0,0.65,0.5522897979343808,0.09303965332746729,K,-1.1906728494600312,3
6253.01,tess,NON_HABITABLE,1.3883495,830.9542977,112.6755159,9.2347348,0.07766305241805962,0.0,4902.0,0.744485,0.7327822828768928,0.2883366456891126,K,-1.1106050189163432,3
6254.01,tess,NON_HABITABLE,2.4339573,1387.7681435,876.5741465,1.5361137,0.024844254028739545,0.0,5317.0,0.885814,0.8669850482494362,0.5649973766468731,G,-1.2643891040915092,3
6255.01,tess,NON_HABITABLE,0.9617386,1256.4567156,588.9943508,0.2381823,0.005350888022165381,0.0,3423.0,0.369077,0.3602790987214651,0.016848307123111878,M,-1.2531269272359535,3
6256.01,tess,NON_HABITABLE,3.4801634,1071.8303891,311.9071042,7.9945503,0.08323490555716861,0.0,6088.0,1.30233,1.203673900685394,2.0991108585446874,F,-1.230763620891033,3
6257.01,tess,NON_HABITABLE,2.5553163,1183.0274647,462.9139946,6.5452014,0.07403897741845236,0.0,6353.0,1.31864,1.2639085615894055,2.5518939535638823,F,-1.2460647662579205,3
6258.01,tess,NON_HABITABLE,1.2151478,946.4067108,189.5973427,0.5570869,0.009446232476680014,0.0,3392.0,0.380156,0.36233513248681937,0.017236210261920966,M,-1.2107770816158279,3
6259.01,tess,NON_HABITABLE,5.6488,2052.0,2947.16,3.2376482,0.05866658069463017,0.0,10023.0,2.19,2.5697653289498827,43.608772410019604,B,-1.2976991793364248,3
626.01,tess,NON_HABITABLE,19.7441,2177.0,3731.9,4.4010465,0.06877045371111683,0.0,8489.0,2.32,2.2401350622203298,25.18238239544518,A,-1.29105564054051,3
6260.01,tess,NON_HABITABLE,2.32849,2181.0,3762.79,2.3898191,0.04309354542890802,0.0,7707.0,1.96,1.8693347193347192,12.210917272842016,A,-1.2929466802936065,3
6261.01,tess,NON_HABITABLE,8.83359,1124.0,265.101,5.4920894,0.06657489306042749,0.0,6090.0,1.53,1.3050786517677524,2.9009934115758162,F,-1.2560713305352367,3
6262.01,tess,NON_HABITABLE,2.79068,3377.0,21608.7,1.4945947,0.03319564060640002,0.0,9532.0,1.75,2.1846241768076644,22.77754652455937,A,-1.300357008671902,3
6263.01,tess,NON_HABITABLE,0.930891,1162.0,303.499,3.0178746,0.03609083135729327,0.0,4717.0,0.71,0.6886027110199737,0.22484069172508153,K,-1.2050408910218569,3
6264.01,tess,NON_HABITABLE,3.80626,1529.0,908.509,5.6928845,0.07589898532832423,0.0,6610.0,2.47,1.79979737347135,10.49287392643775,F,-1.2776498757758992,3
6265.01,tess,NON_HABITABLE,1.50725,1278.0,444.131,5.7935723,0.06881503946354367,0.0,6387.1,1.37,1.2952025086583043,2.814172453902692,F,-1.2534061667355878,3
6265.02,tess,NON_HABITABLE,1.20236,1431.0,697.716,4.1793325,0.05535077320926672,0.0,6387.1,1.37,1.2952025086583043,2.814172453902692,F,-1.264468167134149,3
6266.01,tess,NON_HABITABLE,0.986147,1227.0,376.853,2.7895524,0.03525122103433255,0.0,5039.0,0.74,0.75098955337193,0.3180794290766309,K,-1.2237978509459158,3
6267.01,tess,NON_HABITABLE,4.8141,660.0,31.6587,733.9910938,1.6502143108407135,0.0,5699.6,1.27,1.112807171614079,1.533485463225471,G,0.5267085162098185,3
6268.01,tess,NON_HABITABLE,13.8781874,1590.3293135,1511.7126877,2.8959153,0.043235057913491394,0.0,6249.0,1.4101501,1.2856325915386877,2.731916958523168,F,-1.2738914334283375,3
6269.01,tess,NON_HABITABLE,6.4637765,1154.2148636,419.4378829,4.3744614,0.05301602113231587,0.0,5677.0,1.11563,1.0388495689319592,1.1646908286274735,G,-1.242237220131186,3
6270.01,tess,NON_HABITABLE,14.8654685,1438.7795714,1012.7402087,4.2275389,0.05585317943222802,0.0,6001.0,1.56496,1.300615499242223,2.861512849983986,F,-1.2644365637488808,3
6272.01,tess,NON_HABITABLE,17.7772903,2016.7718944,3909.7422133,2.5141406,0.042412690315331535,0.0,6880.0,1.82496,1.6102332520085387,6.7228769609460395,F,-1.2873986668668869,3
6273.01,tess,NON_HABITABLE,13.6453428,1461.1955966,1077.3440583,3.052057,0.04337041080279679,0.0,5726.0,1.38708,1.1683575683252094,1.8633871859026803,G,-1.266154041094177,3
6274.01,tess,NON_HABITABLE,12.8052345,2914.7025766,17056.8166564,1.1109316,0.025149485969494834,0.0,6498.6,2.3323801,1.7194642372796662,8.741230851075862,F,-1.2982195524399616,3
6275.01,tess,NON_HABITABLE,13.4614756,1094.4656337,339.10135,6.2462252,0.06924208839912906,0.0,6132.0,1.1417201,1.1351562566708653,1.660437712987476,F,-1.235883118849767,3
6276.01,tess,NON_HABITABLE,1.0214599,664.0808611,45.9626286,6.2031608,0.05686694671003052,0.0,4633.87,0.630715,0.6375791453664632,0.16524807650222498,K,-1.1171384860811318,3
6276.02,tess,NON_HABITABLE,0.9794583,740.9408412,71.2287197,4.466068,0.04568091267253902,0.0,4633.87,0.630715,0.6375791453664632,0.16524807650222498,K,-1.1550642434630807,3
6276.03,tess,NON_HABITABLE,1.0314874,613.4104018,33.4599699,7.8708661,0.06664991002588844,0.0,4633.87,0.630715,0.6375791453664632,0.16524807650222498,K,-1.0839697783916868,3
6277.01,tess,NON_HABITABLE,14.5810502,1252.9258952,582.4015776,3.3733921,0.044539569627996226,0.0,5704.0,1.09866,1.0358213324093062,1.1511698424196046,G,-1.2527293285077652,3
6278.01,tess,NON_HABITABLE,10.611119,1156.0846131,422.1623374,7.5337657,0.08117658930521053,0.0,5869.0,1.52905,1.2573281258762208,2.4991626548415113,G,-1.2391716329958946,3
628.01,tess,NON_HABITABLE,12.1343,1586.0,1052.9,3.4076,0.04782249223166233,0.0,6174.0,1.38,1.2565502066611622,2.492983382889534,F,-1.268198912820662,3
6281.01,tess,NON_HABITABLE,2.77385,2240.0,4181.02,1.0542548,0.017758894735631317,0.0,4160.1,0.87,0.6722596950581217,0.20424352470600457,K,-1.2557846868947389,3
6282.01,tess,NON_HABITABLE,1.56473,1010.0,172.89,12.4751631,0.10851031639403604,0.0,6055.0,1.09,1.0952192638851936,1.4388128111559717,F,-1.1852638260955164,3
6283.01,tess,NON_HABITABLE,12.8776,466.0,7.89484,51.6708185,0.3242588460853067,0.0,7115.0,1.91,1.7035907198219262,8.422888710201999,F,-1.1559551047213124,3
6284.01,tess,NON_HABITABLE,0.830466,659.0,31.3617,3.4475935,0.033485179009447266,0.0,3548.0,0.47,0.4214113396088514,0.03153732624783069,M,-1.0500671641163577,3
6285.01,tess,NON_HABITABLE,10.9703,1459.0,753.001,6.8581311,0.08374942786133989,0.0,6605.0,2.12,1.6661512757691554,7.706509533053222,F,-1.268363867048655,3
6287.01,tess,NON_HABITABLE,8.61251,1456.0,747.202,1.640758,0.029996624194724573,0.0,6262.0,1.52,1.337545408405812,3.2006201813092225,F,-1.286834346469423,3
6288.01,tess,NON_HABITABLE,7.85944,491.0,9.70594,18.0370154,0.12812737669351223,0.0,5400.0,0.85,0.8625353442373803,0.5534872245218645,G,-1.0725795834497642,3
6289.01,tess,NON_HABITABLE,11.5364,1175.0,317.476,3.7077543,0.04677292404800233,0.0,5620.2,1.04,0.9929836961293891,0.9722287764520103,G,-1.2445646219296858,3
629.01,tess,NON_HABITABLE,12.3121,1937.0,2341.09,8.7179665,0.11175016918196276,0.0,9165.0,2.38,2.4495969093427403,36.00630049478224,A,-1.2842757721824059,3
6290.01,tess,NON_HABITABLE,2.74615,614.0,23.7402,17.6037996,0.12756945028775185,0.0,5265.0,0.96,0.8937327439884569,0.638014690306756,G,-1.089824298582803,3
6291.01,tess,NON_HABITABLE,15.1084,1035.0,191.054,5.2556421,0.06486520331082517,0.0,5061.0,2.26,1.3181481803698074,3.0189570735214164,K,-1.2584904975968092,3
6292.01,tess,NON_HABITABLE,5.5335,2331.0,4901.54,0.8236066,0.019222180881101808,0.0,6202.0,1.69,1.3968468468468467,3.807107737858523,F,-1.2963655101018026,3
6293.01,tess,NON_HABITABLE,9.61997,623.0,25.0292,13.3673993,0.10263335537806455,0.0,4831.0,0.93,0.8071461681628026,0.42443262285110417,K,-1.0928180478119807,3
6294.01,tess,NON_HABITABLE,9.62284,673.0,34.2291,9.288704,0.07726224214258544,0.0,4753.0,0.75,0.713135610566084,0.2586357137350806,K,-1.1005565279567582,3
6295.01,tess,NON_HABITABLE,14.786,119.0,0.0333828,1106.220834,2.3349930330365933,0.0,6199.0,1.67,1.3878852156722314,3.7103441832802413,F,0.3607810552344906,3
6296.01,tess,NON_HABITABLE,14.4033,1717.0,1446.04,4.2234273,0.059690591321725835,0.0,6696.0,1.88,1.5906258906543793,6.401359071772238,F,-1.2774274472104017,3
6297.01,tess,NON_HABITABLE,13.316,1622.0,1149.87,4.2771464,0.06038774557224125,0.0,6707.0,1.91,1.6059006265419056,6.650811976484724,F,-1.2776704859209735,3
6299.01,tess,NON_HABITABLE,6.86414,577.0,18.4286,4.7089027,0.04870426841878404,0.0,4351.7,0.85,0.6950916773181125,0.23343628015900827,K,-1.1710091678793777,3
630.01,tess,NON_HABITABLE,20.5266,1668.0,1286.54,4.9091704,0.06651196235972126,0.0,7210.5,1.7,1.6287840936491234,7.038078035372445,F,-1.275389314904773,3
6300.01,tess,NON_HABITABLE,20.1303,1448.0,731.624,2.8976822,0.04774606981777144,0.0,7006.0,2.03,1.7293855644926837,8.944731695183425,F,-1.2879404535582644,3
6301.01,tess,NON_HABITABLE,11.4874,1498.0,837.098,7.1436336,0.08464404640928198,0.0,6604.0,1.92,1.5853726310720535,6.317211627768967,F,-1.2635281929855635,3
6302.01,tess,NON_HABITABLE,12.8225,881.0,100.235,2.8465714,0.03583985119521803,0.0,4802.0,0.83,0.7579400909052482,0.33001943614950996,K,-1.2239583576799886,3
6303.01,tess,NON_HABITABLE,12.3024,488.0,9.45481,9.4852479,0.07093032983083901,0.0,3848.0,0.63,0.5291502622129182,0.0784,K,-0.9608028317185197,3
6304.01,tess,NON_HABITABLE,12.1687,1567.0,1002.22,3.645356,0.04959360328309269,0.0,5421.0,1.7,1.2245528842204976,2.2485895198779944,G,-1.2643610023613683,3
6305.01,tess,NON_HABITABLE,8.74267,962.0,142.438,6.6245939,0.07244585052568639,0.0,5874.0,1.29,1.1558526549976025,1.7848836021152266,G,-1.235206503947917,3
6306.01,tess,NON_HABITABLE,13.3765,1588.0,1055.67,3.662222,0.05269809348157094,0.0,5826.0,2.08,1.4557132176613445,4.490588929844739,G,-1.2756689944185278,3
6307.01,tess,NON_HABITABLE,12.6341,728.0,46.8448,2.4589458,0.028666234794219803,0.0,3810.0,0.62,0.5197499999997401,0.07297565336735794,K,-1.1636892927201177,3
6308.01,tess,NON_HABITABLE,10.7893,916.0,117.332,1.7555108,0.02467240151141078,0.0,4249.0,0.78,0.6501412321730253,0.1786614441138383,K,-1.2294940602884221,3
6309.01,tess,NON_HABITABLE,12.6164,566.0,17.1246,28.8005547,0.19850332116911415,0.0,6051.0,1.44,1.258004158004158,2.504541926368474,F,-1.1370692628942933,3
6310.01,tess,NON_HABITABLE,3.27543,836.0,81.3622,3.3528597,0.03632623824841697,0.0,3896.8,0.71,0.5688672979229666,0.1047234338126589,K,-1.1552310798327032,3
6311.01,tess,NON_HABITABLE,10.0476,1029.0,186.513,6.2808216,0.0675158992260382,0.0,5602.0,1.15,1.0407962103476391,1.173445189614019,G,-1.2240418258386876,3
6312.01,tess,NON_HABITABLE,15.5178,937.0,128.166,16.8498547,0.16159276861370767,0.0,7823.0,2.14,1.9826857923118213,15.453098682883176,A,-1.2532880828713884,3
6313.01,tess,NON_HABITABLE,15.9349,2417.0,5671.62,4.9570983,0.07485641399417785,0.0,8120.6,2.62,2.2772590780507893,26.893651207931043,A,-1.2900489900279641,3
6314.01,tess,NON_HABITABLE,19.2706,1993.0,2620.94,3.1777383,0.051443106536949904,0.0,7233.0,2.06,1.7985634058012503,10.464127229517143,F,-1.2880253176120646,3
6315.01,tess,NON_HABITABLE,13.8211,1736.0,1510.03,4.4532909,0.0629230175996614,0.0,5613.0,2.97,1.6758955371630955,7.888379173619618,G,-1.279065882974385,3
6316.01,tess,NON_HABITABLE,17.9698,2049.0,2928.62,3.0057526,0.04895536249361555,0.0,7581.0,1.74,1.7325062035631844,9.00946896159001,A,-1.2874643716813288,3
6317.01,tess,NON_HABITABLE,7.13409,585.0,19.463,4.244335,0.03875232750620822,0.0,3518.0,0.5,0.430977417916541,0.03449991773277466,M,-1.0223922321186814,3
6318.01,tess,NON_HABITABLE,7.23053,501.0,10.4888,5.8310296,0.062296388207443334,0.0,5617.5,0.95,0.9485900421338246,0.8096815537687322,G,-1.2145249841040122,3
6319.01,tess,NON_HABITABLE,16.9987,1597.0,1080.06,3.2964006,0.04932666227665278,0.0,5883.0,2.09,1.4734848300470207,4.713925082512537,G,-1.2786309461527614,3
6320.01,tess,NON_HABITABLE,18.9197,1641.0,1204.47,3.6360128,0.05107627669434378,0.0,6358.0,1.49,1.3445821310608956,3.268506413300218,F,-1.2710056190548387,3
6321.01,tess,NON_HABITABLE,12.2888,1340.0,536.747,2.9086778,0.04009589209936018,0.0,5401.0,1.18,1.0164566429828892,1.0674693990897273,G,-1.2564563411003584,3
6322.01,tess,NON_HABITABLE,11.9706,1511.0,865.407,4.2807899,0.057669012369263487,0.0,6274.0,1.65,1.3962402841050767,3.80049929397536,F,-1.2691726397964422,3
6323.01,tess,NON_HABITABLE,13.9361,1288.0,456.955,4.071096,0.055135776263176915,0.0,6008.0,1.68,1.3491438016643946,3.313087986872898,F,-1.2681946357223643,3
6324.01,tess,NON_HABITABLE,1.05678,1143.0,284.211,0.2792211,0.005710537725539608,0.0,3358.0,0.3,0.3186507879595197,0.010310031376226342,M,-1.2324305871778485,3
6325.01,tess,NON_HABITABLE,6.78569,851.0,87.4596,3.7307609,0.040962386109106075,0.0,5273.1,0.52,0.658781442503436,0.18834991448979038,G,-1.1798578801282884,3
6326.01,tess,NON_HABITABLE,16.7502,1971.0,2508.24,2.3556749,0.039989441482645126,0.0,6708.0,1.75,1.5373960321051,5.5865414244027045,F,-1.2866248968854552,3
6327.01,tess,NON_HABITABLE,9.72119,716.0,43.6657,10.4612769,0.08855176140897315,0.0,5208.2,0.88,0.84645264588747,0.5133465734400093,G,-1.139602760763533,3
6328.01,tess,NON_HABITABLE,11.748,715.0,43.5589,16.672227,0.14868271257517202,0.0,7025.0,1.68,1.5775191755479978,6.192964465331535,F,-1.227598319519295,3
6329.01,tess,NON_HABITABLE,13.7686,521.0,12.2874,15.2334037,0.12766189446716775,0.0,5675.0,1.48,1.1961080166126956,2.0468292027771198,G,-1.1869598821257032,3
6330.01,tess,HABITABILITY_ZONE,10.4676,392.0,3.94674,6.8498533,0.05297714865336362,0.0,3522.0,0.48,0.42275003078708145,0.03193997645014935,M,-0.9013911133043515,3
6331.01,tess,NON_HABITABLE,7.92255,1148.0,289.299,5.4454541,0.06075798796490328,0.0,5684.0,1.05,1.0090725598356611,1.0367871012679322,G,-1.2277030277249745,3
6332.01,tess,NON_HABITABLE,16.7474,2294.0,4598.31,1.6630135,0.032497390170111856,0.0,6690.3,2.04,1.6555197025460926,7.511685816388959,F,-1.2936013386709697,3
6333.01,tess,NON_HABITABLE,3.02214,1416.0,668.663,2.7205913,0.037909052459235475,0.0,5784.6,0.96,0.9819347447057222,0.9296736233890686,G,-1.2557552622509112,3
6334.01,tess,NON_HABITABLE,18.8534,2762.0,9673.97,3.8363055,0.056913796931375174,0.0,5982.0,2.6,1.6711166268302815,7.798786676020763,G,-1.281854754663872,3
6335.01,tess,NON_HABITABLE,11.263,1785.0,1688.16,4.7924038,0.06734797728933922,0.0,6176.0,2.75,1.774382770723748,9.912638019036372,F,-1.2804614185783945,3
6336.01,tess,NON_HABITABLE,12.8908,713.0,43.1032,39.810528,0.30254785924370103,0.0,8796.0,2.34,2.331131790101982,29.530262526025176,A,-1.23320956259444,3
6337.01,tess,NON_HABITABLE,9.84834,468.0,7.99212,6.8793455,0.05885324888925557,0.0,3993.0,0.69,0.5746422225334697,0.10904107704683268,K,-1.0643018909108835,3
6338.01,tess,NON_HABITABLE,10.794,736.0,48.8379,1.4491171,0.019630289858048,0.0,3581.0,0.6,0.4805666445865821,0.053335269651315666,M,-1.192792427379304,3
6339.01,tess,NON_HABITABLE,4.93408,1642.0,1208.93,2.5938771,0.040507274770487864,0.0,6110.0,1.55,1.317894777264573,3.0166362645699443,F,-1.2777995232780375,3
6340.01,tess,NON_HABITABLE,15.9425,1212.0,359.275,8.2686298,0.09507963617357251,0.0,6275.0,2.38,1.6771653689171515,7.912314567365676,F,-1.2633566594596963,3
6341.01,tess,NON_HABITABLE,20.77,1248.0,402.801,2.7182588,0.04269683165157699,0.0,6433.0,1.59,1.4053541845063175,3.9007055168577014,F,-1.2801478917749975,3
6342.01,tess,NON_HABITABLE,13.6687,481.0,8.92217,9.3568116,0.0804609812886655,0.0,5866.0,0.61,0.793744362419758,0.39693794312695174,G,-1.133928101175471,3
6344.01,tess,NON_HABITABLE,15.5125,1393.0,625.677,3.5297965,0.04864005728973331,0.0,5846.0,1.48,1.2321493330604085,2.3049068849821537,G,-1.2657869666900872,3
6345.01,tess,NON_HABITABLE,4.55893,974.0,149.586,6.2378654,0.06435469102372816,0.0,5301.0,0.99,0.9137956348063395,0.6972625123637223,G,-1.2037228623017286,3
6346.01,tess,NON_HABITABLE,14.8439,941.0,130.71,6.3111727,0.06734775869017823,0.0,5531.0,1.14,1.0231275088701521,1.0957690935001887,G,-1.2212706678449534,3
6347.01,tess,NON_HABITABLE,14.1242,1779.0,1666.08,3.9332583,0.05698568794604832,0.0,6699.9,1.89,1.5957795685361034,6.484725563057126,F,-1.2791011031927928,3
6348.01,tess,NON_HABITABLE,16.5011,1103.0,246.061,3.6894234,0.05070417689451766,0.0,5776.0,1.63,1.2775992975368362,2.6642725935592755,G,-1.2671298718867272,3
6349.01,tess,NON_HABITABLE,5.70537,1456.0,746.786,2.7934699,0.039751721589367274,0.0,5635.0,1.21,1.0738911988911988,1.3299678187837911,G,-1.2624359239458267,3
6350.01,tess,NON_HABITABLE,11.4749,1578.0,1029.38,2.4766677,0.037494556919575144,0.0,6197.6,1.14,1.1464355539637778,1.72742255074008,F,-1.2706250243398836,3
6351.01,tess,NON_HABITABLE,13.8093,973.0,149.336,6.7510278,0.0727021011440743,0.0,5024.0,1.67,1.1248161515627184,1.6007598229647149,K,-1.2307461034304583,3
6352.01,tess,NON_HABITABLE,6.40887,760.0,55.5163,7.4562671,0.07427170298948375,0.0,5822.0,0.95,0.9831226035252563,0.9341803444391004,G,-1.2040340106689782,3
6353.01,tess,NON_HABITABLE,12.5335,1789.0,1701.78,2.5048108,0.03980167871962624,0.0,6080.0,1.62,1.34070973896493,3.2310156119454843,F,-1.2794252233263108,3
6354.01,tess,NON_HABITABLE,11.641,773.0,59.4985,18.7541398,0.15286243060243448,0.0,6681.2,1.37,1.3548413209199577,3.3694090219115362,F,-1.1951675997401425,3
6356.01,tess,NON_HABITABLE,16.2502,1419.0,674.743,3.7799201,0.04949848963284544,0.0,6121.6,1.14,1.1323770309708052,1.6442362031925946,F,-1.256740365968045,3
6357.01,tess,NON_HABITABLE,10.8037,846.0,85.2496,5.1941869,0.060512888634429406,0.0,6085.6,1.08,1.095693180305734,1.4413048043259524,F,-1.2404735324242855,3
6358.01,tess,NON_HABITABLE,13.5242,1342.0,538.751,5.3802465,0.06997151517522421,0.0,6476.4,1.98,1.5788466022307932,6.213835433818127,F,-1.2712561336105077,3
6359.01,tess,NON_HABITABLE,11.128,2587.0,7439.71,2.4398136,0.04340309901967657,0.0,8184.6,1.67,1.832438350732529,11.275024385619572,A,-1.292128270098697,3
6360.01,tess,NON_HABITABLE,8.95604,1419.0,674.183,1.9765848,0.03378635903884169,0.0,6799.0,1.25,1.31696345972116,3.008118225962736,F,-1.283094857355073,3
6361.01,tess,NON_HABITABLE,12.3895,798.0,67.643,5.9419732,0.05989176239672889,0.0,5206.0,0.81,0.8117463617463617,0.4341915859583783,G,-1.1846717439761254,3
6362.01,tess,NON_HABITABLE,11.0384,1110.0,252.333,6.0602101,0.06905935083246519,0.0,6252.0,1.22,1.1963894157909694,2.048756049977621,F,-1.2434461205037501,3
6363.01,tess,NON_HABITABLE,19.1169,1385.0,611.047,6.583694,0.08347175914357413,0.0,6600.9,2.45,1.7900282014682698,10.266903805213223,F,-1.274039098448663,3
6364.01,tess,NON_HABITABLE,11.2641,544.0,14.5766,25.8866192,0.16064357165578994,0.0,5326.0,0.8,0.8253151800529369,0.4639587104994405,G,-0.984893487072806,3
6365.01,tess,NON_HABITABLE,13.7764,1489.0,817.877,3.0496565,0.04350908781245885,0.0,5568.0,1.5,1.181458670115795,1.9483821171759765,G,-1.266982880984468,3
6367.01,tess,NON_HABITABLE,7.31275,970.0,146.971,2.1653281,0.02504272298492661,0.0,3510.0,0.54,0.44686637199422846,0.03987591814417225,M,-1.1371000788051828,3
6369.01,tess,NON_HABITABLE,7.5049,1155.0,295.457,13.2329062,0.12383040100748718,0.0,6461.3,1.67,1.4466111863240831,4.3793260074336935,F,-1.2283884888028402,3
6370.01,tess,NON_HABITABLE,16.4233,1792.0,1711.93,2.9124991,0.04508453841989829,0.0,6051.0,1.89,1.4412248196558102,4.314464802845691,F,-1.2800282701898043,3
6371.01,tess,NON_HABITABLE,13.3278,1119.0,260.966,1.8597817,0.031077242266767467,0.0,5751.0,1.35,1.1576677351371547,1.7961215256032526,G,-1.277983801231748,3
6372.01,tess,NON_HABITABLE,2.56709,653.0,30.3163,6.5587386,0.0581699139014823,0.0,4337.0,0.66,0.6104288731965725,0.1388482051077062,K,-1.0947867995715679,3
6373.01,tess,NON_HABITABLE,14.2376,1532.0,916.634,4.9613647,0.06513668492067232,0.0,6592.0,1.72,1.49780439196808,5.032924307463685,F,-1.2699266253735004,3
6374.01,tess,NON_HABITABLE,14.2928,1264.0,424.183,4.5944948,0.05688772627962952,0.0,5890.0,1.3,1.163484624711352,1.8324941381420323,G,-1.252024031730472,3
6375.01,tess,NON_HABITABLE,15.0074,1534.0,921.092,3.0679061,0.047280505463736626,0.0,6632.0,1.7,1.4981063877790703,5.036984602147775,F,-1.2809082856710088,3
6376.01,tess,NON_HABITABLE,12.5103,1664.0,1274.32,4.7185893,0.06305054635988179,0.0,6039.7,2.06,1.5018364996568243,5.087338314410979,F,-1.2714159571466137,3
6378.01,tess,NON_HABITABLE,11.9733,775.0,60.044,12.9589981,0.10780265429091242,0.0,5925.0,0.94,0.9952357295631237,0.9810786758416401,G,-1.1599390174899524,3
6379.01,tess,NON_HABITABLE,12.1483,482.0,9.00759,1.5057127,0.021694626688620853,0.0,4335.0,0.64,0.6008316008316008,0.13031999826870289,K,-1.2271161724921988,3
6380.01,tess,NON_HABITABLE,5.66149,824.0,76.7777,5.1404883,0.05546138457935341,0.0,5155.0,0.93,0.8612789271122433,0.5502693026326414,K,-1.206897785815221,3
6381.01,tess,NON_HABITABLE,4.54883,765.0,56.8769,8.9270275,0.08062114992706317,0.0,5492.0,0.85,0.8772303908429061,0.5921812822132081,G,-1.1655497598667852,3
6382.01,tess,HABITABILITY_ZONE,13.0539,391.0,3.89814,35.3712924,0.23214650949388152,0.0,6702.0,1.32,1.3340283734268146,3.167088991587815,F,-1.1301563430605774,3
6383.01,tess,NON_HABITABLE,11.4109,660.0,31.6712,1.7904917,0.021305535192726054,0.0,3425.0,0.46,0.40245114678108185,0.026233284970631706,M,-1.1286456110830545,3
6384.01,tess,NON_HABITABLE,8.87122,715.0,43.5124,2.4810218,0.028378625255425467,0.0,3691.0,0.6,0.49532853537254246,0.060196798148307085,M,-1.1505277096937798,3
6385.01,tess,NON_HABITABLE,18.732,1767.0,1619.54,2.8895991,0.04413483480889125,0.0,6451.9,1.51,1.3735667798492586,3.5595829256997162,F,-1.2777023892385069,3
6386.01,tess,NON_HABITABLE,12.2751,749.0,52.4199,6.2663565,0.07085684662895139,0.0,6316.0,1.22,1.2086365243339352,2.1339432076275044,F,-1.2430910155015809,3
6387.01,tess,NON_HABITABLE,12.7459,601.0,21.7929,1.1669652,0.016172114771665077,0.0,3452.0,0.48,0.414347843917378,0.029475442471307824,M,-1.1801169828088007,3
6388.01,tess,NON_HABITABLE,20.0134,1373.0,591.468,1.3940614,0.023809021663607148,0.0,5402.0,0.98,0.9264911927854508,0.7368264053524598,G,-1.2717150456846975,3
6389.01,tess,NON_HABITABLE,14.6849,527.0,12.8934,15.8034785,0.13371815784132643,0.0,6039.2,1.49,1.2771626935990814,2.660632529688677,F,-1.196957467539897,3
6390.01,tess,NON_HABITABLE,15.7628,997.0,164.202,5.2434358,0.0636625478554387,0.0,6174.0,1.37,1.2519892108243755,2.456984095434451,F,-1.253966429887996,3
6391.01,tess,NON_HABITABLE,9.1986,1138.0,278.509,5.01345,0.0570727681834401,0.0,5505.9,1.07,0.9867198970008793,0.9479284175445841,G,-1.2291515327895428,3
6392.01,tess,NON_HABITABLE,11.906,1161.0,302.518,6.9603975,0.07537722649218731,0.0,5837.0,1.36,1.1793231535070001,1.9343332640758413,G,-1.2352467724028262,3
6393.01,tess,NON_HABITABLE,2.62547,696.0,39.0679,9.5315703,0.08041086550410088,0.0,5022.0,0.77,0.7634766312107283,0.3397684071266015,K,-1.1198138437967216,3
6394.01,tess,NON_HABITABLE,16.5308,903.0,110.559,13.026976,0.11570628750661795,0.0,5817.2,1.46,1.2177667192930413,2.1991578531993836,G,-1.202407072610282,3
6395.01,tess,NON_HABITABLE,12.904,2356.0,5118.7,2.8140328,0.04859155014515133,0.0,7487.8,2.22,1.9328778116275276,13.957820294620769,F,-1.292017583463979,3
6397.01,tess,NON_HABITABLE,17.2506,1149.0,289.366,1.6707289,0.02602282593189991,0.0,5041.0,0.93,0.8422322156300327,0.5031846650535078,K,-1.2593822055231694,3
6399.01,tess,NON_HABITABLE,10.8159,1128.0,269.47,12.6427441,0.11556756374118354,0.0,5605.0,1.76,1.288266247397229,2.754371485243467,G,-1.2139699388346048,3
640.01,tess,NON_HABITABLE,19.7788,1622.0,1150.12,5.0037758,0.06715230517934448,0.0,6442.0,2.09,1.6134946923615345,6.7775099598979365,F,-1.2743923436553672,3
6400.01,tess,NON_HABITABLE,15.0966,2127.0,3403.81,5.0358501,0.07328543590315678,0.0,7455.0,2.57,2.070560320248195,18.38025566954531,F,-1.2863837552485193,3
6402.01,tess,NON_HABITABLE,12.264,1431.0,696.43,3.4053234,0.047286416265474605,0.0,6111.0,1.32,1.2163902402284785,2.1892315967623577,F,-1.2658963173626785,3
6403.01,tess,NON_HABITABLE,9.50064,119.0,0.0343651,742.682809,1.6141614742733255,0.0,5931.0,0.98,1.0172194121455957,1.0706772082117848,G,0.8400842083996023,3
6404.01,tess,NON_HABITABLE,8.95062,771.0,58.7809,3.7442969,0.04469882848324248,0.0,5114.0,0.92,0.8498226753368416,0.5215707882558914,K,-1.224640070511074,3
6405.01,tess,NON_HABITABLE,8.73795,405.0,4.48575,6.7392054,0.061784329119821124,0.0,4557.0,0.77,0.6927843505430682,0.23035215258747432,K,-1.1325209397514038,3
6406.01,tess,NON_HABITABLE,11.7385,895.0,106.977,2.2314165,0.030276690427360777,0.0,4956.1,0.75,0.7436085418738837,0.3057577540309374,K,-1.2344783002826691,3
6407.01,tess,NON_HABITABLE,10.912,1295.0,467.293,8.9913818,0.09450359041467378,0.0,5863.0,1.88,1.3927478490003922,3.762616759299762,G,-1.242795903518853,3
6408.01,tess,NON_HABITABLE,11.0971,469.0,8.0575,8.0924283,0.06462752295546895,0.0,3821.0,0.69,0.5498892893314269,0.09143259429326607,K,-1.0153701121731464,3
6409.01,tess,NON_HABITABLE,19.1928,2220.0,4037.72,1.5304279,0.029561741399091148,0.0,6476.0,1.72,1.4714473972065056,4.687906751877532,F,-1.2911256586644764,3
641.01,tess,NON_HABITABLE,3.11788,1333.0,524.289,1.8930707,0.029924585702792564,0.0,5646.0,1.04,0.9975420711623307,0.9902044737733834,G,-1.2684964742396094,3
6410.01,tess,NON_HABITABLE,12.8079,1606.0,1104.38,5.1491091,0.06515408021847201,0.0,6648.0,1.46,1.391685544567857,3.751150293978407,F,-1.2635788579887335,3
6411.01,tess,NON_HABITABLE,7.33005,1010.0,172.843,8.2165446,0.08240814061759016,0.0,6114.0,1.09,1.1058910948627703,1.4957170481261923,F,-1.2170741681010444,3
6412.01,tess,NON_HABITABLE,11.6985,895.0,106.678,3.9802888,0.053363933834197026,0.0,5991.0,1.52,1.2796605783710029,2.681508417338731,G,-1.265029077664925,3
6413.01,tess,NON_HABITABLE,11.3849,518.0,12.0417,10.8310228,0.09409948699436871,0.0,5524.8,0.98,0.9475524883193369,0.8061448905610812,G,-1.1654968686118206,3
6414.01,tess,NON_HABITABLE,4.52589,808.0,71.0596,17.7607727,0.14257140402738191,0.0,6180.8,1.31,1.2256148551226287,2.2563998637483245,F,-1.1791304266220548,3
6415.01,tess,NON_HABITABLE,10.4977,689.0,37.6029,20.8380576,0.15223685261671335,0.0,6165.0,1.03,1.0839902373318353,1.3807068625956636,F,-1.1313787635703063,3
6417.01,tess,NON_HABITABLE,14.8231,1611.0,1120.52,3.3458255,0.048923959739726054,0.0,6089.0,1.75,1.395528389905777,3.79275425199384,F,-1.2753199035108516,3
6418.01,tess,NON_HABITABLE,11.76,1171.0,312.405,4.6478092,0.055246524661324466,0.0,5510.0,1.19,1.0413548813520925,1.1759667123602104,G,-1.2397277451216422,3
6419.01,tess,NON_HABITABLE,10.705,1173.0,315.01,4.160454,0.052459340582376494,0.0,5963.0,1.16,1.1126728255351022,1.5327450637762492,G,-1.251543191208672,3
642.01,tess,NON_HABITABLE,12.6809,2849.0,10942.1,2.2786049,0.04538633249784401,0.0,8550.0,2.63,2.4022470379234164,33.30202681759851,A,-1.2991037019481495,3
6420.01,tess,NON_HABITABLE,10.6573,895.0,106.619,6.9615164,0.0761481430775085,0.0,5994.0,1.37,1.2154880676516535,2.1827439797713675,G,-1.2389064318944456,3
6421.01,tess,NON_HABITABLE,17.4249,1527.0,903.749,3.750778,0.05349191415032174,0.0,6751.0,1.54,1.4514502214844816,4.438217524727859,F,-1.2749480357220317,3
6422.01,tess,NON_HABITABLE,9.01204,1121.0,262.822,3.7521603,0.049050527490120274,0.0,5917.0,1.19,1.1182752872886264,1.563849336588909,G,-1.255883806082375,3
6423.01,tess,NON_HABITABLE,15.8394,1549.0,957.887,1.364829,0.027603073861176813,0.0,6392.0,1.85,1.5062473924434678,5.147368166337853,F,-1.293174990486919,3
6424.01,tess,NON_HABITABLE,7.50494,1863.0,2000.39,2.0396825,0.033953037884814005,0.0,6559.0,1.22,1.2551372645830086,2.4817892283458676,F,-1.2802388537692584,3
6425.01,tess,NON_HABITABLE,11.7961,903.0,110.449,12.1422411,0.12026586750805711,0.0,6716.0,1.83,1.5740187806631267,6.138180280150117,F,-1.2430398629913328,3
6426.01,tess,NON_HABITABLE,12.7189,1560.0,983.22,3.8801586,0.053009771937708186,0.0,6371.0,1.43,1.3199251419663722,3.0352691342538223,F,-1.268007695004952,3
6427.01,tess,NON_HABITABLE,8.40725,764.0,56.6794,18.372561,0.14669551865445024,0.0,5822.0,1.53,1.2476466191448037,2.4230723194432024,G,-1.1800580758339207,3
6428.01,tess,NON_HABITABLE,17.7371,1463.0,760.788,1.6763835,0.030143130916129208,0.0,6087.0,1.52,1.3001659056158061,2.857558257675638,F,-1.2853670361225467,3
6429.01,tess,NON_HABITABLE,8.37058,1783.0,1677.9,2.4257176,0.041055163621872684,0.0,6658.0,1.85,1.5689291518912092,6.059172691125405,F,-1.2869560996185636,3
6430.01,tess,NON_HABITABLE,9.87637,732.0,47.7872,3.6024986,0.037966464535159734,0.0,3967.0,0.67,0.5625657388430009,0.10015972365076548,K,-1.1446026121778285,3
6431.01,tess,NON_HABITABLE,8.42588,977.0,151.261,3.5423487,0.04766014503706856,0.0,6195.0,1.15,1.1509697470731213,1.7549131726637062,F,-1.2603579664854108,3
6432.01,tess,NON_HABITABLE,11.0376,965.0,144.158,3.356169,0.04486600846102078,0.0,5941.0,1.08,1.0696584041337527,1.3091229329050442,G,-1.2558986178488518,3
6433.01,tess,NON_HABITABLE,9.70279,97.0,0.0147618,9.6355,0.09558949416623706,0.0,5589.0,1.68,1.2550540458559087,2.481131098571749,G,-1.2263038318685677,3
6434.01,tess,NON_HABITABLE,4.50048,832.0,79.8073,2.7775786,0.031883529296364385,0.0,3982.0,0.66,0.5604629405277268,0.09867056253025061,K,-1.1700494270675732,3
6435.01,tess,NON_HABITABLE,6.70408,754.0,53.9292,6.1161423,0.0688035957251042,0.0,5858.0,1.31,1.1616055884850436,1.8206848188372962,G,-1.2396652612317145,3
6436.01,tess,NON_HABITABLE,12.4998,918.0,118.339,6.1879019,0.06830712405549505,0.0,5925.5,1.17,1.1104310853826336,1.5204300470883878,G,-1.2335933603991498,3
6437.01,tess,NON_HABITABLE,18.2639,1603.0,1097.56,8.31001,0.09792483118065688,0.0,6649.0,2.48,1.8140775590542113,10.829873997751356,F,-1.2689317019229784,3
6438.01,tess,NON_HABITABLE,2.9287,455.0,7.15343,16.1268294,0.11272436301035461,0.0,4833.0,0.77,0.7347436397135504,0.2914360964258292,K,-1.02215552464932,3
6439.01,tess,NON_HABITABLE,19.5222,1401.0,640.322,2.9896663,0.04646925202432926,0.0,6689.6,1.67,1.4977249457591486,5.031856571392244,F,-1.28139194115675,3
6440.01,tess,NON_HABITABLE,10.8225,1039.0,193.673,3.8190051,0.053520449024202166,0.0,6379.0,1.61,1.4022944582558472,3.8668459524627417,F,-1.2724315950285203,3
6441.01,tess,NON_HABITABLE,11.1283,915.0,116.63,4.5579065,0.049439955075598244,0.0,4977.0,0.81,0.776039501039501,0.3626897741517546,K,-1.1967980137656278,3
6442.01,tess,NON_HABITABLE,18.5153,1611.0,1118.3,2.8279716,0.043923893172196936,0.0,6707.0,1.48,1.4136205228936298,3.9932947433711083,F,-1.2796490340263451,3
6443.01,tess,NON_HABITABLE,10.2877,893.0,105.868,9.9872075,0.10340797208823732,0.0,6453.0,1.75,1.478952980795201,4.784289686624095,F,-1.2447847913818009,3
6444.01,tess,NON_HABITABLE,14.0235,991.0,160.207,12.2925281,0.11297032420919315,0.0,6019.0,1.49,1.2728908220911495,2.625213448706553,F,-1.2138466896449236,3
6445.01,tess,HABITABILITY_ZONE,8.33825,365.0,2.97563,26.3926606,0.1708732251876776,0.0,5543.0,0.99,0.9555120173045728,0.8335748709901052,G,-1.0519978213245942,3
6446.01,tess,NON_HABITABLE,11.5236,550.0,15.196,4.2240015,0.04046929865448246,0.0,3724.0,0.59,0.49557496127967254,0.06031667918168486,K,-1.0828349196543392,3
6448.01,tess,NON_HABITABLE,7.05099,641.0,28.1152,14.8442674,0.11840117978911058,0.0,5920.0,0.96,1.0049188688341242,1.0198211235990022,G,-1.1483511849567252,3
6449.01,tess,NON_HABITABLE,12.1385,584.0,19.4163,2.4404127,0.025918866020580033,0.0,3356.0,0.45,0.3900334788196099,0.023142354743331,M,-1.075121495247739,3
6450.01,tess,NON_HABITABLE,6.6756,981.0,153.851,3.6092665,0.04170172106253724,0.0,4823.0,0.79,0.7426847136991179,0.30424114060423685,K,-1.205742503590379,3
6451.01,tess,NON_HABITABLE,10.0782,1296.0,469.613,5.495078,0.06904008408888962,0.0,6852.0,1.5,1.4539071134399113,4.468344465741749,F,-1.2649286766933914,3
6452.01,tess,NON_HABITABLE,8.53362,1095.0,239.402,5.2477739,0.059610010231845964,0.0,5647.0,1.1,1.0260955588386773,1.1085396502584386,G,-1.2319118802882298,3
6453.01,tess,NON_HABITABLE,12.8155,1506.0,854.65,6.8688474,0.08295432793585565,0.0,6621.0,1.98,1.6140978558103394,6.787650034439504,F,-1.2660594278338115,3
6454.01,tess,NON_HABITABLE,5.01721,606.0,22.423,22.5012924,0.15029893894792212,0.0,5443.0,0.9,0.8946090074998175,0.640520547884365,G,-1.0511127161767135,3
6454.02,tess,NON_HABITABLE,3.69154,786.0,63.5296,10.9835772,0.09317801988314242,0.0,5443.0,0.9,0.8946090074998175,0.640520547884365,G,-1.149480975357538,3
6455.01,tess,NON_HABITABLE,15.8462774,2622.3198236,11175.4143383,0.8970559,0.02020977978563941,0.0,5811.0,1.84758,1.368441319996825,3.5067492826293174,G,-1.2950691062754394,3
6456.01,tess,NON_HABITABLE,19.7806144,1717.8781799,2058.2136559,2.2685932,0.03739001117987124,0.0,6763.0,1.33734,1.354983423819357,3.3708228498430866,F,-1.2818752114201415,3
6457.01,tess,HABITABILITY_ZONE,10.7342874,299.3897282,1.8987535,41.4186335,0.25256298575716246,0.0,6080.7,1.4143,1.2528469662050665,2.4637242753245343,F,-1.0881748087450651,3
6458.01,tess,NON_HABITABLE,2.5360369,1284.3656943,643.0959721,9.7831931,0.10368316035656101,0.0,6200.93,2.0913501,1.5536166864941987,5.8260674514252475,F,-1.250739951391647,3
6459.01,tess,NON_HABITABLE,2.76723,1302.0,478.295,5.1494363,0.058920905067154895,0.0,5588.0,1.13,1.0291277685648166,1.121701206626599,G,-1.2332677788268085,3
6460.01,tess,NON_HABITABLE,4.13545,1162.0,302.886,4.4044418,0.05287542067205996,0.0,5754.0,1.04,1.0166236410676674,1.0681710887613305,G,-1.2394319043430846,3
6462.01,tess,NON_HABITABLE,14.8477,1668.0,1287.54,3.8720204,0.05685039757632921,0.0,6976.0,1.83,1.6349545881337062,7.145338002970113,F,-1.2806311703274142,3
6463.01,tess,NON_HABITABLE,10.7705056,949.2436684,191.8809402,9.8738839,0.10069479743956432,0.0,6543.5,1.5187401,1.3970936358201613,3.8097989455181764,F,-1.238841287629998,3
6464.01,tess,NON_HABITABLE,11.7179,1459.0,753.131,9.6742544,0.11048157114442528,0.0,6803.0,2.66,1.92227256142293,13.653999022323443,F,-1.2687349263729755,3
6465.01,tess,NON_HABITABLE,13.8937,706.0,41.406,0.6593681,0.011272697093106425,0.0,3421.0,0.55,0.43954980984674746,0.03732779927023484,M,-1.2295282040884232,3
6466.01,tess,NON_HABITABLE,8.18389,906.0,112.285,1.4571902,0.024251593439860223,0.0,5712.0,0.82,0.8961254315495656,0.6448745089099999,G,-1.2683207917435,3
6467.01,tess,NON_HABITABLE,10.8162,1052.0,203.513,11.9964056,0.11473745295109053,0.0,6311.0,1.64,1.4002119564254576,3.843926962103339,F,-1.2292860181133478,3
6468.01,tess,NON_HABITABLE,10.5524,1051.0,202.591,12.1228168,0.11604055171475336,0.0,6799.0,1.45,1.418413055114498,4.047723884855458,F,-1.2304500449379265,3
6469.01,tess,NON_HABITABLE,6.84115,693.0,38.4335,24.7104662,0.1716956527237523,0.0,5876.0,1.18,1.1058506265816437,1.4954981268385306,G,-1.1164381482958032,3
647.01,tess,NON_HABITABLE,13.2707,1119.0,260.337,4.90765,0.070003289041614,0.0,4900.0,5.01,1.90015321378096,13.036304081778614,K,-1.2832214602176366,3
6470.01,tess,NON_HABITABLE,9.42304,567.0,17.2584,13.7333847,0.12296165297893408,0.0,6415.0,1.4,1.3150260501934872,2.990456053023016,F,-1.2119430934740256,3
6471.01,tess,NON_HABITABLE,5.09878,1354.0,558.588,3.0758364,0.04230121892944334,0.0,5745.0,1.15,1.0673641964382696,1.297927765746195,G,-1.2587688320449664,3
6472.01,tess,NON_HABITABLE,14.3489,2525.0,6752.98,2.6808268,0.045947088348098714,0.0,7349.0,2.0,1.800598660755349,10.511572526838687,F,-1.2904112032626645,3
6473.01,tess,NON_HABITABLE,7.47037,1442.0,719.668,1.0992893,0.02020610537660791,0.0,5636.0,0.87,0.9107607128068012,0.6880454912940389,G,-1.2763695826926669,3
6475.01,tess,NON_HABITABLE,15.707,1093.0,237.562,26.5988575,0.19846901041857892,0.0,6685.0,1.62,1.4741191784507495,4.722047873741002,F,-1.184064210450298,3
6476.01,tess,NON_HABITABLE,10.8668,1299.0,473.148,8.1168658,0.08570934474740396,0.0,6381.0,1.33,1.2749355841405814,2.642122629335392,F,-1.2372695471298238,3
6477.01,tess,NON_HABITABLE,12.7501,1527.0,902.856,3.6860654,0.052568929766863094,0.0,6206.0,1.76,1.4264014864134174,4.139683429289699,F,-1.2743333785107067,3
6478.01,tess,NON_HABITABLE,4.5351,37.0,0.0003419,1462.2115148,1.6337901872795322,0.0,3275.0,0.23,0.272112755350817,0.005482714097212667,M,3.0,3
6479.01,tess,NON_HABITABLE,12.0124,1065.0,213.872,2.9193825,0.040974762583174826,0.0,6037.0,1.06,1.0768315862983113,1.3445939235052242,F,-1.261241326711676,3
6480.01,tess,NON_HABITABLE,9.68778,135.0,0.0560777,750.2395535,1.8681593708047148,0.0,7459.0,1.43,1.5453337990781932,5.702814088736726,F,-0.23175250694058774,3
6481.01,tess,NON_HABITABLE,6.38573,810.0,71.742,6.2796518,0.06304979988256193,0.0,5159.0,0.9,0.8479308965077271,0.5169420261270494,K,-1.189081554117787,3
6482.01,tess,NON_HABITABLE,17.4711,105.0,0.020302,1483.5175058,2.7489176937783477,0.0,5782.0,1.58,1.259158229907213,2.513745079849849,G,1.079668967641271,3
6483.01,tess,NON_HABITABLE,6.02778,570.0,17.5447,5.2076995,0.053637335593939225,0.0,4961.0,0.78,0.7590846441069379,0.33201738433959693,K,-1.1816473724607917,3
6484.01,tess,NON_HABITABLE,3.87217,579.0,18.6783,18.2457829,0.12452393320105772,0.0,5057.0,0.78,0.7737736434688137,0.3584724055569437,K,-1.023293801004716,3
6485.01,tess,NON_HABITABLE,14.5502,737.0,49.0598,17.0180939,0.13464579859393183,0.0,5782.0,1.26,1.1244419444036866,1.5986307037212066,G,-1.163170746847453,3
6487.01,tess,NON_HABITABLE,9.82212,791.0,65.1514,14.13519,0.12769214919878408,0.0,6466.0,1.54,1.3901758453738198,3.7348997831998916,F,-1.2188784647923974,3
6488.01,tess,NON_HABITABLE,3.89202,864.0,92.8495,8.0850515,0.07811682121389554,0.0,5560.0,1.02,0.972855985053589,0.89576526979489,G,-1.1961875109293263,3
6489.01,tess,NON_HABITABLE,3.08813,837.0,81.6812,2.917882,0.034641773292906644,0.0,4593.4,0.67,0.6513963863880614,0.18004513051407015,K,-1.1974218092821765,3
649.01,tess,NON_HABITABLE,9.49947,2079.0,3103.07,0.9370901,0.022926700950150713,0.0,6779.0,2.43,1.8308065110981424,11.234915054917813,F,-1.3005161665649703,3
6490.01,tess,NON_HABITABLE,12.3266,1335.0,527.439,7.842208,0.08595355466733545,0.0,6428.0,1.53,1.3775115884340083,3.60065113040202,F,-1.2475124645486073,3
6491.01,tess,NON_HABITABLE,8.43121,1165.0,306.311,7.5520411,0.08206313763246031,0.0,5936.0,1.58,1.2926951319144269,2.7924438767044943,G,-1.2422599638101584,3
6492.01,tess,NON_HABITABLE,12.4424,55.0,0.0015866,731.8319734,1.2203700478211434,0.0,3556.0,0.54,0.45272274040213006,0.042007732441779515,M,3.0,3
6493.01,tess,NON_HABITABLE,3.39378,687.0,37.0044,3.0667073,0.032745936599131706,0.0,3808.0,0.57,0.4980902551890335,0.06155058436552578,K,-1.1280287295231823,3
6495.01,tess,NON_HABITABLE,11.6911,1678.0,1317.34,3.7781679,0.0532374543442012,0.0,6118.0,1.77,1.4101645195423969,3.954386671437341,F,-1.2730452690388339,3
6497.01,tess,NON_HABITABLE,16.8452,1554.0,968.251,2.1439841,0.03649946310654572,0.0,6788.0,1.44,1.4112266112266112,3.9663134172826884,F,-1.284684189974003,3
6498.01,tess,NON_HABITABLE,12.0156,542.0,14.3836,22.5095172,0.14400645378022808,0.0,4952.0,0.84,0.7863102855655343,0.38227493794952777,K,-0.9889320322663966,3
6499.01,tess,HABITABILITY_ZONE,10.2153,319.0,1.72908,9.0441543,0.06634917207388442,0.0,3642.0,0.57,0.4763772871319485,0.05149963932516032,M,-0.9069854057437045,3
6500.01,tess,NON_HABITABLE,7.75741,964.0,143.363,4.4156851,0.05297838834856207,0.0,5599.0,1.1,1.0173736557353912,1.0713267540619482,G,-1.2393987199778265,3
6501.01,tess,NON_HABITABLE,9.08219,1378.0,599.933,4.4581792,0.05691450130223862,0.0,5973.0,1.43,1.2374686662949523,2.3449675876329863,G,-1.25871850499993,3
6502.01,tess,NON_HABITABLE,15.3998,2019.0,2760.2,5.0711656,0.07244763926880794,0.0,7304.0,2.43,1.9725934145243889,15.140852045942259,F,-1.2842822641641312,3
6503.01,tess,NON_HABITABLE,13.6119,1497.0,835.02,3.9535041,0.05605287725494238,0.0,6166.0,1.98,1.5031758614901907,5.1055104847103365,F,-1.2757529352871126,3
6504.01,tess,NON_HABITABLE,9.18199,1253.0,410.019,6.8328077,0.07447101417202188,0.0,5657.0,1.45,1.1801680618889123,1.9398825202366041,G,-1.2362504322164136,3
6505.01,tess,NON_HABITABLE,11.9336,443.0,6.40691,15.8951857,0.09793623381237174,0.0,3792.0,0.57,0.49599743899076026,0.060522622247971086,K,-0.7612738165522043,3
6506.01,tess,NON_HABITABLE,9.66071,843.0,83.886,13.0795854,0.10578393554898881,0.0,5555.0,0.92,0.9231061715870463,0.7261170224796526,G,-1.1388462351767195,3
6507.01,tess,NON_HABITABLE,6.02919,734.0,48.3829,5.267165,0.05416012557267148,0.0,4930.0,0.8,0.7639511523959781,0.34061389563845357,K,-1.182042115180695,3
6508.01,tess,NON_HABITABLE,10.231,179.0,0.172006,18.9926881,0.0863860653430469,0.0,3003.0,0.21,0.23841778953486464,0.0032311314655014294,M,0.7846161746481899,3
6509.01,tess,NON_HABITABLE,16.2862,1617.0,1136.7,5.6022404,0.07375034269788484,0.0,6237.0,2.49,1.7050970191957227,8.452718008700558,F,-1.2749817014159797,3
6510.01,tess,NON_HABITABLE,10.1109,505.0,10.8495,37.98781,0.23352418598531535,0.0,5983.0,1.29,1.1773010614318449,1.9211007532250033,G,-1.0777321911523532,3
6511.01,tess,NON_HABITABLE,9.42089,689.0,37.4782,21.5962209,0.15607271684966106,0.0,6012.0,1.09,1.087441488765943,1.3983748157131515,F,-1.1280396755614492,3
6512.01,tess,NON_HABITABLE,15.7428,1220.0,368.009,2.5011016,0.042771052933638545,0.0,6421.0,2.25,1.6686590436590438,7.753011465121489,F,-1.2887723878301744,3
6513.01,tess,NON_HABITABLE,9.94252,670.0,33.5202,2.4214702,0.028099190249029703,0.0,3642.0,0.64,0.5047817047817048,0.06492536862907256,M,-1.1579541040487629,3
6514.01,tess,NON_HABITABLE,16.953,2733.0,9268.26,4.0236761,0.06712393275725674,0.0,9833.0,2.14,2.492106531484359,38.57148981017863,A,-1.295047343321781,3
6515.01,tess,NON_HABITABLE,13.2182,1552.0,963.383,3.8149372,0.05293622731984732,0.0,5709.0,1.89,1.3597673930614806,3.418680310301589,G,-1.270484009339838,3
6516.01,tess,NON_HABITABLE,10.5098,727.0,46.6035,18.8392786,0.14858053311466093,0.0,5972.0,1.42,1.2329278104438521,2.31073740904609,G,-1.1752293058348482,3
6517.01,tess,NON_HABITABLE,6.08823,1091.0,235.909,2.6185048,0.03889130625003411,0.0,6478.0,1.04,1.1445408319145551,1.716031136400367,F,-1.2690251952801406,3
6518.01,tess,NON_HABITABLE,15.7016,1151.0,292.313,2.1978944,0.03736460812125774,0.0,5147.0,2.61,1.4406155541747032,4.307173815219391,K,-1.2851297276373468,3
6519.01,tess,NON_HABITABLE,13.8002,1222.0,371.029,10.397262,0.10300633838054245,0.0,4953.5,2.47,1.348758894022743,3.3093087388660063,K,-1.2319025859641866,3
652.01,tess,NON_HABITABLE,2.12827,1405.0,647.901,3.9846589,0.04980301573442575,0.0,5903.0,1.03,1.0379228501167597,1.1605404779460795,G,-1.246226884991014,3
6520.01,tess,NON_HABITABLE,19.3547,719.0,44.5994,7.6016156,0.08952044731444193,0.0,5200.0,3.38,1.656286154130652,7.525606141022141,G,-1.2649676828250016,3
6521.01,tess,NON_HABITABLE,12.2522,661.0,31.7588,3.581253,0.03662477028782976,0.0,3873.0,0.58,0.5110167920826563,0.06819313954329456,K,-1.1166437976451475,3
6522.01,tess,NON_HABITABLE,4.7507,1285.0,453.403,4.7383479,0.051990741055178855,0.0,5109.0,0.89,0.8350348164185237,0.48620378378666,K,-1.2071788585902288,3
6523.01,tess,NON_HABITABLE,14.0451,1065.0,214.334,7.809463,0.08098947740854688,0.0,5816.0,1.33,1.1620475407242785,1.823457240299993,G,-1.2272811388430724,3
6524.01,tess,NON_HABITABLE,16.072,689.0,37.4851,0.8515408,0.013107087331261796,0.0,3254.0,0.54,0.4142744086806893,0.029454552190253832,M,-1.2046850819243815,3
6525.01,tess,NON_HABITABLE,15.334,102.0,0.0186537,731.3548427,1.6209850314144694,0.0,5794.0,1.12,1.0623342409084018,1.273634219860571,G,0.6696818445108735,3
6526.01,tess,NON_HABITABLE,7.68311,559.0,16.3125,14.7478214,0.11266119370595433,0.0,5167.0,0.96,0.877097262713838,0.5918218872691546,K,-1.1081043337017973,3
6527.01,tess,NON_HABITABLE,14.3807,505.0,10.8749,5.389491,0.047600140995153986,0.0,3493.0,0.67,0.49534714539415226,0.06020584528991282,M,-1.0425717926799212,3
6528.01,tess,NON_HABITABLE,8.94439,61.0,0.002443,1484.1934287,2.42914876055849,0.0,5602.0,0.8,0.8680840478138477,0.5678676153897713,G,3.0,3
6529.01,tess,NON_HABITABLE,2.1911,664.0,32.4591,7.4476397,0.06530836954803113,0.0,4526.0,0.73,0.6699612084426048,0.20146454579212383,K,-1.1094057512394149,3
6530.01,tess,NON_HABITABLE,2.92256,764.0,56.7571,5.332805,0.050584951575415045,0.0,4189.0,0.7,0.6072018106637634,0.13593529430074539,K,-1.1208477153571006,3
6531.01,tess,NON_HABITABLE,16.839,1341.0,537.53,4.416076,0.05848541874170019,0.0,5186.0,2.32,1.3685169551978595,3.5075246338950925,K,-1.266903242984965,3
6532.01,tess,NON_HABITABLE,18.8155,1069.0,217.531,5.4736892,0.06670859313794064,0.0,6229.4,1.5,1.3217993246442765,3.0525451940257726,F,-1.2573201958203746,3
6533.01,tess,NON_HABITABLE,11.1837,2478.0,6267.38,2.8656356,0.04903022468291614,0.0,8849.0,1.56,1.9148297743529947,13.443758039140976,A,-1.2915131801363284,3
6535.01,tess,NON_HABITABLE,7.56184,704.0,40.967,20.8359197,0.17146753717195284,0.0,6838.0,1.71,1.5491762461502663,5.759745802658493,F,-1.2114727727052539,3
6536.01,tess,NON_HABITABLE,6.48085,1430.0,695.384,4.2380294,0.05191808789968373,0.0,6030.0,0.99,1.0394619275386205,1.167439404869035,F,-1.2437174759036735,3
6537.01,tess,NON_HABITABLE,3.9626,1110.0,252.255,3.6477926,0.04407595968433163,0.0,5005.4,0.98,0.8584707546035347,0.5431277825970516,K,-1.2275149289648997,3
6538.01,tess,NON_HABITABLE,9.5585,1508.0,860.489,5.7180689,0.07095440557585543,0.0,6219.0,1.83,1.457537640998211,4.513143234523462,F,-1.2639107053916367,3
6539.01,tess,NON_HABITABLE,14.3865,2067.0,3031.27,2.3645949,0.0430722166969349,0.0,7743.0,2.02,1.906595754239472,13.214005592038879,A,-1.2936126158248091,3
654.01,tess,NON_HABITABLE,2.6103318,707.9554489,59.3669472,1.5275639,0.018950526513511843,0.0,3433.0,0.427953,0.3890859231218445,0.022918282814560917,M,-1.1374165691619609,3
6540.01,tess,NON_HABITABLE,10.6956,1174.0,316.305,4.5127799,0.055053152964967864,0.0,5643.0,1.25,1.0930467426395802,1.4274303859226407,G,-1.2464349889160296,3
6541.01,tess,NON_HABITABLE,1.10037,1282.0,449.719,5.8991458,0.05976906984993468,0.0,5419.4,0.76,0.8185244953092282,0.4488763485359868,G,-1.1869902768531129,3
6543.01,tess,NON_HABITABLE,3.54892,1509.0,861.828,15.5523703,0.12525396875089234,0.0,5759.0,1.18,1.0838314769373187,1.3798981711251066,G,-1.1629850086696392,3
6544.01,tess,NON_HABITABLE,5.1321,1189.0,332.475,3.6249482,0.048953320199835074,0.0,4935.7,1.94,1.1910316358228978,2.012302139491527,K,-1.2623811775078735,3
6545.01,tess,NON_HABITABLE,5.60938,1089.0,233.759,5.6177467,0.07414335660108101,0.0,6315.0,2.48,1.7229507874007133,8.812345005162966,F,-1.2755200466440595,3
6546.01,tess,NON_HABITABLE,14.3326751,1617.9261106,1619.4059744,3.3779614,0.04887749246040574,0.0,6113.0,1.6616499,1.3652048932903993,3.473692292158655,F,-1.2737990927194391,3
6547.01,tess,NON_HABITABLE,18.2238418,1222.8226457,528.4147032,1.4328255,0.022280226582813235,0.0,4588.0,0.817544,0.7187082905029042,0.2668152315943768,K,-1.2504949102561334,3
6548.01,tess,NON_HABITABLE,10.3970349,1331.5426262,742.9187125,8.5473,0.09529560133381312,0.0,6619.0,1.89911,1.5803057451601434,6.236838177579397,F,-1.2573517041549187,3
6549.01,tess,NON_HABITABLE,19.1369245,1222.2403125,527.4088544,6.1079575,0.07005721546529121,0.0,5681.0,1.56062,1.2295524258792518,2.285536724321811,G,-1.2460751100987375,3
655.01,tess,NON_HABITABLE,16.4131054,1913.8964113,3170.9888441,0.7888389,0.016585378866406313,0.0,5568.0,1.0280499,0.9780926644356193,0.915208420117098,G,-1.2860492149717884,3
6550.01,tess,NON_HABITABLE,15.9616,1965.0,2475.48,6.9153868,0.08393176318858526,0.0,6649.3,2.05,1.649402072003525,7.401268219439299,F,-1.2674227508038245,3
6551.01,tess,NON_HABITABLE,9.3800527,1096.0649295,341.0877558,6.9593972,0.0752316634084626,0.0,5854.0,1.33729,1.1728411475481624,1.892155292334285,G,-1.2345646787073659,3
6552.01,tess,NON_HABITABLE,13.5836554,1550.7890331,1366.8847119,3.2706204,0.04672258858148659,0.0,5933.0,1.53146,1.2720402541318825,2.618203624181208,G,-1.2701462642078296,3
6553.01,tess,NON_HABITABLE,4.36152,1556.0,973.329,3.6342494,0.05336308262043116,0.0,5829.0,2.31,1.5348775109349166,5.550024386288564,G,-1.2787243145495422,3
6554.01,tess,NON_HABITABLE,3.60255,1475.0,787.265,2.6141047,0.0392754666065544,0.0,5650.0,1.46,1.1827652416980134,1.9570152646858572,G,-1.2712487532795982,3
6555.01,tess,NON_HABITABLE,3.76774,1223.0,371.461,10.1298877,0.1077056880237279,0.0,6802.0,1.9,1.6243780251510342,6.962230903077757,F,-1.2536845343172094,3
6556.01,tess,NON_HABITABLE,5.94559,804.0,69.6232,12.9623248,0.1155427457495066,0.0,5996.0,1.39,1.2247366152255605,2.249939330431472,G,-1.2037778230201985,3
6557.01,tess,NON_HABITABLE,3.44886,777.0,60.8025,12.5383316,0.11086449679085653,0.0,6018.0,1.23,1.1563210099717927,1.787778321772708,F,-1.1956655415932558,3
6558.01,tess,NON_HABITABLE,2.39108,605.0,22.3356,9.5327064,0.0766884743010953,0.0,4504.0,0.72,0.6621224412607505,0.19219993238499983,K,-1.0688530296600938,3
6559.01,tess,NON_HABITABLE,6.17234,628.0,25.9335,733.3796728,1.6552114708934786,0.0,5878.0,1.22,1.1248203752430133,1.6007838664878933,G,0.49313029342371745,3
656.01,tess,NON_HABITABLE,13.1118363,1302.836235,680.8952697,0.8134733,0.014874949934586735,0.0,4400.0,0.757649,0.663529721873974,0.19383916260937462,K,-1.2633782144823322,3
6560.01,tess,NON_HABITABLE,8.17561,575.0,18.2667,17.2051468,0.146988305389987,0.0,6470.6,1.63,1.431238575942149,4.196122252753899,F,-1.211045932845301,3
6561.01,tess,NON_HABITABLE,15.5264,800.0,68.2123,3.1739329,0.05065513359214006,0.0,4999.0,3.95,1.7212952176861505,8.778522944203806,K,-1.2863799120352981,3
6562.01,tess,NON_HABITABLE,17.3607607,1776.737668,2355.1265087,4.0947485,0.05780772324228936,0.0,5983.0,2.1987801,1.5370343711256018,5.581286509793682,G,-1.2762189099934291,3
6563.01,tess,NON_HABITABLE,19.9376761,1763.1481335,2283.8953939,2.4053036,0.038237094756294256,0.0,5476.0,1.84636,1.2891258244213426,2.7617301042194655,G,-1.2782315939228925,3
6564.01,tess,NON_HABITABLE,16.4220671,1518.7645545,1257.4270919,3.9854465,0.05420944549063408,0.0,5904.0,1.71105,1.337985406862064,3.204833759337601,G,-1.2682085527458766,3
6565.01,tess,NON_HABITABLE,6.173706,2403.1290748,7881.8722822,0.8778729,0.01958992734360058,0.0,6210.0,1.46319,1.3014144961446583,2.86855089494524,F,-1.2940019205956201,3
6566.01,tess,NON_HABITABLE,10.7098887,1363.7968578,817.5602045,7.5837846,0.08723589769412504,0.0,6457.0,1.89487,1.539905868230557,5.623111509789189,F,-1.2592404237445085,3
6567.01,tess,NON_HABITABLE,10.6945832,981.3368862,219.1762514,4.9486116,0.05515681194398965,0.0,5524.0,0.912363,0.9141367732148258,0.6983043044077024,G,-1.2189723391005185,3
6568.01,tess,NON_HABITABLE,18.6840757,901.0603895,155.7889305,17.4368079,0.14480894764451502,0.0,6332.0,1.47515,1.332394022251419,3.1515971733693267,F,-1.1975200598268152,3
6569.01,tess,HABITABILITY_ZONE,19.9345,385.0,3.66917,5.9337178,0.047998557871096754,0.0,3322.0,0.53,0.41899731552650527,0.03082087484847631,M,-0.9331250252842509,3
657.01,tess,NON_HABITABLE,13.0582928,1270.6807784,616.12218,4.5696698,0.05729189999581408,0.0,6122.0,1.28306,1.201407906613011,2.083348590125588,F,-1.2552369160486354,3
6570.01,tess,NON_HABITABLE,8.3173,812.0,72.3255,10.9799801,0.1014093258023382,0.0,5754.2,1.34,1.1540138722459377,1.7735527816785355,G,-1.204993438869928,3
6571.01,tess,NON_HABITABLE,3.827,859.0,90.3933,11.5379235,0.10045773036860862,0.0,5835.0,1.01,1.0159567610748508,1.0653710700025054,G,-1.1758030814957023,3
6572.01,tess,NON_HABITABLE,14.2198,1443.0,721.653,3.6462287,0.05112884014600782,0.0,5707.0,1.84,1.3411904786450417,3.235652299534809,G,-1.2707681611460468,3
6573.01,tess,NON_HABITABLE,11.849,976.0,150.654,8.1618477,0.09242634534492598,0.0,7238.0,1.59,1.5812146102062377,6.251198275077343,F,-1.258993808158077,3
6574.01,tess,NON_HABITABLE,8.3339,599.0,21.487,13.0953097,0.11903540907881531,0.0,6103.0,1.54,1.312131640011819,2.964214530287111,F,-1.2146532940346464,3
6575.01,tess,NON_HABITABLE,4.70927,1851.0,1949.35,3.3047459,0.047520661290516714,0.0,6636.0,1.3,1.3108461748021274,2.952615697490692,F,-1.2718275457775434,3
6576.01,tess,NON_HABITABLE,9.91342,653.0,30.3232,19.3111424,0.13954672447871036,0.0,5850.0,0.92,0.9721280114823081,0.8930871267196365,G,-1.1064271353178006,3
6577.01,tess,NON_HABITABLE,15.2287,456.0,7.21802,729.9391752,1.4610699739277155,0.0,5136.9,0.77,0.7809444657240919,0.3719466112359201,K,1.9919043869631676,3
6578.01,tess,NON_HABITABLE,2.11364,686.0,36.9545,2.7543175,0.02957447490588993,0.0,3573.0,0.54,0.45488705046591976,0.04281680872255384,M,-1.1129569798479995,3
6579.01,tess,NON_HABITABLE,13.0505,1540.0,935.315,3.4732477,0.05212559749806066,0.0,7081.0,1.63,1.5662535709588539,6.017946141918542,F,-1.2806578330846687,3
6580.01,tess,NON_HABITABLE,9.91407,1067.0,215.895,10.9600975,0.10757156806849939,0.0,5586.7,2.04,1.382433063123366,3.6523841417747867,G,-1.232365903463045,3
6581.01,tess,NON_HABITABLE,5.59825,1044.0,197.609,4.9156665,0.05793211150645405,0.0,5656.0,1.2,1.073429932518787,1.3276842567561973,G,-1.2406489489101264,3
6582.01,tess,NON_HABITABLE,14.4539,788.0,64.2887,19.6500878,0.19653809828015548,0.0,8968.0,2.85,2.6229602385428086,47.33330488889138,A,-1.2705711740257855,3
6583.01,tess,NON_HABITABLE,13.1669,894.0,106.276,7.447404,0.09066570826414842,0.0,7936.0,1.7,1.7926677161361129,10.32759478746254,A,-1.2710594745860866,3
6584.01,tess,NON_HABITABLE,10.2036,1066.0,214.472,3.6850751,0.050591526725275955,0.0,5860.0,1.57,1.2720996109631006,2.6186923481759172,G,-1.2668548227929814,3
6586.01,tess,NON_HABITABLE,12.0431,1571.0,1011.51,5.0953453,0.06863551382748814,0.0,6269.0,2.34,1.6614216907855077,7.619377734767705,F,-1.275673264951991,3
6587.01,tess,NON_HABITABLE,8.55494,616.0,23.9943,17.0116833,0.1266619339227882,0.0,5668.0,0.91,0.9367511076977214,0.7700108792984114,G,-1.111002500978053,3
6588.01,tess,NON_HABITABLE,13.2509,734.0,48.1876,1.7988855,0.022534107827566707,0.0,3458.0,0.62,0.47173110236196886,0.049519704570389456,M,-1.1703780004926618,3
6589.01,tess,NON_HABITABLE,17.6594,1855.0,1967.9,3.0589547,0.047999029537334384,0.0,6821.0,1.78,1.576637050959905,6.179124035852336,F,-1.2833302808317217,3
659.01,tess,NON_HABITABLE,9.68968,1327.0,515.984,4.7192771,0.05910239225186469,0.0,5990.0,1.42,1.236643935793482,2.3387224718656348,G,-1.2566783583580126,3
6590.01,tess,NON_HABITABLE,14.5208,1741.0,1526.19,7.0911739,0.07678945958466954,0.0,5924.0,1.37,1.2012931786400391,2.08255290991021,G,-1.2366052275291204,3
6591.01,tess,NON_HABITABLE,11.6578,1629.0,1170.98,5.7881587,0.07812917595865662,0.0,5668.0,3.74,1.899062772102428,13.006405235206449,G,-1.2800853574071056,3
6592.01,tess,NON_HABITABLE,16.5009,743.0,50.8044,9.5098954,0.08823476243723927,0.0,5478.0,1.14,1.0133235388882107,1.0543687477980621,G,-1.1915111742951523,3
6593.01,tess,NON_HABITABLE,9.45527,630.0,26.3135,8.4325164,0.07854143676732321,0.0,5300.0,0.98,0.9089972828143075,0.6827321275998018,G,-1.1789347128349688,3
6594.01,tess,NON_HABITABLE,15.7041,1437.0,709.373,2.67581,0.041969885838408896,0.0,6171.0,1.66,1.3774735489019532,3.6002534236621373,F,-1.279457573499576,3
6595.01,tess,NON_HABITABLE,3.23033,711.0,42.4479,7.5138657,0.07083771906638975,0.0,5139.0,0.89,0.8399381330152268,0.49772470096603705,K,-1.1715560510434146,3
6596.01,tess,NON_HABITABLE,10.1227,721.0,44.9857,26.1622122,0.1799412522021668,0.0,6139.0,1.14,1.135595692813933,1.663010328487633,F,-1.1176299498408906,3
6597.01,tess,NON_HABITABLE,6.92737,1599.0,1085.74,0.9097915,0.018694799402011106,0.0,5822.0,1.09,1.0530745754483235,1.2298057254604935,G,-1.2867091104412929,3
6598.01,tess,NON_HABITABLE,11.7906,871.0,95.8499,10.8089555,0.10839183353213047,0.0,6876.0,1.49,1.4541281429969672,4.471062277434493,F,-1.2392924991751348,3
6599.01,tess,NON_HABITABLE,1.0369208,449.4361398,9.6425737,2.2059167,0.02062193131873222,0.0,3087.0,0.202097,0.24043087692010975,0.00334165000934395,M,-0.8182716996930091,3
660.01,tess,NON_HABITABLE,11.4812614,1085.2558727,327.8306693,9.2897006,0.0931153766598632,0.0,6055.0,1.41549,1.2480765629025816,2.4264140459565278,F,-1.2275551221013208,3
6600.01,tess,NON_HABITABLE,4.18884,1075.0,221.979,3.8030207,0.04563558158327855,0.0,5035.0,1.01,0.8766653456747,0.590657002982563,K,-1.2281040091139406,3
6601.01,tess,NON_HABITABLE,11.9952,167.0,0.130568,32.5444769,0.13990955649405362,0.0,3230.0,0.38,0.34495941146205467,0.014160284951413499,M,0.31051439118378327,3
6602.01,tess,NON_HABITABLE,5.90757,1156.0,296.761,1.5840089,0.028092532028904185,0.0,5188.0,1.72,1.1787938691641988,1.930863059059383,K,-1.2820794997818385,3
6603.01,tess,NON_HABITABLE,14.6529,1955.0,2429.4,5.015806,0.07113000407366483,0.0,7155.0,2.37,1.9083476247007516,13.262639187234702,F,-1.2830240462518077,3
6604.01,tess,NON_HABITABLE,13.4773,1324.0,511.088,3.917482,0.05427932473078448,0.0,6466.0,1.54,1.3901758453738198,3.7348997831998916,F,-1.2712335401760815,3
6605.01,tess,NON_HABITABLE,9.70951,871.0,95.5652,12.2981251,0.10094102071179815,0.0,5614.0,0.87,0.9072055787255823,0.6773651500508999,G,-1.140906052090294,3
6606.01,tess,NON_HABITABLE,15.299,1336.0,529.415,2.5354002,0.03765735821077063,0.0,5526.0,1.34,1.1082480028554884,1.5085087352465558,G,-1.267686021815648,3
6607.01,tess,NON_HABITABLE,10.3662,1208.0,353.841,11.1860909,0.11126202370536666,0.0,6520.0,1.69,1.4684684684684683,4.650059419839426,F,-1.2388311855241472,3
6608.01,tess,NON_HABITABLE,13.336,571.0,17.6496,7.3144752,0.07081559551278749,0.0,5137.0,0.99,0.885525028485223,0.6148983991774102,K,-1.1854765615612994,3
6609.01,tess,NON_HABITABLE,10.6791,771.0,58.6863,12.9414603,0.10842913665163004,0.0,5832.0,1.01,1.0154344182671002,1.063181764647951,G,-1.1650099418922915,3
661.01,tess,NON_HABITABLE,13.0323437,1569.6962289,1434.7738788,4.0860495,0.05576464760085976,0.0,6580.0,1.47741,1.3856389677326468,3.686382139794541,F,-1.2699134161966925,3
6610.01,tess,NON_HABITABLE,14.2867,1647.0,1222.01,3.1651539,0.04706669726416172,0.0,6396.0,1.57,1.3884554798156983,3.716446073149532,F,-1.2762940645377432,3
6611.01,tess,NON_HABITABLE,12.6672,991.0,160.545,6.5568726,0.07366331666509672,0.0,6139.0,1.36,1.2403400444371206,2.3668081744927107,F,-1.2439506462603136,3
6612.01,tess,NON_HABITABLE,14.0426,950.0,135.481,2.3207203,0.03227983637643072,0.0,4390.0,1.2,0.8331607856714065,0.4818537945714385,K,-1.2458519347294859,3
6613.01,tess,NON_HABITABLE,17.7461,1361.0,570.926,2.5001306,0.03905417717078046,0.0,6158.0,1.42,1.2713277723900271,2.612342628518961,F,-1.2766407255224432,3
6614.01,tess,NON_HABITABLE,11.9941,532.0,13.367,25.0709977,0.164493433987543,0.0,5624.0,0.94,0.9446760747785666,0.7964007595611903,G,-1.0558992998167336,3
6615.01,tess,NON_HABITABLE,11.6235,1027.0,184.928,3.5911377,0.0466543844706307,0.0,6094.0,0.99,1.0504943592736906,1.2177969977713856,F,-1.2516752069251276,3
6616.01,tess,NON_HABITABLE,12.5587,796.0,66.6916,1.1235117,0.01635624028765256,0.0,3505.0,0.58,0.4624616205137387,0.04574069789727335,M,-1.204539050142802,3
6617.01,tess,NON_HABITABLE,8.30372,2032.0,2834.56,4.315664,0.05873446644786554,0.0,6707.0,1.56,1.4513236859063776,4.4366700545416045,F,-1.2715115666058214,3
6618.01,tess,NON_HABITABLE,9.2051754,796.2998086,95.0227177,35.7890963,0.24255188589125706,0.0,6218.9,1.90288,1.4862537101317006,4.879460503999843,F,-1.1586063851855548,3
6619.01,tess,NON_HABITABLE,16.2172,1882.0,2086.88,1.6930171,0.03059877953711989,0.0,6010.0,1.64,1.3334295449401046,3.1614061544709964,F,-1.2862247050159488,3
6620.01,tess,NON_HABITABLE,13.7097,1660.0,1263.12,3.8647617,0.05435191986583284,0.0,6119.0,1.83,1.434100791971065,4.229788991389915,F,-1.2735198563333248,3
6621.01,tess,NON_HABITABLE,2.8386,778.0,60.9199,4.2807848,0.04415206259314939,0.0,4354.0,0.69,0.626594599777292,0.1541510866798217,K,-1.1549532457542535,3
6622.01,tess,NON_HABITABLE,7.35774,664.0,32.4592,37.8575614,0.22919098864866796,0.0,5980.0,1.17,1.1206443153469157,1.577143352412093,G,-1.0584142444545772,3
6623.01,tess,NON_HABITABLE,12.9563,1636.0,1190.1,3.1791661,0.04501400689469597,0.0,6452.0,1.16,1.2039183414979842,2.100816518813963,F,-1.2671398074771207,3
6624.01,tess,NON_HABITABLE,11.0446,946.0,132.955,10.3031578,0.1076736971085711,0.0,6387.0,2.01,1.5688037632471628,6.057235929678037,F,-1.2496459550418724,3
6625.01,tess,NON_HABITABLE,14.247,1442.0,719.754,5.4863844,0.06856241603539072,0.0,6498.0,1.61,1.4284542075163025,4.163564437489871,F,-1.2636328374434351,3
6626.01,tess,NON_HABITABLE,14.0003,728.0,46.706,1.2864856,0.01659895856739406,0.0,3172.0,0.45,0.36864904493915457,0.018469385767818248,M,-1.141605843988133,3
6627.01,tess,NON_HABITABLE,15.84,1557.0,975.759,4.8934688,0.06265321485266488,0.0,6332.0,1.56,1.3701776620186645,3.5245812925419435,F,-1.2639478109626225,3
6628.01,tess,NON_HABITABLE,9.90639,589.0,20.0861,18.184189,0.1331468538002155,0.0,5265.0,1.09,0.9523252558803543,0.8225100407481086,G,-1.1076010937426235,3
6629.01,tess,NON_HABITABLE,9.52505,592.0,20.3906,4.3664669,0.040902223042432434,0.0,3598.0,0.59,0.4788073874017888,0.05255854931713168,M,-1.0640473182299968,3
663.01,tess,NON_HABITABLE,2.4312854,672.9286739,48.4615319,2.5989031,0.02858221430092678,0.0,3719.0,0.512361,0.46119850224820286,0.04524301649215549,K,-1.1247410508111186,3
663.02,tess,NON_HABITABLE,2.6626375,552.5039779,22.0222982,4.6955986,0.04239973308732247,0.0,3719.0,0.512361,0.46119850224820286,0.04524301649215549,K,-1.0352085697155204,3
663.03,tess,NON_HABITABLE,1.9895244,481.3147406,12.6834573,7.1024749,0.05586960721134623,0.0,3719.0,0.512361,0.46119850224820286,0.04524301649215549,K,-0.947928699211083,3
6630.01,tess,NON_HABITABLE,8.52513,1253.0,410.215,7.7103227,0.08240685981966742,0.0,6617.0,1.2,1.2558143322978808,2.4871486405931917,F,-1.2379257423330672,3
6631.01,tess,NON_HABITABLE,13.2477,1585.0,1049.57,3.4714821,0.049695061979923724,0.0,6604.0,1.41,1.3585958964448788,3.406914181089269,F,-1.2728361054223187,3
6632.01,tess,NON_HABITABLE,11.2784,1174.0,316.166,5.8778295,0.07878985345775004,0.0,5965.0,3.34,1.8886755536052493,12.724169213063009,G,-1.2795007610414812,3
6633.01,tess,NON_HABITABLE,2.28629,878.0,98.978,6.5479496,0.06134890037240981,0.0,4853.5,0.73,0.718439400171494,0.2664161612920392,K,-1.146128687303596,3
6634.01,tess,NON_HABITABLE,9.05398,1102.0,245.088,23.136755,0.19719674747064858,0.0,7723.0,2.04,1.9110620843255866,13.338260176288404,A,-1.2355256307972293,3
6635.01,tess,NON_HABITABLE,16.2074,2076.0,3083.68,8.6243051,0.09762171922197152,0.0,7944.0,1.47,1.6686743123231138,7.753295237298525,A,-1.2616230725164033,3
6636.01,tess,NON_HABITABLE,14.6605,1343.0,541.267,3.5171227,0.05322406233843977,0.0,6386.0,2.16,1.62603341968954,6.990654998371752,F,-1.2821989675823087,3
6637.01,tess,NON_HABITABLE,15.38,1391.0,621.755,2.231293,0.03552395145007133,0.0,6356.0,1.19,1.2012434892693105,2.082208366795599,F,-1.2760132439920884,3
6638.01,tess,NON_HABITABLE,16.9028,1056.0,206.767,4.140097,0.04762499921596935,0.0,5359.0,0.82,0.8407451308953293,0.4996402802187291,G,-1.2170825359895037,3
6639.01,tess,NON_HABITABLE,11.825,1036.0,191.471,8.0136668,0.08317400545002465,0.0,5831.0,1.4,1.1953105064190528,2.0413757311006915,G,-1.2297104753804597,3
664.01,tess,NON_HABITABLE,13.5752589,1186.425806,468.2559879,4.7359232,0.0639173841835787,0.0,5370.0,2.7871499,1.5532026637040468,5.819859586423159,G,-1.273426878784008,3
6640.01,tess,NON_HABITABLE,3.59731,633.0,26.8131,16.9356875,0.11430121171846536,0.0,4758.0,0.71,0.694588021842916,0.23276043413892938,K,-0.9834137491498368,3
6641.01,tess,NON_HABITABLE,15.9566,696.0,39.1755,1.9647786,0.023687595921703084,0.0,3314.0,0.64,0.4593208593208593,0.044510725655495104,M,-1.1551989585256626,3
6642.01,tess,NON_HABITABLE,16.3017,944.0,132.245,3.3421583,0.04725939380320447,0.0,6022.0,1.46,1.2606393425673341,2.525593357101152,F,-1.2689576340774649,3
6643.01,tess,NON_HABITABLE,14.6312,1528.0,907.188,4.8332515,0.06568465423652997,0.0,6431.0,2.11,1.618428116891435,6.8607826211087355,F,-1.2753810101639895,3
6644.01,tess,NON_HABITABLE,4.03815,499.0,10.2931,42.7305626,0.22463298084314612,0.0,5247.0,0.83,0.8281781876259552,0.4704301541645941,G,-0.8585530160520642,3
6646.01,tess,NON_HABITABLE,4.72963,999.0,165.508,17.7505864,0.1496125403853132,0.0,6967.0,1.38,1.4179438435063683,4.042370587152238,F,-1.2073837847869142,3
6647.01,tess,NON_HABITABLE,3.52475,1451.0,736.757,3.9963956,0.05257775180267136,0.0,5684.0,1.52,1.2140862506193923,2.172691989813542,G,-1.2607814043277337,3
6648.01,tess,NON_HABITABLE,3.8434,821.0,75.5957,20.86399,0.15619069813019382,0.0,6153.0,1.2,1.1677536023317003,1.8595371654389248,F,-1.152080839625815,3
6649.01,tess,NON_HABITABLE,10.5818,1040.0,194.213,5.9867942,0.0701500931272047,0.0,6336.4,1.37,1.2849213533313206,2.7258765643065983,F,-1.251383315578048,3
6650.01,tess,NON_HABITABLE,14.2065,994.0,162.179,20.3292125,0.15983897608899703,0.0,6500.6,1.37,1.3182185072699932,3.0196014043723878,F,-1.183168199642577,3
6650.02,tess,NON_HABITABLE,5.65993,1074.0,221.595,30.5055627,0.20950208300743872,0.0,6500.6,1.37,1.3182185072699932,3.0196014043723878,F,-1.1437782515415882,3
6650.03,tess,NON_HABITABLE,4.26079,991.0,160.463,8.9965133,0.09282218828551118,0.0,6500.6,1.37,1.3182185072699932,3.0196014043723878,F,-1.2363220991319792,3
6651.01,tess,NON_HABITABLE,5.09264,1227.0,376.594,5.0569708,0.06376520430433712,0.0,5818.9,1.8,1.352542198988932,3.3465960605637872,G,-1.2619027707495178,3
6652.01,tess,NON_HABITABLE,1.94873,1222.0,370.484,3.8388774,0.04798632353267617,0.0,5745.0,1.01,1.0002864768423338,1.0011463998772732,G,-1.2438443534815726,3
6654.01,tess,NON_HABITABLE,17.807,610.0,23.0984,9.5160627,0.11465839384660474,0.0,4481.6,8.18,2.2206669083108155,24.318326417924172,K,-1.2778979986771593,3
6655.01,tess,NON_HABITABLE,2.31017,928.0,123.542,6.8672313,0.0687577197581635,0.0,5564.0,0.91,0.9195630139784973,0.7150328263634361,G,-1.1978745504168826,3
6655.02,tess,NON_HABITABLE,2.49711,780.0,61.6019,12.9587054,0.1049964848879055,0.0,5564.0,0.91,0.9195630139784973,0.7150328263634361,G,-1.1388086630913745,3
6657.01,tess,NON_HABITABLE,2.57627,1165.0,306.57,4.0610981,0.052276129037052636,0.0,6193.0,1.16,1.1555899393826743,1.783261398994371,F,-1.2559895463800845,3
6658.01,tess,NON_HABITABLE,3.74551,1448.0,730.055,5.6494351,0.07430979880089375,0.0,5764.0,2.95,1.715175868175659,8.654353504110237,G,-1.2751292782806707,3
6659.01,tess,NON_HABITABLE,3.45268,771.0,58.7812,7.3120981,0.06842727670471918,0.0,5159.0,0.8,0.79943691586427,0.40844802064359464,K,-1.1623770718082196,3
666.01,tess,NON_HABITABLE,14.1742091,1628.8901244,1663.7503613,7.4760689,0.09048778995497805,0.0,6680.0,2.3351099,1.7684948628169266,9.781719624698493,F,-1.270067636994172,3
6660.01,tess,NON_HABITABLE,17.0487122,1593.8024312,1524.9617185,2.9852193,0.044175776312306486,0.0,6116.0,1.48347,1.2905669477497503,2.7741002622797772,F,-1.2733881489658865,3
6661.01,tess,NON_HABITABLE,3.0009044,663.5380216,45.8125278,10.5789534,0.08690994069306497,0.0,5164.0,0.765045,0.7825343344763873,0.37498475078144555,K,-1.11433430525809,3
6662.01,tess,NON_HABITABLE,0.9372852,1113.594144,363.4366793,0.2939493,0.006010531504189678,0.0,3359.0,0.33188,0.335254195997106,0.012632720531270097,M,-1.2362394222440318,3
6665.01,tess,HABITABILITY_ZONE,2.7674128,229.2824174,0.6531366,735.797917,1.6734421643844948,0.0,5972.63,1.24541,1.15476992152226,1.7782051056386112,G,0.4196583667841091,3
6668.01,tess,HABITABILITY_ZONE,3.447372,245.2512392,0.8549995,718.652003,1.6815095793287018,0.0,6002.0,1.3949,1.2281211364342386,2.2749131609384325,F,0.2265944907393042,3
6669.01,tess,NON_HABITABLE,10.6774533,451.7617145,9.8437073,731.9966539,1.419188464370957,0.0,4722.0,0.756773,0.7116762532601177,0.2565251199032324,K,2.551960462235728,3
667.01,tess,NON_HABITABLE,1.2145664,545.7126746,20.9593189,1.6289322,0.017380215854507265,0.0,3202.0,0.226407,0.2639611004325896,0.004854670080383626,M,-0.966146724783272,3
6673.01,tess,NON_HABITABLE,2.6201221,853.059369,125.152068,19.7468103,0.15697844813834785,0.0,6439.2,1.4073499,1.323447248169342,3.0677964534198066,F,-1.1864188758813867,3
6676.01,tess,NON_HABITABLE,2.2731788,735.4942881,69.1573302,22.6957088,0.16495176233816142,0.0,5988.0,1.2555,1.1624220185980747,1.825808863669222,G,-1.141693154208412,3
6677.01,tess,HABITABILITY_ZONE,8.32098,334.0,2.08998,5.4496736,0.06887214004878403,0.0,6760.0,1.57,1.467473271349925,4.6374666442513695,F,-1.2658645982311858,3
6678.01,tess,NON_HABITABLE,2.12571,867.0,94.0962,3.4268387,0.040032063979492445,0.0,4794.0,0.77,0.7288146097220691,0.28214235008623834,K,-1.2060709706112096,3
6679.01,tess,NON_HABITABLE,4.4811227,1330.0450754,739.5821823,2.3170053,0.03404598194323776,0.0,5542.0,1.0432,0.9806724801868625,0.9249024990083279,G,-1.2611518669812016,3
668.01,tess,NON_HABITABLE,21.696241,1285.0009455,644.3692254,4.3787302,0.05537561414395583,0.0,6159.0,1.22606,1.1815163711277872,1.9487627715618516,F,-1.2552713173311694,3
6680.01,tess,NON_HABITABLE,10.8739335,1750.8881304,2221.0308758,4.3816966,0.06232621161681136,0.0,6875.0,1.99491,1.682317775560292,8.009992971775118,F,-1.279591814267726,3
6681.01,tess,NON_HABITABLE,13.8305377,1033.0579657,269.1657299,3.7783401,0.045434976543028555,0.0,5443.0,0.863922,0.8764946683944348,0.5901971591220837,G,-1.228432023188302,3
6682.01,tess,NON_HABITABLE,5.7584838,1046.3362951,283.2736399,4.243624,0.05008423086004122,0.0,5372.0,1.0,0.9306999306999307,0.7503065302103866,G,-1.2302526109480503,3
6683.01,tess,NON_HABITABLE,12.9539382,957.5698373,198.7022717,3.8568001,0.04467765150670034,0.0,5009.0,0.849464,0.799829095425305,0.40925009957520636,K,-1.2136886001863156,3
6684.01,tess,NON_HABITABLE,13.966554,1052.3262047,289.816123,2.7086444,0.03492923479438223,0.0,4848.0,0.851167,0.7748964611141574,0.36055764632058496,K,-1.2297703885188171,3
6685.01,tess,NON_HABITABLE,4.1568836,901.9156818,156.3812767,10.7715898,0.09903675650537837,0.0,6055.0,1.1335599,1.1168891246840542,1.5561098389533075,F,-1.2005218845837926,3
6686.01,tess,NON_HABITABLE,14.5365629,1225.6637768,533.3427629,4.1661265,0.05224098299313634,0.0,5883.0,1.15599,1.0958460954626923,1.4421095679100662,G,-1.2499865591617723,3
6687.01,tess,NON_HABITABLE,12.4943419,1468.8442425,1100.0792751,3.4414188,0.04787491982976986,0.0,5965.0,1.43051,1.2360316019896331,2.3340937651550013,G,-1.2667541643870848,3
6688.01,tess,NON_HABITABLE,4.6274347,882.7883176,143.5315288,4.9594992,0.05276818597430983,0.0,4900.0,0.881258,0.7969320514382203,0.40335289229350785,K,-1.1954300781735292,3
6689.01,tess,NON_HABITABLE,12.0296829,1105.3056703,352.7366563,4.1287427,0.04973021386857597,0.0,5377.0,1.06754,0.9625112014557922,0.8582684925663212,G,-1.235959838331274,3
669.01,tess,NON_HABITABLE,2.51666,1146.0,286.87,3.9451359,0.048239811776968844,0.0,5581.9,0.99,0.962217667218545,0.8572219968401978,G,-1.238133313650786,3
6690.01,tess,HABITABILITY_ZONE,2.5578976,200.1058511,0.378931,761.7092276,1.633591137174738,0.0,5599.17,1.06775,1.0023793731547566,1.009551515033226,G,0.9308688182813695,3
6690.02,tess,HABITABILITY_ZONE,2.7306626,238.0808322,0.7593093,904.5347981,1.8318957007916048,0.0,5599.17,1.06775,1.0023793731547566,1.009551515033226,G,1.2028850367596768,3
6694.01,tess,NON_HABITABLE,13.4485221,859.627962,129.0515238,3.9759251,0.043883389567941085,0.0,4693.0,0.769415,0.7131888686911237,0.25871298373030926,K,-1.1910336447600438,3
6699.01,tess,NON_HABITABLE,3.84201,976.0,150.91,5.322002,0.053159706493734395,0.0,4716.0,0.75,0.7075841656700299,0.2506758076066103,K,-1.1636068619175968,3
6700.01,tess,NON_HABITABLE,9.4825825,942.3827039,186.3932704,15.5177539,0.13418600667151004,0.0,6314.93,1.49694,1.3385802566831406,3.2105368604044946,F,-1.2067279177940644,3
6701.01,tess,NON_HABITABLE,12.3167818,1313.4180191,703.2874741,10.018102,0.10750876744691072,0.0,6697.0,2.0266299,1.651738148632951,7.443287559037951,F,-1.25563237051719,3
6702.01,tess,NON_HABITABLE,3.3333783,959.6369543,200.423599,2.1874712,0.028492964006088983,0.0,4454.0,0.698505,0.6449241647474133,0.17299541762792736,K,-1.2155271411671449,3
6703.01,tess,NON_HABITABLE,2.4730956,744.9095545,72.767119,49.6178223,0.3020788707077561,0.0,5494.7,2.46205,1.4937093433574182,4.978108870147735,G,-1.123342149439667,3
6704.02,tess,NON_HABITABLE,5.0896772,960.7741393,201.3753096,6.8275101,0.07046637377271267,0.0,5780.0,1.0,1.0013860013860014,1.0055555421967817,G,-1.2130921241642478,3
6705.01,tess,NON_HABITABLE,21.1100738,1642.5854822,1720.4138176,8.4457042,0.10023509652284081,0.0,6392.0,2.8927801,1.8835109722186372,12.585562130511406,F,-1.2710021273059193,3
6706.01,tess,NON_HABITABLE,12.6097244,1513.1615068,1238.973852,7.5757446,0.09378056061765944,0.0,8044.0,1.89254,1.917203764963092,13.510551980727051,A,-1.2747790213211219,3
6707.01,tess,NON_HABITABLE,5.6648123,1509.4265104,1226.7862371,3.8347282,0.052685256040618085,0.0,6088.34,1.58202,1.3267178116798513,3.0982341668912583,F,-1.2686901094404095,3
6708.01,tess,NON_HABITABLE,1.915198,440.4658878,8.895495,4.2290856,0.035017121393905296,0.0,3264.0,0.320782,0.32027926490158726,0.010522411753435863,M,-0.8394547475202339,3
6709.01,tess,NON_HABITABLE,1.0903541,977.1934094,215.4979378,2.3477336,0.030468822797631624,0.0,4799.0,0.678033,0.6846204116673992,0.21968447833244695,K,-1.2203486724093249,3
671.01,tess,NON_HABITABLE,23.8452,1512.0,869.85,10.1970284,0.11313480319130992,0.0,7949.0,1.82,1.857898005719534,11.914819683854462,A,-1.264770384378237,3
6710.01,tess,NON_HABITABLE,1.5139896,1127.3682012,381.7544649,2.067123,0.02912824610036523,0.0,5113.3,0.758633,0.7715975082300952,0.3544567620631598,K,-1.2425124604834137,3
6712.01,tess,NON_HABITABLE,2.2042465,2218.9811995,5729.7476128,1.8987896,0.03463128252240243,0.0,6016.28,2.17401,1.536853556854954,5.578660678633001,F,-1.289735065498172,3
6713.01,tess,NON_HABITABLE,0.8814471,1088.3628347,331.6009868,2.1538049,0.02959661970277735,0.0,4944.24,0.757603,0.7455796817397967,0.30901264905469583,K,-1.236562931907317,3
6714.01,tess,HABITABILITY_ZONE,1.0365063,275.0676104,1.3529409,4.7674421,0.03092812121078089,0.0,2824.0,0.125969,0.17364816999698052,0.0009092448362745559,M,0.10369865903502411,3
6715.01,tess,NON_HABITABLE,3.9033641,982.3534679,220.0858555,2.8618782,0.03555346826100048,0.0,4743.0,0.793587,0.7320219009680099,0.28714172078630673,K,-1.218498332313649,3
6716.01,tess,NON_HABITABLE,1.0102426,374.6080294,4.6540316,4.718569,0.035280013439144255,0.0,3190.0,0.226654,0.2631152707997172,0.0047927438476255664,M,-0.6075782055483622,3
6717.01,tess,NON_HABITABLE,1.852907,816.5461157,105.0615662,0.4707476,0.007601347114407549,0.0,3254.0,0.219973,0.2644088060343234,0.004887690080249086,M,-1.1600905018829197,3
6718.01,tess,NON_HABITABLE,10.2396383,1674.1745752,1856.624045,2.9532145,0.043179880585761464,0.0,5483.2,1.68056,1.2315010199912473,2.3000596728522322,G,-1.2707025396978664,3
6719.01,tess,NON_HABITABLE,14.184839,1717.1645208,2054.7956073,2.1764875,0.03514613835012683,0.0,5646.0,1.56233,1.2226465803112596,2.2346203527538053,G,-1.2775391153856506,3
672.01,tess,NON_HABITABLE,5.1614854,613.4754434,33.4741636,3.6335834,0.03624529916227973,0.0,3765.0,0.544068,0.48113311556439364,0.053587191794678156,K,-1.0941453197779636,3
6720.01,tess,NON_HABITABLE,8.6285404,786.7202987,90.5320647,4.1470359,0.04371379119518277,0.0,4247.0,0.775548,0.6479780277840809,0.1762954560665479,K,-1.1664525100043754,3
6721.01,tess,NON_HABITABLE,17.9837961,1121.0482082,373.2657632,4.6086414,0.05467660932258143,0.0,5693.0,1.08355,1.0266900180323537,1.1111107732487855,G,-1.2384527256057611,3
6722.01,tess,NON_HABITABLE,9.2319785,913.6734375,164.6967384,3.9613114,0.04508298040002505,0.0,5221.0,0.741696,0.7790051686767517,0.3682657729147143,G,-1.207553200512767,3
6723.01,tess,NON_HABITABLE,12.6093335,1202.4572246,494.0825841,3.4852362,0.045062119847703606,0.0,5728.0,1.02553,1.0049648490293255,1.0200077846088853,G,-1.2484488821688,3
6724.01,tess,NON_HABITABLE,4.13549,619.0,24.431,42.8614655,0.25845881173988844,0.0,5703.4,1.61,1.2537774280006895,2.4710514474804444,G,-1.0833345669241594,3
6726.01,tess,NON_HABITABLE,3.68209,1021.0,180.487,14.2456603,0.10302850113934363,0.0,4760.0,0.76,0.7189313572852947,0.2671466335309279,K,-1.0352116171208101,3
6727.01,tess,NON_HABITABLE,2.53444,733.0,48.0518,15.3471548,0.1193251946383006,0.0,5791.0,0.92,0.9623236435032557,0.8575997085151975,G,-1.1323543277760786,3
6728.01,tess,NON_HABITABLE,4.53167,768.0,58.006,24.9636551,0.2028919949048547,0.0,6388.0,2.61,1.7879642821192936,10.219634290570298,F,-1.2224704641412083,3
6729.01,tess,NON_HABITABLE,2.26966,1295.0,467.43,7.8374554,0.08812042821607143,0.0,6289.7,1.86,1.4861412234846143,4.877983469926765,F,-1.2549534930156363,3
6729.02,tess,NON_HABITABLE,1.80822,1479.0,795.693,3.8638303,0.05499272493622036,0.0,6289.7,1.86,1.4861412234846143,4.877983469926765,F,-1.2756262070895508,3
6730.01,tess,NON_HABITABLE,10.511208,1034.6449679,270.8235342,4.3934744,0.05099278286090071,0.0,5349.0,0.977886,0.9164112030226987,0.7052799845757639,G,-1.2262570920059965,3
6731.01,tess,NON_HABITABLE,11.400179,1199.4351627,489.1342881,1.631858,0.024566702773191545,0.0,4778.0,0.805143,0.7427733849883268,0.30438646356796434,K,-1.2485727490470195,3
6732.01,tess,NON_HABITABLE,12.0407,880.0,99.5651,1.3003394,0.018288922655894324,0.0,3658.0,0.58,0.48264896086712017,0.05426571155062545,M,-1.201737282536699,3
6733.01,tess,NON_HABITABLE,15.5894,2067.0,3031.39,3.2529571,0.05133736777783924,0.0,6623.0,2.21,1.7057860934423157,8.466390150423011,F,-1.2856263280976314,3
6734.01,tess,NON_HABITABLE,12.7334,1229.0,379.623,4.6068687,0.055340037388411666,0.0,5917.0,1.08,1.065337279457905,1.288096791326392,G,-1.242739928453123,3
6735.01,tess,NON_HABITABLE,11.1895,1163.0,304.514,3.3357969,0.04867753676533405,0.0,6517.0,1.5,1.3828243809527003,3.656521340280911,F,-1.2748584220424037,3
6736.01,tess,NON_HABITABLE,11.6667,1202.0,346.683,2.9879341,0.03923057868501553,0.0,5315.0,0.96,0.902220234434691,0.6625982001191032,G,-1.2435192356261155,3
6737.01,tess,NON_HABITABLE,16.2689,1795.0,1724.51,2.8475582,0.04277216393449044,0.0,6372.0,1.36,1.287415990088505,2.74710712664862,F,-1.274376166091742,3
6738.01,tess,NON_HABITABLE,9.13018,1680.0,1323.23,3.6234424,0.05173299941651449,0.0,5815.0,1.95,1.4068270245065209,3.917083318232233,G,-1.2739176595092314,3
6739.01,tess,NON_HABITABLE,10.0709,688.0,37.2212,4.6588405,0.049656343338909364,0.0,4768.0,0.83,0.7525735846389469,0.32077157902464515,K,-1.189105484502178,3
674.01,tess,NON_HABITABLE,5.2706003,644.2865637,40.7227689,1.9771658,0.02252787455084321,0.0,3467.0,0.421944,0.39017094639856437,0.023174998154069325,M,-1.1059872733781462,3
6740.01,tess,NON_HABITABLE,11.4279,1445.0,723.955,3.3505941,0.045549824109591866,0.0,5579.0,1.35,1.1230443912937202,1.590697845852558,G,-1.2601674647613081,3
6742.01,tess,NON_HABITABLE,10.7664,1157.0,297.977,8.1678648,0.0874855131975792,0.0,5859.0,1.74,1.3389729384878903,3.214305851533545,G,-1.242689255407278,3
6743.01,tess,NON_HABITABLE,18.7334,1590.0,1061.42,5.9097139,0.07558347541015338,0.0,6508.0,2.14,1.649408045042226,7.401375429930669,F,-1.2716523493628118,3
6744.01,tess,NON_HABITABLE,12.8076,2131.0,3424.09,0.8674623,0.020240488213601908,0.0,6470.0,1.72,1.4700841043740105,4.670557539628628,F,-1.2970352538988783,3
6745.01,tess,NON_HABITABLE,11.9863,1478.0,793.304,5.2452852,0.06651293269602461,0.0,5928.0,1.93,1.4267915448624122,4.1442133767589855,G,-1.2649123950506433,3
6746.01,tess,NON_HABITABLE,12.8325,1043.0,196.591,1.20306,0.019817040298646036,0.0,4204.0,0.97,0.7173353811287391,0.2647823353475327,K,-1.2568646307195248,3
6747.01,tess,NON_HABITABLE,5.49838,1567.0,1003.46,0.7025922,0.01612647805780954,0.0,5875.0,1.24,1.133423965059819,1.650325325930652,G,-1.2926419793099473,3
6748.01,tess,NON_HABITABLE,11.9834,1261.0,420.855,4.5932835,0.057970942272802084,0.0,5988.0,1.41,1.2318704160981122,2.3028205814675275,G,-1.2572923706455523,3
6749.01,tess,NON_HABITABLE,12.0872,1390.0,620.245,8.6121286,0.10163762782898199,0.0,7929.0,1.89,1.888526127094847,12.720142894047608,A,-1.2706666847736285,3
675.01,tess,NON_HABITABLE,14.6952606,1313.73704,703.9710193,4.1780637,0.05288191344971008,0.0,5620.0,1.34736,1.1301909312326306,1.6315758657368489,G,-1.2528836236340324,3
6751.01,tess,NON_HABITABLE,15.3905,1928.0,2295.26,2.9419791,0.04602102782843667,0.0,7277.0,1.42,1.5023468982920147,5.094257561608374,F,-1.2818410512314418,3
6752.01,tess,NON_HABITABLE,9.30846,959.0,140.925,11.3648628,0.10809599853095601,0.0,6128.0,1.51,1.3046106149996526,2.8968341485227445,F,-1.2224099048251567,3
6753.01,tess,NON_HABITABLE,12.1981,2153.0,3568.91,1.0169814,0.020816359939155465,0.0,5616.0,1.43,1.163506450680136,1.8326316460538878,G,-1.2887503193718075,3
6754.01,tess,NON_HABITABLE,17.6537,2346.0,5032.19,1.9943104,0.03650845462789474,0.0,7247.0,1.69,1.6322072072072071,7.097430766830341,F,-1.291056102177825,3
6755.01,tess,NON_HABITABLE,11.2259,859.0,90.7886,5.7585993,0.06019412550045785,0.0,5090.0,0.99,0.877423086429781,0.5927017763746862,K,-1.202182195371843,3
6756.01,tess,NON_HABITABLE,16.6116,1560.0,985.669,4.9354155,0.0640298684447862,0.0,6500.0,1.63,1.437741591757174,4.272906067397098,F,-1.2672512971364487,3
6757.01,tess,NON_HABITABLE,14.4544,2308.0,4716.78,3.5193417,0.048070683376372804,0.0,5620.0,1.51,1.196460779422005,2.0492449200765432,G,-1.2636616308841244,3
6758.01,tess,NON_HABITABLE,2.58082,440.0,6.2521,12.6136992,0.08315712260276169,0.0,3719.0,0.56,0.4821629875749234,0.05404748351848788,K,-0.8169534440764148,3
6759.01,tess,NON_HABITABLE,10.1378,1671.0,1295.34,1.318678,0.023483929779567994,0.0,5764.0,0.99,0.9936083831397362,0.9746776063635095,G,-1.277159020104419,3
676.01,tess,NON_HABITABLE,14.1253056,1501.6517354,1201.7050633,2.1503007,0.033077737256695765,0.0,5430.0,1.23206,1.0442138186708378,1.1889339943503943,G,-1.2681330756016282,3
6760.01,tess,NON_HABITABLE,9.84673,977.0,151.287,5.2820398,0.05858186933430903,0.0,5415.0,1.05,0.9613173665570205,0.8540182516249112,G,-1.222574650857915,3
6761.01,tess,NON_HABITABLE,13.5998,1902.0,2176.55,4.3430254,0.058071341543235,0.0,6594.0,1.47,1.385100505470621,3.6806553351599476,F,-1.2682251674647456,3
6762.01,tess,NON_HABITABLE,11.9282,498.0,10.2294,5.1778752,0.046692816006732515,0.0,3599.0,0.66,0.5065560328878175,0.06584305421929966,M,-1.0591469051595492,3
6763.01,tess,NON_HABITABLE,17.3192,1869.0,2027.97,2.4519381,0.041502103349859584,0.0,7085.0,1.67,1.5862504844390646,6.331215132424221,F,-1.2872105740596265,3
6765.01,tess,NON_HABITABLE,19.3726,1445.0,724.258,2.7967251,0.049887659167235296,0.0,7566.0,2.61,2.1176796741569466,20.11134299228094,A,-1.2946113687201755,3
6766.01,tess,NON_HABITABLE,13.6352,1544.0,944.765,2.2104947,0.03509888969250742,0.0,5421.0,1.58,1.1805425050721206,1.942345632326445,G,-1.2752332255753551,3
6767.01,tess,NON_HABITABLE,18.0511,1146.0,287.189,2.3519086,0.037003361046942136,0.0,6026.0,1.37,1.2219771597712485,2.229730394567443,F,-1.2757893919703531,3
6769.01,tess,NON_HABITABLE,13.193,1162.0,303.245,5.6858804,0.06493461220858407,0.0,5492.0,1.41,1.1298317176370798,1.6295025704748496,G,-1.2398341650398434,3
677.01,tess,NON_HABITABLE,13.0203,690.0,37.6345,11.2365977,0.10627946259679322,0.0,6446.0,1.29,1.268407595184635,2.5884235091790315,F,-1.218897971393127,3
6770.01,tess,NON_HABITABLE,9.65258,539.0,14.0749,14.6768874,0.10868494789904935,0.0,5230.0,0.77,0.7950981244986278,0.39965285163366676,G,-1.072994702355693,3
6771.01,tess,NON_HABITABLE,11.7073,1238.0,390.089,6.8552506,0.08363526184621999,0.0,6847.0,1.96,1.6607415107415109,7.606908011987431,F,-1.2681495908550229,3
6772.01,tess,NON_HABITABLE,7.73812,1359.0,566.891,3.940549,0.051383140022822175,0.0,5493.0,1.5,1.1655446255291058,1.8455066927618973,G,-1.2578132003320874,3
6773.01,tess,NON_HABITABLE,10.5823,1448.0,729.82,3.272056,0.04529225828341589,0.0,5668.0,1.39,1.157739682304616,1.7965680713590875,G,-1.26337098872482,3
6774.01,tess,NON_HABITABLE,9.62957,1062.0,211.784,4.5833112,0.057312050696354075,0.0,5853.0,1.39,1.1955275865435637,2.0428590706297967,G,-1.2546780032819655,3
6775.01,tess,NON_HABITABLE,7.9118,1922.0,2266.94,0.5940157,0.0141061832943997,0.0,5663.0,1.17,1.0612389227106327,1.2683896230304994,G,-1.2926806411961544,3
6776.01,tess,NON_HABITABLE,10.4769,633.0,26.7043,1.9519092,0.023413762035755032,0.0,3498.0,0.55,0.4494432139268993,0.04080367782879193,M,-1.1501907938088216,3
6777.01,tess,NON_HABITABLE,16.5271,1797.0,1734.68,3.3615701,0.0502107425437121,0.0,6258.0,1.9,1.4944659925603014,4.98820332433782,F,-1.278958415317191,3
6778.01,tess,NON_HABITABLE,8.29625,814.0,73.227,3.9718475,0.05084897320754089,0.0,6064.0,1.12,1.1118389431944335,1.528155420147255,F,-1.2532509838510828,3
6779.01,tess,NON_HABITABLE,8.65039,1295.0,467.938,1.3504913,0.021841397132769152,0.0,4858.0,0.82,0.762145893989459,0.3374057325070942,K,-1.2581194217346876,3
678.01,tess,NON_HABITABLE,3.4134506,807.9481883,100.7059307,11.3298459,0.09878128695257367,0.0,5624.0,1.057,1.0017433849724005,1.0069917974411275,G,-1.1742720540739742,3
6780.01,tess,NON_HABITABLE,10.2486,802.0,68.9842,13.4570562,0.11179759365881999,0.0,5771.0,1.06,1.0293846421281354,1.1228215467512945,G,-1.1645303107750966,3
6781.01,tess,NON_HABITABLE,11.9271,1240.0,392.882,2.7638775,0.04139760823011202,0.0,6155.0,1.35,1.2389923334670818,2.356538157742415,F,-1.2727757875670218,3
6782.01,tess,NON_HABITABLE,17.158,1991.0,2610.88,1.7278017,0.03087102346360392,0.0,6460.0,1.38,1.3147577478184498,2.9880162505785997,F,-1.2853291637345752,3
6783.01,tess,NON_HABITABLE,13.3128,444.0,6.47065,6.0368213,0.047086564815508256,0.0,3445.0,0.41,0.38216845110804165,0.021331398486445306,M,-0.8656051476036992,3
6784.01,tess,NON_HABITABLE,15.5528,1861.0,1995.19,3.1539313,0.048106955052692024,0.0,6610.0,1.7,1.4931367948159913,4.970480690948072,F,-1.2802037806843598,3
6785.01,tess,NON_HABITABLE,8.04744,1075.0,221.883,16.2501976,0.1386028696106938,0.0,6177.0,1.58,1.345178205834807,3.274306193353634,F,-1.204373764510082,3
6786.01,tess,NON_HABITABLE,17.7291,1640.0,1203.77,2.7142282,0.03962240302672969,0.0,6063.0,1.15,1.1264454522202314,1.6100548221833293,F,-1.266905894874301,3
6787.01,tess,NON_HABITABLE,16.201,1699.0,1385.73,2.9588636,0.04579790645011699,0.0,6405.0,1.74,1.4637517786337153,4.590603074405926,F,-1.2804830779972503,3
6788.01,tess,NON_HABITABLE,12.4646,532.0,13.3603,24.092358,0.16110565612619399,0.0,5388.0,1.06,0.9610681774019051,0.8531330939788551,G,-1.0695465485510856,3
6789.01,tess,NON_HABITABLE,7.93123,1166.0,307.857,4.2221583,0.050748070667342965,0.0,5589.8,1.02,0.9780702131749194,0.9151243917786184,G,-1.2368284874073965,3
6790.01,tess,NON_HABITABLE,16.3974,1156.0,296.944,6.1030299,0.07033159251352909,0.0,6057.0,1.41,1.2460653156824093,2.410811365748562,F,-1.2475131090871834,3
6791.01,tess,NON_HABITABLE,12.5063,441.0,6.33598,18.8224069,0.13979050712756697,0.0,5661.0,1.1,1.0286394472438025,1.1195737317167642,G,-1.1278569084598482,3
6792.01,tess,NON_HABITABLE,5.94344,807.0,70.4881,7.9605908,0.07278274103091399,0.0,5081.5,0.85,0.8116617318041199,0.4340105448622324,K,-1.1576767906675343,3
6793.01,tess,NON_HABITABLE,7.01051,454.0,7.09349,6.5516113,0.061322415065192745,0.0,4841.8,0.73,0.7167075075204161,0.2638565107037787,K,-1.1454070922004467,3
6794.01,tess,NON_HABITABLE,12.4526,1528.0,906.064,7.3099457,0.0881169809015407,0.0,6391.0,2.38,1.7081695414740263,8.513808837192455,F,-1.2683212721329025,3
6795.01,tess,NON_HABITABLE,12.6314,1558.0,979.454,2.1250402,0.03379287634520053,0.0,5355.0,1.51,1.1400440344848466,1.689221131227485,G,-1.274108304182645,3
6796.01,tess,NON_HABITABLE,8.91723,1312.0,491.943,3.7871416,0.04843999460137358,0.0,5594.0,1.19,1.0572303459679866,1.2493337756116343,G,-1.2502135565303027,3
6797.01,tess,NON_HABITABLE,11.4457,1583.0,1044.17,0.9898852,0.020609096452823876,0.0,5339.0,1.66,1.1917568104987082,2.017207479674811,G,-1.289944293513783,3
6798.01,tess,NON_HABITABLE,12.8125,1192.0,335.493,22.3751134,0.1722004989722463,0.0,6477.7,1.47,1.360671147146958,3.4277781249017822,F,-1.1817533021233018,3
6799.01,tess,NON_HABITABLE,5.36785,1618.0,1137.76,0.664786,0.016163836300611086,0.0,6333.0,1.35,1.2748234683748219,2.6411933760188813,F,-1.2962354806032217,3
680.01,tess,NON_HABITABLE,4.8760213,3259.6904316,26682.4947351,0.433569,0.012459169022435579,0.0,5967.0,1.7628,1.372559677898822,3.5491548278644314,G,-1.300828451073926,3
6800.01,tess,NON_HABITABLE,10.2109,1377.0,596.999,4.1518071,0.06274111184086685,0.0,6702.0,2.71,1.911449138901599,13.34906925110197,F,-1.2862758364713447,3
6801.01,tess,NON_HABITABLE,19.6011,1162.0,302.765,1.2245052,0.019189529665656128,0.0,4337.4,0.7,0.6287126124547642,0.1562459219048354,K,-1.2430340987057906,3
6802.01,tess,NON_HABITABLE,12.7389,1017.0,177.728,1.1079142,0.01693834067765655,0.0,3969.0,0.59,0.5281785771533352,0.07782571677520361,K,-1.2262606828441318,3
6803.01,tess,NON_HABITABLE,10.9307,1137.0,277.825,3.3522572,0.04678303732927066,0.0,5951.0,1.39,1.215544962843114,2.183152692484471,G,-1.2663045835952051,3
6804.01,tess,NON_HABITABLE,13.0104,1137.0,277.764,3.7724643,0.0511669351898064,0.0,6170.0,1.38,1.255736115176445,2.4865290603634214,F,-1.2652216043838085,3
6805.01,tess,NON_HABITABLE,11.6289,1448.0,729.867,1.040425,0.018363376588517517,0.0,4750.0,0.86,0.7631616052253047,0.33920797269626124,K,-1.2664877629884834,3
6806.01,tess,NON_HABITABLE,15.7473,476.0,8.55956,23.2490769,0.14140359857456122,0.0,4849.0,0.69,0.6978312389343337,0.23713825963993662,K,-0.9097351749943898,3
6807.01,tess,NON_HABITABLE,9.48332,714.0,43.2116,6.6210878,0.062349598393312125,0.0,4790.0,0.79,0.7376031056642702,0.2959994789400362,K,-1.1519952313573179,3
6808.01,tess,NON_HABITABLE,20.761,1432.0,699.098,3.0449187,0.04390167302733834,0.0,6026.0,1.36,1.2175092210096252,2.197298384459451,F,-1.269124323406979,3
6809.01,tess,NON_HABITABLE,11.0734,740.0,49.8683,2.6855972,0.030433635552974368,0.0,3822.0,0.62,0.521387007873755,0.07389938432450574,K,-1.1556455641211292,3
681.01,tess,NON_HABITABLE,18.2872401,1096.9941906,342.2459459,15.7784931,0.14627645539325174,0.0,7447.0,1.6898,1.6771530036204156,7.91208122833469,F,-1.2382704042429462,3
6810.01,tess,NON_HABITABLE,12.2742,936.0,127.543,11.3498282,0.1029765498847936,0.0,6009.0,1.18,1.1308809419892947,1.63556399300167,F,-1.1989669045295726,3
6811.01,tess,NON_HABITABLE,18.336,648.0,29.2942,1.1602698,0.01754448559341201,0.0,3692.0,0.7,0.5351609178731475,0.08202336076098078,M,-1.2255131000190518,3
6812.01,tess,NON_HABITABLE,13.1329,809.0,71.1152,12.6357243,0.1135789037485351,0.0,5951.0,1.41,1.224258658350011,2.246429205490594,G,-1.2055007817892913,3
6813.01,tess,NON_HABITABLE,1.98374,1150.0,290.953,2.3557153,0.030956043776827268,0.0,4851.0,0.72,0.7131340947060171,0.2586335146902175,K,-1.2260496658954974,3
6814.01,tess,NON_HABITABLE,8.86489,2149.0,3545.12,0.7941828,0.01868495806361186,0.0,6397.0,1.55,1.3797991636925488,3.624628571736887,F,-1.2964168331675767,3
6815.01,tess,NON_HABITABLE,16.7867,590.0,20.1338,17.9217736,0.12321317066986631,0.0,5144.1,0.76,0.7769442846662363,0.364384173004841,K,-1.0286213615934021,3
6816.01,tess,NON_HABITABLE,13.7902,1110.0,252.912,10.9267866,0.10276558634250474,0.0,5792.8,1.46,1.2126588481607525,2.1624922503491155,G,-1.2136277454697435,3
6817.01,tess,NON_HABITABLE,6.9761,1037.0,192.578,3.1998039,0.04262158227202277,0.0,5430.0,1.15,1.0088403109938737,1.0358329201939596,G,-1.2522254029403665,3
6818.01,tess,NON_HABITABLE,7.45333,603.0,22.0861,10.1956949,0.09509500672492069,0.0,5791.0,1.21,1.1036209286209286,1.4834732197980867,G,-1.202335464121073,3
6819.01,tess,NON_HABITABLE,6.73372,966.0,144.761,8.5467163,0.0871838168140102,0.0,5557.6,1.58,1.2102901726967012,2.1456457843142474,G,-1.2279113922084066,3
682.01,tess,NON_HABITABLE,3.74186,1090.0,234.46,6.8392388,0.06847055787818412,0.0,5085.0,1.08,0.9155382906951913,0.7025966105099829,K,-1.1973592433063818,3
6820.01,tess,NON_HABITABLE,2.55092,1261.0,419.804,2.014214,0.028861478677947958,0.0,5039.0,0.82,0.7905420254863902,0.3905708694505599,K,-1.2462938741920992,3
6821.01,tess,NON_HABITABLE,4.58576,1036.0,191.782,3.535713,0.04283950500222616,0.0,5222.0,0.86,0.838995768944535,0.495494779045176,G,-1.226064760697492,3
6822.01,tess,NON_HABITABLE,10.486,747.0,51.9039,2.7492112,0.030668612606082647,0.0,3794.0,0.6,0.5091510331084872,0.06720266831807091,K,-1.1468909697167469,3
6823.01,tess,NON_HABITABLE,5.54834,1190.0,333.622,2.8411187,0.03980914194069902,0.0,5517.0,1.19,1.0426778367367504,1.18195398419091,G,-1.259476212796516,3
6824.01,tess,NON_HABITABLE,12.0272,963.0,143.073,5.407469,0.05932251903498307,0.0,5417.0,1.03,0.9524696051300166,0.8230088438777102,G,-1.219818707181378,3
6825.01,tess,NON_HABITABLE,4.11474,776.0,60.353,16.4547455,0.12657648421820594,0.0,5826.0,0.98,0.9992109754105952,0.9968476350367248,G,-1.1352143814404152,3
6826.01,tess,NON_HABITABLE,2.10567,879.0,99.2729,6.4375108,0.06222042192764486,0.0,5203.0,0.74,0.7754313645949894,0.36155423535871584,G,-1.1673259585992488,3
6827.01,tess,NON_HABITABLE,11.2091,1506.0,854.858,4.4738444,0.058903108164383336,0.0,4943.1,2.53,1.362176346123232,3.4429707913418373,K,-1.2661913762063217,3
6828.01,tess,NON_HABITABLE,11.1177,1092.0,236.353,3.4894537,0.04537452198058095,0.0,5415.7,1.19,1.0235327823844877,1.0975063163559589,G,-1.2502487954012393,3
6829.01,tess,NON_HABITABLE,17.1852,793.0,65.8313,23.842,0.17396945299909117,0.0,5923.2,1.45,1.2357029280856293,2.3316121141329442,G,-1.1529175133082548,3
683.01,tess,NON_HABITABLE,17.2861065,1423.6985463,970.9417325,3.4058895,0.04746451234481056,0.0,6302.0,1.26867,1.2297771280265615,2.287207920435004,F,-1.2666877535417025,3
6830.01,tess,NON_HABITABLE,13.2226172,1340.5757561,763.2845047,1.8778647,0.028229018876527692,0.0,5100.0,0.927664,0.8510188999542383,0.5245136817462114,K,-1.256222419957343,3
6831.01,tess,NON_HABITABLE,5.93946,530.0,13.1521,57.1050077,0.2894791535570894,0.0,5816.0,0.97,0.9923935719897116,0.9699196774256674,G,-0.9048307816457002,3
6832.01,tess,NON_HABITABLE,2.17365,706.0,41.3052,5.1392756,0.04877169645938826,0.0,4014.0,0.71,0.5859765278851334,0.11790192077115748,K,-1.1141789560644502,3
6833.01,tess,NON_HABITABLE,3.30997,794.0,66.2634,8.2616616,0.07571776890943717,0.0,5281.0,0.86,0.8484750394094388,0.5182702533205836,G,-1.164984100529213,3
6834.01,tess,NON_HABITABLE,3.91968,922.0,120.002,6.3392677,0.0643273238904181,0.0,5289.0,0.93,0.8836671669246663,0.609754305402213,G,-1.1964045519170057,3
6835.01,tess,NON_HABITABLE,1.64829,2211.0,3967.92,0.2803246,0.007291602711049698,0.0,4477.0,0.72,0.6581532347967096,0.18763250673996007,K,-1.2867429824366299,3
6836.01,tess,NON_HABITABLE,2.59387,644.0,28.6373,9.100412,0.07792431882598376,0.0,5013.7,0.77,0.762214812007413,0.33752779044257913,K,-1.1250826787874884,3
6837.01,tess,NON_HABITABLE,1.37109,1731.1570786144548,2124.15,0.9494413,0.019573363588872694,0.0,5872.1,1.19,1.1097894734641784,1.516919047142271,G,-1.288040020111129,4
6838.01,tess,NON_HABITABLE,1.2038917,802.8602204,98.1930529,1.5109447,0.017974082817648236,0.0,5780.0,0.114827,0.3393309908407271,0.01325849108580025,G,-1.0948009670476804,3
6839.01,tess,NON_HABITABLE,8.6826968,1504.13344,1209.668769,2.9944742,0.04317060981632417,0.0,5756.0,1.44085,1.1970267294853565,2.053125008630764,G,-1.2684186424726738,3
684.01,tess,NON_HABITABLE,8.778562,673.1575152,48.5274864,19.8507621,0.19537837860108356,0.0,9488.0,2.35947,2.5249662848825065,40.64642313915372,A,-1.2677065085340018,3
6840.01,tess,NON_HABITABLE,15.1261771,884.085476,144.377004,8.9000334,0.08450729303606118,0.0,5854.0,1.0044,1.0164353195428362,1.0673798275230726,G,-1.197207786438003,3
6841.01,tess,NON_HABITABLE,9.5784743,627.1693637,36.5645594,13.9285074,0.10554415866413297,0.0,5103.41,0.836141,0.8084885944795216,0.42726329993305556,K,-1.087400986921991,3
6842.01,tess,NON_HABITABLE,18.2452387,1226.2663506,534.3923671,5.3920955,0.06372270151838265,0.0,5752.18,1.41933,1.1872654683934194,1.986970165245786,G,-1.2476380945777925,3
6843.01,tess,NON_HABITABLE,14.0381026,1424.9131835,974.2594349,5.4977872,0.06868585221915051,0.0,6281.0,1.72746,1.4302319348636177,4.184329572295725,F,-1.2636647226596642,3
6844.01,tess,NON_HABITABLE,8.6543461,687.8151709,52.8941941,3.8068712,0.03899121996452309,0.0,3913.0,0.647921,0.545688188607133,0.08867030747018464,K,-1.129473775500593,3
6845.01,tess,NON_HABITABLE,7.57257,633.0,26.7153,4.7443604,0.051577723301568644,0.0,5420.1,0.75,0.813226661651427,0.4373674254337324,G,-1.2024540606210194,3
6846.01,tess,NON_HABITABLE,10.5691,1241.0,394.819,3.334884,0.04315678463104718,0.0,5771.0,0.93,0.9641979996827849,0.8643007794457054,G,-1.2459635605373776,3
6847.01,tess,NON_HABITABLE,8.87293,1545.0,947.874,1.3939452,0.025290383597159478,0.0,6140.0,1.09,1.1105939356325498,1.5213221578728393,F,-1.2816834379875952,3
6848.01,tess,NON_HABITABLE,13.1172,508.0,11.0748,7.5954765,0.059733395102401506,0.0,3768.0,0.57,0.4928582146933504,0.05900488905933471,K,-0.9710215501758162,3
685.01,tess,NON_HABITABLE,10.264,935.0,126.951,11.6332127,0.10692045746354487,0.0,5287.7,1.73,1.204934769231329,2.107920103167165,G,-1.2084447689559636,3
6850.01,tess,NON_HABITABLE,3.36588,716.0,43.6784,6.0803777,0.05785650442028891,0.0,4275.7,0.89,0.6988370257507696,0.23850837130443878,K,-1.1466657343869178,3
6851.01,tess,NON_HABITABLE,2.28751,513.0,11.5571,12.0101118,0.08547643096264038,0.0,4073.0,0.67,0.5775977449729122,0.11130174058144164,K,-0.9568238453428394,3
6852.01,tess,NON_HABITABLE,9.09208,511.0,11.3359,16.7382238,0.11147802728914409,0.0,4551.0,0.7,0.6596742516903288,0.18937303189883054,K,-0.9568768492918571,3
6853.01,tess,NON_HABITABLE,8.16912,1161.0,301.85,10.636983,0.10592584602086992,0.0,6297.0,1.65,1.4013587932753693,3.856535841756335,F,-1.2356021691207202,3
6854.01,tess,NON_HABITABLE,6.35856,1258.0,416.97,2.7663479,0.041119438994331146,0.0,6413.0,1.19,1.2120161259729527,2.157911317585069,F,-1.2713638618233651,3
6855.01,tess,NON_HABITABLE,9.07333,427.0,5.51975,26.3333899,0.16643844731116295,0.0,5309.0,0.93,0.8870086952548787,0.6190297321429011,G,-1.0183858618923036,3
6856.01,tess,NON_HABITABLE,15.3922,989.0,159.123,0.6541517,0.011906932572299706,0.0,3657.0,0.69,0.5262876553480839,0.07671719813302114,M,-1.250694531551398,3
6857.01,tess,HABITABILITY_ZONE,5.57868,353.0,2.59874,10.0512067,0.06520597845073502,0.0,3428.0,0.38,0.366105530183258,0.0179649145800213,M,-0.6394396856987795,3
6858.01,tess,NON_HABITABLE,1.73871,631.0,26.3567,3.3024845,0.03302827731659774,0.0,3634.0,0.49,0.44071379071379074,0.03772476666490854,M,-1.0755750166078903,3
6859.01,tess,NON_HABITABLE,11.5702,881.0,100.27,9.6804752,0.0903237872655761,0.0,5622.0,1.16,1.0490435393523971,1.2110834068114282,G,-1.196822839153886,3
686.01,tess,NON_HABITABLE,3.3397496,1634.511587,1686.8366029,3.5137609,0.050260930524625755,0.0,6279.8,1.59007,1.3719162870023045,3.542504803520842,F,-1.273138812393227,3
6860.01,tess,NON_HABITABLE,10.2266,1341.0,538.344,0.6183488,0.014207208886164537,0.0,5272.0,1.2,1.0005520870295344,1.0022101775918637,G,-1.2903839652111557,3
6861.01,tess,NON_HABITABLE,11.3603,1439.0,713.321,3.7942532,0.05143378690234893,0.0,5753.6,1.6,1.2608787765450304,2.5275126535886847,G,-1.2653543283284536,3
6862.01,tess,NON_HABITABLE,11.9576,916.0,117.339,8.2241876,0.08291101346429788,0.0,5669.2,1.31,1.1241677026697523,1.5970717049760739,G,-1.2195209063388979,3
6863.01,tess,NON_HABITABLE,9.86579,883.0,100.923,7.8407154,0.0804725708826399,0.0,5703.0,1.31,1.1308700360413457,1.6355009019473068,G,-1.2232174728446126,3
6864.01,tess,NON_HABITABLE,6.93651,735.0,48.5457,15.5106583,0.12073992549521748,0.0,5472.0,1.06,0.976051422929329,0.9075922853954866,G,-1.135267935790972,3
6865.01,tess,NON_HABITABLE,4.74384,910.0,114.336,2.4465664,0.031251099977413495,0.0,4185.5,0.88,0.680240303629278,0.2141161568508346,K,-1.216861112317937,3
6867.01,tess,NON_HABITABLE,8.85628,1118.0,259.808,3.6810755,0.045425343053860645,0.0,5465.0,0.95,0.9228383765485272,0.7252747967743662,G,-1.2364288307813183,3
6868.01,tess,NON_HABITABLE,11.8996,1483.0,804.639,3.4106422,0.04768821939474726,0.0,5222.0,1.89,1.2437739230280351,2.393127231242933,G,-1.2674565215390308,3
6869.01,tess,NON_HABITABLE,8.20454,60.0,0.0022765,763.9701133,1.2652881150306652,0.0,3671.0,0.53,0.46301599798248066,0.045960419871425184,M,3.0,3
687.01,tess,HABITABILITY_ZONE,2.2115007,340.3118696,3.169782,36.2995129,0.17884182262286966,0.0,4253.9,0.617519,0.5791434064410448,0.1124979128185516,K,-0.5750519353598315,3
6870.01,tess,NON_HABITABLE,3.89953,1181.0,323.688,6.6968572,0.07964899125160281,0.0,6466.5,1.8,1.5030700183474417,5.104072659059888,F,-1.2613532284331062,3
6871.01,tess,NON_HABITABLE,2.51956,797.0,67.0792,12.4652143,0.10224761355486209,0.0,5647.1,0.88,0.9177840206964273,0.7095156318212718,G,-1.1426423757692084,3
6872.01,tess,NON_HABITABLE,2.46843,734.0,48.3251,11.0248821,0.0740840991128137,0.0,3798.0,0.46,0.44628013298526975,0.039667078466503476,K,-0.797275350654124,3
6873.01,tess,NON_HABITABLE,3.5747237,607.4351032,32.1751474,18.8204255,0.13270330836196145,0.0,5450.0,0.868947,0.8801705311849183,0.600160344049476,G,-1.0738550890922205,3
6875.01,tess,NON_HABITABLE,17.3489851,1354.7002867,795.9648554,3.5245689,0.04770675108940277,0.0,6203.0,1.17724,1.1660252733443521,1.848552779844221,F,-1.2615829323652823,3
6877.01,tess,NON_HABITABLE,9.88421,949.0,134.883,33.5920255,0.19698731969325514,0.0,5468.0,0.91,0.9036970813145979,0.666947299693599,G,-0.9774991085391581,3
6879.01,tess,NON_HABITABLE,3.82513,986.0,156.928,13.5853161,0.1188277353637753,0.0,5854.0,1.43,1.2128145944233468,2.163603411915024,G,-1.198602319748438,3
6880.01,tess,NON_HABITABLE,1.92053,838.0,81.9483,14.9166631,0.11221896133554617,0.0,5434.0,0.81,0.8472972972972974,0.5153986591900325,G,-1.094506054133524,3
6881.01,tess,NON_HABITABLE,15.8982,1976.0,2535.55,1.9769396,0.034757393087965105,0.0,6440.5,1.65,1.4332938396204566,4.2202768054045245,F,-1.286624741163769,3
6884.01,tess,NON_HABITABLE,9.4489967,1061.4035157,299.9460099,14.4217699,0.1311378264652952,0.0,6026.94,1.91917,1.4465294125015264,4.378335875828912,F,-1.2235660424963726,3
6885.01,tess,NON_HABITABLE,11.0647635,710.3581928,60.177006,11.6515287,0.09611640168179596,0.0,5335.0,0.891247,0.8725837920205531,0.5797337275609838,G,-1.1359592760524304,3
6886.01,tess,NON_HABITABLE,5.5672157,773.4186722,84.5628503,4.8003341,0.04901461396056204,0.0,4664.59,0.71163,0.68173293973914,0.21600167274209328,K,-1.1645905862137687,3
6887.01,tess,NON_HABITABLE,9.5170822,897.9706432,153.6630881,6.5883481,0.0730459439961426,0.0,6186.7,1.24901,1.1978865604734636,2.059030452354897,F,-1.2397831346734078,3
6888.01,tess,NON_HABITABLE,10.8355197,882.8924951,143.5992933,19.9253903,0.15916424756213138,0.0,6213.0,1.58437,1.3548878131176632,3.3698715389355884,F,-1.19044412252268,3
6889.01,tess,NON_HABITABLE,18.8533824,857.6355078,127.8592096,10.5465818,0.09525922392687287,0.0,5726.0,1.0922101,1.0367597192261977,1.1553470548459717,G,-1.18779796575314,3
6891.01,tess,NON_HABITABLE,8.109016,790.0226507,92.061739,8.3106603,0.07696612247703473,0.0,5675.0,0.802301,0.8806598768589107,0.6014961346394471,G,-1.1731674920649942,3
6892.01,tess,NON_HABITABLE,11.0501866,789.0006014,91.586263,17.8961832,0.13985661645612776,0.0,5767.33,1.30053,1.1394851425579686,1.6859110905350057,G,-1.1614893344082002,3
6894.01,tess,NON_HABITABLE,9.3830336,409.0887836,6.6189834,3.3706303,0.027929096810834036,0.0,3133.0,0.222121,0.2558166942118055,0.004282679058939216,M,-0.7217427784006211,3
6896.01,tess,NON_HABITABLE,3.5822698,699.2880486,56.5126178,19.7357748,0.1454943088926366,0.0,5985.0,1.03501,1.054897116588689,1.238341481475147,G,-1.1297444758506137,3
6897.01,tess,NON_HABITABLE,13.52336,1049.1899067,286.3765268,8.330174,0.08472503618199535,0.0,5858.0,1.3273,1.1692505749146,1.8690906651504764,G,-1.224530582098412,3
6898.01,tess,NON_HABITABLE,3.3584758,429.6673243,8.0547175,18.1070683,0.11215017476213313,0.0,4024.0,0.677805,0.5739631808223594,0.10852658439859907,K,-0.8407431390529295,3
6899.01,tess,NON_HABITABLE,1.1780056,1184.8768866,465.8154756,2.8625937,0.03836970021407693,0.0,5503.0,0.930478,0.9196577711492454,0.7153275966403517,G,-1.2474171419996132,3
6900.01,tess,NON_HABITABLE,1.7196615,533.6066406,19.1604588,13.9223368,0.0988393131475462,0.0,4468.0,0.737084,0.6645770414582846,0.1950658911346148,K,-1.001507144778704,3
6901.01,tess,NON_HABITABLE,1.4541092,846.5974227,121.4028186,3.2727859,0.037442547182847535,0.0,4550.0,0.68788,0.653794729942244,0.18271140706083305,K,-1.1892151277554166,3
6902.01,tess,NON_HABITABLE,2.8743721,704.7212129,58.2895066,36.4358589,0.23798002149100755,0.0,6597.0,1.40426,1.3543905792521782,3.36492738915796,F,-1.1311386508636736,3
6903.01,tess,NON_HABITABLE,3.8407588,1506.2320337,1216.4339161,4.9676784,0.06545137215081605,0.0,6971.2,1.57506,1.515757658944577,5.278604035035683,F,-1.270680185939777,3
6904.01,tess,NON_HABITABLE,2.9646311,417.8345932,7.2034173,16.8267434,0.10477315596677084,0.0,3944.0,0.628984,0.5419140149807096,0.08624253855679942,K,-0.8182259545649717,3
6905.01,tess,HABITABILITY_ZONE,13.8558129,287.5311275,1.6153271,1083.5575987,2.4402143930769826,0.0,6002.0,2.52105,1.6510506565491638,7.430903011726009,F,-0.07617532000490734,3
6906.01,tess,NON_HABITABLE,11.8571021,1017.2589369,253.0737249,3.4770171,0.042219410935063956,0.0,5225.91,0.84127,0.8304305251885782,0.4755686512226728,G,-1.2255648548102678,3
6907.01,tess,NON_HABITABLE,10.862172,998.6004687,235.0109316,3.3795099,0.041015821021418965,0.0,5203.0,0.799465,0.8059855045092456,0.42199657357555165,G,-1.2229225310120977,3
6908.01,tess,NON_HABITABLE,5.11821,1281.3589533,637.0950531,3.7120776,0.04819187925935123,0.0,5501.09,1.29268,1.0835973707863942,1.378706332702689,G,-1.2533762212444859,3
6909.01,tess,NON_HABITABLE,7.976213,662.5394963,45.5373857,4.4284676,0.043404432620710996,0.0,3893.0,0.680198,0.5562573424682831,0.09574211706788334,K,-1.1166090760314114,3
6910.01,tess,NON_HABITABLE,12.9860395,1361.8526381,812.908131,2.5139302,0.03637151221702079,0.0,5585.0,1.10185,1.0156827884014248,1.0642223419272399,G,-1.2613506196745459,3
6911.01,tess,NON_HABITABLE,2.9719,1294.0,465.914,16.2520546,0.15092102379536082,0.0,6696.0,2.24,1.736253490078885,9.087669555942844,F,-1.2409432581349285,3
6912.01,tess,NON_HABITABLE,2.22751,847.0,85.4903,7.63779,0.08008658667464345,0.0,5924.0,1.31,1.174692985009457,1.9041339702152014,G,-1.2299530651943902,3
6913.01,tess,NON_HABITABLE,5.71748,2040.0,2879.92,0.5843146,0.015440338353214454,0.0,6870.8,1.46,1.4383262694971168,4.279860856565217,F,-1.2996568563225308,3
6914.01,tess,NON_HABITABLE,18.225,1249.0,404.641,9.3079811,0.08950534492171017,0.0,6076.4,1.1,1.1041202503501575,1.4861597700414615,F,-1.2087522177777814,3
6915.01,tess,NON_HABITABLE,5.46811,1627.0,1164.51,2.4915545,0.04496285878124386,0.0,8013.0,1.98,1.953446023049124,14.561484819789223,A,-1.2937036945188447,3
6916.01,tess,NON_HABITABLE,16.5322,1520.0,887.712,3.9155539,0.05420601450902947,0.0,6285.0,1.62,1.3859145903609518,3.689316103280658,F,-1.2710477368054265,3
6917.01,tess,NON_HABITABLE,9.12933,1221.0,370.095,9.7716812,0.09933128277201789,0.0,6518.8,1.47,1.3693043941555783,3.515604464481645,F,-1.236928325044938,3
6918.01,tess,NON_HABITABLE,9.75869,974.0,149.441,14.2308461,0.12651852152528115,0.0,5787.9,1.77,1.3340783299541414,3.167563421242989,G,-1.2119678066663153,3
6919.01,tess,NON_HABITABLE,14.9311,918.0,118.365,0.7603078,0.013736476666412086,0.0,4069.0,0.72,0.598174114895647,0.12802962180143543,K,-1.2570323136663701,3
6922.01,tess,NON_HABITABLE,7.74162,1045.0,198.038,5.0989519,0.06188950332148543,0.0,6305.0,1.24,1.2163809531407932,2.1891647387679884,F,-1.252292736016295,3
6923.01,tess,NON_HABITABLE,11.3939,935.0,127.411,6.7274903,0.06676006643183885,0.0,5221.4,0.94,0.8770504368507837,0.5916955142765418,G,-1.1903260839895988,3
6924.01,tess,HABITABILITY_ZONE,9.22033,335.0,2.09153,91.9283414,0.4148168492351594,0.0,6118.4,1.13,1.1268101895467026,1.6121411455758288,F,-0.8596648943489359,3
6925.01,tess,NON_HABITABLE,13.9371,553.0,15.6338,5.9785287,0.050786584620881224,0.0,3674.0,0.59,0.48892116212178216,0.05714198745175894,M,-1.0171254405078693,3
6926.01,tess,NON_HABITABLE,9.77567,1220.0,368.205,8.2864221,0.08739727775701135,0.0,5643.0,1.76,1.2970002558541596,2.829829352597742,G,-1.238338246482288,3
6927.01,tess,NON_HABITABLE,13.7163,755.0,53.9765,4.3427321,0.05298000061182306,0.0,5737.3,1.12,1.051938253428335,1.2245062145034036,G,-1.243956462255797,3
6928.01,tess,NON_HABITABLE,13.8047,1474.0,785.026,3.8978437,0.05167385375699076,0.0,6280.0,1.24,1.2115578724384108,2.1546496124551395,F,-1.2614247061319135,3
6929.01,tess,NON_HABITABLE,10.9394,74.0,0.0051995,719.5740937,1.4231929382341257,0.0,4854.0,0.78,0.7427125302348471,0.304286723392573,K,2.245949026169275,3
6930.01,tess,NON_HABITABLE,13.5058,1032.0,188.768,7.2218817,0.0765376337803188,0.0,6172.8,1.15,1.1468452065751351,1.729892894710029,F,-1.2297401615582269,3
6931.01,tess,NON_HABITABLE,11.9385,1784.0,1682.8,2.2183625,0.038124486007435704,0.0,6307.0,1.89,1.5021987997965947,5.092249129788261,F,-1.2866584120170803,3
6932.01,tess,NON_HABITABLE,11.7455,1336.0,530.449,8.9533044,0.09006464082841686,0.0,5808.0,1.46,1.2158408006693915,2.1852788004856816,G,-1.225972778245244,3
6933.01,tess,NON_HABITABLE,12.1312,1141.0,281.81,9.765482,0.10377741636740086,0.0,5887.0,2.35,1.5635135326150718,5.975944812012073,G,-1.2514339385587745,3
6934.01,tess,NON_HABITABLE,13.7553,1552.0,964.812,2.8398671,0.0423327338762747,0.0,5954.0,1.48,1.2549122697642272,2.4800101732362982,G,-1.2728944215191682,3
6935.01,tess,NON_HABITABLE,9.55649,999.0,165.366,1.763034,0.023560035021044326,0.0,3958.0,0.67,0.5612894364357442,0.09925387591676609,K,-1.2068742625283781,3
6936.01,tess,NON_HABITABLE,4.00839,486.0,9.32109,10.298566,0.07795302073987398,0.0,4201.6,0.67,0.5958346882588235,0.12603847313014588,K,-1.0073163432264656,3
6937.01,tess,NON_HABITABLE,5.73354,1799.0,1739.39,1.3809769,0.028359589199543428,0.0,7445.4,1.53,1.5955390137720233,6.480816303989503,F,-1.2945897305907446,3
6938.01,tess,NON_HABITABLE,15.3642,1989.0,2600.12,4.8789974,0.06795830226198443,0.0,6473.0,2.46,1.7589230416841843,9.571661965518729,F,-1.2796689983100504,3
6939.01,tess,NON_HABITABLE,13.6773,1512.0,868.038,1.9207699,0.03239359013994327,0.0,6039.4,1.38,1.229156028200425,2.2825907956865117,F,-1.2803924269222293,3
6940.01,tess,NON_HABITABLE,2.03448,1043.0,196.562,0.3052608,0.006263361805478826,0.0,3338.0,0.37,0.35177167924697605,0.015312407838957069,M,-1.2401824705380906,3
6941.01,tess,NON_HABITABLE,15.95,1966.0,2484.67,2.9371797,0.04778172930376035,0.0,6610.0,2.17,1.686960850522483,8.098787725122968,F,-1.2868025823041713,3
6942.01,tess,NON_HABITABLE,7.84543,952.0,136.426,11.2320736,0.10168985155671541,0.0,6234.0,1.06,1.1119708644995316,1.5288808206776965,F,-1.196594519735845,3
6943.01,tess,NON_HABITABLE,15.1551,1692.0,1362.1,5.6906792,0.0790546450085346,0.0,6749.0,3.03,2.035328059721702,17.16080592770824,F,-1.2836416081415285,3
6944.01,tess,NON_HABITABLE,2.60986,726.0,46.2908,12.3027503,0.09611152599462913,0.0,5181.1,0.76,0.7825326166451346,0.37498145810341366,K,-1.093623256017768,3
6945.01,tess,NON_HABITABLE,11.426,1021.0,180.979,14.8547783,0.1292914410779759,0.0,6397.0,1.39,1.3066444509002522,2.914940629949152,F,-1.2055720344939607,3
6946.01,tess,NON_HABITABLE,12.0458,507.0,11.0108,13.2272686,0.1109062006599349,0.0,5648.0,1.13,1.040177816187202,1.170658841325836,G,-1.1686678295598092,3
6947.01,tess,NON_HABITABLE,16.0234,1389.0,618.612,6.5202038,0.07798616603449028,0.0,6628.0,1.68,1.4883696933141821,4.907307503518334,F,-1.2614232080022876,3
6948.01,tess,NON_HABITABLE,11.618,504.0,10.7412,5.4911822,0.06534698327786424,0.0,6250.0,1.3,1.2345974370875974,2.3232796281928856,F,-1.250855121877232,3
6949.01,tess,NON_HABITABLE,11.4574,1796.0,1730.82,3.2232502,0.04876872295639659,0.0,7164.1,1.44,1.4894178794178794,4.92114602191118,F,-1.279643933497085,3
695.01,tess,NON_HABITABLE,2.6824173,563.4766198,23.8245444,21.3764237,0.14404418363334995,0.0,5591.0,0.811463,0.8725644820661057,0.5796824120981978,G,-1.0491917635842831,3
6950.01,tess,NON_HABITABLE,12.2554,810.0,71.7485,2.0478359,0.02554005565326569,0.0,3854.0,0.63,0.529975340584352,0.07889012614554398,K,-1.1846186228029223,3
6951.01,tess,NON_HABITABLE,18.1003,1508.0,859.131,3.7279887,0.052869625431657304,0.0,6514.0,1.58,1.4185674004869568,4.0494859933727305,F,-1.2737330316067317,3
6953.01,tess,NON_HABITABLE,8.70762,1854.0,1962.4,0.8204734,0.018646630682300873,0.0,5956.8,1.55,1.2848503452061553,2.725274057890298,G,-1.2943757745892255,3
6954.01,tess,NON_HABITABLE,3.74825,930.0,124.569,4.0207557,0.046833342708211996,0.0,5019.9,0.95,0.8476772857156362,0.5163238471161439,K,-1.220113580082642,3
6955.01,tess,NON_HABITABLE,11.7972,1881.0,2080.26,5.1185703,0.07085742345827283,0.0,6547.8,2.55,1.8115034829481502,10.768536725509712,F,-1.2801833442226498,3
6956.01,tess,NON_HABITABLE,9.88852,1185.0,327.708,12.3900547,0.11619989819660535,0.0,6824.2,1.33,1.3634877626221837,3.4562486412314493,F,-1.2237984687281516,3
6957.01,tess,HABITABILITY_ZONE,3.2160534,319.6480066,2.4672264,160.6760208,0.5676035808398701,0.0,5389.7,1.02412,0.944960583877237,0.7973606045255001,G,-0.4338627556540165,3
6958.01,tess,NON_HABITABLE,13.6663996,664.5727909,46.0989705,5.9815745,0.05507980597205884,0.0,4403.0,0.667127,0.6230553390993535,0.15069765271665497,K,-1.1143899190625637,3
6959.01,tess,NON_HABITABLE,12.7099203,1153.5717806,418.5038868,3.1381914,0.04065219701823049,0.0,5210.0,1.0165401,0.9100676114384084,0.6859534327911306,G,-1.2422941147070319,3
696.01,tess,NON_HABITABLE,0.9718795,830.4405814,112.3971391,0.8602406,0.012446412545711393,0.0,3450.0,0.33819,0.3475947061249003,0.014597974949329384,M,-1.1679643385559308,3
696.02,tess,NON_HABITABLE,1.0428407,510.9040793,16.1019503,3.6942604,0.03288384338796399,0.0,3450.0,0.33819,0.3475947061249003,0.014597974949329384,M,-0.9348299570546318,3
696.03,tess,NON_HABITABLE,0.8566925,462.9521337,10.8558882,4.9652069,0.040048765628709695,0.0,3450.0,0.33819,0.3475947061249003,0.014597974949329384,M,-0.853098073629844,3
6960.01,tess,NON_HABITABLE,7.489346,1225.2842303,532.682437,1.3059494,0.021311257775772485,0.0,5107.3,0.732116,0.7571030495959387,0.3285640037891219,K,-1.258701449182713,3
6961.01,tess,NON_HABITABLE,3.9264923,770.1435456,83.13956,17.2367433,0.13509596755699899,0.0,5911.15,1.1687,1.1071263306060213,1.5024108752278897,G,-1.158037571612856,3
6962.01,tess,NON_HABITABLE,4.6034655,699.156353,56.4700581,21.9903619,0.1565966623445902,0.0,5294.0,1.33417,1.0594078825935336,1.259658437525327,G,-1.1176419780645277,3
6963.01,tess,NON_HABITABLE,9.0595904,647.0263001,41.4198706,8.8349261,0.07107511805817693,0.0,3303.0,1.1499799,0.613659378740155,0.14181086439415594,M,-1.0498141338789035,3
6964.01,tess,NON_HABITABLE,3.1594083,1050.7381592,288.0706551,4.7645838,0.054715638081869106,0.0,5432.25,1.0462199,0.9626422402570439,0.8587359757231052,G,-1.2285651928249886,3
6965.01,tess,NON_HABITABLE,1.3473608,1090.8292631,334.6170929,5.9693397,0.06660544580490332,0.0,6007.0,1.12993,1.1062596681891272,1.497712026002665,F,-1.234932898048555,3
6965.02,tess,NON_HABITABLE,1.6221344,651.1102456,42.4755605,28.0693949,0.18694516771414688,0.0,6007.0,1.12993,1.1062596681891272,1.497712026002665,F,-1.0994073483411662,3
6966.01,tess,NON_HABITABLE,2.9108183,1676.7063776,1867.8804075,2.1659522,0.035070605730020715,0.0,6194.54,1.30635,1.2266269832704961,2.2638625550070675,F,-1.2778182665223654,3
6967.01,tess,NON_HABITABLE,5.3852666,1377.3240616,850.4828102,4.7335575,0.0596368115439739,0.0,5496.0,1.75896,1.2628401563632659,2.5432762361728978,G,-1.258403423983567,3
6968.01,tess,NON_HABITABLE,5.4152906,1522.8220038,1270.9181315,2.3475051,0.03596643882798534,0.0,5924.0,1.20432,1.1263145041054992,1.6093062839128762,G,-1.2708678840171397,3
6969.02,tess,NON_HABITABLE,11.372041,1407.0790858,926.3925066,4.5565614,0.059482907074532604,0.0,6616.0,1.39196,1.3523295930375938,3.344492352465254,F,-1.265114954525042,3
697.01,tess,NON_HABITABLE,2.6206141,839.7982707,117.5495324,8.6078603,0.0801931688011812,0.0,5447.0,0.968149,0.9285432846276124,0.7433761336870753,G,-1.1817518222022703,3
6970.01,tess,NON_HABITABLE,11.53374,690.7263119,53.7953827,11.714447,0.09532592265342561,0.0,5165.0,0.885629,0.8421121201164281,0.5028977261518478,K,-1.124676609497649,3
6971.01,tess,NON_HABITABLE,13.6762774,2011.4459246,3868.6055276,4.1866989,0.06236843413811286,0.0,6309.0,2.85361,1.8464243298893055,11.623209251336128,F,-1.2847301624553458,3
6972.01,tess,NON_HABITABLE,8.44272,1451.0,736.085,5.4809114,0.06710836562296955,0.0,5907.0,1.72,1.3421617935915426,3.245035763824173,G,-1.2585989528630777,3
6973.01,tess,NON_HABITABLE,3.1745,570.0,17.5796,31.6527509,0.19416545226769508,0.0,5626.0,1.0,0.9747054747054748,0.9025964511763906,G,-1.0282663118866615,3
6974.01,tess,NON_HABITABLE,7.24338,1050.0,201.798,7.7517707,0.07962720840059596,0.0,5741.0,1.27,1.1208902330402883,1.5785281812445635,G,-1.2225936253646115,3
6976.01,tess,NON_HABITABLE,4.46251,1427.0,627.153,1.7346044,0.03196877098553069,0.0,6850.0,1.49,1.4486296945214114,4.403819732574627,F,-1.2889473271150444,3
6977.01,tess,NON_HABITABLE,1.92318,643.0,28.5068,5.0957983,0.049106075315904475,0.0,4197.0,0.7,0.6083614226201517,0.13697668993120166,K,-1.127075158201578,3
6978.01,tess,NON_HABITABLE,0.9704787,649.6958588,42.107688,9.1258136,0.07633688791514857,0.0,4747.13,0.750709,0.7125914609496634,0.25784722120560466,K,-1.1027482368756714,3
6979.01,tess,NON_HABITABLE,3.5438108,840.2916858,117.8260362,8.754708,0.08206538178266595,0.0,5888.0,0.889347,0.962004494592968,0.8564626029814479,G,-1.1877262304500815,3
698.01,tess,HABITABILITY_ZONE,2.0905859,350.5935542,3.5705631,15.0867738,0.08982919340963513,0.0,3570.0,0.471842,0.42485446979088554,0.03258072670271103,M,-0.6240391933095815,3
6981.01,tess,NON_HABITABLE,2.0762333,176.9097782,0.2314879,425.4506963,0.7474685900831536,0.0,3261.0,0.296806,0.3077944711438336,0.008975181868284334,M,3.0,3
6982.01,tess,HABITABILITY_ZONE,11.7556773,211.0447631,0.4688342,59.8473992,0.3037495310215331,0.0,5765.3,1.09215,1.0438467263905853,1.1872630017330896,G,-0.9257335344231908,3
6983.01,tess,NON_HABITABLE,2.6946338,716.6415747,62.3345745,31.1571613,0.21066824768636835,0.0,6317.08,1.3783,1.2848781166894523,2.7255096879997223,F,-1.1340694094530832,3
6985.01,tess,NON_HABITABLE,3.4308988,170.3749226,0.1991332,748.7146251,1.5187196842595507,0.0,5235.0,0.844852,0.8336441018966552,0.4829728605987453,G,1.7019707902680647,3
6986.01,tess,NON_HABITABLE,12.6463,786.0,63.3975,1.2117417,0.017602881937181406,0.0,3521.0,0.66,0.49557760261128236,0.06031796510318994,M,-1.2111593362816704,3
6987.01,tess,NON_HABITABLE,17.8729,1150.0,290.348,4.6017382,0.058541630988093535,0.0,6233.0,1.37,1.263953474419879,2.5522566978106647,F,-1.2594390007873657,3
6988.01,tess,NON_HABITABLE,8.766,838.0,81.9067,13.414031,0.11221159809228959,0.0,5614.0,1.16,1.0475507701750904,1.2042047112015999,G,-1.16900997602609,3
699.01,tess,NON_HABITABLE,2.44796,761.0,55.7499,14.8011934,0.12767329518490403,0.0,6138.6,1.42,1.2673226150687595,2.579578444820912,F,-1.2003833709827874,3
699.02,tess,NON_HABITABLE,2.30517,636.0,27.3212,33.6336133,0.22067404863327192,0.0,6138.6,1.42,1.2673226150687595,2.579578444820912,F,-1.1205768406512013,3
699.03,tess,HABITABILITY_ZONE,2.9749826,256.7076521,1.0263046,672.6366236,1.6256232224449554,0.0,6138.6,1.41864,1.2667155828020984,2.574639646667279,F,0.08638640839025609,3
6990.01,tess,NON_HABITABLE,8.45955,1544.0,945.563,1.5829358,0.026066875680071815,0.0,6047.9,0.81,0.9430197505197504,0.7908300342084392,F,-1.2695440823739446,3
6991.01,tess,NON_HABITABLE,15.3849,1648.0,1227.07,0.9902419,0.0200284324858425,0.0,5643.0,1.25,1.0930467426395802,1.4274303859226407,G,-1.2868389125655326,3
6992.01,tess,NON_HABITABLE,4.03127,798.0,67.4078,15.1389808,0.10346813240688264,0.0,4448.2,0.7,0.6447732380507406,0.17283353525835546,K,-0.966923772856592,3
6993.01,tess,NON_HABITABLE,4.9835,1780.0,1668.78,0.3695622,0.009910794379774756,0.0,5661.0,0.94,0.9508910489547414,0.8175664044172997,G,-1.2948365448345835,3
6995.01,tess,NON_HABITABLE,11.3375,971.0,147.904,9.9444971,0.10696543057962758,0.0,6576.0,2.1,1.6509926105845765,7.429858074224446,F,-1.2558580385186668,3
6997.01,tess,NON_HABITABLE,10.3462,680.0,35.5088,16.179367,0.12516329229573606,0.0,5576.0,1.07,0.9992826142278107,0.9971335432887962,G,-1.1371899551041582,3
6998.01,tess,NON_HABITABLE,6.01419,574.0,18.0249,27.035894,0.14824877946436338,0.0,4225.0,0.66,0.5946649733123169,0.1250516523372362,K,-0.732149753167112,3
6999.01,tess,NON_HABITABLE,9.89847,1056.0,206.513,11.3689753,0.10529225553416202,0.0,6076.0,1.31,1.2048336557929542,2.107212638405773,F,-1.2099736285840297,3
700.01,tess,HABITABILITY_ZONE,2.5869212,327.7656616,2.7275631,16.051106,0.09103852540821081,0.0,3482.0,0.419457,0.39070247966406024,0.02330154245352893,M,-0.48796723118844304,3
700.02,tess,POTENTIALLY_HABITABLE,1.3296571,247.1816698,0.8822386,37.4236838,0.16007355723001127,0.0,3482.0,0.419457,0.39070247966406024,0.02330154245352893,M,0.13534195390097759,3
700.03,tess,NON_HABITABLE,0.9617288,384.055942,5.1416079,9.977273,0.06630757469656125,0.0,3482.0,0.419457,0.39070247966406024,0.02330154245352893,M,-0.7112600772662953,3
700.04,tess,POTENTIALLY_HABITABLE,0.9491858,272.8976058,1.3107501,27.8096898,0.13132659047751782,0.0,3482.0,0.419457,0.39070247966406024,0.02330154245352893,M,-0.12421102880121886,3
7000.01,tess,NON_HABITABLE,15.2527,1614.0,1126.92,2.7897577,0.04642643877810375,0.0,5794.0,2.92,1.7153138496316624,8.657138721475741,G,-1.2881961142217342,3
7001.01,tess,HABITABILITY_ZONE,13.2139,301.0,1.37516,16.3475547,0.10081487477975905,0.0,3662.0,0.65,0.5115036014253169,0.06845336210189537,M,-0.778871187685298,3
7002.01,tess,NON_HABITABLE,12.0483,1582.0,1039.87,4.9792822,0.06762870730391375,0.0,6677.0,2.07,1.6643330083762486,7.672924169768901,F,-1.2762940005044183,3
7003.01,tess,NON_HABITABLE,13.8557,733.0,48.0269,0.7331156,0.011633572579991872,0.0,3326.0,0.46,0.3908182523193805,0.023329173511764514,M,-1.2049674357295208,3
7004.01,tess,NON_HABITABLE,9.90817,1108.0,250.587,9.8162989,0.10207281397553333,0.0,5755.9,2.18,1.4723639128966983,4.699597434196628,G,-1.2450491415563087,3
7005.01,tess,NON_HABITABLE,8.96217,756.0,54.4532,8.1420107,0.08390763238676532,0.0,6089.0,1.27,1.1888348073475554,1.9974965985439557,F,-1.228118606094576,3
7006.01,tess,NON_HABITABLE,9.69324,422.0,5.28684,51.9120896,0.2603432184805343,0.0,5437.0,0.86,0.8735388731810488,0.5822760735973844,G,-0.8397157584878772,3
7008.01,tess,NON_HABITABLE,4.77919,1783.0,1679.35,0.8406912,0.01666119672609899,0.0,5170.0,0.95,0.8730236791868043,0.5809036339146189,K,-1.2798146667660568,3
7009.01,tess,NON_HABITABLE,4.047,710.0,42.4124,2.3206673,0.028933422365969408,0.0,4231.0,0.67,0.6000039427891951,0.12960340660344316,K,-1.1991744502633228,3
7010.01,tess,NON_HABITABLE,11.3523,973.0,149.237,4.1976032,0.051877671343728775,0.0,5617.0,1.18,1.0571073807877964,1.2487526430186422,G,-1.2459597838732375,3
7011.01,tess,NON_HABITABLE,10.5887,625.0,25.3617,19.394038,0.14075064590984454,0.0,5493.0,1.08,0.9889974101845991,0.9567106695277676,G,-1.1116142821711714,3
7012.01,tess,NON_HABITABLE,9.47332,1408.0,653.222,4.0197822,0.05374417303747571,0.0,6208.0,1.42,1.2816503428056654,2.698225436269664,F,-1.2648493892111867,3
7013.01,tess,NON_HABITABLE,7.66981,1074.0,221.068,4.2451891,0.050461662666470314,0.0,5358.0,1.05,0.9511982363827362,0.8186233829110185,G,-1.2330753312096887,3
7014.01,tess,NON_HABITABLE,6.53553,1506.0,854.861,0.7406805,0.016623848483026938,0.0,6204.8,1.08,1.1171547661957766,1.557590791207381,F,-1.2915851252410626,3
7015.01,tess,HABITABILITY_ZONE,14.0241,208.0,0.313028,7.0687489,0.05311287166889019,0.0,3368.0,0.47,0.40003195935812047,0.025608182576275625,M,-0.8525006352845689,3
7016.01,tess,NON_HABITABLE,15.4905,2880.0,11433.8,1.598803,0.033076147985321644,0.0,9488.0,1.32,1.8885797086054337,12.72158654572511,A,-1.297162202404306,3
7017.01,tess,NON_HABITABLE,19.0027,1712.0,1426.43,5.0826878,0.07060145422029714,0.0,6743.0,2.42,1.8173330312179414,10.907822972418971,F,-1.2804807815608776,3
7018.01,tess,NON_HABITABLE,17.8657,688.0,37.1984,20.3158735,0.14304965184485177,0.0,5725.0,0.91,0.9461715052169116,0.8014555837877051,G,-1.0897149298032038,3
7019.01,tess,NON_HABITABLE,7.87933,534.0,13.5351,48.2590904,0.2548501826217861,0.0,5936.0,0.85,0.9481499635913129,0.8081800596534997,G,-0.9192309532629176,3
702.01,tess,NON_HABITABLE,2.0483578,676.0386184,49.3636227,3.568141,0.036952376789882294,0.0,4015.0,0.577735,0.528717355260012,0.07814375310751523,K,-1.1277546138556738,3
7020.01,tess,NON_HABITABLE,10.4341,1156.0,296.494,3.1642475,0.05051472644138894,0.0,6975.0,2.02,1.7174874578096755,8.70110274571742,F,-1.2863409170658344,3
7021.01,tess,NON_HABITABLE,10.5617,638.0,27.5628,49.5355004,0.2830845353858669,0.0,6173.0,1.33,1.2333768000156415,2.314105210013123,F,-1.0534648949444918,3
7022.01,tess,NON_HABITABLE,16.0985,1118.0,259.61,2.8583729,0.04001839512901368,0.0,5537.0,1.19,1.0464577092643443,1.199186490077712,G,-1.2595767724263782,3
7023.01,tess,NON_HABITABLE,13.0087,1745.0,1539.65,2.3404152,0.03799476362848271,0.0,6686.0,1.33,1.3358751474007093,3.1846629931965316,F,-1.2805994385567212,3
7024.01,tess,NON_HABITABLE,12.0421,818.0,74.4726,1.9639208,0.025468780472958467,0.0,3914.3,0.71,0.5714220037620273,0.10661733900227198,K,-1.202440377853935,3
7025.01,tess,HABITABILITY_ZONE,11.7213,308.0,1.51166,66.9954225,0.35178519071537234,0.0,6078.0,1.51,1.2939659461435848,2.803440789034354,F,-1.0203702887728656,3
7026.01,tess,HABITABILITY_ZONE,5.53264,275.0,0.95388,65.5580424,0.27518003641668976,0.0,4340.0,0.74,0.6468137848053535,0.17503184384824788,K,-0.40340806770767396,3
7027.01,tess,NON_HABITABLE,11.61,875.0,97.7022,4.2885021,0.05724563491228419,0.0,5937.5,1.75,1.360806341774602,3.42914064738825,G,-1.267336853028439,3
7028.01,tess,NON_HABITABLE,4.09395,1281.0,448.314,2.4596079,0.03426783911169668,0.0,5340.0,0.92,0.8873783899684657,0.6200623945495944,G,-1.2499649065332874,3
7029.01,tess,NON_HABITABLE,13.364,647.0,29.2163,1.9271521,0.023255114110909164,0.0,3516.0,0.55,0.45175595773784394,0.04165005266659445,M,-1.1528937020465047,3
703.01,tess,NON_HABITABLE,2.28271,833.8694004,114.2649808,8.6729683,0.0794605374048744,0.0,5384.0,0.91,0.8898143902336859,0.6268991771835953,G,-1.1716252835498326,3
703.02,tess,NON_HABITABLE,2.479501,606.2538727,31.9256027,22.5682711,0.14869534551500688,0.0,5384.0,0.852304,0.8611444206188803,0.5499256394806942,G,-1.0335855753135121,3
7030.01,tess,NON_HABITABLE,1.60134,935.0,127.195,2.5604496,0.032697009471304356,0.0,4679.0,0.77,0.7113315725677016,0.25602851745988836,K,-1.2208818338144827,3
7031.01,tess,NON_HABITABLE,7.0726104,834.843394,114.7997816,1.7911016,0.023120513140217062,0.0,3718.0,0.636647,0.5139636580641959,0.06977978804328935,K,-1.189312358750856,3
7032.01,tess,NON_HABITABLE,2.44767,474.0,8.44389,17.7456043,0.1162390015443878,0.0,4526.0,0.72,0.6653566094907098,0.1959827745142372,K,-0.9480594806265897,3
7033.01,tess,NON_HABITABLE,1.7324,1936.0,2334.8,0.7312783,0.015560114910951849,0.0,5508.0,0.97,0.9398390293190045,0.7802142986686293,G,-1.2856642952607789,3
7034.01,tess,NON_HABITABLE,5.31602,2609.285155885297,10962.9,0.9082202,0.02376114433454269,0.0,8482.0,2.18,2.1697025155388032,22.16158255276418,A,-1.302986832458776,4
7035.01,tess,NON_HABITABLE,14.794,1638.0,1099.82,4.18142,0.0574473537566925,0.0,6293.8,1.76,1.446581642795483,4.378968269899254,F,-1.2721069157419405,3
7036.01,tess,NON_HABITABLE,11.1893597,747.3985328,73.7445561,3.0513298,0.03376197840233645,0.0,3937.0,0.653572,0.551424186829496,0.09245773407350845,K,-1.1569112517425904,3
7037.01,tess,NON_HABITABLE,15.1533,1420.0,675.403,4.1279985,0.052408004138419735,0.0,5865.0,1.23,1.126923018192849,1.6127869438707498,G,-1.2530665334434805,3
7038.01,tess,NON_HABITABLE,3.12511,1114.0,256.415,8.6000492,0.09252273358900241,0.0,6920.0,1.42,1.4286437455243566,4.165774689063548,F,-1.2474654042088307,3
7039.01,tess,NON_HABITABLE,3.01837,1784.0,1683.48,3.3206355,0.045669778422313706,0.0,5768.0,1.33,1.1524570520800614,1.7640016990270875,G,-1.2625512962178151,3
704.01,tess,NON_HABITABLE,1.1147163,577.9658451,26.3711883,3.8143009,0.03649991905353859,0.0,3625.0,0.504068,0.44588848034696843,0.0395280153473461,M,-1.0569170352878148,3
7040.01,tess,NON_HABITABLE,5.1947988,605.7907661,31.8281648,21.0562422,0.14450873387191848,0.0,5376.0,0.950465,0.908031682908071,0.6798357652487097,G,-1.0683870418618844,3
7041.01,tess,NON_HABITABLE,9.5295926,882.3689413,143.2589795,9.6994666,0.10559163084235362,0.0,4696.0,4.2105899,1.6694493139719568,7.767709084172545,K,-1.25772668081835,3
7043.01,tess,NON_HABITABLE,1.69425,649.0,29.5344,17.3840061,0.1229374006355439,0.0,5228.2,0.82,0.8202246115594255,0.45261733807926247,G,-1.0580917428751853,3
7044.01,tess,NON_HABITABLE,6.72555,709.0,42.1361,15.9669794,0.13438706515065385,0.0,5888.0,1.55,1.2700105480415396,2.601532836792616,G,-1.1951097287757573,3
7045.01,tess,NON_HABITABLE,4.16351,1280.0,445.957,2.2775983,0.036479209130814774,0.0,6320.0,1.3,1.2484249283829785,2.429124241434951,F,-1.2776846711101844,3
7046.01,tess,NON_HABITABLE,13.2168,1342.0,539.374,3.1084574,0.04417194972490885,0.0,6024.0,1.3,1.1899543937625099,2.005031812625622,F,-1.2669489355271975,3
7047.01,tess,NON_HABITABLE,2.56914,1140.0,280.922,5.2729668,0.05561730184854324,0.0,5294.0,0.81,0.8254677754677755,0.4643019374806285,G,-1.1974476523998963,3
7048.01,tess,NON_HABITABLE,13.1374,1418.0,671.938,4.0863647,0.05579155112592561,0.0,5969.0,1.8,1.3874313677438925,3.7054933319384262,G,-1.269997514993795,3
7049.01,tess,HABITABILITY_ZONE,2.03391,203.0,0.283517,40.3833862,0.15076217817820672,0.0,3236.0,0.25,0.2803187803187803,0.006174599300991327,M,1.3343786756478206,3
705.01,tess,NON_HABITABLE,3.1012834,437.2987599,8.6423925,47.0196372,0.2417055887219352,0.0,5249.18,0.877877,0.8520831524679412,0.5271423566293841,G,-0.8511162654332158,3
7050.01,tess,NON_HABITABLE,9.60116,1608.0,1110.56,1.4182984,0.03175622574542239,0.0,9267.0,1.75,2.1238892411326717,20.34826850750985,A,-1.3002406977014451,3
7052.01,tess,NON_HABITABLE,1.71911,551.0,15.4038,2.8862017,0.03330587968213048,0.0,4269.0,0.64,0.5916839916839918,0.12256297030085703,K,-1.1788237766410823,3
7053.01,tess,NON_HABITABLE,7.75857,2502.0,6505.86,2.8637988,0.059959116356859854,0.0,9416.0,4.62,3.5063972351019963,151.16263744627457,A,-1.3032219791041,3
7054.01,tess,NON_HABITABLE,7.3454534,478.9882236,12.439999,14.7595601,0.10018070213921725,0.0,4708.0,0.569838,0.6157236501153551,0.14372864825646095,K,-0.9457443859957317,3
7055.01,tess,NON_HABITABLE,16.9082331,1452.6077207,1052.2389998,3.1290476,0.04405905673467121,0.0,5585.0,1.4505399,1.1653642598990528,1.8443646044622237,G,-1.2652299270396568,3
7056.01,tess,NON_HABITABLE,21.7455581,1681.7927473,1890.6489714,2.993282,0.04529796823028077,0.0,6343.0,1.58601,1.383953026074197,3.668473603457025,F,-1.2773475192562234,3
7057.01,tess,NON_HABITABLE,13.6239337,1118.889104,370.3984667,3.3777419,0.042504133627738735,0.0,5080.0,1.0408,0.8978856518901288,0.6499562533780875,K,-1.2372800191274946,3
7058.01,tess,NON_HABITABLE,17.0861139,1843.0045682,2726.6327607,2.4651801,0.040520923007915224,0.0,6848.0,1.51554,1.4605658125336984,4.550766197790907,F,-1.2837637489542049,3
7059.01,tess,NON_HABITABLE,13.3934403,1561.6219471,1405.4798304,4.4626647,0.061426190101490606,0.0,7587.0,1.3951401,1.5525752992991784,5.810462329329555,A,-1.2748217504652908,3
706.01,tess,HABITABILITY_ZONE,16.6333557,245.1674374,0.8538315,719.0381327,1.67413722546199,0.0,5709.6,1.4981,1.2107368570562027,2.1488151305017382,G,0.26410421857925287,3
7060.01,tess,NON_HABITABLE,2.71286,1226.0,375.868,5.8497196,0.06770050772431736,0.0,6009.6,1.35,1.2097235300087368,2.141630347537621,F,-1.2461837112734702,3
7060.02,tess,NON_HABITABLE,4.45158,405.0,4.48172,1064.700399,2.174303529482402,0.0,6009.6,1.35,1.2097235300087368,2.141630347537621,F,0.7377939556441477,3
7061.01,tess,NON_HABITABLE,15.7532,1337.0,531.159,2.1376682,0.035191432714716475,0.0,5806.0,1.6,1.2723620301412066,2.6208538385417075,G,-1.2799833677837467,3
7062.01,tess,NON_HABITABLE,3.1867,627.0,25.6571,10.5137924,0.08538600784653974,0.0,4942.0,0.77,0.75131451840769,0.31863033849068706,K,-1.1014609337637864,3
7063.01,tess,NON_HABITABLE,1.41479,1045.0,197.985,3.7570477,0.04446172970643247,0.0,5263.0,0.83,0.8307036023395088,0.4761945001057921,G,-1.22114183233148,3
7064.01,tess,NON_HABITABLE,2.1796,554.0,15.6504,61.5555962,0.3464355146604062,0.0,6298.0,1.8,1.4639039628163903,4.592512485949498,F,-1.0871390734535873,3
7066.01,tess,NON_HABITABLE,7.3853255,510.9593066,16.1089138,13.2341261,0.09460758856977056,0.0,5025.0,0.548929,0.6450120546971047,0.1730897398305708,K,-0.9965306350995781,3
7067.01,tess,NON_HABITABLE,13.3280613,668.6491835,47.2404772,15.3573522,0.11697515894470138,0.0,5462.0,0.915391,0.9053754049899958,0.6719156705427148,G,-1.1132622894575717,3
7069.01,tess,NON_HABITABLE,2.35848,845.0,84.6734,8.7201675,0.07913408040453553,0.0,5443.0,0.85,0.8694036812377891,0.5713285133906835,G,-1.1656498145202132,3
707.01,tess,NON_HABITABLE,2.3982714,464.183367,10.9718358,52.7993058,0.27047871766753734,0.0,5409.22,1.02101,0.9469418717289124,0.8040689323857515,G,-0.8942120087129565,3
707.02,tess,NON_HABITABLE,1.4862817,671.0482261,47.9221101,17.4757465,0.12942100897864525,0.0,5409.22,1.02101,0.9469418717289124,0.8040689323857515,G,-1.1110206143421713,3
7070.01,tess,NON_HABITABLE,2.98505,1284.0,452.138,4.4563756,0.058065566365742546,0.0,5658.0,1.8,1.3151426836480051,2.9915171228783497,G,-1.2636733989946953,3
7071.01,tess,NON_HABITABLE,2.57273,3012.0,13680.1,5.5334128,0.0854972082150956,0.0,10409.0,2.28,2.7230154759782823,54.979456013111005,B,-1.29405139131178,3
7072.01,tess,NON_HABITABLE,6.54453,2274.0,4440.4,0.8118915,0.018887328709555735,0.0,6019.0,1.71,1.3636285208508998,3.457676071061137,F,-1.295944124291431,3
7073.01,tess,NON_HABITABLE,11.4366,1298.0,472.115,13.1689848,0.12802723452641646,0.0,6282.0,2.2,1.6142951800393264,6.790969816898544,F,-1.2422318162072723,3
7074.01,tess,NON_HABITABLE,18.8371,1630.0,1172.26,4.6504794,0.06459720199728812,0.0,6274.0,2.34,1.6627467998067116,7.643714943651599,F,-1.2777410054432543,3
7075.01,tess,NON_HABITABLE,9.95975,1141.0,282.122,2.8120379,0.03888971199920756,0.0,6004.1,0.91,0.9922983990345606,0.9695476603297647,F,-1.255508591914058,3
7076.01,tess,NON_HABITABLE,16.2878,2222.0,4048.18,3.4747684,0.05096376376838273,0.0,6572.0,1.65,1.4625583594419131,4.575650218442728,F,-1.2771065280813085,3
7077.01,tess,NON_HABITABLE,7.96127,1395.0,629.67,6.403011,0.07219350979854276,0.0,5713.3,1.53,1.2243523581518387,2.247117014839533,G,-1.2435672859334794,3
7078.01,tess,NON_HABITABLE,5.10457,997.0,164.368,6.3962557,0.06912031775480007,0.0,5847.0,1.13,1.0768271408014465,1.3445717200292766,G,-1.2277872240024852,3
7079.01,tess,NON_HABITABLE,15.2955,1051.0,202.874,12.1252851,0.11348096171683496,0.0,4951.0,2.39,1.3260672652780365,3.0921618488916955,K,-1.2209990501800219,3
7080.01,tess,NON_HABITABLE,9.1862,765.0,57.1087,36.6892187,0.230817260300491,0.0,6647.0,1.12,1.218732429982421,2.2061420409136945,F,-1.0957638832532297,3
7081.01,tess,NON_HABITABLE,16.8306,875.0,97.3693,12.7617794,0.11114362892496447,0.0,6305.0,1.06,1.1246352744096162,1.5997304243494486,F,-1.1888312814868,3
7082.01,tess,NON_HABITABLE,11.9013,585.0,19.5121,2.253174,0.02330032841923999,0.0,3340.0,0.33,0.33241232223556855,0.012209797390458018,M,-1.0193175856804277,3
7083.01,tess,NON_HABITABLE,9.43868,1320.0,504.852,7.6253466,0.08454547764827655,0.0,5408.0,2.19,1.3865400477861884,3.695980504366724,G,-1.2493323127535267,3
7084.01,tess,NON_HABITABLE,3.96837,600.0,21.5566,21.8153374,0.14600352803402097,0.0,5399.0,0.87,0.8724622229318523,0.5794107191602115,G,-1.0455829607206788,3
7085.01,tess,NON_HABITABLE,11.2703,552.0,15.4828,2.202258,0.024872812622051845,0.0,3388.0,0.52,0.42327123081330553,0.032097780603941035,M,-1.1185998661487877,3
7086.01,tess,NON_HABITABLE,11.8411,1662.0,1267.16,1.0092447,0.0203343366194001,0.0,5491.0,1.34,1.1012286977342538,1.470652555309649,G,-1.286833300580962,3
7087.01,tess,NON_HABITABLE,9.39901,1064.0,213.482,7.9039906,0.08569167358092393,0.0,5797.0,1.79,1.343703639380201,3.259972779474189,G,-1.2445312909903943,3
7088.01,tess,NON_HABITABLE,19.6737,1574.0,1019.42,7.1554749,0.09154022187514947,0.0,6919.0,2.78,1.9986622333972328,15.957234400429513,F,-1.2783599290160177,3
7089.01,tess,NON_HABITABLE,5.77903,2774.0782732245534,14006.0,1.5852089,0.039807966654022,0.0,11678.0,2.74,3.349017600172015,125.79683646320692,B,-1.3050516540521393,4
709.01,tess,NON_HABITABLE,3.6771515,2128.9236019,4854.6878282,32.3766006,0.29661615340911246,0.0,50000.0,0.147,3.32125597932793,121.67725319118327,O,-1.2728824324962416,3
709.02,tess,NON_HABITABLE,1.3396102,738.052393,70.1244992,777.0516742,2.467973925602727,0.0,50000.0,0.147,3.32125597932793,121.67725319118327,O,-1.0015804161831856,3
7090.01,tess,NON_HABITABLE,16.0883,496.0,10.102,60.6825768,0.32531869771252303,0.0,5918.0,1.48,1.2473246241962879,2.4205718836725074,G,-1.0217550592623132,3
7091.01,tess,NON_HABITABLE,17.8341,1108.0,250.696,4.8510805,0.061709895323380434,0.0,5578.5,1.9,1.3321953562636053,3.149717924035602,G,-1.262020227673978,3
7092.01,tess,NON_HABITABLE,16.2877,2280.0,4488.98,1.102219,0.0265283015101159,0.0,7469.0,2.51,2.050090332954107,17.664119374526514,F,-1.301243963022656,3
7093.01,tess,NON_HABITABLE,18.3031,1599.0,1087.34,2.8371938,0.046954601758469106,0.0,7980.0,1.54,1.715682531098528,8.6645840196591,A,-1.287958161813188,3
7095.01,tess,NON_HABITABLE,13.7841,2179.0,3744.12,4.6745746,0.06829759826884932,0.0,5759.0,3.8,1.9449684210587257,14.310348743928857,G,-1.2850601483149655,3
7096.01,tess,NON_HABITABLE,11.4859,2079.0,3106.23,3.3505745,0.053181730451364026,0.0,6940.0,2.21,1.7874309962992105,10.207447138312508,F,-1.2870014280433686,3
7097.01,tess,NON_HABITABLE,7.19145,1318.0,501.609,4.1560086,0.055300951829091095,0.0,6056.0,1.55,1.3062472620481596,2.911397955056592,F,-1.2652741749399472,3
7098.01,tess,NON_HABITABLE,17.6176,2576.0,7314.38,1.3821651,0.029804741682000768,0.0,7662.0,1.94,1.848913911638682,11.686023646476169,A,-1.2979268637209664,3
7099.01,tess,NON_HABITABLE,14.8697,1969.0,2497.57,4.4264918,0.06288483905623088,0.0,6231.0,2.46,1.693163830176758,8.218563774376944,F,-1.2797108545784515,3
7100.01,tess,NON_HABITABLE,16.1132,974.0,149.56,7.4156006,0.08261151885583759,0.0,6446.0,1.5,1.3677590854106347,3.49976136990134,F,-1.249081162018262,3
7102.01,tess,NON_HABITABLE,11.623,1996.0,2638.6,1.1838059,0.02597911390590424,0.0,7433.0,1.68,1.6691387945691485,7.761931486756443,F,-1.2970915192368464,3
7103.01,tess,NON_HABITABLE,4.36817,885.0,101.96,5.3590843,0.05458461257765693,0.0,4845.0,0.81,0.7554573804573804,0.325716585650283,K,-1.1781247930081096,3
7105.01,tess,NON_HABITABLE,9.80945,758.0,55.0578,17.0548288,0.13679682351733158,0.0,5769.0,1.38,1.174123443833535,1.900443834105916,G,-1.1731784179674556,3
7106.01,tess,NON_HABITABLE,13.7026,1669.0,1289.93,2.7945508,0.043155589872611554,0.0,6345.0,1.56,1.3729907241801051,3.5536153138591677,F,-1.2783912789522498,3
7107.01,tess,NON_HABITABLE,12.146,1365.0,577.62,8.6145655,0.09012960390832078,0.0,6467.0,1.38,1.316182407916705,3.0009884704542036,F,-1.2382363597672734,3
711.01,tess,NON_HABITABLE,2.1505216,458.1372754,10.4112654,18.3841259,0.11642782612221249,0.0,4356.0,0.681407,0.6229667164496611,0.15061193078942678,K,-0.8964643957193202,3
711.02,tess,NON_HABITABLE,2.7375059,366.384759,4.2586368,35.9432773,0.18204269121168185,0.0,4356.0,0.681407,0.6229667164496611,0.15061193078942678,K,-0.6634413444990135,3
7110.01,tess,NON_HABITABLE,13.1872,781.0,61.7662,8.8182594,0.0939410910230559,0.0,6052.0,1.84,1.4222682279235663,4.091909630038651,F,-1.2459376338055401,3
7111.01,tess,NON_HABITABLE,11.2092,887.0,102.801,7.0634276,0.07811023504941196,0.0,6354.0,1.34,1.2743047068664084,2.6368968960996337,F,-1.2436473151501954,3
7113.01,tess,NON_HABITABLE,15.825,1282.0,449.395,4.6351977,0.058378919813728475,0.0,5691.0,1.57,1.2354127791793525,2.3294229909920583,G,-1.2572254597197088,3
7115.01,tess,NON_HABITABLE,10.2138,1747.0,1547.44,0.8738186,0.01873404595655325,0.0,5838.0,1.29,1.1487687776431739,1.7415281289428952,G,-1.290377795357154,3
7116.01,tess,NON_HABITABLE,10.0797,641.0,28.1157,18.9438583,0.13637031509524383,0.0,5583.0,0.95,0.9427642554932163,0.7899733351157883,G,-1.0984776600262007,3
7118.01,tess,NON_HABITABLE,6.55527,530.3600621952417,18.7121,37.8016862,0.251835398987403,0.0,6783.0,1.61,1.491105707845965,4.943490804342024,F,-1.1538349831581238,4
7119.01,tess,NON_HABITABLE,15.3451,1584.9324709667303,1492.39,2.5933417,0.04091366140115891,0.0,6258.1,1.57,1.3585198934075395,3.4061518820156746,F,-1.2793897525690736,4
712.01,tess,NON_HABITABLE,2.24794,584.0,19.4095,9.531366,0.07668128532203304,0.0,4504.0,0.72,0.6621224412607505,0.19219993238499983,K,-1.0688756301022568,3
712.02,tess,HABITABILITY_ZONE,2.45531,357.0,2.70562,51.6991421,0.23672357473422734,0.0,4504.0,0.72,0.6621224412607505,0.19219993238499983,K,-0.5657406961750032,3
712.04,tess,HABITABILITY_ZONE,2.03857,292.0,1.21501,84.83869,0.3293431149398879,0.0,4504.0,0.72,0.6621224412607505,0.19219993238499983,K,-0.2745668669771002,3
7120.01,tess,NON_HABITABLE,17.4128,2136.0,3458.24,3.1739167,0.05488710965353127,0.0,7099.0,3.17,2.189779999844347,22.99333355223656,F,-1.2941674152928422,3
7123.01,tess,NON_HABITABLE,17.2274,917.0,117.396,0.3075961,0.006243927228615557,0.0,3257.0,0.37,0.34323557798304405,0.013879352079312377,M,-1.2368968462222132,3
7124.01,tess,NON_HABITABLE,13.6255,1367.0,580.045,2.6414334,0.03772013933963387,0.0,5753.0,1.06,1.0261739466579733,1.1088784333789015,G,-1.2605739950415493,3
7125.01,tess,HABITABILITY_ZONE,8.18265,298.0,1.32008,21.7276636,0.11004650929303575,0.0,3437.0,0.4,0.37660250582116145,0.020115592147173452,M,-0.24055318992278737,3
7126.01,tess,NON_HABITABLE,14.8596,1722.0,1459.72,3.2966077,0.0504777764464225,0.0,6259.0,2.12,1.5788706790369633,6.214214476933179,F,-1.2820350696877576,3
7127.01,tess,NON_HABITABLE,13.3562,2045.0,2907.88,3.3683989,0.05404737172343788,0.0,6902.0,2.41,1.8563384226193118,11.874863202464354,F,-1.2883268115963744,3
7129.01,tess,NON_HABITABLE,11.5324,1351.0,553.234,8.8204144,0.09377006149535394,0.0,5672.0,2.07,1.4138230977250386,3.9955842260076913,G,-1.2452886298829773,3
713.01,tess,HABITABILITY_ZONE,2.2253394,355.5983746,3.7788536,35.9993588,0.1803087124240116,0.0,4316.7,0.651075,0.6034496707842445,0.13260631871729475,K,-0.6275089339357539,3
713.02,tess,NON_HABITABLE,1.0618157,952.7810913,194.7571992,1.8715209,0.025115971954487164,0.0,4316.7,0.651075,0.6034496707842445,0.13260631871729475,K,-1.2148841600916749,3
7130.01,tess,NON_HABITABLE,8.07577,1923.0,2274.15,1.2433877,0.025089497134474153,0.0,6488.0,1.47,1.3628347102659066,3.449631815444456,F,-1.2913254202091724,3
7132.01,tess,NON_HABITABLE,21.4506,1565.0,997.016,1.4716633,0.024886930225028994,0.0,5298.0,1.07,0.9494618526145877,0.8126622411477114,G,-1.2718944274537785,3
7133.01,tess,NON_HABITABLE,11.9804,1663.0,1269.85,3.8282053,0.05602978405143028,0.0,6455.0,2.05,1.601204694446446,6.5733600167967525,F,-1.2798236081855148,3
7134.01,tess,NON_HABITABLE,18.0461,1445.772434048079,1033.33,3.5899561,0.05609110711535759,0.0,6224.0,2.87,1.8267714263705876,11.136195325024438,F,-1.2867773261182043,4
7135.01,tess,NON_HABITABLE,12.568,581.0,18.9483,10.6185545,0.09818623552938024,0.0,5925.9,1.19,1.1199573305634056,1.5732795837579614,G,-1.2020551624768139,3
7138.01,tess,NON_HABITABLE,16.1825,983.0,155.146,5.4149624,0.07957310600337211,0.0,7979.0,2.75,2.292389917034454,27.615566601045654,A,-1.289073698739041,3
7139.01,tess,NON_HABITABLE,11.9861,1037.0,192.359,3.8850223,0.05548153629123263,0.0,7162.0,1.48,1.5095199321550883,5.192247761966303,F,-1.2763852925345005,3
714.01,tess,NON_HABITABLE,1.5008877,563.1748972,23.7735564,4.3239329,0.03982501781540068,0.0,3782.0,0.473141,0.4507030466430476,0.04126311167074921,K,-1.0397334310735458,3
714.02,tess,NON_HABITABLE,1.5705443,423.3717664,7.5929156,10.1775475,0.07046910788472387,0.0,3782.0,0.473141,0.4507030466430476,0.04126311167074921,K,-0.831815437758708,3
7140.01,tess,NON_HABITABLE,14.8534,1847.0,1933.52,5.1879527,0.07330188212528892,0.0,6617.0,2.9,1.952242716273995,14.525638935686628,F,-1.283435563465952,3
7141.01,tess,NON_HABITABLE,5.83132,649.0,29.5308,2.4141149,0.02728935664081721,0.0,3438.0,0.61,0.46520510023851486,0.046835792121789975,M,-1.1361510070853442,3
7142.01,tess,NON_HABITABLE,16.0666,887.0,102.868,6.5433068,0.067279364885579,0.0,5295.0,1.07,0.9489242184964595,0.8108231194150576,G,-1.206965206465019,3
7143.01,tess,NON_HABITABLE,2.77467,1204.0,349.377,1.1376981,0.01830822227152095,0.0,4244.0,0.74,0.6325063831138065,0.16005146388143188,K,-1.2468704895484553,3
7144.01,tess,NON_HABITABLE,6.67772,2147.0,3529.75,0.5289141,0.013414233074256843,0.0,5739.6,1.34,1.1510858192525084,1.7556211927052432,G,-1.2959900777685696,3
7145.01,tess,NON_HABITABLE,13.9025,479.0,8.76779,23.2471066,0.1602922582677724,0.0,5839.1,1.01,1.0166706295787766,1.0683685866236974,G,-1.0962070539950293,3
7146.01,tess,NON_HABITABLE,9.21955,684.0,36.4134,28.4664618,0.19737680911092845,0.0,5888.0,1.54,1.2659071106651796,2.5680729555618593,G,-1.1401898569975284,3
7147.01,tess,NON_HABITABLE,9.67861,590.0,20.22,1.3473988,0.018894018923038207,0.0,3576.0,0.64,0.49563409563409566,0.06034547342371031,M,-1.2039378897021917,3
7148.01,tess,NON_HABITABLE,3.99294,1413.0,663.13,1.3432587,0.022237111626010456,0.0,5031.1,0.87,0.8130106852736511,0.43690298710165,K,-1.2635760305781814,3
7149.01,tess,NON_HABITABLE,11.2606,555.0,15.7673,2.6520679,0.02585997403489208,0.0,3247.0,0.34,0.32801629942069804,0.01157661789411926,M,-0.9786875144272483,3
715.01,tess,POTENTIALLY_HABITABLE,1.7145308,235.0427129,0.7212871,19.2879579,0.08930371223468202,0.0,3075.0,0.229824,0.2553974091183884,0.004254670665479293,M,0.577017393015701,3
7150.01,tess,NON_HABITABLE,9.47171,2256.0,4304.47,0.8818115,0.0213318096462836,0.0,6571.0,2.14,1.6653749637327084,7.6921567519223855,F,-1.2993427843395693,3
7151.01,tess,NON_HABITABLE,3.63858,1255.0,412.052,7.1467369,0.07632946800495807,0.0,6252.0,1.15,1.161559783486869,1.8203976592954874,F,-1.2319719544376917,3
7153.01,tess,NON_HABITABLE,3.92928,569.0,17.4356,27.6174987,0.17256936338560117,0.0,5469.0,0.9,0.8988823556892342,0.6528470149314674,G,-1.0155796286526269,3
7154.01,tess,NON_HABITABLE,9.20623,722.0,45.247,8.8600515,0.0819477681496673,0.0,5481.0,0.97,0.9352319752537154,0.7650280995746936,G,-1.1808140809434913,3
7155.01,tess,NON_HABITABLE,2.15693,914.0,116.253,3.8949005,0.042373444332252846,0.0,4718.0,0.67,0.6690660841596365,0.20039000767839782,K,-1.1794819624735293,3
7156.01,tess,HABITABILITY_ZONE,11.758,366.0,2.99687,1.9299641,0.022675803050611558,0.0,3554.0,0.46,0.41760916077663207,0.03041445702090162,M,-1.1307388462813055,3
7157.01,tess,NON_HABITABLE,9.29553,2453.0,6017.49,1.1838063,0.028757319254509986,0.0,8996.0,2.11,2.263937076590787,26.26983880830732,A,-1.3022104079764347,3
7158.01,tess,NON_HABITABLE,11.9188,1965.0,2475.81,3.338577,0.054068108429796945,0.0,7482.0,2.13,1.8918259709563463,12.809280400417574,F,-1.2891222020889535,3
7160.01,tess,NON_HABITABLE,10.2259,1676.0,1312.39,3.0825102,0.045832728769205154,0.0,6001.8,1.69,1.3517567567567566,3.3388291484429824,F,-1.2753729293236071,3
7161.01,tess,NON_HABITABLE,12.7621,2121.0,3360.36,3.8285502,0.060853999516596556,0.0,7075.0,2.8,2.0510636478616022,17.697688623912423,F,-1.2900064931560298,3
7162.01,tess,NON_HABITABLE,8.17498,444.0,6.46156,8.6393678,0.06312626379542352,0.0,3468.0,0.56,0.4496211994917543,0.04086835145706522,M,-0.8795725121387593,3
7163.01,tess,NON_HABITABLE,4.28654,832.0,79.5918,5.3913891,0.05481800448863658,0.0,5179.0,0.71,0.7560469451711774,0.32673454336037816,K,-1.1777675480283496,3
7165.01,tess,NON_HABITABLE,12.8297161,1493.2819769,1175.136445,3.2509657,0.045909246710649894,0.0,5757.0,1.49959,1.2213951042494546,2.2254851436783905,G,-1.2675288924157,3
7166.01,tess,HABITABILITY_ZONE,2.1004549,264.5773396,1.1580614,12.9228111,0.06871936208399726,0.0,3166.0,0.223377,0.25924107584180955,0.004516637753475391,M,0.09933835682360405,3
7167.01,tess,NON_HABITABLE,7.707781,937.0740086,182.2286132,13.723753,0.12188979197303113,0.0,6374.4,1.34911,1.2827341903429752,2.7073642057677527,F,-1.2078446457373677,3
7168.01,tess,NON_HABITABLE,15.5589079,1265.305351,605.7624942,1.7497746,0.026553581151244614,0.0,5087.0,0.856841,0.8158034449414883,0.4429371833393728,K,-1.2549540509018386,3
7169.01,tess,NON_HABITABLE,15.0290201,1454.0652473,1056.4685689,3.4375711,0.04759847793008242,0.0,5874.0,1.43119,1.2174643873216426,2.196974748146466,G,-1.2656838357933795,3
7170.01,tess,NON_HABITABLE,3.5741192,747.7884464,73.898565,1.917096,0.02327615595935276,0.0,3653.0,0.523126,0.4577480496474125,0.04390419415192401,M,-1.1568400606118154,3
7171.01,tess,NON_HABITABLE,3.3862,989.0,158.942,23.5367004,0.19131331222149778,0.0,7487.0,1.69,1.686261261261261,8.085361684004498,F,-1.217213044407873,3
7172.01,tess,NON_HABITABLE,3.7424744,1235.7366017,551.092681,2.7547949,0.0377729753190539,0.0,5531.0,0.977544,0.9474264242255673,0.8057159722800066,G,-1.2519449021643971,3
7173.01,tess,NON_HABITABLE,9.1590642,1155.1130109,420.7449426,0.6257352,0.011333802127886271,0.0,3718.0,0.593043,0.4960508007696808,0.06054867170512103,K,-1.2464615118519697,3
7174.01,tess,NON_HABITABLE,14.4051573,1630.9939837,1672.3625665,4.2422767,0.058648460257564775,0.0,6223.0,1.92379,1.4953825554090383,5.0004517385175005,F,-1.2737958676124845,3
7175.01,tess,NON_HABITABLE,15.498003,2594.393374,10706.9138368,2.9944941,0.0532596236230071,0.0,7465.0,3.0202899,2.2476454467116906,25.521795194957093,F,-1.2954132655565518,3
7177.01,tess,NON_HABITABLE,2.93142,1183.0,325.891,6.8434236,0.07328049172064642,0.0,6060.0,1.14,1.1209822281238695,1.579046464681381,F,-1.2295690636207546,3
7178.01,tess,NON_HABITABLE,2.0097,1037.0,192.44,5.2169076,0.06047367614396349,0.0,5966.0,1.1,1.0840598732125997,1.3810616849927126,G,-1.2390205251681632,3
7179.01,tess,NON_HABITABLE,10.4314,1348.0,549.707,2.7384363,0.04501443071374772,0.0,4964.0,3.56,1.622670905735585,6.93300953628199,K,-1.286381099007161,3
7180.01,tess,NON_HABITABLE,3.18123,1556.0,973.545,3.2607791,0.045989684672452895,0.0,5975.0,1.39,1.2204471774470858,2.2185843713194298,G,-1.2673885495545079,3
7181.01,tess,NON_HABITABLE,5.8283,1469.0,773.896,5.1794403,0.06752946531836476,0.0,5946.0,2.21,1.531421427088632,5.500205007949788,G,-1.2702580235738679,3
7182.01,tess,NON_HABITABLE,2.08605,818.0,74.4061,14.7126653,0.12605952018340225,0.0,6156.0,1.34,1.2345954950377103,2.323265009940301,F,-1.1959570858732507,3
7183.01,tess,NON_HABITABLE,4.60829,1257.189813403806,590.803,10.5739387,0.12601812507972074,0.0,9088.0,2.3,2.3878437988752768,32.510500522061236,A,-1.2794821368801785,4
7184.01,tess,NON_HABITABLE,1.53572,1535.0,922.814,1.1976555,0.021507676088661453,0.0,5598.9,0.91,0.9253309415823522,0.7331424020175671,G,-1.2753234852968036,3
7185.01,tess,NON_HABITABLE,3.537073,463.3111771,10.8896046,2.6881318,0.024492582745267534,0.0,3244.0,0.232947,0.2712583301931257,0.005414175584018869,M,-0.8511736497366331,3
7186.01,tess,NON_HABITABLE,16.0263,1970.0,2502.63,1.7024504,0.031773283396857664,0.0,6026.0,2.0,1.4764467995253414,4.751942872965939,F,-1.2898546268674167,3
7189.01,tess,NON_HABITABLE,12.4627,867.0,94.1363,2.8890956,0.03118655550259366,0.0,3643.0,0.59,0.4847958066438901,0.05523767857316925,M,-1.1270592372407646,3
7190.01,tess,NON_HABITABLE,11.9742,1337.0,532.039,4.1223508,0.053452550036777235,0.0,6116.7,1.28,1.1989355643752615,2.0662524044945867,F,-1.2586922863435503,3
7191.01,tess,NON_HABITABLE,8.32101,1340.0,536.569,5.6604695,0.06698693336017379,0.0,5711.0,1.6,1.2515431543466122,2.453484486637381,G,-1.2510013858886118,3
7192.01,tess,NON_HABITABLE,3.45358,1325.0,512.943,16.3425332,0.12620393488753853,0.0,5946.0,0.95,1.0040616627552685,1.0163459019419512,G,-1.1374078760813902,3
7194.01,tess,NON_HABITABLE,12.5792,1625.0,1160.33,4.167309,0.057116163623358,0.0,6552.0,1.59,1.431350943088045,4.19744016527929,F,-1.2715202104339096,3
7195.01,tess,NON_HABITABLE,13.0807,1010.0,173.28,3.8242663,0.046256224783889154,0.0,5211.0,1.0,0.9028066528066528,0.6643225629159861,G,-1.2317253170668145,3
7196.01,tess,NON_HABITABLE,12.343,755.0,54.1418,2.7998534,0.03373030350232166,0.0,4412.0,0.73,0.6530863569705639,0.18192083705569298,K,-1.2009486781321048,3
7197.01,tess,NON_HABITABLE,15.8933,1484.0,806.804,2.5122863,0.03966662693661472,0.0,6156.0,1.53,1.3192223612942993,3.028809902967949,F,-1.278529925549497,3
7198.01,tess,NON_HABITABLE,13.559,1270.0,433.056,4.2271814,0.053169735532742325,0.0,5913.0,1.2,1.1222049489009174,1.5859471776961258,G,-1.2517536250763086,3
7199.01,tess,NON_HABITABLE,11.8788,803.0,69.3081,3.1540886,0.03690034763004377,0.0,4521.0,0.74,0.6737891984112909,0.206108630643194,K,-1.1979199852186426,3
7200.01,tess,NON_HABITABLE,12.5338,827.0,77.8993,5.0660693,0.05599998274509077,0.0,5269.0,1.0,0.9128551628551629,0.6943964703030073,G,-1.2173221577560982,3
7202.01,tess,NON_HABITABLE,16.1727,640.0,27.9358,7.7600907,0.08059443273082727,0.0,5940.0,1.27,1.1597435959343865,1.809039010383236,G,-1.227357186814182,3
7203.01,tess,NON_HABITABLE,9.87741,900.0,108.999,5.7351935,0.05738686861000696,0.0,5042.0,0.77,0.7665171594114879,0.34521330527255445,K,-1.1753278638804197,3
7204.01,tess,NON_HABITABLE,11.3715,1382.0,606.114,3.8080897,0.0519653600586994,0.0,6343.0,1.38,1.2909455718904685,2.7773571367599548,F,-1.266967529228276,3
7205.01,tess,NON_HABITABLE,11.7346,1362.0,572.114,3.4844157,0.04615003877805679,0.0,5917.0,1.11,1.0800322809360647,1.3606516260230177,G,-1.2554146995020474,3
7206.01,tess,NON_HABITABLE,7.89993,823.0,76.3043,3.5689392,0.04953998449820311,0.0,6326.0,1.35,1.2734143787997982,2.629535253261104,F,-1.2678374973634305,3
7207.01,tess,NON_HABITABLE,7.16846,972.3660313387687,211.426,12.0080349,0.11455034265204535,0.0,6554.0,1.5,1.390675309615467,3.740270195774216,F,-1.2283093426561844,4
7208.01,tess,NON_HABITABLE,12.4438,1441.0,717.115,3.6366231,0.049759459819589485,0.0,5978.0,1.44,1.2428274428274428,2.3858511070330444,G,-1.2655436435134213,3
7209.01,tess,NON_HABITABLE,13.5381,2563.0,7168.32,2.6343177,0.04709050761247923,0.0,7495.0,2.39,2.0074478192807277,16.239664805394128,F,-1.2938379853403155,3
721.01,tess,NON_HABITABLE,2.09232,935.0,127.181,12.2877358,0.11033868179049075,0.0,6008.62,1.3,1.1869162963893247,1.9846337430447207,F,-1.201995537284186,3
7210.01,tess,NON_HABITABLE,13.2504,1821.0,1826.44,2.2609143,0.03990354487627455,0.0,6453.0,2.2,1.6582373124472736,7.561130476166734,F,-1.289942707256121,3
7211.01,tess,NON_HABITABLE,7.83737,717.0,44.0719,10.548504,0.0909109294085766,0.0,5421.0,0.92,0.9008386239736054,0.6585488476210154,G,-1.155542968409843,3
7212.01,tess,HABITABILITY_ZONE,6.79508,390.0,3.85902,75.6979471,0.3376348083902711,0.0,5422.0,0.91,0.8960946552464795,0.6447859238515223,G,-0.7304269173237642,3
7213.01,tess,NON_HABITABLE,8.83849,558.0,16.1862,36.9870862,0.2263070431630581,0.0,6110.1,1.14,1.1302497544652896,1.6319155678426247,F,-1.0657827858429922,3
7214.01,tess,NON_HABITABLE,13.9451,1148.0,289.201,8.9093753,0.09450830313025915,0.0,6375.0,1.65,1.418717215678971,4.051196932549095,F,-1.2452284225941554,3
7216.01,tess,NON_HABITABLE,12.9639,1579.0,1034.01,3.1243759,0.044945566733692585,0.0,5477.0,1.71,1.240836253314567,2.3705978971026282,G,-1.269710203251593,3
7217.01,tess,NON_HABITABLE,13.1539,1357.0,563.839,3.9859545,0.05315364519303465,0.0,5566.0,1.71,1.2609995592384298,2.528481259483683,G,-1.2638721735496024,3
7218.01,tess,NON_HABITABLE,11.3707,1143.0,284.216,4.9030173,0.06094847661992157,0.0,5663.0,1.64,1.2564411835267575,2.492118292134437,G,-1.2567319511472599,3
7219.01,tess,NON_HABITABLE,13.8539,1144.0,285.031,2.9069573,0.041139116442828055,0.0,5744.0,1.22,1.0991779917311786,1.459728531097896,G,-1.2630139464744894,3
722.01,tess,NON_HABITABLE,2.3968761,518.5040418,17.0816408,15.3004892,0.10029203968888405,0.0,4082.0,0.660762,0.5748694204955515,0.10921362689290032,K,-0.891675621496449,3
7222.01,tess,NON_HABITABLE,10.1814,1576.0,1024.95,5.1869453,0.06968503833977145,0.0,6018.0,2.59,1.6779373565747788,7.926892564137419,F,-1.2758308066078494,3
7223.01,tess,NON_HABITABLE,13.2522,1245.0,399.203,5.3384038,0.06946799927803252,0.0,6250.7,2.1,1.5693217017915162,6.065239046516937,F,-1.271066872365094,3
7224.01,tess,NON_HABITABLE,8.79181,1589.0,1060.74,5.5698339,0.06829789370346376,0.0,6500.0,1.48,1.3699915608779776,3.5226668109551,F,-1.2597902638144458,3
7225.01,tess,NON_HABITABLE,8.3598,1071.0,218.681,9.7461668,0.0995305532685904,0.0,6319.0,1.6,1.384783959432016,3.6772918318724916,F,-1.2384083527972136,3
7227.01,tess,NON_HABITABLE,10.8435,1546.0,949.236,2.3593338,0.036874173167169955,0.0,6613.0,1.1,1.2016238587923098,2.0848469154990505,F,-1.274745895362613,3
7228.01,tess,NON_HABITABLE,13.5533,1883.0,2087.79,2.9324083,0.04689531649020987,0.0,7696.0,1.44,1.5999999999999999,6.5535999999999985,A,-1.2846960204781421,3
723.01,tess,NON_HABITABLE,1.10894,1284.0,452.395,1.4178596,0.022354030117684266,0.0,4907.96,0.76,0.7412786437609108,0.3019436864735892,K,-1.2538748403884665,3
7230.01,tess,NON_HABITABLE,12.2161,925.0,121.87,4.3041912,0.04812365127246378,0.0,4856.0,0.91,0.8025517605822398,0.4148510629763502,K,-1.2069667130765978,3
7231.01,tess,NON_HABITABLE,16.7803,721.0,45.0942,11.0658881,0.10186181404104218,0.0,5617.0,1.4,1.1514421393510237,1.757796021485592,G,-1.2040537257818267,3
7232.01,tess,NON_HABITABLE,20.0829,472.0,8.30847,3.3221412,0.03177416058841475,0.0,3300.0,0.46,0.3877631487233781,0.022608207639273604,M,-1.018692421726219,3
7234.01,tess,NON_HABITABLE,11.984,1610.0,1117.08,3.4202745,0.048927116125495204,0.0,6095.0,1.6,1.3356952417689725,3.182947793746874,F,-1.2721460365294595,3
7236.01,tess,NON_HABITABLE,11.742,1225.0,374.784,4.626302,0.05686643136853497,0.0,5990.0,1.22,1.1462528151932032,1.7263214278540027,G,-1.2502918578319806,3
7238.01,tess,NON_HABITABLE,12.1575,913.0,115.741,3.930467,0.04547258733766812,0.0,4913.0,0.91,0.8119721581014301,0.43467488860382997,K,-1.2148842673506435,3
7239.01,tess,NON_HABITABLE,11.5455,937.0,127.979,14.3938942,0.1308487283023954,0.0,6891.0,1.46,1.4425549169099132,4.330414033955538,F,-1.2232808897041225,3
724.01,tess,NON_HABITABLE,2.0575829,1085.2180486,327.7849685,3.21264,0.040640686415659606,0.0,5330.0,0.88283,0.8676397249281261,0.5667058710884726,G,-1.23553727790912,3
7240.01,tess,NON_HABITABLE,9.10101,1420.0,675.78,6.8911882,0.07957840822347362,0.0,6628.0,1.52,1.4157219685266242,4.0170929904084325,F,-1.2552209094880664,3
7241.01,tess,NON_HABITABLE,12.6346,836.2786241837997,115.676,6.3377947,0.07008174365180289,0.0,5974.0,1.22,1.143191038057462,1.7079503622328394,G,-1.2360350053192979,4
7242.01,tess,NON_HABITABLE,17.0131,1519.0,883.823,2.9383886,0.04384879543074983,0.0,6059.0,1.54,1.3026717363315767,2.8796516991984795,F,-1.2743299250072966,3
7243.01,tess,NON_HABITABLE,13.2011,1253.0,410.022,3.7352012,0.04855443187727851,0.0,5816.0,1.18,1.0945587549691695,1.4353450513843122,G,-1.2540864441081978,3
7244.01,tess,NON_HABITABLE,12.9592,1099.0,242.58,11.5175506,0.10671040447901645,0.0,6259.0,1.27,1.2220261223827145,2.2300877825394987,F,-1.2114579123110871,3
7245.01,tess,NON_HABITABLE,5.76677,1949.0,2396.94,1.6877647,0.030826588640833458,0.0,6599.0,1.44,1.371933471933472,3.542682303695296,F,-1.287370559055725,3
7248.01,tess,NON_HABITABLE,12.6261,978.0,152.211,3.8148598,0.05231471049409325,0.0,6425.6,1.39,1.3124862566366515,2.9674202633897684,F,-1.2680870924569922,3
7249.01,tess,NON_HABITABLE,6.86956,422.0,5.28643,6.0387706,0.046770904235086216,0.0,3374.0,0.41,0.3742921201853505,0.019626494492697898,M,-0.8498131812621167,3
7250.01,tess,NON_HABITABLE,9.63776,707.0,41.5232,8.9653531,0.08746213356659167,0.0,5977.0,1.15,1.1104675025433488,1.5206295100536764,G,-1.2121893377082638,3
7251.01,tess,NON_HABITABLE,5.14186,581.0,19.016,11.5588657,0.09206970769637113,0.0,5029.0,0.8,0.7792921593102178,0.36880875902438526,K,-1.1009933207388753,3
7252.01,tess,NON_HABITABLE,5.86248,1762.0,1601.42,1.4207284,0.0245705933294274,0.0,5868.0,0.93,0.980404412084315,0.9238916203686722,G,-1.2747118460261972,3
7253.01,tess,NON_HABITABLE,5.12394,935.0,127.083,5.4240992,0.059038902405409446,0.0,5386.0,1.0,0.9331254331254332,0.7581586715011481,G,-1.2164922433440988,3
7254.01,tess,NON_HABITABLE,10.9525,782.0,62.3468,5.0769983,0.06614143633394627,0.0,6271.0,1.9,1.4975705080450066,5.029781455423626,F,-1.269296662886141,3
7255.01,tess,NON_HABITABLE,10.0219,1469.0,774.318,1.6831237,0.03194214047548077,0.0,6264.0,2.0,1.5347598327624856,5.5483225133644,F,-1.2912533641725898,3
7256.01,tess,NON_HABITABLE,9.07655,1931.0,2309.44,8.5748036,0.09773914523267441,0.0,5168.0,3.58,1.694094747298992,8.23665325546934,K,-1.2630059242267677,3
7257.01,tess,NON_HABITABLE,3.76017,2006.0,2691.99,1.0495702,0.02202296666252538,0.0,6222.0,1.44,1.2935550935550935,2.7998819551882286,F,-1.2918035810826574,3
7258.01,tess,NON_HABITABLE,12.6929,865.0,93.3127,6.2384297,0.06609862321945613,0.0,5448.0,1.1,0.9899360022229706,0.9603476461680109,G,-1.2169815761743874,3
7259.01,tess,NON_HABITABLE,8.17474,883.0,101.082,16.4591808,0.1350006784640798,0.0,5975.0,1.37,1.211635169205644,2.155199527213622,G,-1.1832019604348811,3
7260.01,tess,NON_HABITABLE,10.415,728.0,46.6475,6.6308943,0.06949089603224796,0.0,5410.1,1.18,1.0181692435107812,1.0746818037069217,G,-1.217555642707531,3
7261.01,tess,NON_HABITABLE,13.0392,1288.0,457.84,2.3273503,0.03633233662277295,0.0,5957.0,1.31,1.1812366832716636,1.9469181867847583,G,-1.27405565738639,3
7262.01,tess,NON_HABITABLE,9.96563,1014.0,175.697,6.4093679,0.06714741013577669,0.0,5792.0,0.96,0.9831908932917649,0.9344399320212632,G,-1.2142063527926559,3
7263.01,tess,NON_HABITABLE,7.69521,519.0,12.1274,49.2145201,0.29651139030847506,0.0,6657.0,1.55,1.435879792512318,4.250816272831808,F,-1.1117306411790218,3
7264.01,tess,NON_HABITABLE,10.598,641.0,28.1932,10.5637482,0.09410238253075358,0.0,5533.0,1.08,0.9961992846443449,0.9848835917973586,G,-1.1792557371147356,3
7265.01,tess,NON_HABITABLE,10.1574,508.0,11.1296,4.1723,0.03772240636745499,0.0,3392.0,0.49,0.4113652113652113,0.02863586093720358,M,-1.0027084358987008,3
7266.01,tess,NON_HABITABLE,10.7771,1516.8482325341924,1252.01,3.8789319,0.05154750995044173,0.0,6148.0,1.3,1.2144488069143278,2.175288431633878,F,-1.2617734888919678,4
7267.01,tess,NON_HABITABLE,8.85088,1105.0,248.334,10.3486661,0.09768983973078829,0.0,5748.0,1.36,1.1613413545242823,1.8190287571267378,G,-1.2101145505032678,3
7268.01,tess,NON_HABITABLE,7.43045,663.0,32.2046,13.5647678,0.10504541901166076,0.0,5528.0,0.77,0.8404019946899454,0.4988250998097569,G,-1.1049549653573245,3
7269.01,tess,NON_HABITABLE,2.94972,496.0,10.0605,11.656295,0.08310492751942382,0.0,4004.0,0.66,0.5635594208621342,0.1008692650797403,K,-0.9493035513431577,3
727.01,tess,NON_HABITABLE,1.97562,441.0,6.29202,4.7244442,0.04214794942086858,0.0,3653.0,0.5,0.447515778183378,0.0401082217900984,M,-1.0198845507469418,3
727.02,tess,NON_HABITABLE,1.0797147,1005.0705332,241.1610487,0.7499711,0.012345246178119813,0.0,3653.0,0.497204,0.44626276990625036,0.03966090564030353,M,-1.2245066120143326,3
7270.01,tess,NON_HABITABLE,12.1831,912.0,114.929,8.9197222,0.09564911036823548,0.0,6348.0,1.78,1.46730567358063,4.63534845664022,F,-1.2487131168621117,3
7271.01,tess,NON_HABITABLE,12.869,1006.0,170.387,7.1304113,0.0820140307496809,0.0,6014.0,1.93,1.4474906124835607,4.389984869300005,F,-1.255994425031407,3
7272.01,tess,NON_HABITABLE,11.334,1237.0,389.626,7.5801393,0.08629600637379395,0.0,5860.0,2.16,1.492100820447965,4.956700482636034,G,-1.2565213051491557,3
7273.01,tess,NON_HABITABLE,13.2774,1194.0,338.373,2.2473177,0.03716366292135259,0.0,6037.8,1.68,1.3558356267791745,3.3793110316405874,F,-1.28208018746119,3
7274.01,tess,HABITABILITY_ZONE,8.82119,270.0,0.888904,8.908871,0.05723427469057612,0.0,3267.0,0.31,0.31514009309365354,0.009863127241742806,M,-0.5156604996335765,3
7276.01,tess,NON_HABITABLE,8.27506,1186.0,328.667,14.2317652,0.14072833030186985,0.0,5914.0,3.21,1.835724541518312,11.356122165640768,G,-1.2523870764007916,3
7277.01,tess,NON_HABITABLE,12.1673,1082.0,227.626,7.915274,0.07799750281093831,0.0,5638.0,1.07,1.0103937193357957,1.0422275567324446,G,-1.2046440070024893,3
7278.01,tess,NON_HABITABLE,15.8297,910.0,114.247,7.6316525,0.0747036126542695,0.0,5655.0,0.95,0.9549224189170944,0.8315193460702631,G,-1.1970335414480762,3
7279.01,tess,NON_HABITABLE,10.6888,677.0,35.047,3.1168715,0.03326008987404088,0.0,3734.0,0.61,0.5052576626790618,0.06517058730425353,K,-1.1303774450119062,3
7280.01,tess,NON_HABITABLE,5.92869,1574.0,1020.09,0.4246068,0.010699013607248703,0.0,5576.0,0.88,0.9062286305188996,0.6744521057933827,G,-1.2919879962233967,3
7281.01,tess,NON_HABITABLE,6.9571,191.0,0.22435,4.3095502,0.03421132964405426,0.0,3195.0,0.27,0.2876248612361,0.0068439320439081415,M,-0.7399846010785506,3
7282.01,tess,NON_HABITABLE,11.1383,1056.0,207.179,5.3346707,0.059497528252412266,0.0,5509.3,1.07,0.9873292156680915,0.9502720439861488,G,-1.2258229822095672,3
7283.01,tess,NON_HABITABLE,5.2778,1358.0,565.894,9.0612809,0.09195418957197442,0.0,5876.0,1.54,1.2633271369342043,2.547201492107339,G,-1.2305350169448805,3
7284.01,tess,NON_HABITABLE,14.6319,2535.0,6863.73,0.8760587,0.01954224205657968,0.0,6306.0,1.41,1.2972903880953066,2.8323622750331348,F,-1.2939394545735434,3
7285.01,tess,NON_HABITABLE,5.69421,1292.0,463.718,2.1384533,0.036165831942535163,0.0,6708.0,1.41,1.3799911074125146,3.626645879462862,F,-1.2837692449884743,3
7286.01,tess,NON_HABITABLE,8.75386,924.0,121.012,10.7994273,0.09420694262139273,0.0,5548.0,0.99,0.9563739260338752,0.836586609848032,G,-1.1679873615626313,3
7288.01,tess,NON_HABITABLE,2.82685,614.0,23.6315,7.9871247,0.06623822713844894,0.0,4254.0,0.68,0.6077509123831437,0.1364276750137315,K,-1.0627801816744613,3
7289.01,tess,NON_HABITABLE,13.1033,1443.0,721.319,2.855993,0.041835452644546835,0.0,5780.4,1.43,1.1975663617363705,2.056829794394803,G,-1.269739153914387,3
7290.01,tess,NON_HABITABLE,18.6742,1788.0,1698.56,3.776966,0.055089128923930024,0.0,6446.0,1.96,1.5634788634788637,5.9754147904946615,F,-1.2788828893808475,3
7291.01,tess,HABITABILITY_ZONE,4.14138,355.0,2.63928,23.9712428,0.15420331853317573,0.0,5238.0,0.88,0.8512958333317784,0.5251967512432811,G,-1.016679181470483,3
7292.01,tess,NON_HABITABLE,11.6462,873.0,96.5342,10.641726,0.09815687449525848,0.0,5945.0,1.17,1.114085360323982,1.5405431584657032,G,-1.2009474834568992,3
7293.01,tess,NON_HABITABLE,12.3769,1719.0,1451.25,3.3202789,0.04916561902838154,0.0,6443.0,1.66,1.4381886364568606,4.278222936907171,F,-1.2771824489783177,3
7294.01,tess,NON_HABITABLE,16.7831,2401.0,5519.73,1.6047466,0.028271161198023597,0.0,5972.0,1.28,1.1705728890494975,1.8775600927301694,G,-1.2815070746937696,3
7295.01,tess,NON_HABITABLE,7.49558,1861.0,1994.5,0.7729056,0.017489565908631054,0.0,6269.0,1.21,1.1947158697158697,2.0373166304100736,F,-1.293055455208528,3
7296.01,tess,HABITABILITY_ZONE,11.6916,264.0,0.817488,170.3363911,0.5930653095264916,0.0,5621.0,0.97,0.9591204037404003,0.8462379936759143,G,-0.42139189425368606,3
7297.01,tess,NON_HABITABLE,11.3761,779.0,61.3234,8.1563148,0.08220549085421434,0.0,6366.8,1.02,1.1140250873451782,1.5402098066649754,F,-1.2186504276508632,3
7298.01,tess,NON_HABITABLE,2.63423,872.0,96.3543,5.2554768,0.05606513662523239,0.0,5298.0,0.86,0.8512063546281399,0.5249759748037796,G,-1.2032961615383337,3
7299.01,tess,NON_HABITABLE,9.63983,863.0,92.4998,2.7299474,0.0368139472339869,0.0,5289.0,0.95,0.8931184215123806,0.6362622969424178,G,-1.2463340716241695,3
730.01,tess,NON_HABITABLE,13.9011294,798.0423026,95.8571812,3.0876297,0.03485225731259584,0.0,4105.0,0.69386,0.592410523851552,0.12316606307376463,K,-1.1730722862948026,3
7300.01,tess,NON_HABITABLE,12.6159,1697.0,1377.01,0.6439909,0.013173575071415906,0.0,5225.0,0.66,0.7354140794217411,0.29250127300485956,G,-1.2763722316105952,3
7303.01,tess,NON_HABITABLE,6.32061,994.0,162.173,2.3368358,0.030163415838499897,0.0,4439.0,0.76,0.6704488014683663,0.20205168425848682,K,-1.217457453664242,3
7304.01,tess,NON_HABITABLE,9.16409,473.3746368383976,11.8757,3.4977997,0.042977761412809325,0.0,5209.0,0.92,0.8656093695404005,0.5614198899582541,G,-1.2308889401158212,4
7305.01,tess,NON_HABITABLE,9.70261,798.0,67.5689,13.9753579,0.1081775998853935,0.0,5382.0,0.86,0.8647022651205454,0.5590702550234479,G,-1.1105409269173931,3
7306.01,tess,NON_HABITABLE,16.0656,1105.0,248.373,6.1418356,0.0686939917934162,0.0,5918.5,1.25,1.1464109775495932,1.7272744308154613,G,-1.2379049136427747,3
7307.01,tess,NON_HABITABLE,11.1033,1028.0,186.029,23.955645,0.1826403837401207,0.0,6609.0,1.53,1.4162996403174177,4.023653549794533,F,-1.1844522936036652,3
7308.01,tess,NON_HABITABLE,13.9231,2648.0,8170.39,3.7002646,0.05322654095773723,0.0,6971.0,1.48,1.4692632570585202,4.660134721545672,F,-1.2759608715447504,3
7309.01,tess,NON_HABITABLE,5.98246,541.0,14.2212,7.7561532,0.05640008984997762,0.0,3462.0,0.44,0.3978570694459596,0.025055802519500243,M,-0.8188636865522779,3
731.01,tess,NON_HABITABLE,2.66076,1296.0,469.443,0.3219233,0.006847903007171833,0.0,3518.0,0.46,0.41337901733601345,0.02920073036902047,M,-1.2547118424453634,3
7310.01,tess,NON_HABITABLE,11.5163,535.0,13.6331,19.8088367,0.14560956076689324,0.0,5601.0,1.17,1.0496202023842933,1.2137485510992008,G,-1.1277838573624732,3
7311.01,tess,NON_HABITABLE,16.0284,1445.0,724.353,1.5525382,0.028735393898095818,0.0,5730.0,1.75,1.3132497411989001,2.97433098623142,G,-1.2869793038668542,3
7312.01,tess,NON_HABITABLE,10.9362,1423.0,681.415,4.2990991,0.05630690894692617,0.0,6013.0,1.53,1.288577657320114,2.7570356850476,F,-1.2632057276697999,3
7313.01,tess,NON_HABITABLE,10.4153,1686.0,1341.62,4.1186706,0.05683259517108453,0.0,5998.0,1.93,1.4436396231586959,4.343453476049987,G,-1.2723590928075958,3
7315.01,tess,NON_HABITABLE,18.1732,919.0,118.572,9.6713674,0.09871159056703108,0.0,5902.0,1.8,1.371857921330952,3.5419020044169103,G,-1.237653707742343,3
7316.01,tess,NON_HABITABLE,15.8733,675.0,34.5062,0.7474746,0.012738829896200276,0.0,3455.0,0.68,0.4936011759012134,0.05936148305280281,M,-1.2378818392101532,3
7317.01,tess,NON_HABITABLE,13.3902,1461.0,756.509,2.9712014,0.04833089616211316,0.0,7713.0,1.63,1.7060462918804742,8.471557142004304,A,-1.2870573903464448,3
7318.01,tess,NON_HABITABLE,12.6182,1185.0,328.367,3.4220041,0.04448308763242065,0.0,5731.0,1.02,1.0027765558169277,1.011152564521158,G,-1.2489738333958929,3
7319.01,tess,NON_HABITABLE,15.5459,1843.0,1918.08,2.5918359,0.04200583675241795,0.0,5891.0,2.08,1.471954439622894,4.694371669248313,G,-1.2832227092185502,3
732.01,tess,NON_HABITABLE,1.1406447,830.8904817,112.6409067,0.7683904,0.011601009743831438,0.0,3329.0,0.374139,0.3527800060147066,0.015488731568958625,M,-1.1814696828514337,3
732.02,tess,HABITABILITY_ZONE,2.2967944,330.1048127,2.8062634,12.2534308,0.07349869696559636,0.0,3329.0,0.374139,0.3527800060147066,0.015488731568958625,M,-0.4959927765985991,3
7320.01,tess,NON_HABITABLE,11.1977,1252.0,408.603,6.6802019,0.07527707513295395,0.0,5801.0,1.61,1.2752328189907773,2.644587398884886,G,-1.246144925732651,3
7321.01,tess,NON_HABITABLE,11.6408,1581.0,1038.15,3.0039961,0.043636797240739725,0.0,5623.0,1.59,1.2284014580256528,2.2769908896875757,G,-1.2700869281756004,3
7322.01,tess,NON_HABITABLE,11.0664,1486.0,809.801,5.5316291,0.07154989529830058,0.0,6814.0,1.83,1.59698689270973,6.504372525770525,F,-1.2712770712897075,3
7323.01,tess,NON_HABITABLE,4.23234,858.7410855906011,128.614,4.776694,0.05565713264952249,0.0,5625.0,1.07,1.008063971490573,1.0326481535321081,G,-1.2344565797566478,4
7324.01,tess,NON_HABITABLE,2.60517,1597.0,1079.87,0.5257499,0.011255311890793686,0.0,4649.0,0.73,0.6881682850308594,0.22427383804425616,K,-1.2771870938727425,3
7326.01,tess,NON_HABITABLE,10.0716,1431.0,698.046,5.4584109,0.07148859119947411,0.0,6309.0,2.24,1.6359055061092722,7.161975921868078,F,-1.2731265214232395,3
7327.01,tess,NON_HABITABLE,14.979,1365.0,577.413,5.0789699,0.061640394695021236,0.0,5826.0,1.44,1.2112266112266112,2.152294102469963,G,-1.252035056682373,3
7329.01,tess,NON_HABITABLE,12.335,1735.0,1506.82,4.8622127,0.0658359180728893,0.0,6142.0,2.29,1.6102793767756272,6.723647295200634,F,-1.274949922248511,3
733.01,tess,NON_HABITABLE,1.94753,1076.0,223.094,4.8847937,0.056391943518762304,0.0,5969.0,0.94,1.0026265096645208,1.0105475025002448,G,-1.2326281468864386,3
7330.01,tess,NON_HABITABLE,13.1053,1231.0,381.338,2.8411706,0.04341202073415259,0.0,5801.0,1.81,1.352121848528666,3.3424377059090213,G,-1.2772164874543204,3
7331.01,tess,NON_HABITABLE,14.9116,751.0,52.8207,6.0011971,0.06288626822501538,0.0,5265.0,1.02,0.9212386261343788,0.7202587714791112,G,-1.2078170067376308,3
7333.01,tess,NON_HABITABLE,1.87011,755.0,53.9635,6.2644714,0.057545123820410694,0.0,4568.0,0.67,0.6477943773720262,0.17609567786416214,K,-1.1209439345739416,3
7334.01,tess,NON_HABITABLE,8.42033,1148.0,288.77,1.7085226,0.03077476916182914,0.0,6059.5,1.61,1.3320588289389097,3.1484269528301216,F,-1.2860391665112667,3
7336.01,tess,NON_HABITABLE,0.923696,1585.0,1049.31,0.5418555,0.011834607393671003,0.0,4954.0,0.77,0.7531388353281459,0.32173637895679325,K,-1.2811872648933051,3
7337.01,tess,NON_HABITABLE,8.15264,2123.0,3376.67,4.2619292,0.06433920332219129,0.0,6846.0,2.72,1.9561178872472975,14.641315446524127,F,-1.2867687878360254,3
7338.01,tess,NON_HABITABLE,3.52009,2555.0,7078.45,3.3847215,0.040791351647925515,0.0,5199.0,0.77,0.7903853057874505,0.3902612492267127,K,-1.2199487182839501,3
7339.01,tess,NON_HABITABLE,14.5276,1576.0,1024.21,4.2470926,0.05944336742431329,0.0,6232.3,2.07,1.553485488707997,5.824099732253405,F,-1.2759952834608117,3
7340.01,tess,NON_HABITABLE,3.9858614,790.9332918,92.4869433,7.4894672,0.07041535849538864,0.0,5143.31,0.868418,0.8303874693832716,0.4754700305759341,K,-1.1691986391477838,3
7340.02,tess,NON_HABITABLE,3.03858,1087.0,232.564,3.4438328,0.041962358581606816,0.0,5143.31,0.87,0.8311434850579044,0.47720393918945847,K,-1.226222410070335,3
7341.01,tess,NON_HABITABLE,9.14745,2624.0,7880.96,0.4925418,0.013619432152636647,0.0,6927.0,1.34,1.3892207592797625,3.7246464718475454,F,-1.3002171814388108,3
7342.01,tess,NON_HABITABLE,8.02091,882.0,100.737,14.1532848,0.10668623036694436,0.0,5063.0,0.85,0.8087067496062696,0.4277246418148796,K,-1.0851142494055406,3
7343.01,tess,NON_HABITABLE,12.4184,1144.0,284.936,2.1011992,0.03291982659611105,0.0,5959.8,1.09,1.0779996315281548,1.3504373766790903,G,-1.2709000610927463,3
7344.01,tess,NON_HABITABLE,11.3842,1093.0,237.728,2.4364562,0.03981036459452752,0.0,6844.0,1.43,1.41791989822914,4.0420975347802175,F,-1.2826523950624011,3
7347.01,tess,HABITABILITY_ZONE,11.4643,323.0,1.82253,60.8344877,0.23406059142337085,0.0,3736.0,0.51,0.4622379869895372,0.04565228635686357,K,0.19987033542000435,3
7348.01,tess,NON_HABITABLE,8.75979,536.0,13.7384,3.3390124,0.03817248974548755,0.0,4436.0,0.75,0.6655732313215125,0.19623812560970386,K,-1.1911792879664438,3
7349.01,tess,NON_HABITABLE,15.4918,1709.0,1416.28,2.980341,0.04495028411077886,0.0,6283.8,1.57,1.3640988968208076,3.46244936359492,F,-1.2766492896509911,3
7351.01,tess,NON_HABITABLE,14.6684,947.0,133.741,3.8405138,0.05189769271558916,0.0,6123.9,1.42,1.2642877793665614,2.5549579700494855,F,-1.2651944584006116,3
7353.01,tess,NON_HABITABLE,10.0556,1113.0,255.39,6.2157513,0.0729162251169264,0.0,6015.2,1.65,1.3386459287454344,3.211166955140657,F,-1.2538619442826018,3
7354.01,tess,NON_HABITABLE,15.7865,994.0,162.493,3.648769,0.05681004745529913,0.0,4939.0,4.61,1.837228468886882,11.393382183325809,K,-1.286746728977595,3
7355.01,tess,NON_HABITABLE,13.5757,1778.0,1660.91,3.6814233,0.05518427367442862,0.0,5956.0,2.57,1.6542263269481219,7.488239277467981,G,-1.282149324450888,3
7356.01,tess,NON_HABITABLE,3.8996,648.0,29.3479,17.3986129,0.12525657366043125,0.0,5589.0,0.8,0.8660695721584425,0.5626147615808956,G,-1.0797879039246976,3
7357.01,tess,NON_HABITABLE,6.66479,734.0,48.3031,60.3541599,0.302046986708978,0.0,5658.0,1.06,1.009228609454339,1.0374285923660846,G,-0.9012272843091176,3
7358.01,tess,NON_HABITABLE,6.61399,864.0,92.7257,7.0548729,0.0763787495656162,0.0,5628.6,1.5,1.1943172181418396,2.034598752187554,G,-1.236142841163283,3
7359.01,tess,NON_HABITABLE,13.4874,1698.0,1380.02,4.3656102,0.057469396074975275,0.0,5748.0,1.78,1.3286189369473003,3.116030879152441,G,-1.2650727507132005,3
736.01,tess,HABITABILITY_ZONE,2.9858436,312.0570889,2.2410792,4.9899176,0.03401654804033891,0.0,2940.0,0.17143,0.21089409540041706,0.001978142994020935,M,-0.2558290091128114,3
736.02,tess,NON_HABITABLE,1.1926392,542.829237,20.5198379,0.9479945,0.011241696829979301,0.0,2940.0,0.17143,0.21089409540041706,0.001978142994020935,M,-0.9615825076819987,3
7360.01,tess,NON_HABITABLE,18.2875,840.0,82.7386,30.7331484,0.19737749476273114,0.0,5607.0,1.25,1.086073557678562,1.3913518208829267,G,-1.0793188501071262,3
7361.01,tess,NON_HABITABLE,3.37171,1014.0,176.171,8.2158997,0.08016944039743258,0.0,5820.0,1.02,1.0183492505417064,1.0754419979063095,G,-1.2033962592301901,3
7362.01,tess,NON_HABITABLE,13.2426,1516.0,876.936,1.1930966,0.025280557569406226,0.0,5906.0,2.19,1.5142206956777418,5.257226768003705,G,-1.2947471858037738,3
7363.01,tess,NON_HABITABLE,7.63465,1250.0,405.644,6.9929558,0.0727494416685471,0.0,5916.7,1.05,1.0503834649506785,1.2172828573960743,G,-1.219065062282818,3
7364.01,tess,NON_HABITABLE,10.8746,1238.0,391.193,2.9257773,0.04129353506155812,0.0,5688.0,1.24,1.0973473214060003,1.4500281435531912,G,-1.2626804928747855,3
7365.01,tess,NON_HABITABLE,14.5588,1480.0,798.53,3.1924816,0.04458180491851991,0.0,5964.0,1.26,1.1598360007650617,1.809615634125781,G,-1.2642670839187216,3
7366.01,tess,NON_HABITABLE,6.20384,585.0,19.4458,3.753877,0.03957765277089969,0.0,4049.0,0.7,0.5869086014269702,0.11865386719595251,K,-1.1515870464844409,3
7367.01,tess,NON_HABITABLE,13.0485,1364.0,575.825,2.9814911,0.04094950918611618,0.0,6168.0,0.93,1.0305273370375008,1.1278155223982884,F,-1.256799157304177,3
7368.01,tess,NON_HABITABLE,8.91632,666.0,32.7484,33.5792968,0.22254118348201046,0.0,6294.0,1.43,1.3039725072259216,2.891170737185807,F,-1.1295586072412704,3
7369.01,tess,NON_HABITABLE,9.85033,779.0,61.3136,10.2887023,0.09421099940988803,0.0,5853.0,1.08,1.0538142803223118,1.2332647481924308,G,-1.1930204172079208,3
737.01,tess,NON_HABITABLE,12.0299493,778.1172307,86.6365464,1.7318529,0.021806232895621624,0.0,3394.0,0.615219,0.4612117736576415,0.045248224353941095,M,-1.1686550699525773,3
7370.01,tess,NON_HABITABLE,9.05348,796.0,66.8363,13.3079913,0.11594472960328031,0.0,5854.4,1.34,1.1741091400501575,1.9003512270114067,G,-1.1940228296904878,3
7371.01,tess,NON_HABITABLE,7.90384,498.0,10.2465,18.9104241,0.12587055731863062,0.0,4801.0,0.8,0.7439613555077264,0.3063384482895201,K,-0.9965067540293183,3
7372.01,tess,NON_HABITABLE,13.4917,875.0,97.536,8.508462,0.08788172002439801,0.0,6236.6,1.34,1.2507599519740389,2.4473487913076273,F,-1.232519133464345,3
7374.01,tess,NON_HABITABLE,16.1351,992.0,160.798,17.0303122,0.1320082516111767,0.0,5797.0,1.11,1.058128634880238,1.2535852381605284,G,-1.147444453449771,3
7375.01,tess,NON_HABITABLE,5.40151,672.0,33.8579,27.1970496,0.1760521824663126,0.0,5859.0,0.94,0.9841495594110281,0.9380897907302946,G,-1.0594215625786036,3
7376.01,tess,NON_HABITABLE,11.6489,928.0,123.231,7.4861705,0.07570287322598962,0.0,5658.0,1.11,1.0327569115322384,1.1376074836723504,G,-1.212120035292565,3
7377.01,tess,NON_HABITABLE,7.81582,782.0,62.2808,6.7735083,0.0684223147144737,0.0,5080.0,1.12,0.9314218059742287,0.7526370695876062,K,-1.2012429351166711,3
7378.01,tess,NON_HABITABLE,2.13402,562.0,16.5736,7.0814677,0.05955955971504216,0.0,4024.0,0.65,0.5620673107961428,0.09980523275327999,K,-1.0501062758419424,3
7379.01,tess,NON_HABITABLE,21.5876,564.0,16.8854,10.9911631,0.09185379058608531,0.0,4915.3,1.01,0.8558238676454524,0.5364602857035661,K,-1.1370992456429825,3
738.01,tess,NON_HABITABLE,8.8966421,1088.5486481,331.8274983,3.4405946,0.042989345756682236,0.0,5324.0,0.942255,0.8953564153129875,0.6426637426437394,G,-1.2360347228138953,3
7380.01,tess,NON_HABITABLE,18.2343114,1567.7720228,1427.7515561,4.4136877,0.060181076973242514,0.0,6627.0,1.6901799,1.4926470071415339,4.963962111833872,F,-1.272715170916152,3
7381.01,tess,NON_HABITABLE,15.6677026,1486.5025957,1153.9412259,3.1653382,0.04550164407920852,0.0,6463.47,1.25477,1.2543579258533302,2.475631005386792,F,-1.270085835036949,3
7382.01,tess,NON_HABITABLE,1.6018171,1560.1259032,1400.1017301,1.0370296,0.01895200974082203,0.0,5075.0,0.922377,0.8444305884196175,0.5084588685786595,K,-1.2733119580846992,3
7383.01,tess,NON_HABITABLE,12.6558112,1159.0667061,426.5350511,3.0522686,0.039944326883328725,0.0,5370.0,0.962287,0.9126416247193426,0.6937469560639133,G,-1.243846502641458,3
7384.01,tess,NON_HABITABLE,3.9286675,378.3361173,4.8420828,6.2335155,0.044944077588475004,0.0,3211.0,0.313932,0.311696392993115,0.009439024346518287,M,-0.6723625424390631,3
7385.01,tess,NON_HABITABLE,11.4433015,945.2243136,188.65162,3.1191196,0.0377392430317749,0.0,5036.0,0.71363,0.7370482993613116,0.29510991010618415,K,-1.2141958335952532,3
7386.01,tess,NON_HABITABLE,15.9733684,1453.5532398,1054.9813337,6.0042191,0.07394631112362371,0.0,6226.0,1.92428,1.4962939741140242,5.012653762798859,F,-1.2644226663367388,3
7387.01,tess,NON_HABITABLE,12.2780704,1059.6385441,297.9559009,9.0856617,0.09145346584506375,0.0,5999.0,1.41459,1.2361404879776472,2.3349163450652446,G,-1.2274553603877725,3
7388.01,tess,NON_HABITABLE,92.583098,2630.0028276,11306.960198,0.3328569,0.009403987973045824,0.0,5780.0,1.0,1.0013860013860014,1.0055555421967817,G,-1.2970182294085444,3
7389.01,tess,NON_HABITABLE,1.2912,1093.0,237.78,26.345109,0.17886910913580192,0.0,5895.0,1.16,1.099984287527994,1.464016348591384,G,-1.1061975500606822,3
739.01,tess,NON_HABITABLE,12.2284921,944.6322163,188.1793714,9.0150439,0.08841104546610602,0.0,6083.61,1.1584001,1.134395084154699,1.6559886025432726,F,-1.215253357328411,3
7390.01,tess,POTENTIALLY_HABITABLE,1.643195,228.515378,0.6444404,81.3716681,0.28969583745256283,0.0,3861.0,0.536259,0.4898473649716674,0.057576214121546745,K,0.3540325392916938,3
7391.01,tess,NON_HABITABLE,1.5612416,433.383473,8.3370112,7.4108495,0.05481888871829682,0.0,3578.0,0.416718,0.4001613539662727,0.02564133161578622,M,-0.8381125890766709,3
7392.01,tess,NON_HABITABLE,1.3350551,852.5614028,124.8600979,7.3050577,0.07109683772843779,0.0,5382.0,0.928396,0.8984294953259188,0.6515323815481749,G,-1.1885461882351072,3
7393.01,tess,NON_HABITABLE,13.8579058,739.8172112,70.7976307,3.3370666,0.03594294171256195,0.0,3846.77,0.696696,0.5562775798750497,0.09575605074756526,K,-1.149856088155926,3
7394.01,tess,NON_HABITABLE,11.6123427,917.7164642,167.6312929,1.2529966,0.018014974617265454,0.0,3722.0,0.593558,0.49680004644916886,0.06091531735038095,K,-1.209343662049382,3
7395.01,tess,NON_HABITABLE,11.5595833,162.2006503,0.1635804,125.8659048,0.5022558892030303,0.0,5968.88,1.0645,1.066938430070813,1.2958580563545052,G,-0.7018466627517893,3
7396.01,tess,NON_HABITABLE,6.3961703,679.1312483,50.2731221,14.8589888,0.11444862766617167,0.0,5359.0,0.951815,0.905802900428907,0.6731856161975601,G,-1.1176919740397784,3
7397.01,tess,NON_HABITABLE,2.0546727,659.814664,44.7928664,26.6796741,0.1817385800150003,0.0,6339.0,1.0493799,1.1250214425653564,1.6019287662270332,F,-1.11204060730331,3
7398.01,tess,NON_HABITABLE,7.2660515,1324.3547704,727.0066153,2.6068332,0.037086500174525264,0.0,5780.0,1.0,1.0013860013860014,1.0055555421967817,G,-1.2589704950787706,3
740.01,tess,NON_HABITABLE,1.98371,2167.0,3661.38,2.131225,0.03225435002765706,0.0,5776.0,0.97,0.9855683067078014,0.9435108898640983,G,-1.2641775610576615,3
7400.01,tess,NON_HABITABLE,11.0874,750.0,52.7898,1.8289577,0.0237706395081918,0.0,3835.0,0.65,0.5356680260693856,0.08233469797581978,K,-1.1957671292524612,3
7401.01,tess,NON_HABITABLE,13.8846,1411.0,658.826,4.3181867,0.05985248606699305,0.0,6139.3,2.08,1.5339959075160134,5.53728406933854,F,-1.2748875531175503,3
7402.01,tess,NON_HABITABLE,4.01769,1000.0,166.31,14.3640841,0.11984380880401536,0.0,6070.0,1.12,1.112939047689679,1.5342125110072133,F,-1.176591482608064,3
7403.01,tess,NON_HABITABLE,14.1869,720.0,44.8165,10.1170644,0.09043497081168411,0.0,5456.2,1.04,0.9640079788657294,0.8636196471621632,G,-1.175820922600035,3
7404.01,tess,NON_HABITABLE,11.5534,2517.0,6669.25,1.463442,0.029998586138987413,0.0,6456.6,2.26,1.681635159331298,7.997000362913435,F,-1.2953228276943414,3
7405.01,tess,HABITABILITY_ZONE,9.61675,297.0,1.30676,15.4474502,0.09446445461755398,0.0,3635.0,0.56,0.4712725086945002,0.049327422748766225,M,-0.7237369917729135,3
7406.01,tess,NON_HABITABLE,11.9765,1528.0,905.611,2.8885639,0.04393518891920494,0.0,6207.0,1.59,1.3559821892166508,3.380772448837756,F,-1.2770104055623073,3
7407.01,tess,NON_HABITABLE,18.4255,1137.0,278.086,4.4640046,0.052211102132771185,0.0,5672.6,0.94,0.9528395273451098,0.8242881567832361,G,-1.2306841765282095,3
7408.01,tess,NON_HABITABLE,10.0363,740.0,49.9979,8.0242387,0.08274023149815043,0.0,5531.0,1.5,1.1736077414530282,1.897107156336892,G,-1.2271497028688536,3
7409.01,tess,NON_HABITABLE,13.7764,1288.0,457.835,2.6800806,0.04212419749937442,0.0,6164.0,1.69,1.3882882882882883,3.714656325961192,F,-1.2798203427694912,3
741.01,tess,NON_HABITABLE,0.867887,629.0,26.1371,7.5768334,0.05890637778291282,0.0,3766.0,0.53,0.47499816082866303,0.05090585219981661,K,-0.95010722002632,3
7410.01,tess,NON_HABITABLE,5.28288,615.0,23.8843,3.5043637,0.046400788205425154,0.0,6000.0,1.09,1.0852709468721986,1.3872435292206962,F,-1.255646434960621,3
7411.01,tess,NON_HABITABLE,11.3807,1438.0,710.749,3.1551543,0.045138075065756435,0.0,5808.3,1.5,1.2324472689715464,2.3071370161124922,G,-1.2689859449661567,3
7412.01,tess,NON_HABITABLE,5.7502,1392.0,624.378,1.7636086,0.030285678687309962,0.0,6201.0,1.23,1.1914833138642549,2.0153563987617744,F,-1.2805406387624019,3
7413.01,tess,NON_HABITABLE,4.54584,514.0,11.636,3.8037696,0.032820079063638014,0.0,3326.0,0.32,0.3259649555407425,0.011289732361080749,M,-0.8842232955564068,3
7414.01,tess,NON_HABITABLE,11.0515,634.0,26.868,7.899462,0.07822647708333264,0.0,5461.1,1.17,1.0234031221640538,1.0969502975339733,G,-1.207002788226265,3
7416.01,tess,NON_HABITABLE,7.35109,1646.0,1219.13,0.3013943,0.008164552387458507,0.0,5223.8,0.78,0.7992957798600729,0.40815966039196494,G,-1.2923299534266912,3
7418.01,tess,NON_HABITABLE,15.348,1008.0,171.945,6.7415334,0.06973914665861568,0.0,5896.0,0.95,0.9956184937109087,0.9825888243387764,G,-1.2129779150818607,3
7419.01,tess,NON_HABITABLE,8.96319,1942.0,2361.29,1.3777496,0.027513375195295904,0.0,6461.0,1.71,1.4637653884727801,4.59077380892891,F,-1.2922452477808046,3
7421.01,tess,NON_HABITABLE,5.03606,1793.0,1715.88,0.3489261,0.00892238972488418,0.0,5086.7,0.78,0.778318052646394,0.366968186028178,K,-1.2896434999943325,3
7422.01,tess,NON_HABITABLE,15.4019,1724.0,1466.55,3.3593261,0.049913866957864525,0.0,5547.0,2.34,1.4700759481236578,4.670453888634951,G,-1.2781110736879087,3
7423.01,tess,NON_HABITABLE,2.56976,1445.0,724.197,2.889977,0.04168409857305606,0.0,5949.0,1.26,1.1569189082078055,1.7914788126647556,G,-1.2670202896260951,3
7424.01,tess,NON_HABITABLE,6.0926,1255.0,412.075,3.1271505,0.04032829989246824,0.0,5414.0,0.91,0.8947724941911545,0.6409888878747513,G,-1.2405191547397814,3
7425.01,tess,NON_HABITABLE,18.9642,2043.0,2895.35,1.2815706,0.025748111154163023,0.0,6327.0,1.6,1.3865371279199818,3.6959493715206073,F,-1.2914843500912816,3
7426.01,tess,NON_HABITABLE,8.27135,1688.0,1349.72,0.766526,0.017167304442094897,0.0,5978.7,1.23,1.1487697611030836,1.741534092633167,G,-1.2920141091255635,3
7427.01,tess,NON_HABITABLE,14.1926,722.0,45.1515,3.5254649,0.047998039234414584,0.0,5366.0,1.63,1.1869109817490762,1.9845981970047566,G,-1.262984946534201,3
7428.01,tess,NON_HABITABLE,4.88984,1841.0,1907.06,3.1467998,0.03973778721904681,0.0,5525.0,0.78,0.8453825153579584,0.5107554919486678,G,-1.2333090206041613,3
7429.01,tess,NON_HABITABLE,10.4295,1077.0,223.364,4.7117395,0.06113913070080533,0.0,6134.0,1.67,1.3733324589342586,3.55715458706743,F,-1.2652653213827516,3
743.01,tess,NON_HABITABLE,10.9560053,1125.0679205,378.6482626,2.2284671,0.031137663890597536,0.0,5156.0,0.824288,0.8110097492877008,0.43261771575380964,K,-1.2446964236079028,3
7430.01,tess,NON_HABITABLE,2.38489,501.0,10.4619,21.4930896,0.1340690327585899,0.0,4734.0,0.72,0.6959342000285065,0.2345701348670463,K,-0.928422370823441,3
7431.01,tess,NON_HABITABLE,9.57462,1636.0,1190.99,1.1919382,0.024540889051933804,0.0,5858.0,1.87,1.3878542133062521,3.710012670002996,G,-1.2923831940939448,3
7432.01,tess,NON_HABITABLE,12.8728,1373.0,590.734,7.0309061,0.08551482632555338,0.0,6301.0,2.39,1.6876489271898418,8.112009127880524,F,-1.2685621293460683,3
7433.01,tess,NON_HABITABLE,18.2536,2182.0,3764.08,1.8179336,0.03376892097672653,0.0,6725.0,1.78,1.5544471730985723,5.838534753070957,F,-1.2906818071899469,3
7434.01,tess,NON_HABITABLE,7.64515,1894.0,2140.15,2.4228387,0.04461823635696649,0.0,8409.0,1.92,2.018685411066762,16.606364937400944,A,-1.2948529486371214,3
7435.01,tess,NON_HABITABLE,10.7143,1399.0,636.265,4.6821297,0.06073883127636254,0.0,5565.5,2.0,1.3636184305938082,3.45757373100966,G,-1.2649232122151604,3
7436.01,tess,NON_HABITABLE,13.9054,1249.0,405.221,4.0616142,0.06319653892193627,0.0,6525.0,3.26,2.041093941551842,17.35609323685008,F,-1.2890362802433184,3
7437.01,tess,NON_HABITABLE,13.0131,493.0,9.86195,2.5726086,0.025120393472442454,0.0,3163.0,0.34,0.3195305066423369,0.010424357862722347,M,-0.9708431194373236,3
7438.01,tess,NON_HABITABLE,18.1986,2130.0,3420.01,1.1253333,0.023349450781010153,0.0,5972.0,1.68,1.3410597176331165,3.2343906284922053,G,-1.2920494001052703,3
7439.01,tess,NON_HABITABLE,15.6622,1677.0,1314.84,3.5466109,0.04964743322355256,0.0,6309.0,1.41,1.29790755764245,2.8377559650561865,F,-1.269323775682496,3
744.01,tess,NON_HABITABLE,13.3926,1084.0,229.962,4.3176859,0.05258282176816013,0.0,5700.0,1.11,1.0404231876517778,1.1717638367423395,G,-1.242993435274636,3
7440.01,tess,NON_HABITABLE,9.39807,402.0,4.373,34.0796886,0.17689477006348164,0.0,4517.4,0.66,0.6358200119387125,0.1634318781018259,K,-0.7068661310282572,3
7441.01,tess,NON_HABITABLE,14.0205,1349.0,550.693,2.2351679,0.034761234419075124,0.0,6229.6,1.08,1.121619928360819,1.5826426604368788,F,-1.2718604659592958,3
7442.01,tess,NON_HABITABLE,14.7769,1775.0,1650.59,2.6358758,0.04307433631690281,0.0,6639.0,1.78,1.534568740847795,5.545559757781064,F,-1.28473340827407,3
7443.01,tess,NON_HABITABLE,11.9193,1309.0,487.593,2.7472062,0.03861840506044787,0.0,5528.0,1.13,1.0180777209424314,1.0742954460230705,G,-1.2585912028896866,3
7444.01,tess,NON_HABITABLE,18.5216,902.0,110.217,5.885604,0.07758221328695172,0.0,6294.0,2.72,1.7983940961633789,10.460187579830546,F,-1.2768821613720642,3
7446.01,tess,NON_HABITABLE,13.2582,1014.0,175.819,3.5044728,0.04384822584630001,0.0,5367.0,0.97,0.9157799692002718,0.703338773878943,G,-1.2378830705818533,3
7447.01,tess,NON_HABITABLE,9.50525,2090.0,3173.31,1.5016329,0.030699634781620164,0.0,7284.0,1.84,1.7117980456370219,8.586380001194845,F,-1.2955037950721842,3
7448.01,tess,NON_HABITABLE,16.1953,1404.0,645.664,5.0458476,0.06357013168473599,0.0,5959.0,1.7,1.3460820212267006,3.2831149957132553,G,-1.261588928426554,3
7449.01,tess,NON_HABITABLE,12.0782,709.0,42.159,12.915329,0.10966542088078303,0.0,5424.0,1.26,1.0548206687038388,1.2379825524569168,G,-1.1740998984528113,3
745.01,tess,NON_HABITABLE,3.542265,1763.4352567,2285.3834585,1.0790928,0.020459017769782106,0.0,5741.0,0.972998,0.9811088612746988,0.9265498560829047,G,-1.2806495049890243,3
7450.01,tess,NON_HABITABLE,14.3187,626.0,25.574,0.7938732,0.013071299684530404,0.0,3583.0,0.58,0.4727532057919332,0.04995028035260431,M,-1.229335745110321,3
7451.01,tess,NON_HABITABLE,11.8479,1715.0160144850406,2046.03,3.9461778,0.0657434208167603,0.0,9225.0,2.32,2.434355748496,35.11851791983959,A,-1.2946532651051375,4
7452.01,tess,NON_HABITABLE,10.8517,1345.0,544.577,3.0493323,0.04699398481118869,0.0,6336.0,1.84,1.4890104910977722,4.9157640668627876,F,-1.2807305791335162,3
7453.01,tess,NON_HABITABLE,11.7897,1131.0,271.776,8.3873861,0.0869532134652593,0.0,6240.0,1.33,1.2467635237481942,2.4162193109343333,F,-1.2328452517151303,3
7454.01,tess,NON_HABITABLE,17.95,2259.0,4328.27,3.1733972,0.0495440073400818,0.0,6227.0,2.23,1.6110349969706328,6.736276410148033,F,-1.2836341804408347,3
7455.01,tess,NON_HABITABLE,11.0102,668.0,33.0714,13.2026423,0.11004797848509044,0.0,5443.0,1.17,1.0200112054236223,1.0824797259245764,G,-1.1641631812500222,3
7457.01,tess,NON_HABITABLE,14.6161809,1507.3289471,1219.9812607,6.8733768,0.08278679161479895,0.0,6014.0,2.3646801,1.6022242464650525,6.5901181146362955,F,-1.2654965433760281,3
7458.01,tess,NON_HABITABLE,2.5121124,694.4590216,54.9676915,16.2385246,0.12424493859913101,0.0,5740.0,0.952085,0.9703388759837586,0.8865305902943227,G,-1.1280745835231734,3
7459.01,tess,NON_HABITABLE,2.4319861,675.3728831,49.1694646,8.9511797,0.076524270185756,0.0,4986.0,0.746076,0.7461351272510649,0.3099345174572903,K,-1.1204951410888668,3
746.01,tess,NON_HABITABLE,10.1826375,780.8818766,87.8744006,10.9803114,0.09511037044866756,0.0,5614.9,0.957719,0.9519951925504847,0.8213703490448333,G,-1.1653046109195684,3
7460.01,tess,NON_HABITABLE,11.8806083,762.1755075,79.7518849,46.1578388,0.289036193701507,0.0,5801.93,2.2625599,1.5119805525422165,5.226185501725094,G,-1.1356880103354559,3
7461.01,tess,NON_HABITABLE,2.964673,898.9995769,154.3685949,5.9605542,0.06161074233698278,0.0,5219.54,0.943064,0.878165742328244,0.5947109901301828,G,-1.1998326046359276,3
7462.01,tess,NON_HABITABLE,7.9624318,1235.0028186,549.7848863,2.6236518,0.036414639444183494,0.0,5401.6,1.0,0.9358281358281358,0.7669806242034287,G,-1.2526360459015966,3
7463.01,tess,NON_HABITABLE,4.4785238,1077.2083645,318.2144302,4.662632,0.05466246189774882,0.0,5940.12,0.948492,1.0022723100649507,1.0091202675759703,G,-1.2349463442772488,3
7464.01,tess,HABITABILITY_ZONE,11.1402796,332.6721503,2.8945882,20.0417055,0.11023374321305024,0.0,3560.0,0.52031,0.44489216961875855,0.03917590589983646,M,-0.542349739940316,3
7465.01,tess,NON_HABITABLE,7.8208033,999.8461509,236.1857644,6.2061962,0.06593548554675233,0.0,5278.0,1.17893,0.9928578481530331,0.9717359999180412,G,-1.2177560090971669,3
7466.01,tess,NON_HABITABLE,2.0757294,1293.9359912,465.348816,13.62285,0.10442629975461103,0.0,5343.0,0.782043,0.8186045764940781,0.449052039431951,G,-1.0951663165462648,3
7467.01,tess,NON_HABITABLE,19.2285735,2893.8481239,2375.2913754215256,2.8766717,0.045145217552474234,0.0,6610.89,1.67727,1.4833208388117292,4.841059185695496,F,-1.2816641227173913,4
7469.01,tess,NON_HABITABLE,11.4376308,1057.3043544,295.3391938,3.5868547,0.04367287297880862,0.0,5036.0,0.980071,0.8637502148056857,0.5566121390483731,K,-1.2292641401567885,3
747.01,tess,NON_HABITABLE,14.8695962,2049.5394247,4170.0965361,1.6827917,0.030680044025510615,0.0,6271.0,1.56803,1.360465904402367,3.425710417569415,F,-1.2870975402526514,3
7470.01,tess,NON_HABITABLE,4.7803484,595.8707435,29.7940301,17.9758603,0.12688007359413367,0.0,5274.0,0.851795,0.8432985357833832,0.5057377651181488,G,-1.064044203254794,3
7471.01,tess,NON_HABITABLE,14.4792216,1293.8608498,662.3252159,9.3911326,0.09542765903674712,0.0,5708.0,1.76693,1.3145203515201176,2.9858587370750747,G,-1.2338291223751618,3
7472.01,tess,NON_HABITABLE,14.8160349,1780.2006384,2373.5414017,1.6096874,0.028566583762940086,0.0,6472.0,1.14583,1.2002515639632243,2.0753393569676812,F,-1.2826133445710777,3
7474.01,tess,NON_HABITABLE,12.5706919,1603.9796717,1564.2870186,1.257813,0.022326856988961166,0.0,5340.0,1.02904,0.938493054572186,0.7757544074145866,G,-1.2750058749252078,3
7475.01,tess,NON_HABITABLE,12.7752613,1714.5161425,2042.1484801,3.2527618,0.04867551786491845,0.0,6389.29,1.72569,1.4541448493647915,4.471267751755566,F,-1.2782169157571963,3
748.01,tess,NON_HABITABLE,20.1548,2096.0,3208.41,2.0219583,0.03726880842724289,0.0,7000.0,1.94,1.6891669774824816,8.141235735294888,F,-1.291941127380367,3
749.01,tess,NON_HABITABLE,14.372489,997.0050832,233.5126927,0.63554,0.010789747551939987,0.0,3602.0,0.442,0.4148857521775327,0.029628801400560158,M,-1.2235499709505298,3
750.01,tess,NON_HABITABLE,15.971118,1909.0246927,3138.8255953,0.8378453,0.01726600304334627,0.0,5600.0,1.01656,0.9782012490775149,0.9156149015569731,G,-1.2850741781374873,3
751.01,tess,NON_HABITABLE,12.0898005,828.4046383,111.2989557,4.722816,0.04985433569023762,0.0,4803.0,0.793235,0.7411177218934153,0.3016815797883828,K,-1.1848440756349765,3
752.01,tess,NON_HABITABLE,13.14269,1099.7675591,345.7200926,5.7481323,0.06454166884029902,0.0,5900.0,1.12783,1.0855441980232896,1.388641186014138,G,-1.2344564880575875,3
753.01,tess,NON_HABITABLE,18.630967,2214.386379,5682.436709,0.555255,0.013212596276364251,0.0,5591.0,1.06168,0.9980676700643348,0.9922930548046638,G,-1.291662601115758,3
754.01,tess,NON_HABITABLE,12.659975,1327.2235524,733.3264022,3.8639681,0.05109822764935544,0.0,6214.0,1.22623,1.192149977760718,2.0198707495406425,F,-1.2603903239606535,3
755.01,tess,NON_HABITABLE,2.15331,1391.0,622.47,2.5404679,0.03685549067255441,0.0,6003.0,0.99,1.034807620400388,1.1466700596676715,F,-1.2625072379820743,3
755.02,tess,NON_HABITABLE,2.1138482,951.6478794,193.8322952,6.7418796,0.070604920038247,0.0,6003.0,0.986649,1.0330548023842479,1.1389205884668625,F,-1.2187602258509467,3
756.01,tess,NON_HABITABLE,3.1811214,827.9518032,111.0557954,1.2392569,0.017252774693154463,0.0,3614.0,0.507628,0.4461024520163415,0.03960394433733283,M,-1.190457636805753,3
757.01,tess,NON_HABITABLE,2.17884,618.0,24.3644,17.4682298,0.12384938255496244,0.0,5499.0,0.76,0.8305469608638311,0.47583542756265346,G,-1.062490903664613,3
758.01,tess,NON_HABITABLE,19.0558857,889.1052168,117.9936529,13.2735511,0.11598465052371458,0.0,6072.0,1.26126,1.1814293391797677,1.9481886419589984,F,-1.1954154595727644,3
759.01,tess,NON_HABITABLE,12.9663,1320.0,504.781,4.2135662,0.05584558383943142,0.0,6107.0,1.53,1.3087217284639843,2.933521340534466,F,-1.265004668813788,3
760.01,tess,NON_HABITABLE,28.8331721,1486.2777613,1153.2432472,12.3396368,0.13301455799538675,0.0,7852.0,2.29741,2.0619266985245783,18.07560691262197,A,-1.2668233417121697,3
761.01,tess,NON_HABITABLE,2.7774832,515.8282237,16.7317515,10.5557332,0.08057010934708554,0.0,4368.0,0.68476,0.6262179309195108,0.15378075742232694,K,-1.026772038047476,3
761.02,tess,NON_HABITABLE,1.361695,924.7391872,172.821611,1.8320863,0.025069497831419936,0.0,4368.0,0.68476,0.6262179309195108,0.15378075742232694,K,-1.221834231243087,3
762.01,tess,NON_HABITABLE,8.027234,517.8926558,17.001217,3.4716808,0.032634441192217735,0.0,3399.0,0.426785,0.3847064038874556,0.021903709089803266,M,-1.0060342886393845,3
763.01,tess,NON_HABITABLE,2.4097088,937.9808032,182.934999,5.6057748,0.060741702912440576,0.0,5767.0,0.906761,0.9514151120417589,0.8193702312851648,G,-1.2174579671687757,3
763.02,tess,NON_HABITABLE,2.8635085,722.2799042,64.3195695,12.2772444,0.10243863895272119,0.0,5767.0,0.906761,0.9514151120417589,0.8193702312851648,G,-1.1539701515011858,3
764.01,tess,NON_HABITABLE,33.6448759,1871.3755219,2898.4431043,5.6316663,0.07694844249736188,0.0,6632.0,2.78212,1.9164880881965085,13.490389751683356,F,-1.2810689095634704,3
766.01,tess,NON_HABITABLE,12.5399052,1199.9325263,489.9461001,3.4464529,0.04422939702280482,0.0,5870.0,0.913091,0.9717819091086491,0.8918159585649595,G,-1.245392854719512,3
767.01,tess,NON_HABITABLE,13.95182,1108.6399909,357.0122872,3.764873,0.046522572897166506,0.0,5703.0,0.92,0.9477001793989064,0.8066476099342699,G,-1.2385516055651864,3
768.01,tess,NON_HABITABLE,18.7142,974.0,149.636,11.5294381,0.10330889282953529,0.0,5956.0,1.15,1.1065659101803889,1.4993711402824275,G,-1.1936621831057774,3
769.01,tess,NON_HABITABLE,10.7801,953.0,137.118,4.9816784,0.053397444455409476,0.0,5315.0,0.79,0.8184468698550303,0.4487060945033989,G,-1.2000767382224737,3
770.01,tess,NON_HABITABLE,15.3045465,1543.8469649,1342.573266,4.6370479,0.0615390230348022,0.0,6438.0,1.68054,1.4459360208291931,4.371156015391486,F,-1.2693758230577934,3
771.01,tess,NON_HABITABLE,1.3960869,501.0620836,14.8966002,2.3260077,0.02234998680710484,0.0,3231.0,0.241857,0.27528970245248086,0.005743278356626303,M,-0.9034778900996525,3
772.01,tess,NON_HABITABLE,6.9124465,670.2992922,47.7085311,11.0163421,0.0903588079462931,0.0,5184.0,0.815374,0.8109929892248139,0.432581955516054,K,-1.120594542833238,3
772.02,tess,NON_HABITABLE,5.3137751,164.5828313,0.173404,744.2007603,1.498783683406808,0.0,5184.0,0.815374,0.8109929892248139,0.432581955516054,K,1.8307901438685787,3
772.03,tess,NON_HABITABLE,2.584596,1059.2919812,297.566297,2.7912365,0.036180672972458985,0.0,5184.0,0.815374,0.8109929892248139,0.432581955516054,K,-1.2341259925412358,3
773.01,tess,NON_HABITABLE,12.1956,1095.0,238.875,4.971298,0.0569419790131986,0.0,5510.0,1.09,0.996640486210969,0.9866295113022855,G,-1.2309334132769805,3
774.01,tess,NON_HABITABLE,14.6467763,1188.5393528,471.601595,4.4656343,0.054753396095323974,0.0,6070.0,1.09036,1.0981137362287272,1.454083333179408,F,-1.2473623370510982,3
776.01,tess,NON_HABITABLE,2.0999942,383.2694675,5.0996209,15.6653322,0.09602954492243146,0.0,3806.0,0.533024,0.48141081609721265,0.053711016822596665,K,-0.7388599994374794,3
776.02,tess,NON_HABITABLE,1.7687315,474.6704725,11.9974754,8.2466133,0.06260786366803024,0.0,3806.0,0.533024,0.48141081609721265,0.053711016822596665,K,-0.9376172307174996,3
777.01,tess,NON_HABITABLE,8.5512662,1186.7521299,468.7713718,8.3008562,0.09342970462721735,0.0,7199.0,1.6028301,1.5790271446985487,6.216678151090902,F,-1.2582979166585926,3
778.01,tess,NON_HABITABLE,15.2453,1450.0,734.672,4.6336155,0.06257571918422279,0.0,6780.0,1.68,1.5225024925573558,5.373188161705365,F,-1.2727371006005057,3
780.01,tess,NON_HABITABLE,13.7594,1199.0,344.149,3.0524018,0.03977771565678144,0.0,5545.0,0.88,0.9011904153922701,0.6595781444103933,G,-1.2424388231931414,3
781.01,tess,NON_HABITABLE,13.2236638,1415.9798764,950.0562665,1.3541342,0.022902590277330433,0.0,5227.0,0.931471,0.8739988210991407,0.5835033951152515,G,-1.2686206201290677,3
782.01,tess,NON_HABITABLE,2.5926653,388.6156751,5.3901675,8.0239811,0.05620765830647969,0.0,3331.0,0.406516,0.36794858071722847,0.018329411792033144,M,-0.7377437584777218,3
783.01,tess,NON_HABITABLE,2.3812033,611.1172195,32.9624198,8.1125147,0.06799442796112487,0.0,4498.94,0.668361,0.6372200449571397,0.16487610362343236,K,-1.0791513469621181,3
784.01,tess,NON_HABITABLE,1.84303,1256.0,413.894,2.7970316,0.03834395886692224,0.0,5849.0,0.9,0.9613389830730171,0.8540950692192938,G,-1.2527599461726295,3
785.01,tess,NON_HABITABLE,1.6416264,366.9524462,4.285092,18.6286102,0.10849993118211768,0.0,3783.0,0.561301,0.4910298871949647,0.05813420093436199,K,-0.6897316915898246,3
786.01,tess,NON_HABITABLE,2.30678,1356.0,562.492,12.6693786,0.11177871905145076,0.0,5853.8,1.31,1.1607727541607629,1.8154689387976641,G,-1.195605252044177,3
786.02,tess,NON_HABITABLE,2.14038,596.0,20.9962,38.5537648,0.23472901765032397,0.0,5853.8,1.31,1.1607727541607629,1.8154689387976641,G,-1.0698397557899377,3
787.01,tess,NON_HABITABLE,1.7757918,1784.4750934,2396.4201609,2.1263165,0.03546389050048188,0.0,6623.0,1.31556,1.3160844648199574,3.0000953015578564,F,-1.2817241410368214,3
788.01,tess,NON_HABITABLE,3.2602447,1047.7174682,284.7722987,6.4872362,0.07592611995325023,0.0,4997.0,2.56864,1.3875052902597185,3.7062831116372528,K,-1.255587278315487,3
789.01,tess,NON_HABITABLE,1.1245064,448.3198817,9.5471336,5.4470648,0.043352478925245415,0.0,3471.0,0.37114,0.36635082421926646,0.01801310961449884,M,-0.8647528377590604,3
789.02,tess,HABITABILITY_ZONE,1.3280332,335.728076,3.0024214,12.9707041,0.07730625041326655,0.0,3471.0,0.37114,0.36635082421926646,0.01801310961449884,M,-0.5160784812808951,3
789.03,tess,NON_HABITABLE,1.2872781,393.6998701,5.6778261,8.0432343,0.05621592846121335,0.0,3471.0,0.37114,0.36635082421926646,0.01801310961449884,M,-0.7326569087213883,3
790.01,tess,NON_HABITABLE,6.9936043,423.1317323,7.5757108,199.5779073,0.7587909623114618,0.0,6988.0,1.4608001,1.463261577028258,4.5844567021754035,F,-0.8215108835193863,3
790.02,tess,NON_HABITABLE,2.4013155,717.0068321,62.4617543,41.0175174,0.2642571542853416,0.0,6988.0,1.4608001,1.463261577028258,4.5844567021754035,F,-1.1398414789280087,3
791.01,tess,NON_HABITABLE,10.4668171,460.9516893,10.6694651,139.3048512,0.5828782599086096,0.0,6572.0,1.42962,1.361386814330236,3.4349953997281992,F,-0.8764912740904367,3
791.02,tess,HABITABILITY_ZONE,12.0672714,353.3145101,3.6827047,928.0455814,2.0637000203824556,0.0,6572.0,1.42962,1.361386814330236,3.4349953997281992,F,0.22470831396794982,3
794.01,tess,NON_HABITABLE,3.3054594,644.6535906,40.8156414,52.4072665,0.304405557016035,0.0,6270.01,1.59084,1.3701091359389854,3.523876252234224,F,-1.0864479750006812,3
795.01,tess,NON_HABITABLE,2.9253441,1051.00961,288.3684545,8.7609906,0.08896123018212662,0.0,6168.88,1.3109699,1.2237039445917595,2.2423605276756535,F,-1.228064021544069,3
797.01,tess,NON_HABITABLE,1.1904014,729.3539345,66.876621,1.8007935,0.022060476124537647,0.0,3704.0,0.473702,0.4416693527202686,0.0380530138393135,K,-1.154079061562283,3
797.02,tess,NON_HABITABLE,1.3230408,552.6192071,22.0406756,4.1400062,0.03842727598827961,0.0,3704.0,0.473702,0.4416693527202686,0.0380530138393135,K,-1.0384423920997765,3
797.03,tess,NON_HABITABLE,1.0182347,634.8269047,38.383299,2.7309449,0.029119297742182727,0.0,3704.0,0.473702,0.4416693527202686,0.0380530138393135,K,-1.1042062318710792,3
799.01,tess,NON_HABITABLE,1.9448048,958.6887743,199.6326492,5.5451661,0.059963737301245976,0.0,5643.0,0.915519,0.9354431707047391,0.7657193727397099,G,-1.215498103677549,3
800.01,tess,NON_HABITABLE,3.2694344,1843.9825061,2732.4246089,0.9657303,0.01912982192925934,0.0,5780.0,1.0,1.0013860013860014,1.0055555421967817,G,-1.283650730685588,3
801.01,tess,NON_HABITABLE,0.8620247,2426.0042479,8186.2919627,0.7757012,0.017881617634600184,0.0,6283.39,1.3560899,1.2676867025389107,2.5825440574765683,F,-1.2946074727081949,3
802.01,tess,NON_HABITABLE,0.6501353,942.9807829,186.8668956,3.693916,0.04314949523132508,0.0,5235.78,0.74982,0.7854771894935623,0.3806574290295279,G,-1.2135527252930884,3
805.01,tess,NON_HABITABLE,1.276147,440.8496683,8.9265383,4.1177649,0.03403223945356143,0.0,3376.0,0.281129,0.31011940312021896,0.009249446776175691,M,-0.8222363806439577,3
806.01,tess,NON_HABITABLE,2.2852898,397.279215,5.8871402,21.9166429,0.12698092877268918,0.0,4130.0,0.631609,0.5686537194519714,0.10456625073732405,K,-0.7687293213289285,3
807.01,tess,NON_HABITABLE,1.6776468,739.4620938,70.6617951,5.2702557,0.051924567934006086,0.0,4662.0,0.693074,0.6724124566323259,0.2044292338837531,K,-1.1516627597448847,3
808.01,tess,NON_HABITABLE,2.2696307,710.9802766,60.3880789,9.7394089,0.0837060226486148,0.0,5216.0,0.833198,0.8248697356646701,0.46295787807535904,G,-1.1403877095638058,3
809.01,tess,NON_HABITABLE,3.379417,415.665778,7.0550173,183.458919,0.6619624505989756,0.0,5804.3,1.30725,1.1497485063266717,1.747476790046493,G,-0.619776707095678,3
810.01,tess,NON_HABITABLE,2.7465985,696.2534449,55.5380247,28.3057042,0.19151823693486764,0.0,5704.59,1.40065,1.1696688567496591,1.8717666571390168,G,-1.1170085526744533,3
810.02,tess,NON_HABITABLE,2.6152426,472.0126996,11.7310189,90.8479191,0.41671341522149014,0.0,5704.59,1.40065,1.1696688567496591,1.8717666571390168,G,-0.8901476965913214,3
811.01,tess,NON_HABITABLE,14.2012,617.0,24.1525,25.1760133,0.17676650286631235,0.0,6025.9,1.24,1.162536080179398,1.8265255923513972,F,-1.1296775389204574,3
812.01,tess,NON_HABITABLE,14.3875,1131.0,271.767,13.8665912,0.12802759731553548,0.0,6707.0,1.57,1.4559679335715898,4.493732748783531,F,-1.2267044774585858,3
813.01,tess,NON_HABITABLE,7.2168832,594.8141775,29.5832748,83.8962434,0.4237629092870973,0.0,5823.7,2.04354,1.4423286949952707,4.327698285316318,G,-1.029192712414099,3
815.01,tess,NON_HABITABLE,2.62397,672.0,33.9923,11.1972769,0.08892503240412508,0.0,4953.9,0.76,0.7482172375747104,0.31340854798556894,K,-1.0910185806021175,3
815.02,tess,NON_HABITABLE,2.1838,483.0,9.04438,734.4987702,1.4463602200708938,0.0,4953.9,0.76,0.7482172375747104,0.31340854798556894,K,2.2508549973003196,3
818.01,tess,NON_HABITABLE,11.857124,1194.9859664,481.9169727,3.118536,0.04124555357127876,0.0,5700.0,0.95,0.9625212710570182,0.8583044092686967,G,-1.2485837334409586,3
819.01,tess,NON_HABITABLE,9.68176,787.0,63.815,16.2546802,0.13208858504566254,0.0,5846.0,1.32,1.1636421771192416,1.833486923115826,G,-1.1754958785746745,3
820.01,tess,NON_HABITABLE,14.937131,1512.7836094,1237.7366286,3.752062,0.051939952637844775,0.0,6300.0,1.48,1.3278379743894242,3.1087109212685857,F,-1.2693422808729895,3
822.01,tess,NON_HABITABLE,10.478658,722.6720336,64.4593609,7.1335149,0.06545625608260393,0.0,4775.0,0.789877,0.7352360404159964,0.29221812516090623,K,-1.1430558304932366,3
822.02,tess,NON_HABITABLE,2.3332033,1385.8482225,871.7333843,1.0115336,0.017799275353154273,0.0,4775.0,0.789877,0.7352360404159964,0.29221812516090623,K,-1.2645622663557219,3
823.01,tess,NON_HABITABLE,6.2692929,917.1183951,167.1947435,13.5337579,0.11961121296025352,0.0,6309.0,1.30032,1.2464054123218764,2.4134444366450842,F,-1.2038276894486046,3
824.01,tess,NON_HABITABLE,2.9539057,1148.7148937,411.5001611,1.3929721,0.021240367001262892,0.0,4452.0,0.729635,0.6588425850485676,0.18841984843605794,K,-1.242502213881589,3
825.01,tess,NON_HABITABLE,5.422035,972.7647273,211.6178316,3.1853186,0.03862096718596627,0.0,4944.0,0.781959,0.7574328400753696,0.32913686160986744,K,-1.2171619096864377,3
826.01,tess,NON_HABITABLE,11.0252,763.0,56.355,11.5509742,0.10011565010400911,0.0,5625.0,1.06,1.0033423344257082,1.0134365143756459,G,-1.1728772807206687,3
827.01,tess,NON_HABITABLE,14.6178728,1951.6238484,3428.5103713,1.2282706,0.023472723455662863,0.0,5848.0,1.2740999,1.1436227399447774,1.7105317091062668,G,-1.2852076701142137,3
828.01,tess,NON_HABITABLE,17.1038087,1432.5709808,995.3724127,5.3220505,0.06770317842435461,0.0,6030.0,1.95757,1.4616710322945161,4.5645562193274225,F,-1.2662680512280122,3
829.01,tess,NON_HABITABLE,4.2854014,1103.7255252,350.7238882,3.2877916,0.0425559074305163,0.0,5636.0,0.948885,0.9511553448506375,0.8184757390869595,G,-1.2451122887646386,3
830.01,tess,NON_HABITABLE,23.0692974,762.3041811,79.8057547,15.0405221,0.12097009238681235,0.0,5900.0,1.0431,1.0439715460523937,1.1878309791783985,G,-1.15696606229978,3
831.01,tess,NON_HABITABLE,7.7731045,1614.5767268,1606.0377681,1.5617357,0.02700009608052853,0.0,5808.0,1.14478,1.076617170689996,1.3435233166234517,G,-1.2778386414700305,3
833.01,tess,NON_HABITABLE,1.389031,1033.9227741,270.068174,1.041889,0.016313719167564862,0.0,3965.0,0.603336,0.533576248285431,0.08105614710399413,K,-1.2309689724688448,3
834.01,tess,NON_HABITABLE,16.3355194,1548.8792954,1360.1640729,2.6755521,0.04181401852561773,0.0,6783.0,1.3441499,1.3624461520760374,3.4456993955920767,F,-1.2788970943544318,3
835.01,tess,NON_HABITABLE,4.7342032,992.3968206,229.2252519,4.7920153,0.05522836849793457,0.0,6012.0,0.882828,0.9786574329660558,0.917324083756476,F,-1.230468992684476,3
836.01,tess,NON_HABITABLE,2.64032,704.0,40.8229,8.5954792,0.07092227851087891,0.0,4476.0,0.69,0.6441519128624619,0.17216830474751324,K,-1.0743666310605056,3
836.02,tess,NON_HABITABLE,1.69257,763.9863872,40.9119,3.8167262,0.041279074787074696,0.0,4476.0,0.69,0.6441519128624619,0.17216830474751324,K,-1.172830040453742,3
837.01,tess,NON_HABITABLE,7.0011,704.0,40.8042,8.3249172,0.08382977096437176,0.0,6513.0,1.01,1.1340062356264788,1.653719207246477,F,-1.220098411201045,3
839.01,tess,NON_HABITABLE,36.5091254,2045.2584294,4135.3642287,2.4855806,0.04128111021883949,0.0,6933.0,1.59944,1.5190737331772788,5.324948563742708,F,-1.285287521908198,3
840.01,tess,NON_HABITABLE,8.54839,1079.0,225.371,3.7993182,0.04613313003139219,0.0,5318.0,0.97,0.9074190192299321,0.6780028365607297,G,-1.2327244926085958,3
841.01,tess,NON_HABITABLE,11.4663,914.0,116.196,3.4934316,0.0426310835711642,0.0,5153.0,0.9,0.8469447392332464,0.5145413706172075,K,-1.2280323111151126,3
842.01,tess,NON_HABITABLE,12.0024836,1195.9294829,483.4407911,2.7863813,0.037849837030118696,0.0,5376.0,1.00073,0.9317328277931133,0.7536428601961674,G,-1.2498526327335917,3
843.01,tess,NON_HABITABLE,14.2892609,1177.8556322,454.8720517,4.2986466,0.052540992816244365,0.0,5715.0,1.11852,1.0471569736989979,1.2023949879765805,G,-1.2439042904849151,3
847.01,tess,NON_HABITABLE,20.2776,1919.0,2254.62,3.2063107,0.047446890769928834,0.0,5286.9,2.29,1.3860934609370015,3.6912210918488504,G,-1.27590654615048,3
849.01,tess,NON_HABITABLE,3.54139,1932.0,2314.06,0.76566,0.01571128791106565,0.0,5311.0,0.92,0.8825592938431688,0.6067022012756046,G,-1.282143018145373,3
850.01,tess,NON_HABITABLE,34.1767,1070.0,218.123,10.32103,0.09717780259955837,0.0,5863.5,1.28,1.1493057828100683,1.7447868023603805,G,-1.208547045702976,3
851.01,tess,NON_HABITABLE,3.39154,1039.0,193.701,0.6296,0.013531570996932423,0.0,5485.0,0.77,0.8338648590583124,0.48348464770800903,G,-1.2831218636167767,3
852.01,tess,NON_HABITABLE,6.40301,1170.0,311.475,4.943336,0.06150463353344808,0.0,5574.0,1.73,1.2701753888638594,2.6028837619848386,G,-1.2574013508345057,3
853.01,tess,NON_HABITABLE,17.29,1772.0,1640.28,6.8646554,0.07529146843737501,0.0,5937.0,1.38,1.2083152861916617,2.1316754267329903,G,-1.2388692413336793,3
854.01,tess,NON_HABITABLE,4.9253389,1202.0452252,493.4057797,5.8508237,0.06762841133079997,0.0,5928.0,1.37754,1.2054077566332662,2.1112318405000514,G,-1.2457947177579722,3
855.01,tess,NON_HABITABLE,4.46184,1327.0,515.147,1.8301156,0.03176437955335835,0.0,6671.0,1.22,1.2765697045331985,2.6556946230784972,F,-1.2830789419401099,3
856.01,tess,NON_HABITABLE,16.7216,709.0,41.9773,5.4014,0.07422052972123612,0.0,5179.9,4.34,1.8695621970099208,12.216862100403349,K,-1.2806768889614197,3
857.01,tess,NON_HABITABLE,15.1385,1455.0,744.132,3.9080236,0.0537808052352509,0.0,6143.0,1.63,1.3587763997175875,3.4087251146489845,F,-1.2697959525492055,3
858.01,tess,NON_HABITABLE,14.0606451,1402.2649308,913.7792532,3.2797206,0.04533812999821729,0.0,5857.0,1.29747,1.1558395850896999,1.7848028725567695,G,-1.2631704177464684,3
859.01,tess,NON_HABITABLE,4.6014268,815.6519164,104.6021101,5.1543265,0.05303136093037836,0.0,4971.0,0.756197,0.7489191155861312,0.31458619681455063,K,-1.1796299134699442,3
860.01,tess,NON_HABITABLE,19.7517,1096.0,240.342,6.4535152,0.0737738808006747,0.0,5906.0,1.58,1.2861619691857487,2.736419362324483,G,-1.2484769929209063,3
863.01,tess,NON_HABITABLE,1.4381391,2038.1439377,4078.1238196,0.5251251,0.012466383718495396,0.0,5867.0,0.850302,0.9372951420061169,0.7718012264241605,G,-1.290385838813299,3
864.01,tess,NON_HABITABLE,1.0047438,1005.8308938,241.8916543,0.520671,0.009161995346773328,0.0,3460.0,0.39861,0.37846338659211415,0.0205161320140227,M,-1.2217839663599461,3
865.01,tess,NON_HABITABLE,3.402474,2091.077432,4518.5746486,0.7455787,0.01599805987329691,0.0,5181.0,1.19844,0.9826422150723145,0.9323557881567417,K,-1.2871082780962622,3
867.01,tess,NON_HABITABLE,2.2872195,808.3688406,100.9158218,15.4043768,0.12553964083680821,0.0,5777.36,1.23499,1.1123330167259422,1.5308735280809476,G,-1.1701013948611627,3
870.01,tess,NON_HABITABLE,2.335104,362.3806799,4.0755023,22.0379547,0.12463936042064669,0.0,3927.0,0.611136,0.5318675724236296,0.08002285652342324,K,-0.7026835908429213,3
871.01,tess,NON_HABITABLE,1.6866314,565.3112203,24.1363405,14.362738,0.10422520956734442,0.0,4939.0,0.732189,0.7321908608315222,0.287406916269826,K,-1.0419953836137843,3
872.01,tess,NON_HABITABLE,2.7483506,1062.2594463,300.9147034,2.2395544,0.03022122401660393,0.0,4872.54,0.75636,0.7341644772364339,0.2905182830537944,K,-1.2326661245691,3
872.02,tess,NON_HABITABLE,2.6058369,814.2385337,103.8789635,4.9727711,0.051436327385286675,0.0,4872.54,0.75636,0.7341644772364339,0.2905182830537944,K,-1.1784179973057742,3
873.01,tess,NON_HABITABLE,1.7979811,518.0279088,17.0189842,5.9312003,0.05001833338622795,0.0,3797.0,0.5204,0.4745510281477535,0.05071444471531376,K,-1.0038247771927116,3
874.01,tess,NON_HABITABLE,2.2395287,1269.6930207,614.208654,5.9049733,0.07027660762862364,0.0,6437.0,1.4178801,1.3279353751376313,3.1096231533120324,F,-1.2550167063550048,3
875.01,tess,NON_HABITABLE,2.343228,563.4752132,23.8243065,11.020153,0.08385048036048727,0.0,4407.0,0.719466,0.6476224058724501,0.17590875817569734,K,-1.03440115083615,3
876.01,tess,HABITABILITY_ZONE,2.7733274,336.0828164,3.0151313,29.4829022,0.1513799178152201,0.0,3955.0,0.603739,0.5324082554305376,0.08034874982354884,K,-0.5738972391506191,3
877.01,tess,NON_HABITABLE,13.627855,1525.6413615,1280.3562297,6.015802,0.07747391784736049,0.0,7836.0,1.59435,1.7141938709245232,8.634550857106259,A,-1.2736052927881505,3
880.01,tess,NON_HABITABLE,5.0445,817.0,73.9967,6.3872524,0.06186407010256605,0.0,4935.0,0.82,0.7742260162284849,0.3593114386090545,K,-1.1677008977205516,3
880.02,tess,NON_HABITABLE,2.7779229,1063.0980928,301.8661097,2.5735943,0.03372798841030841,0.0,4935.0,0.816999,0.7728079784292374,0.3566862667031348,K,-1.232108614880644,3
880.03,tess,NON_HABITABLE,2.87022,495.0,9.971,14.3318853,0.1060306245950521,0.0,4935.0,0.82,0.7742260162284849,0.3593114386090545,K,-1.0661498680100654,3
883.01,tess,NON_HABITABLE,7.17665,861.0,91.5488,10.0577297,0.09069702617719573,0.0,5651.0,1.01,0.9839197355328162,0.9372138266128044,G,-1.180821434506447,3
885.01,tess,NON_HABITABLE,17.6099,1211.0,357.805,2.56876,0.047519787296108,0.0,4312.9,8.43,2.1694860078945823,22.152738144176638,K,-1.2960282476208476,3
887.01,tess,NON_HABITABLE,10.9488,1252.0,408.749,5.77114,0.07755155305809958,0.0,7173.0,2.26,1.8682230582479014,12.181896685928981,F,-1.2793195517856972,3
890.01,tess,NON_HABITABLE,34.5557,1622.8174830285793,1640.28,3.2022978,0.04842908657068715,0.0,6600.0,1.67,1.4776645303172655,4.76763934103366,F,-1.2793743951269683,4
892.01,tess,NON_HABITABLE,12.0335,1361.0,571.007,10.6265837,0.10958333010994707,0.0,7723.0,1.35,1.5546283982723432,5.841257970801043,A,-1.2474523498352836,3
893.01,tess,NON_HABITABLE,9.62058,2130.0,3420.14,5.6148305,0.08659756929295533,0.0,9856.0,2.59,2.7480476215355636,57.02916564423498,A,-1.2941387720572508,3
899.01,tess,NON_HABITABLE,11.8867391,821.8270133,107.8059302,12.8461943,0.10930466987106736,0.0,5591.0,1.18787,1.0557172722284214,1.2421970908644766,G,-1.1747766463667426,3
900.01,tess,NON_HABITABLE,2.7650341,700.3482517,56.8561171,4.8494108,0.045992193377565826,0.0,3861.0,0.680711,0.5518929718717098,0.09277254148308006,K,-1.1018296455751893,3
901.01,tess,NON_HABITABLE,11.144364,1529.3057261,1292.7015226,3.2308423,0.04829390547609768,0.0,7062.0,1.38436,1.4395472091961634,4.294411405853685,F,-1.2778240161232868,3
902.01,tess,NON_HABITABLE,15.8995046,1109.9525227,358.7059761,18.2592673,0.1673239030900294,0.0,7142.0,2.2950301,1.8745098046246185,12.346699135016271,F,-1.2443123930908502,3
903.01,tess,NON_HABITABLE,11.5799,1374.0,591.917,7.2766004,0.08620099309568961,0.0,6266.0,2.21,1.6138389946413332,6.7832968005170216,F,-1.264327268497877,3
904.01,tess,NON_HABITABLE,2.309613,433.1214112,8.3168643,10.8772748,0.07649263656571416,0.0,3992.0,0.532439,0.5046602979220013,0.06486292942598308,K,-0.8959935665556639,3
904.02,tess,HABITABILITY_ZONE,2.3408341,219.1245115,0.5448599,83.9993991,0.2988525847577256,0.0,3992.0,0.532439,0.5046602979220013,0.06486292942598308,K,0.3073360815547522,3
905.01,tess,NON_HABITABLE,13.9317353,1105.7578537,353.3142325,3.7395716,0.04658152780022659,0.0,5565.0,1.00018,0.9642239825820821,0.864393946815421,G,-1.2408901100983232,3
906.01,tess,NON_HABITABLE,5.25863,1458.0,751.21,1.6647888,0.02944880839647604,0.0,5954.53,1.42,1.2293211043406282,2.2838172541123125,G,-1.2830860087472755,3
907.01,tess,NON_HABITABLE,9.6158851,1644.7907422,1729.6714348,4.5849129,0.06263604198753826,0.0,6272.0,2.0597899,1.5595208642615075,5.915136317083271,F,-1.2744482844248297,3
908.01,tess,NON_HABITABLE,3.1080163,1217.6479521,519.52682,3.1837789,0.042034701560187925,0.0,5500.0,1.0523601,0.9775040238983569,0.9130072272846056,G,-1.2493120289681405,3
910.01,tess,NON_HABITABLE,1.0407954,552.8113049,22.0713381,2.0291067,0.020921116419103054,0.0,3194.0,0.287497,0.29670526165789435,0.007749987320840644,M,-0.9824061269890835,3
911.01,tess,NON_HABITABLE,21.4045649,1088.9548484,332.3230715,8.5841822,0.08821329696448928,0.0,5963.0,1.44708,1.2427528206696221,2.3852781511496866,G,-1.231222323881669,3
912.01,tess,NON_HABITABLE,2.2524868,495.2259613,14.2145991,4.678059,0.040449753996772364,0.0,3566.0,0.426465,0.40345649715264087,0.026496398965174146,M,-0.9674526673227329,3
913.01,tess,NON_HABITABLE,2.4827074,621.420415,35.2422046,11.099348,0.08783022901391532,0.0,4948.0,0.732535,0.7336983770937715,0.2897812181620842,K,-1.085071451250419,3
913.02,tess,NON_HABITABLE,2.7937261,121.9158623,0.052211,1469.8512039,2.281889542335329,0.0,4948.0,0.732535,0.7336983770937715,0.2897812181620842,K,3.0,3
917.01,tess,NON_HABITABLE,24.163132,1021.0367587,256.8541056,26.4126517,0.20735971097572292,0.0,6070.0,2.62866,1.7050203897844614,8.451198603918362,F,-1.2116347622557853,3
919.01,tess,NON_HABITABLE,23.6497441,689.3788995,53.3768508,20.0272717,0.14778322159947413,0.0,5811.1,1.137,1.0735252380914646,1.3281558387663195,G,-1.133206590217809,3
921.01,tess,NON_HABITABLE,3.3763609,951.0,426.7683426,5.1287265,0.060446558684981624,0.0,6055.5,1.14,1.120149815578233,1.5743614493456937,F,-1.2435467957472828,3
924.01,tess,NON_HABITABLE,20.3161792,776.1600297,85.7681608,12.1272702,0.10265780807889105,0.0,5682.0,0.993827,0.9813644072080615,0.927515573880452,G,-1.1630312227549062,3
926.01,tess,NON_HABITABLE,7.76436,1442.0,718.524,1.7957918,0.033703347001641154,0.0,5658.4,2.61,1.583753458663715,6.291443565066472,G,-1.291424087825419,3
929.01,tess,NON_HABITABLE,2.70505,774.0,59.7261,5.830149,0.055037511981109066,0.0,4451.0,0.72,0.6543310359794849,0.18331165580915953,K,-1.1327734134084284,3
930.01,tess,NON_HABITABLE,6.56819,1451.0,736.282,4.90038,0.07457165924769085,0.0,6504.0,4.18,2.303787147347483,28.168868617505257,F,-1.2905784647273515,3
931.01,tess,NON_HABITABLE,20.6894,1379.0,600.388,3.2452094,0.04976197643979936,0.0,5928.0,2.31,1.5609459400964465,5.936786759301894,G,-1.2817953281830492,3
932.01,tess,NON_HABITABLE,2.7470788,474.9318086,12.0239187,19.3106015,0.12262419492844956,0.0,4444.0,0.734073,0.6596557511058048,0.18935178890265272,K,-0.921553591010729,3
932.02,tess,NON_HABITABLE,1.70724,675.0,34.6569,7.9856481,0.06800116427687554,0.0,4444.0,0.73,0.6578231573837683,0.18725638353029891,K,-1.0933603726200782,3
933.01,tess,NON_HABITABLE,12.6517291,525.5568469,18.0301689,88.9350637,0.42387644670233043,0.0,5546.9,1.78672,1.2845536971093525,2.7227580686144686,G,-0.9558962325443707,3
934.01,tess,NON_HABITABLE,12.4392846,951.9601792,194.0868583,3.7817383,0.043745207222984195,0.0,4833.0,0.869755,0.7808883429451209,0.3718397025978334,K,-1.2110700950590003,3
936.01,tess,NON_HABITABLE,7.76368,913.7593073,164.7586619,7.936533,0.06880965234267637,0.0,4320.0,0.85,0.6900282753899043,0.22670836716415568,K,-1.110765118424141,3
938.01,tess,NON_HABITABLE,4.0916,1073.0,220.735,8.8073507,0.0843189266071947,0.0,5981.0,0.99,1.0310152219914577,1.1299528168993724,G,-1.2006179293400903,3
939.01,tess,NON_HABITABLE,12.4861,1156.0,297.144,7.6107227,0.08306385192243074,0.0,6159.5,1.53,1.3199724064964646,3.0357039112593283,F,-1.2442368182050674,3
940.01,tess,NON_HABITABLE,3.6178,1228.0,378.381,0.7386689,0.014935846524973477,0.0,5100.2,0.85,0.8146486597554605,0.4404345595800957,K,-1.278925252079858,3
941.01,tess,NON_HABITABLE,6.95626,1000.0,166.575,8.5145626,0.08459802185838865,0.0,5920.0,1.18,1.1141313324307913,1.540797452798666,G,-1.2160113304432472,3
942.01,tess,NON_HABITABLE,3.52025,1120.0,261.858,4.32765,0.04859163287630943,0.0,4945.0,0.91,0.8172608023227298,0.44611073978944016,K,-1.2096744181970467,3
943.01,tess,NON_HABITABLE,13.4341,1218.0,366.445,12.35611,0.11749573471475457,0.0,6794.0,1.45,1.4173699509410058,4.035830191619514,F,-1.229334658919866,3
945.01,tess,NON_HABITABLE,4.60146,2234.0,4136.65,0.9298045,0.021632061556988488,0.0,7019.0,1.65,1.5620354724471681,5.953379509895736,F,-1.2977241815296172,3
947.01,tess,NON_HABITABLE,17.8813,1031.0,187.784,7.31523,0.08345518356784198,0.0,6251.5,1.79,1.4490535279602081,4.408975792428579,F,-1.255164789896029,3
948.01,tess,NON_HABITABLE,10.5402,1129.0,270.518,12.7009,0.12093322336952864,0.0,6092.9,1.92,1.462676696526183,4.577131280232196,F,-1.2320365887141298,3
952.01,tess,NON_HABITABLE,7.38823,1660.0,1262.31,1.79011,0.03561230429634179,0.0,7110.0,2.33,1.880274424545883,12.499278801569181,F,-1.2960603532728563,3
954.01,tess,NON_HABITABLE,9.05543,1659.0,1260.27,3.68497,0.0520499352683152,0.0,5756.0,1.93,1.3853934096201157,3.683769683131189,G,-1.272566729750885,3
958.01,tess,NON_HABITABLE,14.3274,3698.0,31057.7,0.5875044,0.014548795146859745,0.0,5745.1,1.43,1.1902530110047098,2.0070452090700246,G,-1.2957895163138342,3
963.01,tess,NON_HABITABLE,8.8518806,841.9669663,118.7684839,11.1178464,0.09877855533664795,0.0,5814.9,1.06616,1.040224600807046,1.1708694688672665,G,-1.184127694805289,3
966.01,tess,NON_HABITABLE,15.9162999,1404.0296041,918.387707,3.4091568,0.0471608828850901,0.0,6316.0,1.21069,1.2040160507533435,2.1014986056341622,F,-1.2651056335110151,3
969.01,tess,NON_HABITABLE,3.64998,1002.0,167.634,1.8237371,0.025519599685960754,0.0,4249.1,0.82,0.6666187974785117,0.1974741364551681,K,-1.2307944371630593,3
970.01,tess,NON_HABITABLE,2.7920398,1009.8772228,245.807602,4.9857808,0.05570930839980892,0.0,5189.0,1.06532,0.9278919104671277,0.7412924107884415,K,-1.2207650452986079,3
978.01,tess,NON_HABITABLE,11.3913,949.0,134.826,13.1660135,0.12090443254563248,0.0,6368.0,1.52,1.3601867072386156,3.422899162267701,F,-1.2198751686374671,3
986.01,tess,NON_HABITABLE,9.95459,3913.0,38950.9,0.5476695,0.016057256957823455,0.0,8274.5,1.65,1.8414393099820618,11.498194213033932,A,-1.3034168346883437,3
989.01,tess,NON_HABITABLE,5.74349,1605.0,1102.11,3.121181,0.05215701377997512,0.0,7814.0,2.06,1.9430353177009498,14.253541305226738,A,-1.2909029028065397,3
990.01,tess,NON_HABITABLE,10.6337,2266.0,4384.23,4.587386,0.06787026798295619,0.0,8388.0,1.86,1.9819311863187346,15.429586444314925,A,-1.2861295698408168,3
991.01,tess,NON_HABITABLE,12.9191,3753.0,32959.2,2.4843225,0.04866893781846517,0.0,9855.0,2.13,2.491839741215556,38.55497551488315,A,-1.2991405316545088,3
993.01,tess,NON_HABITABLE,4.75869,2226.0,4081.06,1.4635019,0.030681362513641806,0.0,8035.0,1.67,1.7989446213786708,10.473001771798458,A,-1.2968766887414351,3
