name,mission,habitability_class,pl_rade,pl_eqt,pl_insol,pl_orbper,pl_orbsmax,pl_orbeccen,st_teff,st_rad,st_mass,st_lum,stellar_type,hz_position,n_imputed
BD+20 594 b,k2,NON_HABITABLE,2.57807,501.051882863212,14.906307368403592,41.6855,0.27914853352378105,0.0,5766.0,1.08,1.67,1.1615576609188287,G,-0.9529655006193559,4
EPIC 201111557.01,k2,NON_HABITABLE,1.12,1054.0,252.16813537018567,2.30183,0.030720595804796448,0.0,4616.52,0.762602,0.73,0.23798494026102218,K,-1.2231510663635248,3
EPIC 201126503.01,k2,NON_HABITABLE,4.19,984.313319044487,222.01009626208725,1.1947488,0.017635443067380154,0.0,3919.0,0.57,0.5126091675645542,0.06904710521146619,K,-1.2174437481370044,5
EPIC 201127519.01,k2,NON_HABITABLE,8.84,772.0,89.47093011093875,6.17887,0.0600325080017341,0.0,4719.28,0.849432,0.756,0.32244446548773387,K,-1.1642347153109598,3
EPIC 201164625.01,k2,NON_HABITABLE,4.34,2336.0,8891.89827764216,2.71189,0.04132294068966843,0.0,6402.0,3.16745,1.28,15.1836759194187,F,-1.295327353984077,3
EPIC 201166680.01,k2,NON_HABITABLE,2.09985108,803.1367886692227,98.40051180000985,18.10549,0.14304602115769255,0.0,6213.0,1.224685,1.1912069826187786,2.0134874267700504,F,-1.1710032577306821,5
EPIC 201170410.02,k2,NON_HABITABLE,1.047,458.12134632239423,10.417449208006975,6.7987,0.0349,0.0,3648.0,0.282,0.287,0.012688557309844575,M,-0.8829259090396049,3
EPIC 201176672.01,k2,HABITABILITY_ZONE,10.2,261.2668606847161,1.101987291198706,79.9999,0.2996518989268542,0.0,4542.0,0.508,0.5608576702150743,0.09894882796528952,K,0.002975948274349464,5
EPIC 201180665.01,k2,NON_HABITABLE,26.44,830.0,89.6986263988016,17.77297,0.13589865042833374,0.0,5847.0,1.25428,1.06,1.656593985709652,G,-1.164419770552639,3
EPIC 201182911.01,k2,NON_HABITABLE,32.8,949.5121034337183,192.23891140270968,0.99656225,0.015035417629930947,0.0,3727.0,0.5,0.4565812497370518,0.04345825561040775,K,-1.2105389555204995,5
EPIC 201231940.01,k2,NON_HABITABLE,3.35,1034.5221392512024,270.8934068563192,0.57303573,0.009994314816859116,0.0,3570.0,0.43,0.4055796176673274,0.027058547868668254,M,-1.2262044990383385,5
EPIC 201238163.01,k2,NON_HABITABLE,1.56,1000.1506644087286,236.64699247745747,1.0829614,0.016406966869647856,0.0,3875.0,0.56,0.5023881626385662,0.06370266357390861,K,-1.2203500098660711,5
EPIC 201274010.01,k2,NON_HABITABLE,2.43,713.0,51.461968172886586,13.0113,0.10529706184326025,0.0,5347.0,0.880221,0.92,0.570583091701352,G,-1.1178187017976207,3
EPIC 201299088.01,k2,NON_HABITABLE,9.11013939,758.7201102930662,78.37285360386944,21.204739,0.15866850557558324,0.0,5154.0,1.761722,1.1851867311755706,1.9730910320884236,K,-1.1542595443667814,5
EPIC 201352100.01,k2,NON_HABITABLE,2.7,608.0,24.36236474395339,13.38382,0.10491221558690432,0.0,5113.71,0.65973,0.86,0.2681461455039417,K,-1.0307104564660932,3
EPIC 201392505.01,k2,NON_HABITABLE,3.36,480.0,10.998614532305737,27.47083,0.16609225346336282,0.0,4947.03,0.749863,0.81,0.303414782872031,K,-0.8943607862356334,3
EPIC 201407812.01,k2,NON_HABITABLE,40.1,1271.6994686666624,618.5534557929543,2.8268121,0.03891375115655671,0.0,5736.0,0.98,0.9837751724948808,0.936663145022237,G,-1.2545270486890368,5
EPIC 201427007 b,k2,NON_HABITABLE,1.5,1941.2927608315294,3358.9490662779945,0.72091,0.015447314974717076,0.0,5633.0,0.94,0.9461878252538525,0.8015108808372381,G,-1.28616267327027,5
EPIC 201456770.01,k2,NON_HABITABLE,2.384,797.777274231612,95.80009086336165,8.006875,0.07573640609429401,0.0,5403.0,0.846,0.904,0.5495096285265801,G,-1.1691301713882256,4
EPIC 201488365.01,k2,NON_HABITABLE,85.6,1457.3343985093393,1066.7831374401385,3.3643115,0.04723374651991191,0.0,6240.0,1.32,1.2420675992514658,2.380021780412676,F,-1.267745723087144,5
EPIC 201497682.04,k2,NON_HABITABLE,1.06,909.7434429770816,162.0,3.883,1.0,0.0,5772.0,0.554,1.0,0.3069160000000001,G,1.1778629528522264,5
EPIC 201521212.01,k2,NON_HABITABLE,6.412,471.7655249993067,11.715048262960853,19.565799,0.1507133500003193,0.0,4486.0,0.854,1.193,0.2661016262370477,K,-0.907268721256091,4
EPIC 201541160.01,k2,NON_HABITABLE,2.028,447.39582927729765,9.47560619116209,15.695142,0.11111677317845814,0.0,4270.0,0.625,0.743,0.11699471534735184,K,-0.8622065315028252,4
EPIC 201556134.01,k2,NON_HABITABLE,1.91,583.8680537487849,27.485151327630437,12.726743,0.09497547032962499,0.0,4767.0,0.73,0.7056352365545507,0.24792540894637813,K,-1.0470514357268679,5
EPIC 201563164.01,k2,NON_HABITABLE,217.0,59602.49733939374,2984675401.7311797,0.18746328,0.020689524052576035,0.0,46696.0,17.27,33.62014070297617,1277609.4241153449,O,-1.3099181449628647,5
EPIC 201595106 b,k2,NON_HABITABLE,1.565,2038.0,2852.0,0.87724,0.0177,0.0,5679.0,0.98,0.958,0.8999830630210937,G,-1.2842286153187135,1
EPIC 201606542.01,k2,NON_HABITABLE,1.22,2125.1846335080104,4824.2071311964755,0.444372,0.010875964061605186,0.0,5540.0,0.82,0.8691412623922607,0.5706390315990343,G,-1.2901000972970391,5
EPIC 201631267.01,k2,HABITABILITY_ZONE,16.3,185.36888596407266,0.27924579232228824,440.0,1.021618209565566,0.0,4600.0,0.85,0.734752330276287,0.2914498851188054,K,1.2982093212583616,5
EPIC 201635132.01,k2,HABITABILITY_ZONE,22.8,359.53085594090317,3.951699872861389,30.0,0.1553471247090976,0.0,3400.0,0.89,0.5557092142930086,0.09536530273512897,M,-0.6166223707305979,5
EPIC 201639576.01,k2,NON_HABITABLE,2.328,709.6494360415007,59.981141443890905,7.655533,0.07612045515914048,0.0,5114.0,0.751,1.004,0.34755014903959236,K,-1.1319847772238703,4
EPIC 201650711.01,k2,NON_HABITABLE,0.77,1930.1312718784984,3282.36344297052,0.259669,0.006808988040697657,0.0,4340.0,0.69,0.6245798261445676,0.15217797818873413,K,-1.2858868418063873,5
EPIC 201663879.02,k2,NON_HABITABLE,1.89,420.0,5.191092419637202,35.621,0.3501,0.0,5440.0,0.898,0.954,0.6362722497858562,G,-0.7050247536897927,2
EPIC 201683540.01,k2,NON_HABITABLE,5.93,921.4447964747274,170.49693090307636,1.9611469,0.02553333701353074,0.0,4166.0,0.64,0.5774081774081774,0.1111556955857086,K,-1.2043909879662127,5
EPIC 201702477.01,k2,NON_HABITABLE,7.8,530.4946924774309,18.731107273646774,40.7302,0.23180211783531177,0.0,5840.0,0.98,1.0016121003085954,1.006464011204105,G,-0.991490913539762,5
EPIC 201717159.01,k2,NON_HABITABLE,2.26,1436.4394089249886,1006.9050626476024,0.60408352,0.01188787590918047,0.0,4331.0,0.67,0.6141850806476019,0.14229742808956186,K,-1.2665091483247488,5
EPIC 201720401.01,k2,NON_HABITABLE,12.8,80.07630871131464,0.009724235300489832,6340.0,6.171415295185834,0.0,4800.0,0.88,0.7801107292845622,0.37036079197548727,K,3.0,5
EPIC 201729655.01,k2,NON_HABITABLE,17.325,654.3807890693786,43.36720596575063,9.321691,0.08003155024944111,0.0,5089.0,0.678,0.787,0.2777690807358372,K,-1.1006547542163854,4
EPIC 201757695.02,k2,NON_HABITABLE,0.90819,939.3492377462017,184.13978317174883,2.0478,0.0296,0.0,4520.0,0.655,0.727,0.16133591242375947,K,-1.2083763974777022,3
EPIC 201841433 b,k2,NON_HABITABLE,1.04,945.9502583190563,189.37056669756933,4.1698,0.035,0.0,5053.0,0.628461,0.802,0.23197894420452247,K,-1.2097889589484516,3
EPIC 201892470.01,k2,NON_HABITABLE,12.2,113.31131878938885,0.038988134441193985,2790.0,3.6770914282868397,0.0,5100.0,0.93,0.8520897242041593,0.527158619270346,K,3.0,5
EPIC 202064253.01,k2,NON_HABITABLE,31.5,778.5561311525645,86.89584180301317,21.140574,0.1599267603249872,0.0,6205.0,1.29,1.2209849717841543,2.22249746484242,F,-1.162091498145222,5
EPIC 202066192.01,k2,NON_HABITABLE,19.6,2049.2091830510935,4170.464722091173,3.2923818,0.0532052415635778,0.0,7824.0,1.87,1.853631165057719,11.80574206766794,A,-1.2886014222559652,5
EPIC 202071635.01,k2,NON_HABITABLE,60.0,1531.1312887260326,1299.8373257712444,6.2719092,0.0792933069436413,0.0,7254.0,1.81,1.6907932924025069,8.172634281289735,F,-1.2717153503848269,5
EPIC 202072596.01,k2,NON_HABITABLE,37.5,1830.3241217926968,2654.3078500536985,3.979287,0.05917893700725066,0.0,7430.0,1.84,1.7461092090998178,9.295775173422156,F,-1.283191715714043,5
EPIC 202072965.01,k2,NON_HABITABLE,86.2,1892.0799957197387,3031.0789929015405,2.1417519,0.03653447529766166,0.0,6492.0,1.59,1.418243333719107,4.045786897458031,F,-1.2849095192421065,5
EPIC 202086291.01,k2,NON_HABITABLE,61.4,1258.4993331147577,593.2684282519612,2.4343734,0.034384498868738594,0.0,5568.0,0.9,0.9151539507181672,0.7014175621833516,G,-1.2533584516787752,5
EPIC 202086968.01,k2,NON_HABITABLE,17.3,1443.3660686828225,1026.4675966934542,1.8490876,0.029149313676955568,0.0,5693.0,0.96,0.9663856622082212,0.8721715412431239,G,-1.2669250264676903,5
EPIC 202089657.01,k2,NON_HABITABLE,3.09990986,2021.574200466152,3950.008443881973,1.314437,0.02538513299980765,0.0,6009.0,1.472064,1.2631043405919686,2.5454051020803696,F,-1.2880139438308091,5
EPIC 202090152.01,k2,NON_HABITABLE,3.62,1268.5836299726955,612.513534790431,4.8045244,0.05942370306626006,0.0,6187.0,1.28,1.2127150811368455,2.1628933914742796,F,-1.2542544921581393,5
EPIC 202092480.01,k2,NON_HABITABLE,65.3,1422.2711669671949,967.7627501138847,2.8445331,0.04089907669997651,0.0,6045.0,1.16,1.1279737096024975,1.6188101156497496,F,-1.2656394804819502,5
EPIC 202126847.01,k2,NON_HABITABLE,16.1,1236.2304460937723,552.3788217355471,4.1687922,0.0525000503974651,0.0,6005.0,1.14,1.1108082970105342,1.522497050451706,F,-1.2513015010567334,5
EPIC 202565282.01,k2,NON_HABITABLE,256.0,1216.165704187685,517.3807748845471,11.97495,0.12131871901137976,0.0,5200.0,3.4,1.661179181494214,7.614930061116204,G,-1.2493505493374886,5
EPIC 202634963.01,k2,NON_HABITABLE,21.2,608.4172157935516,32.40747955566132,28.707623,0.18509305913278665,0.0,5838.0,1.03,1.0264939181740882,1.1102621188603554,G,-1.0678384028165693,5
EPIC 202675839.01,k2,NON_HABITABLE,16.12109089,801.9176484684846,97.80439345777769,15.466674,0.12603210853494218,0.0,5807.0,1.231429,1.116426642782237,1.5535340210256814,G,-1.1705804805584163,5
EPIC 202843107.01,k2,NON_HABITABLE,46.6,1091.7695765570234,336.01853213525294,2.1989041,0.02994533490775082,0.0,4938.0,0.75,0.7408928350463544,0.30131557399320663,K,-1.2347560332239027,5
EPIC 202893157.01,k2,NON_HABITABLE,1.86,481.0642370678948,12.666352398587462,4.1657292,0.0359704444999259,0.0,3442.0,0.36,0.3577962577962578,0.016388649825671203,M,-0.9226852380879278,5
EPIC 203070421.01,k2,NON_HABITABLE,1.89,1324.7523525950426,728.4136507168656,1.7359447,0.026778998868891214,0.0,5354.0,0.84,0.8501424210254181,0.5223561951888117,G,-1.2588767314174147,5
EPIC 203518244.01,k2,NON_HABITABLE,0.884,1267.9964297293525,611.3802442726272,0.8411257,0.014738309848986237,0.0,4289.0,0.66,0.6036729161033201,0.1328026576877817,K,-1.254202901956286,5
EPIC 203533312.01,k2,NON_HABITABLE,3.11,3867.3467982354255,52904.39499474985,0.17566,0.00657681004136939,0.0,6620.0,1.15,1.2299305448949251,2.2883494669357733,F,-1.3039512533012043,5
EPIC 203914123.01,k2,NON_HABITABLE,12.0,27.064190428203844,0.0001268876752199094,83830.0,31.549271633085336,0.0,4000.0,0.74,0.5961417371477912,0.1262984774488996,K,3.0,5
EPIC 203929178.01,k2,NON_HABITABLE,99.0,2557.8430217277332,10123.596550441289,1.153886,0.02512995011777081,0.0,6841.0,1.8,1.5901186106108174,6.393196929735632,F,-1.2962453172840476,5
EPIC 203942067.01,k2,NON_HABITABLE,33.0,1279.2724007271838,633.4194575251832,1.6398934,0.025231870946632186,0.0,5175.0,0.79,0.7968885327374944,0.4032647946646111,K,-1.2551812047700168,5
EPIC 204312847.01,k2,NON_HABITABLE,30.7,567.5351008461079,24.5363628697691,24.193613,0.1569890720647042,0.0,5457.0,0.87,0.8818348491459748,0.604712617926313,G,-1.0317022996193066,5
EPIC 204489514.01,k2,NON_HABITABLE,132.0,1321.1454689142108,720.5130260073572,10.2236,0.11050325820139999,0.0,6960.0,2.04,1.7222571677982759,8.79816299787277,F,-1.2585975148261617,5
EPIC 204576757.01,k2,NON_HABITABLE,32.8,431.86001129114015,8.226426946453783,23.277669,0.13645848193609686,0.0,4379.0,0.68,0.6256091314823193,0.15318361578109746,K,-0.8294131475596282,5
EPIC 204634789.01,k2,NON_HABITABLE,8.4,1134.1177460126805,391.2657766732751,2.2,0.030416774021115693,0.0,4800.0,0.87,0.7756656177204836,0.3619913267642644,K,-1.240266219025365,5
EPIC 204791347.01,k2,NON_HABITABLE,2.571,602.515749830218,31.168284103440804,1.94297,0.023958668031390053,0.0,3197.0,0.436,0.486,0.017891149055418377,M,-1.0630724810861067,4
EPIC 205252523.01,k2,NON_HABITABLE,3.12,727.8941160822174,66.39144382169312,4.4984354,0.04514277186342211,0.0,4309.0,0.66,0.6064878982255085,0.13529712176264577,K,-1.140794045058156,5
EPIC 205463986.01,k2,NON_HABITABLE,33.4,1120.4544317111295,372.74864472439936,2.3240489,0.03162755626560598,0.0,5107.0,0.78,0.7814241639697906,0.37286133235545416,K,-1.2385565099942355,5
EPIC 205570849.01,k2,NON_HABITABLE,5.6,750.6933077203764,75.10856338092971,16.858,0.13150480009857876,0.0,5957.0,1.07,1.0675621472301056,1.298890875852147,G,-1.150912440407343,5
EPIC 205703094.01,k2,NON_HABITABLE,57.0,1016.2143527797946,252.22061263403182,8.1191,0.08273936630232559,0.0,6040.0,1.2,1.14630777800804,1.7266525600734992,F,-1.2231600958786877,5
EPIC 205703094.02,k2,NON_HABITABLE,11.0,806.6228558224495,100.12012264487389,16.235,0.13132330135303405,0.0,6040.0,1.2,1.14630777800804,1.7266525600734992,F,-1.172201606932728,5
EPIC 205943325.01,k2,NON_HABITABLE,2.5,789.4068803500023,91.84233306430177,27.270191,0.19226579660561566,0.0,6171.0,1.612,1.275,3.3950562246105047,F,-1.1661281431622414,4
EPIC 205947214.01,k2,HABITABILITY_ZONE,22.0,267.15446873617094,1.2047281287479117,54.169832,0.22132104713833772,0.0,3836.0,0.55,0.49287140326574785,0.059011205046077604,K,-0.054255189926045104,5
EPIC 205950854 c,k2,NON_HABITABLE,1.31,960.6,100.49899152888229,8.050722,0.07524822642573589,0.0,5502.7,0.83,0.877,0.5690549955504386,G,-1.1724614868826182,3
EPIC 205996447.01,k2,NON_HABITABLE,21.3,1183.9618590344876,464.7186759073122,0.80032756,0.013780375472144868,0.0,4028.0,0.61,0.5450395996977132,0.08824949479825395,K,-1.2460094620705342,5
EPIC 206024342 c,k2,NON_HABITABLE,1.4,1942.4081752624106,3366.675568192972,0.911724,0.0186439812209038,0.0,5724.0,1.1,1.0400869450668655,1.1702498145632847,G,-1.2861899772320524,5
EPIC 206024342 d,k2,NON_HABITABLE,2.6,769.7921612774443,83.0487721382473,14.647531,0.1187060031746547,0.0,5724.0,1.1,1.0400869450668655,1.1702498145632847,G,-1.1587057909084297,5
EPIC 206032309.01,k2,HABITABILITY_ZONE,1.01,321.82958550005947,2.537132460822577,4.1107634,0.030304011310700926,0.0,2989.0,0.18,0.21970292816700523,0.0023299327217119574,M,-0.444667166261688,5
EPIC 206042996 b,k2,NON_HABITABLE,1.7,590.702781916818,28.794884639363097,5.2986,0.047335641021580645,0.0,4114.0,0.5,0.5039912158353181,0.0645196300357546,K,-1.053099824429047,5
EPIC 206042996 c,k2,NON_HABITABLE,1.2,1454.545311224895,1058.6399941395114,0.354884,0.007806777210587425,0.0,4114.0,0.5,0.5039912158353181,0.0645196300357546,K,-1.2675837401431485,5
EPIC 206049452.01,k2,NON_HABITABLE,2.21,526.15893695719,18.126213202536483,14.454495,0.1008697320767077,0.0,4521.0,0.7,0.655325706853873,0.1844288331175403,K,-0.9862209435887468,5
EPIC 206056433.01,k2,NON_HABITABLE,2.25,406.3688539369026,6.449424080244854,28.564994,0.1568726465770856,0.0,4418.0,0.68,0.6311808958412621,0.15871405289949508,K,-0.7672358206120504,5
EPIC 206114630.01,k2,NON_HABITABLE,2.2805044,799.6348292486551,96.69546071626262,7.445026,0.07013929624923816,0.0,5277.0,0.825169,0.8304858242086002,0.475695337834204,G,-1.1697836308096148,5
EPIC 206135075.01,k2,NON_HABITABLE,39.1,597.6172008384543,30.166966034114303,54.976021,0.3090435092846633,0.0,6333.0,1.41,1.3028449140195968,2.8811832926546703,F,-1.0590087915258564,5
EPIC 206135267.01,k2,NON_HABITABLE,34.0,1776.2893638109485,2354.4753040131145,2.573088,0.041255413634127186,0.0,5165.0,2.5,1.4148617563036798,4.007338520586683,K,-1.2815393884499477,5
EPIC 206215704 b,k2,NON_HABITABLE,1.0,489.1727733258073,13.542173871326227,2.255436,0.022165680316891527,0.0,3297.0,0.25,0.2856029106029106,0.006653505438922924,M,-0.9354172282866889,5
EPIC 206312951.01,k2,NON_HABITABLE,1.13,814.9462131407995,104.31699363011475,1.53402,0.020899193671058244,0.0,3698.0,0.520027,0.517496,0.045563190098090636,M,-1.1750008573056823,4
EPIC 206317286 c,k2,NON_HABITABLE,2.094,518.7528132532007,17.126993703973373,17.515472,0.12414489219724119,0.0,4752.0,0.758,0.832,0.26396044355407483,K,-0.9769115276383145,4
EPIC 206403979.01,k2,NON_HABITABLE,12.0,402.9989653873433,6.238138359413604,23.8039,0.13513001168468872,0.0,4840.0,0.48,0.5809512064194987,0.11390915538070939,K,-0.7581216013269996,5
EPIC 206439513.01,k2,NON_HABITABLE,69.44309317,1231.58397408174,544.1208833047773,18.415126,0.17204304301403164,0.0,6211.0,3.465887,2.003283464888681,16.105329907150228,F,-1.250858182829525,5
EPIC 206461841.01,k2,NON_HABITABLE,0.6739,648.1735380101073,41.745,10.4404,0.0828,0.0,4893.0,0.746,0.8,0.28739104284779526,K,-1.0970706302891806,2
EPIC 206468053.01,k2,NON_HABITABLE,5.149,371.64154362062294,4.511659331494459,27.837146,0.162665601861229,0.0,4241.0,0.64,0.741,0.11937894818423596,K,-0.6610726443814186,4
EPIC 206532093.01,k2,NON_HABITABLE,56.5,1362.0866060331614,814.0632842025839,2.2021868,0.0327549515358193,0.0,5695.0,0.96,0.9667251618260706,0.8733977927814635,G,-1.2616377984971154,5
EPIC 207389002.01,k2,NON_HABITABLE,90.0,1397.6107223210718,902.3690135552616,2.931226,0.04160118303265768,0.0,6097.0,1.12,1.117889517918282,1.5616925400245434,F,-1.2640622278705347,5
EPIC 207739861.01,k2,NON_HABITABLE,27.0,1410.4317050932577,935.9389600306395,1.81449,0.02844829456387796,0.0,5614.0,0.92,0.9329105395660986,0.7574605139425046,G,-1.2648925662340949,5
EPIC 208445756.01,k2,NON_HABITABLE,79.0,723.9505181632351,64.96430721162747,22.4844,0.16319255567140203,0.0,6173.0,1.15,1.1468823645976396,1.7301171011602434,F,-1.1389462011531748,5
EPIC 208833261.01,k2,NON_HABITABLE,10.6,1848.9377678887172,2763.9389966310346,3.47451,0.053308384120713447,0.0,7143.0,1.83,1.6740941260090405,7.854517113353337,F,-1.2837276336022923,5
EPIC 209036259.01,k2,NON_HABITABLE,16.5,3668.8449198059166,42850.57926672313,0.369181,0.011665811737331867,0.0,6020.0,2.22,1.5539844047647795,5.831585188666099,F,-1.3032853083879743,5
EPIC 209286622.01,k2,NON_HABITABLE,39.0,824.0742947115681,109.06985807223683,6.71694,0.06537857798729305,0.0,5267.0,0.82,0.8263117380902594,0.4662036705428606,G,-1.1779737550151024,5
EPIC 210365511.01,k2,NON_HABITABLE,8.44551389,829.2125416413628,111.81568444797765,3.951971,0.04287746412039595,0.0,4672.0,0.692034,0.6733490127946465,0.20557055620221235,K,-1.1796041972380897,5
EPIC 210389383.01,k2,NON_HABITABLE,21.1,871.4826540400662,136.41881341223763,14.08549,0.12090181337761921,0.0,5970.0,1.32,1.1883242896684696,1.9940676927201413,G,-1.1919414187367263,5
EPIC 210418253.01,k2,NON_HABITABLE,1.6119,586.8240614736826,28.046,23.9683,0.1791,0.0,5296.0,1.129,1.325,0.9033883796306117,G,-1.0502357669955824,2
EPIC 210609658.01,k2,NON_HABITABLE,14.86409395,923.0585342632513,171.6944457741441,14.145239,0.12413426489169957,0.0,5016.0,2.15381,1.2753661908047504,2.6456939223389977,K,-1.2047597294325163,5
EPIC 210629082.01,k2,NON_HABITABLE,3.05048319,744.0799249215112,72.496598208573,27.353103,0.1930033573870686,0.0,6148.0,1.448467,1.2819227030582117,2.70051973955688,F,-1.1480729434776205,5
EPIC 210706310.01,k2,NON_HABITABLE,0.8891,1133.9954227720368,391.097,5.1718,0.051,0.0,5941.0,0.954,0.709,1.0214795329250745,G,-1.2403958485267543,2
EPIC 210708830.01,k2,NON_HABITABLE,1.0668,820.8044101549356,107.349,5.7408,0.0627,0.0,5342.0,0.76,1.067,0.42377704627823315,G,-1.177196237139916,2
EPIC 210945680.01,k2,NON_HABITABLE,1.5097,705.3779917697999,58.55,20.5949,0.1477,0.0,5969.0,1.059,0.994,1.2826050516653202,G,-1.1301969090474873,2
EPIC 210958990.01,k2,NON_HABITABLE,19.1,1775.6059288863219,2350.8538170120855,1.702301,0.029640086460792192,0.0,6116.0,1.28,1.1987983572382328,2.0653067125918634,F,-1.2815175187203935,5
EPIC 210967369.01,k2,NON_HABITABLE,0.9835,982.4045262988653,220.293,7.1149,0.0589,0.0,5534.0,0.953,0.845,0.7674270991573244,G,-1.2172768082859557,2
EPIC 211106187.01,k2,NON_HABITABLE,66.04981083,1898.2024680217444,3070.502201983203,14.643071,0.1702764142890496,0.0,4883.0,13.183733,3.0717056841000505,89.02631667088635,K,-1.2850707474560197,5
EPIC 211305568.01,k2,NON_HABITABLE,1.98,399.70248508291115,6.036520390420008,11.55059,0.07761535499131787,0.0,3677.0,0.469901,0.467536,0.03636486404894308,M,-0.7489819491748504,4
EPIC 211305568.02,k2,NON_HABITABLE,0.72,1550.5753885113868,1367.1331800854496,0.19785,0.005157456483988817,0.0,3677.0,0.469901,0.467536,0.03636486404894308,M,-1.2726680921381743,4
EPIC 211309648.01,k2,NON_HABITABLE,15.43,1780.0,1677.127222349732,3.1393226,0.0434,0.0,6283.0,1.5,1.24,3.158969750929061,F,-1.2762888582848555,2
EPIC 211321953.01,k2,NON_HABITABLE,3.174,681.6779699608022,51.06887773837437,22.194346,0.14384003023282893,0.0,5660.0,1.069,0.806,1.0566127464255108,G,-1.1170807024377303,4
EPIC 211336288.01,k2,NON_HABITABLE,1.13,1725.0056976062579,2094.1192726455206,0.22181,0.0059667698024566075,0.0,3942.0,0.585409,0.576018,0.0745555502728161,K,-1.2798254075776678,4
EPIC 211393988.01,k2,NON_HABITABLE,14.64,1663.0,1287.6669843595314,4.8718955,0.074,0.0,6972.0,1.82,1.53,7.051264406352793,F,-1.2715351198074447,2
EPIC 211396431.01,k2,NON_HABITABLE,38.298,2106.5423882796267,4657.1485219850665,8.514184,0.08799696967633633,0.0,4885.0,8.384,1.254,36.06247436756094,K,-1.28974732959544,4
EPIC 211408558.01,k2,NON_HABITABLE,2.005,862.1924335169398,130.69413754226977,9.967689,0.09365436146708087,0.0,5882.0,1.031,1.103,1.1463365019960217,G,-1.1893847496770318,4
EPIC 211424769.01,k2,NON_HABITABLE,19.44301811,1169.7270395913354,442.769192308171,5.176243,0.061060068165953364,0.0,6185.0,1.118972,1.1335038281817433,1.6507905148370257,F,-1.2444439254435078,5
EPIC 211436313.01,k2,NON_HABITABLE,2.263,794.2975969768504,94.1395835814387,4.332837,0.05098843928154013,0.0,4768.0,0.725,0.942,0.24474606071248242,K,-1.16789371350838,4
EPIC 211436876.01,k2,NON_HABITABLE,0.6746,2431.7388798136217,8270.029,1.1524,0.0125,0.0,5992.0,1.057,0.992,1.2975733094345154,G,-1.2948192429514584,2
EPIC 211438731.01,k2,HABITABILITY_ZONE,2.762,305.8107247269318,2.0684742849088256,20.486455,0.10394584442836888,0.0,3664.0,0.371,0.357,0.022349323895329763,M,-0.35164385540115245,4
EPIC 211451776.01,k2,NON_HABITABLE,2.244,507.80477049561676,15.726293771575692,12.17682,0.09663796681900116,0.0,4477.0,0.637,0.812,0.14686623192007497,K,-0.9623966957199702,4
EPIC 211506851.01,k2,NON_HABITABLE,3.123,776.8063441924028,86.11728579780032,10.542179,0.08771121234937403,0.0,5441.0,0.916,0.81,0.6625223921327035,G,-1.161424663584842,4
EPIC 211533633.01,k2,NON_HABITABLE,1.7,831.3779316086753,112.98824091833566,2.126953,0.0261479387899293,0.0,4020.0,0.573,0.5272019909110032,0.07725172157766627,K,-1.180282270543068,5
EPIC 211537087.02,k2,NON_HABITABLE,2.58,482.0,8.8640049609532,42.3822512,0.2688,0.0,5568.0,0.86,0.9,0.6404548506059342,G,-0.8470176244014265,2
EPIC 211537087.03,k2,NON_HABITABLE,2.28,82.0,12.320230274814062,41.9,0.228,0.0,5568.0,0.86,0.9,0.6404548506059342,G,-0.9172831397636083,2
EPIC 211552050.01,k2,NON_HABITABLE,1.9,893.3200219584234,150.61476550748515,3.544965,0.04049525486767076,0.0,4860.0,0.701,0.704967272683448,0.2469879828684982,K,-1.197640062481928,5
EPIC 211590050.01,k2,HABITABILITY_ZONE,10.48,222.0,107.47974426944275,26.0,0.187,0.0,6414.0,1.57,1.29,3.7584591773581435,F,-1.1770011240592426,2
EPIC 211631538.01,k2,NON_HABITABLE,3.9,823.7295309651265,108.88744858880071,5.513327,0.05581572930964579,0.0,5020.0,0.77,0.7631725783906523,0.33922748240653167,K,-1.1778632627733514,5
EPIC 211638401.01,k2,NON_HABITABLE,1.4,1268.4012313474645,612.1613387471351,0.53027,0.010190888647580205,0.0,3880.0,0.558,0.502137322663163,0.06357553310191241,K,-1.2542384746625164,5
EPIC 211644764.01,k2,NON_HABITABLE,9.25,591.0,23.130229353718658,23.5306712,0.5304,0.0,6688.0,1.9,1.48,6.507092343542244,F,-1.023369651614292,2
EPIC 211673349.01,k2,NON_HABITABLE,4.1,737.3765235953078,69.9192086689396,4.894289,0.04854440237390868,0.0,4440.0,0.686,0.6371162843338048,0.16476874059031554,K,-1.1451164766200772,5
EPIC 211679060.01,k2,NON_HABITABLE,2.788,850.2540552582404,123.60445558881366,12.601781,0.09850682406897976,0.0,5791.0,1.088,0.803,1.1994075016028047,G,-1.185975465527301,4
EPIC 211685045.01,k2,NON_HABITABLE,2.06,1093.9499691908948,338.7108586533046,0.769057,0.012932353158804642,0.0,3832.0,0.54,0.48786095084953945,0.05664795437418906,K,-1.235055451936453,5
EPIC 211711685.01,k2,NON_HABITABLE,1.266,694.5165850593683,55.02623047680986,15.462807,0.11285570805202155,0.0,5509.0,0.919,0.802,0.7008366783249491,G,-1.1241451945929115,4
EPIC 211724246.01,k2,NON_HABITABLE,11.6,1775.0,1659.1249716980196,4.7464962,0.0651,0.0,6486.0,2.1,1.5,7.0313882213059244,F,-1.2761067676000595,2
EPIC 211728689.01,k2,NON_HABITABLE,8.917,737.0642706776663,69.80085061332984,8.952623,0.08502211922961773,0.0,5258.0,0.856,1.023,0.5045736498092736,G,-1.1449767911591637,4
EPIC 211741619.01,k2,NON_HABITABLE,2.2,764.2128701449095,80.66714152727285,2.787663,0.03138988349219073,0.0,3950.0,0.602,0.5309688200139969,0.0794833339346252,K,-1.1564894485959811,5
EPIC 211754117.01,k2,NON_HABITABLE,1.665,558.4174116388205,22.99720641697824,13.798845,0.10555466012642621,0.0,4980.0,0.68,0.824,0.25622995880635485,K,-1.022542031284987,4
EPIC 211765695.01,k2,NON_HABITABLE,2.643,567.3802850117885,24.509601082177284,7.5587,0.06482217933621526,0.0,3974.0,0.677,0.636,0.10298725881104538,K,-1.0315504367439232,4
EPIC 211765695.02,k2,NON_HABITABLE,2.887,378.6456893653843,4.861511824163819,25.43143,0.14554794440050073,0.0,3974.0,0.677,0.636,0.10298725881104538,K,-0.6848560958370153,4
EPIC 211791178.01,k2,NON_HABITABLE,2.01,620.6788682289741,35.1,9.562742,0.078,0.14,4349.9,0.667217,0.694726,0.14359721228466849,K,-1.0262508228588758,1
EPIC 211800191.01,k2,NON_HABITABLE,8.83310242,1710.9977572871317,2026.9220135545065,1.106175,0.020685717792253342,0.0,5851.0,0.90632,0.9650383173683686,0.8673177417013265,G,-1.2793302372416981,5
EPIC 211812935.01,k2,NON_HABITABLE,18.3,1838.2221005335846,2700.4193492183235,3.607981,0.05481284382233738,0.0,6490.0,2.253,1.6877144556666126,8.11326910216477,F,-1.2834211005350222,5
EPIC 211822797 b,k2,NON_HABITABLE,1.92,431.0,5.749564067506681,21.1701963,0.1195,0.0,4057.0,0.58,0.62,0.08210521227501227,K,-0.7351538097041989,2
EPIC 211859295.01,k2,NON_HABITABLE,2.495,561.2666846791393,23.470175434571576,11.09226,0.088043463224768,0.0,4496.0,0.703,0.74,0.1819326186555072,K,-1.02545261329348,4
EPIC 211892082.01,k2,NON_HABITABLE,2.214,468.90588555097816,11.433574181684596,10.90364,0.08084858391158285,0.0,3929.0,0.59,0.593,0.07473548355483182,K,-0.902342293165017,4
EPIC 211904310.01,k2,NON_HABITABLE,18.43,1144.0,286.0104339533483,24.399869,0.1201,0.0,6404.0,1.65,1.33,4.125417359447435,F,-1.2284475413980458,2
EPIC 211914998.02,k2,NON_HABITABLE,2.33,585.0,19.31469927143981,24.6237203,0.1984,0.0,5650.0,0.91,0.93,0.7602760089540057,G,-0.9963388211955182,2
EPIC 211942755.01,k2,NON_HABITABLE,2.239,487.843636645928,13.395590298080421,19.729071,0.13091408882700292,0.0,4735.0,0.712,0.769,0.2295803062852085,K,-0.9333736449528568,4
EPIC 211945201 b,k2,NON_HABITABLE,5.76,817.0,105.94323872124127,19.49221,0.1493,0.0,6069.0,1.39,1.17,2.361526703283441,F,-1.176040556858055,2
EPIC 211953244.01,k2,NON_HABITABLE,1.439,514.9010683361759,16.62395864913863,29.724674,0.1792081855041673,0.0,5339.0,0.854,0.869,0.533887970041557,G,-0.9719103666413882,4
EPIC 211993818.01,k2,NON_HABITABLE,143.0368808,1485.5146950532132,1151.7204744346298,8.986648,0.10445776128497186,0.0,5265.0,4.260594,1.882812742305905,12.566910302421135,G,-1.2693315212417826,5
EPIC 211995325.01,k2,NON_HABITABLE,8.41,1708.2203898760085,2013.7932649039283,0.279258,0.0068728016042044465,0.0,4071.0,0.62,0.5553549212595649,0.09512233419263312,K,-1.2792306095300816,5
EPIC 212008766.02,k2,HABITABILITY_ZONE,4.34,86.0,2.790558590000816,74.8,0.32,0.0,5044.0,0.7,0.79,0.2857531996160836,K,-0.4848924395674904,2
EPIC 212035441.01,k2,NON_HABITABLE,1.198,618.175201530958,34.53707825575899,2.714743,0.02799126336666122,0.0,3634.0,0.415,0.397,0.027060174672485934,M,-1.07542140185641,4
EPIC 212036875.01,k2,NON_HABITABLE,9.1,1415.9846880008558,950.7657018646423,5.169887,0.06584457692342971,0.0,6830.0,1.45,1.4248803009901487,4.122052601511491,F,-1.2652452195204837,5
EPIC 212040382.01,k2,NON_HABITABLE,15.9,1716.1556862003267,2051.473979164795,4.445559,0.0630195828857847,0.0,6520.0,2.237,1.689484708588393,8.147362906382286,F,-1.2795139770874107,5
EPIC 212041476.01,k2,NON_HABITABLE,2.4,1283.701334099492,642.2368910291029,2.783705,0.03858299287657138,0.0,5890.0,0.939,0.988830306337665,0.9560642390394856,G,-1.2555584258463088,5
EPIC 212048046.01,k2,NON_HABITABLE,3.545,613.5899637543797,33.52372488564402,9.375266,0.08091224765699716,0.0,4571.0,0.747,0.804,0.21947284788767885,K,-1.0719032318641601,4
EPIC 212099230.01,k2,NON_HABITABLE,2.7,968.128980270046,207.76489113015458,7.112134,0.07299363320315368,0.0,5800.0,1.042,1.025735840610036,1.1069859849139434,G,-1.2143252413235328,5
EPIC 212138198.01,k2,NON_HABITABLE,5.27465763,1050.0747540707775,287.55448612799336,3.209149,0.039894381872061915,0.0,5182.0,0.839324,0.8225000008626252,0.45766070820901233,K,-1.2286666358582112,5
EPIC 212219881.01,k2,NON_HABITABLE,8.5,809.4908350013878,101.55165896957037,6.924808,0.06651547728839327,0.0,5300.0,0.795,0.8187156865096427,0.44929589019811,G,-1.1731759001459694,5
EPIC 212228567.01,k2,NON_HABITABLE,23.562,1431.7566654048806,993.8392230298839,11.480611,0.11350206335945821,0.0,4692.0,5.415,1.48,12.803350832104242,K,-1.2662245693229879,4
EPIC 212283840.01,k2,NON_HABITABLE,3.402,637.6602404544157,39.10178943162219,16.715029,0.119800599751822,0.0,5406.0,0.854,0.821,0.5611960649564053,G,-1.0895350365111902,4
EPIC 212297394 b,k2,NON_HABITABLE,1.48,1149.0,403.9133372155693,2.289363,0.03194790032443802,0.0,5171.0,0.8,0.83,0.4122615534367482,K,-1.241365780021164,3
EPIC 212297394 c,k2,NON_HABITABLE,2.27,866.0,134.79804426600992,5.213965,0.05530248187347611,0.0,5171.0,0.8,0.83,0.4122615534367482,K,-1.1912341293121216,3
EPIC 212303338.01,k2,NON_HABITABLE,0.58303133,1909.005238246157,3140.9987141098622,0.595621,0.013170752760137551,0.0,5338.0,0.863058,0.8591564172641029,0.5448650524301685,G,-1.2853514517752833,5
EPIC 212351868.01,k2,NON_HABITABLE,64.215,1986.416911599957,3682.3146365739713,2.500285,0.04493326512252096,0.0,6051.0,2.481,1.936,7.4345870449620834,F,-1.2872308232463843,4
EPIC 212409658.01,k2,NON_HABITABLE,1.638,791.1178444279651,92.6411634301209,3.746332,0.043732039775279195,0.0,4395.0,0.726,0.795,0.17717541935125533,K,-1.1667495337964917,4
EPIC 212434019.01,k2,NON_HABITABLE,23.826,799.9330700304133,96.83979994044722,24.006249,0.17373831963766098,0.0,6150.0,1.506,1.214,2.9231097205282257,F,-1.1698881234480747,4
EPIC 212535959.01,k2,NON_HABITABLE,23.212,872.0819739442597,136.7944623670376,17.732736,0.13795964860654336,0.0,5650.0,1.684,1.114,2.6035904862314583,G,-1.1921035517038312,4
EPIC 212569876.01,k2,NON_HABITABLE,2.088,463.5046941560563,10.915806426703703,21.379793,0.14139264879842653,0.0,4722.0,0.698,0.825,0.218227504566981,K,-0.8927874445274754,4
EPIC 212587672 b,k2,NON_HABITABLE,1.26,756.0,77.93736792451516,15.28078,0.12011076431216591,0.0,6004.0,0.98,0.99,1.1243708972538078,F,-1.1538251979456817,3
EPIC 212587672 c,k2,NON_HABITABLE,2.32,658.0,44.5906195900503,23.228555,0.15879361822060417,0.0,6004.0,0.98,0.99,1.1243708972538078,F,-1.103545803089662,3
EPIC 212616320.01,k2,NON_HABITABLE,2.345,797.8470977164026,95.83363393170713,12.346663,0.10018448511403882,0.0,5685.0,1.011,0.88,0.9618755767684726,G,-1.16915481680768,4
EPIC 212624936 b,k2,NON_HABITABLE,1.2,2120.11086245197,4778.301649981474,0.578657,0.01342122464057627,0.0,5765.0,0.93,0.9631955411837212,0.8607119921259496,G,-1.2900050072617564,5
EPIC 212624936 c,k2,NON_HABITABLE,2.3,775.7671682480577,85.65739461851231,11.811437,0.10024125531399822,0.0,5765.0,0.93,0.9631955411837212,0.8607119921259496,G,-1.161026501747364,5
EPIC 212636654.01,k2,NON_HABITABLE,1.818,871.5551107248447,136.4641875235944,11.090822,0.08439788025629705,0.0,5763.0,0.989,0.652,0.9720347068267995,G,-1.191961038092682,4
EPIC 212688722.01,k2,NON_HABITABLE,6.2,1483.9655015895207,1146.9236220192417,5.734172,0.06563086578402116,0.0,5192.0,2.747,1.147,4.9402709021439355,K,-1.2692466830764015,4
EPIC 212691727.01,k2,NON_HABITABLE,4.309,1029.5759442566361,265.7497261510631,6.430383,0.06382905250173908,0.0,5735.0,1.054,0.839,1.0827037002228568,G,-1.2253979850478458,4
EPIC 212735133.01,k2,NON_HABITABLE,2.084,737.8944759702052,70.11586801045401,7.685505,0.0675123239957544,0.0,5176.0,0.703,0.695,0.3195820888059465,K,-1.1453477902351268,4
EPIC 212737443 b,k2,NON_HABITABLE,2.586,536.0,20.45220951189174,13.603,0.098,0.2,4684.0,0.673,0.69,0.1964230201522083,K,-1.0051845999579252,1
EPIC 212737443 c,k2,HABITABILITY_ZONE,2.69,316.0,2.505395665206738,65.55,0.28,0.2,4684.0,0.673,0.69,0.1964230201522083,K,-0.439204022064224,1
EPIC 212746655.01,k2,NON_HABITABLE,2.856,567.2763281971961,24.49164318023063,34.383193,0.18925954805402942,0.0,5666.0,0.972,0.765,0.8772704905730337,G,-1.031448393019631,4
EPIC 212753343.01,k2,NON_HABITABLE,2.846,970.0528162093442,209.42127607717947,19.984217,0.1692659538943653,0.0,6823.0,1.753,1.62,6.00012126324611,F,-1.2147041303561628,4
EPIC 212771557.01,k2,NON_HABITABLE,2.228,794.4763635297163,94.22436133289241,8.491003,0.07673283998033699,0.0,5432.0,0.841,0.836,0.5547863242942754,G,-1.167957632014016,4
EPIC 212772313.01,k2,NON_HABITABLE,2.74426869,562.9526784881785,23.75345772059246,37.361973,0.221536018334491,0.0,5675.0,1.116937,1.039091715590538,1.1657771249415587,G,-1.0271541112098994,5
EPIC 212783902.01,k2,NON_HABITABLE,16.683,541.6469641663435,20.35656665764408,24.748442,0.14270515539105827,0.0,5803.0,0.637,0.633,0.4145566224009911,G,-1.0044695028966104,4
EPIC 212817071.01,k2,NON_HABITABLE,2.047,666.574750852219,46.69116544227344,12.24568,0.09929662928122057,0.0,5329.0,0.796,0.871,0.46036651424064146,G,-1.1082419435764652,4
EPIC 212830737.01,k2,NON_HABITABLE,2.869,634.3999426852954,38.308206389138604,26.939433,0.1616166341611838,0.0,5716.0,1.02,0.776,1.0006079159223764,G,-1.0872637774562814,4
EPIC 212844216.01,k2,NON_HABITABLE,47.553,2251.5651151765496,6078.232709042061,12.634794,0.09876064570385948,0.0,4999.0,10.265,0.805,59.2850464860386,K,-1.2922651878173537,4
EPIC 212865617.01,k2,HABITABILITY_ZONE,3.131,334.74344072552316,2.969529072210438,7.535783,0.18274048381644614,0.0,3990.0,0.659,14.336,0.09916470454127946,K,-0.5101412696783575,4
EPIC 212870185.01,k2,NON_HABITABLE,4.886,1301.553493209554,678.7148737442769,6.116238,0.07022392299223108,0.0,6283.0,1.544,1.235,3.347014094289255,F,-1.2570400865769351,4
EPIC 212883391.01,k2,NON_HABITABLE,2.628,742.5396713284258,71.89818449268283,9.668373,0.08333653974518604,0.0,5368.0,0.817,0.826,0.499331371136868,G,-1.1474007097796362,4
EPIC 214254518.01,k2,NON_HABITABLE,1.03801946,702.9233130241147,57.739240569043695,5.059033,0.04890226073863255,0.0,4455.0,0.623766,0.6095821415110974,0.13807941589605166,K,-1.1285627874718718,5
EPIC 214522613.01,k2,NON_HABITABLE,1.16,404.54704092312284,6.334544533308313,10.99044,0.0767295797052751,0.0,3584.0,0.500884,0.498929,0.03729417739753793,M,-0.7623368208252305,4
EPIC 215502661.01,k2,NON_HABITABLE,2.40003126,689.3003257861244,53.391634130245734,21.521554,0.1545162086343667,0.0,5694.0,1.160188,1.0625645558526189,1.2747390789165791,G,-1.1213225104281799,5
EPIC 216387101.01,k2,NON_HABITABLE,3.4422482,1044.1031816031464,281.06900410993865,9.761854,0.09692481085910663,0.0,5529.0,1.770928,1.274737376187233,2.640479981299411,G,-1.2277342799934037,5
EPIC 217855533.01,k2,NON_HABITABLE,1.78061635,819.823063748811,106.83653794451682,21.587326,0.16601941567490291,0.0,6244.0,1.466377,1.3099640945759263,2.944676348631284,F,-1.176601537077101,5
EPIC 218332621.01,k2,NON_HABITABLE,4.253,1125.2240701831274,379.1362702520194,9.811589,0.10281135255899329,0.0,5953.0,1.882,1.506,4.007536427792813,G,-1.2391604215106364,4
EPIC 218701083.01,k2,NON_HABITABLE,2.1388,1459.792232947931,1073.998,5.0521,0.0529,0.0,6262.0,1.476,1.198,3.0180030783050213,F,-1.2679749965615614,2
EPIC 220299658.01,k2,NON_HABITABLE,197.025,2367.5684935515983,7431.038067456807,21.98131,0.1574154899494502,0.0,4491.0,22.415,1.077,184.13842195108643,K,-1.2939550984120027,4
EPIC 220434612.01,k2,NON_HABITABLE,1.28,812.9108468206971,103.27874504598529,2.010607,0.026440393976397938,0.0,3806.0,0.618,0.61,0.0722015957736449,K,-1.174324273161961,4
EPIC 220477223.01,k2,NON_HABITABLE,4.757,1218.0640806958595,520.6187731663981,4.684559,0.0529209042109264,0.0,5829.0,1.184,0.901,1.4580564431073144,G,-1.2495392723406875,4
EPIC 220492298 b,k2,NON_HABITABLE,0.99,1858.9269222225062,2824.155119518223,0.762406,0.015876900365191945,0.0,5620.0,0.89,0.9185546424490317,0.7119016276446779,G,-1.2840086230894179,5
EPIC 220554210 c,k2,NON_HABITABLE,1.6,1966.7148902318902,3538.3835052209506,0.70531,0.015258517622623115,0.0,5499.0,1.0,0.9527027027027027,0.8238147984117962,G,-1.2867734874940544,5
EPIC 220648214.01,k2,NON_HABITABLE,2.91662791,638.0378719571985,39.194498299201356,29.435233,0.1924616982455159,0.0,5785.0,1.199507,1.0976867810774267,1.4518232161494369,G,-1.0897958627208215,5
EPIC 220674823 b,k2,NON_HABITABLE,1.676,2299.0,4656.0,0.5713127,0.01314,0.0,5578.0,0.99,0.913,0.8548287875884683,G,-1.2903557320152395,1
EPIC 220674823 c,k2,NON_HABITABLE,2.84,804.0,70.0,13.33989,0.1073,0.17,5578.0,0.99,0.913,0.8548287875884683,G,-1.149992547536964,0
EPIC 226042826.01,k2,NON_HABITABLE,1.282,1027.2719540383964,263.37891484170876,3.128977,0.04769061344705033,0.0,5140.0,0.976,1.478,0.5990275845554157,K,-1.225018318909554,4
EPIC 228707509.01,k2,NON_HABITABLE,16.31,734.0,49.24619348796035,15.35092,0.11841464220187471,0.0,5417.0,0.943467,0.94,0.6905314787575992,G,-1.113544044020736,3
EPIC 228724899.01,k2,NON_HABITABLE,3.58,1000.0,241.34938177761777,5.20256,0.05796622162659025,0.0,5489.0,0.995782,0.96,0.8109539184877362,G,-1.221227110203327,3
EPIC 228734889.01,k2,NON_HABITABLE,17.99855135,492.84933217094084,13.953911617749387,48.249552,0.2577460659818366,0.0,5792.0,0.956171,0.9812281853286707,0.9270006923181396,G,-0.9409841687962086,5
EPIC 228737155.01,k2,NON_HABITABLE,316.73370059,1551.0305191710415,1368.7390310248347,25.988289,0.24853184027880518,0.0,4382.0,15.95329,3.0322931214218314,84.54437598931818,K,-1.2726899648656358,5
EPIC 228753871.01,k2,NON_HABITABLE,2.35,571.0,22.06931745842005,18.69646,0.13260994928176353,0.0,5212.0,0.764037,0.89,0.3880977454068799,G,-1.0165624422702138,3
EPIC 228758948.01,k2,NON_HABITABLE,4.15,812.0,97.80684510913906,12.20239,0.10576413120318419,0.0,5869.0,1.01169,1.06,1.094072401471279,G,-1.1705822272222866,3
EPIC 228784812.01,k2,NON_HABITABLE,1.36,1142.0,324.3214464737113,4.18787,0.050643179006474255,0.0,5589.98,0.972391,0.988,0.8317974558040705,G,-1.2334121770342352,3
EPIC 228809391.01,k2,NON_HABITABLE,2.77,644.0,39.41019628058953,19.57833,0.14168874211982457,0.0,5613.0,0.940594,0.99,0.7911872634204233,G,-1.0903991396652422,3
EPIC 228814754.01,k2,NON_HABITABLE,1.005,590.5498646004785,28.765079281466793,0.844548,0.008925652113953677,0.0,3109.0,0.165,0.133,0.002291635212828182,M,-1.0529667927799922,4
EPIC 228834632.01,k2,NON_HABITABLE,1.82,516.0,17.67414424159057,11.73677,0.08627845797255503,0.0,3984.72,0.761077,0.622,0.13156584033950142,K,-0.9821070006854876,3
EPIC 228836835 b,k2,NON_HABITABLE,1.1,886.0926883237481,145.79945146772536,0.728113,0.01137790851490925,0.0,3782.0,0.32,0.3706552801729069,0.01887473074568319,K,-1.195800608008767,5
EPIC 228846243.01,k2,NON_HABITABLE,8.35,914.0,101.43343984178523,25.58142,0.1664430122073399,0.0,5409.94,1.9082,0.94,2.8100386112798112,G,-1.1730962231526847,3
EPIC 228872473.01,k2,NON_HABITABLE,2.72,716.4613353121508,62.3175413964378,10.583942,0.09264489158507319,0.0,5280.0,0.874,0.947,0.5348761900009241,G,-1.1353526442083623,4
EPIC 228888935.01,k2,NON_HABITABLE,18.81,1503.0,728.0490027276038,5.69046,0.0619602924236547,0.0,5549.0,1.80891,0.98,2.795036790785163,G,-1.258863944491734,3
EPIC 228952747.01,k2,NON_HABITABLE,1.51966184,1129.6935867682853,385.1961443890231,1.055785,0.01687937661987418,0.0,4315.0,0.592773,0.5755707092064466,0.10974752586004455,K,-1.2397194044842665,5
EPIC 228964773.01,k2,NON_HABITABLE,5.1,498.0,12.039241687698599,37.20364,0.21515620897576676,0.0,5476.0,0.829429,0.96,0.5573229149599519,G,-0.9127273431777717,3
EPIC 228974907.01,k2,NON_HABITABLE,3.01,1349.0,1142.6911321909483,20.84919,0.20093970362694857,0.0,9767.0,2.37225,2.49,46.138170733497255,A,-1.2691713831488443,3
EPIC 229004835 b,k2,NON_HABITABLE,2.332,804.0,69.7,16.141132,0.1237,0.23,5868.0,0.999,0.97,1.0660709457966877,G,-1.1448221185997134,0
EPIC 229039390.01,k2,NON_HABITABLE,27.97665274,2896.6640363690294,16650.672842587537,0.251647,0.007810959841292274,0.0,5833.0,0.986936,1.003945527736482,1.0158757600060873,G,-1.2992624089823945,5
EPIC 229103251.01,k2,NON_HABITABLE,3.87,946.0,141.80369617337726,11.67254,0.1013717214200874,0.0,5725.0,1.22705,1.02,1.4572068158532658,G,-1.1942036181451283,3
EPIC 229133720.01,k2,NON_HABITABLE,2.24,870.0,128.95677945835214,4.03692,0.0459072917524417,0.0,4861.07,0.735009,0.792,0.2717737608469129,K,-1.1885753593100978,3
EPIC 230517965.01,k2,NON_HABITABLE,2.279,607.82316878857,32.281096614984904,9.632039,0.07948119797577424,0.0,4646.0,0.697,0.722,0.20392810724901256,K,-1.0673649361221582,4
EPIC 236744423.01,k2,HABITABILITY_ZONE,3.792,306.94132250491,2.099233354982803,18.239311,0.15929658821870568,0.0,4015.0,0.477,1.621,0.05326889241176854,K,-0.3586905175183501,4
EPIC 245928102.01,k2,NON_HABITABLE,2.462,583.6092525717894,27.436452232326324,11.109675,0.08721284856298117,0.0,4813.0,0.657,0.717,0.2086838767825091,K,-1.046818225482753,4
EPIC 246030759.01,k2,NON_HABITABLE,8.456,426.5934184800731,7.832418446894119,29.957262,0.18286442432567804,0.0,4897.0,0.711,0.909,0.26191135527288956,K,-0.8174749464638317,4
EPIC 246061904.01,k2,NON_HABITABLE,3.848,671.562721541203,48.10448837991948,7.084267,0.0692035596087424,0.0,4572.0,0.765,0.881,0.2303787765141229,K,-1.1112270542667184,4
EPIC 246061904.02,k2,NON_HABITABLE,3.302,469.92547331905786,11.533343538833241,20.676056,0.14133301366200582,0.0,4572.0,0.765,0.881,0.2303787765141229,K,-0.9041091019686907,4
EPIC 246067130.01,k2,NON_HABITABLE,1.2,1003.7933823430237,240.11350708901043,6.786539,0.06498719506013464,0.0,5866.0,0.975,0.795,1.0140799037491495,G,-1.2209990899990066,4
EPIC 246088339.01,k2,NON_HABITABLE,3.504,1305.7497558189937,687.5101139374233,2.988541,0.03886683651722686,0.0,5761.0,1.023,0.877,1.038574077766287,G,-1.2573795687297975,4
EPIC 246120353.01,k2,HABITABILITY_ZONE,2.486,320.01535001116395,2.480404552990419,21.436032,0.11708414448102272,0.0,3627.0,0.467,0.466,0.03400311417867658,M,-0.434828484402839,4
EPIC 246260670.01,k2,NON_HABITABLE,6.957,797.8886872365349,95.85361764293697,3.853494,0.045351429543999504,0.0,4459.0,0.744,0.838,0.19714713529237585,K,-1.1691694934811792,4
EPIC 246261316.01,k2,NON_HABITABLE,2.57,848.0064999982161,122.3026881948216,4.696045,0.05312477608374708,0.0,5003.0,0.782,0.907,0.3451677630277562,K,-1.1853174659599335,4
EPIC 246290342.01,k2,NON_HABITABLE,2.532,524.0287313666538,17.834448108683087,16.607299,0.12785652757175792,0.0,4878.0,0.756,1.011,0.291544924519379,K,-0.9835836952536751,4
EPIC 246310303.01,k2,NON_HABITABLE,2.705,629.2852033347338,37.08765366096509,16.980197,0.12256925080843245,0.0,5319.0,0.879,0.852,0.5571760263598978,G,-1.0836292515369588,4
EPIC 246313886.01,k2,NON_HABITABLE,0.99,986.0,158.52435773153334,1.827,0.0187,0.0,3949.0,0.503,0.523,0.055434382655139905,K,-1.2004776039306104,2
EPIC 246317113.01,k2,NON_HABITABLE,8.559,880.259726586535,141.99812459877043,1.29655,0.018949479405917537,0.0,3583.0,0.586,0.54,0.050989079880983675,M,-1.1942828825951413,4
EPIC 246325464.01,k2,NON_HABITABLE,4.742,935.3251009680513,181.00461009231338,3.379516,0.04034359940889155,0.0,4940.0,0.741,0.767,0.2946041918149568,K,-1.2075005551940523,4
EPIC 246331347.01,k2,NON_HABITABLE,2.22,928.0,123.2998161028639,1.082,0.0162,0.0,3408.0,0.516,0.245,0.032358803738035596,M,-1.185822414928958,2
EPIC 246331418.01,k2,NON_HABITABLE,0.97,851.0,87.65032494287519,3.35,0.0266,0.0,4408.0,0.427,0.276,0.06201786391658077,K,-1.162729218777066,2
EPIC 246331418.02,k2,NON_HABITABLE,1.43,516.0,11.831496275407641,9.32,0.0724,0.0,4408.0,0.427,0.276,0.06201786391658077,K,-0.9092552244803508,2
EPIC 246366798.01,k2,NON_HABITABLE,2.511,976.7548625881628,215.26905586850341,7.539949,0.07900051251779093,0.0,5661.0,1.205,1.157,1.3435116097487887,G,-1.2160066229040443,4
EPIC 246377038.01,k2,NON_HABITABLE,10.889,858.9943700417327,128.76580520467917,5.10555,0.07152877683403618,0.0,4938.0,1.109,1.873,0.6588129768148249,K,-1.1884853914100764,4
EPIC 246380972.01,k2,NON_HABITABLE,2.787,526.2049666116633,18.13255693454558,17.768404,0.1323673341333775,0.0,4961.0,0.763,0.98,0.3177025454036798,K,-0.9862775761968673,4
EPIC 246405278.01,k2,NON_HABITABLE,6.184,1343.5415255623782,770.6259939044411,4.464438,0.05386354619213099,0.0,5894.0,1.434,1.046,2.2358030230636285,G,-1.2602950586145116,4
EPIC 246429728.01,k2,NON_HABITABLE,3.034,388.3032551344818,5.376794067581568,11.416439,0.07854541694526816,0.0,3668.0,0.451,0.496,0.03317149935087785,M,-0.71556276609039,4
EPIC 246448041.01,k2,NON_HABITABLE,2.26,1001.8513047019856,238.2606655854058,7.21084,0.06744068930257846,0.0,5739.0,1.053,0.787,1.0836682558741262,G,-1.2206539207589149,4
EPIC 246711015.01,k2,POTENTIALLY_HABITABLE,1.233,224.39841675939493,0.5996784357219899,13.284219,0.05061033670015245,0.0,3245.0,0.124,0.098,0.001536020051812426,M,0.4698398824813207,4
EPIC 246711015.02,k2,POTENTIALLY_HABITABLE,0.505,183.70242829446127,0.26933876644744437,24.213117,0.07551774430387008,0.0,3245.0,0.124,0.098,0.001536020051812426,M,1.3457436972486652,4
EPIC 246777408.01,k2,NON_HABITABLE,30.186,2343.2611608461802,7130.534002291291,2.46564,0.04434023102598355,0.0,7068.0,2.497,1.913,14.019029781885544,F,-1.2936216759096277,4
EPIC 246851148.01,k2,NON_HABITABLE,1.975,439.8638336486082,8.853445094729782,18.896192,0.10931069434685167,0.0,4459.0,0.545,0.488,0.10578829174654936,K,-0.8467416314331158,4
EPIC 246851721 b,k2,NON_HABITABLE,11.780659,1401.0,642.0,6.180235,0.07229,0.0,6202.0,1.586,1.317,3.352958081082028,F,-1.2555318981421526,1
EPIC 246899433.01,k2,NON_HABITABLE,25.768,803.9414173569243,98.79543799297831,13.107894,0.10725485673057551,0.0,5732.0,1.081,0.958,1.1365036245553162,G,-1.1712812363359726,4
EPIC 246909566.01,k2,NON_HABITABLE,1.07,452.0,7.0473587036334155,1.925,0.0251,0.0,3067.0,0.236,0.121,0.004439906456876089,M,-0.7907691230866277,2
EPIC 246947582.01,k2,NON_HABITABLE,16.514,550.607060435059,21.73733920513432,21.371372,0.16157159867710502,0.0,4692.0,1.14,1.232,0.5674615327248417,K,-1.0143306365247293,4
EPIC 246987084.01,k2,NON_HABITABLE,1.837,682.2884190506305,51.252054267531484,7.098695,0.06735580568248802,0.0,4857.0,0.681,0.809,0.23252055346607814,K,-1.1174256597019776,4
EPIC 247122439.01,k2,NON_HABITABLE,1.108,1523.5962666225357,1274.4384845461332,0.73217,0.014976714908838572,0.0,4641.0,0.827,0.836,0.28585908752888495,K,-1.2713362981652583,4
EPIC 247164043.01,k2,NON_HABITABLE,2.282,1288.2321499281638,651.3520917644997,5.228352,0.05871765610191212,0.0,6265.0,1.272,0.988,2.2457077319115455,F,-1.2559403055552691,4
EPIC 247223703.01,k2,NON_HABITABLE,0.9532,867.5548305047715,133.976,3.1764,0.0377,0.0,4434.0,0.741,0.861,0.19121144406833593,K,-1.191117574015009,2
EPIC 247226616.01,k2,NON_HABITABLE,36.563,2236.5607850936194,5917.824777106942,2.419472,0.04506696916313597,0.0,6830.0,2.476,2.086,12.019289773871062,F,-1.2920271982607345,4
EPIC 247281516.01,k2,NON_HABITABLE,25.455,1418.096127545356,956.4493196618442,6.770834,0.0866770986950611,0.0,6310.0,2.243,1.895,7.185726685334287,F,-1.2653782248729384,4
EPIC 247396991.01,k2,NON_HABITABLE,2.119,603.9148627213191,31.45879984582074,14.616783,0.11761759257394594,0.0,5174.0,0.821,1.016,0.43519783087714314,K,-1.0642150267232537,4
EPIC 247560727.01,k2,NON_HABITABLE,1.5839,824.7669037165907,109.437,3.3733,0.0279,0.0,5634.0,0.779,0.693,0.5508546200773777,G,-1.258133558139057,2
EPIC 247560727.02,k2,NON_HABITABLE,2.9192,1313.85118910736,704.732,8.4356,0.0708,0.0,5634.0,0.779,0.693,0.5508546200773777,G,-1.178469004613109,2
EPIC 247562358.01,k2,NON_HABITABLE,2.413,759.3653322437144,78.63978959991267,3.09246,0.038770918763809815,0.0,4051.0,0.698,0.813,0.11821008464028619,K,-1.154523996649191,4
EPIC 247698108.01,k2,NON_HABITABLE,24.603,1147.9814572882613,410.75113395640807,20.379434,0.15724930759060904,0.0,4993.0,4.259,1.249,10.156784890751963,K,-1.2419389830484726,4
EPIC 247708770.01,k2,NON_HABITABLE,10.293,1665.6258204621247,1820.3255161819468,4.420394,0.07143682370871889,0.0,5943.0,2.875,2.489,9.289521183113795,G,-1.2776397072076822,4
EPIC 247724061.01,k2,NON_HABITABLE,4.073,1817.6022818576912,2581.2776155346696,1.248905,0.02300257010481431,0.0,5496.0,1.289,1.041,1.3658010467535422,G,-1.282815922474329,4
EPIC 247744801.01,k2,NON_HABITABLE,1.673,706.6036331587063,58.958,12.505,0.1034,0.0,5214.0,0.975,1.027,0.6329771739682862,G,-1.130819757142582,2
EPIC 247856284.01,k2,NON_HABITABLE,2.635,670.6689007874731,47.848899291711305,11.95706,0.10074084302977437,0.0,5292.0,0.829,0.954,0.48560495941320864,G,-1.1106970308023576,4
EPIC 247874191.01,k2,NON_HABITABLE,2.4551,1079.9734281804153,321.73,7.624,0.0775,0.0,5998.0,1.29,1.053,1.9404389190299831,G,-1.2332640890762818,2
EPIC 247885088.01,k2,NON_HABITABLE,2.786,688.7396331297102,53.21812606966792,6.363302,0.06769321990783057,0.0,4482.0,0.819,1.022,0.243865251937769,K,-1.1210152785647693,4
EPIC 247988033.01,k2,NON_HABITABLE,1.006,601.6512467093055,30.989784920739417,5.164157,0.04964283963527964,0.0,3832.0,0.627,0.612,0.07637158317959729,K,-1.0623625216610066,4
EPIC 248018863.01,k2,NON_HABITABLE,3.794,698.3318550848401,56.245358763846816,18.001053,0.1299274876460944,0.0,5579.0,1.043,0.903,0.94948645317578,G,-1.1261698302779817,4
EPIC 248222323.01,k2,NON_HABITABLE,5.543,1031.8072224543796,268.0609376475391,9.426901,0.09091220282376138,0.0,5895.0,1.427,1.128,2.2155313221691033,G,-1.2257632476760614,4
EPIC 248420036.01,k2,NON_HABITABLE,3.725,783.9191470333392,89.31499262780622,4.71688,0.052284144873781024,0.0,4846.0,0.701,0.857,0.24415430452701362,K,-1.1641075724216028,4
EPIC 248526480.01,k2,NON_HABITABLE,8.002,596.3010654165209,29.902095176227718,18.436944,0.1319190165393287,0.0,5308.0,0.853,0.901,0.5203750066188724,G,-1.0578998605390841,4
EPIC 248527709.01,k2,NON_HABITABLE,2.378,663.108314702043,45.727469894532064,5.751763,0.05837120087669531,0.0,4256.0,0.726,0.802,0.15580250243945082,K,-1.1061276203967774,4
EPIC 248527709.02,k2,NON_HABITABLE,2.354,543.0390099071585,20.566642240381288,10.472764,0.08703732153172165,0.0,4256.0,0.726,0.802,0.15580250243945082,K,-1.0060336209877392,4
EPIC 248574836.01,k2,NON_HABITABLE,5.581,774.9992394816303,85.31873027025506,3.917682,0.04444273904620714,0.0,4566.0,0.656,0.763,0.16851789192558256,K,-1.1607312389902407,4
EPIC 248639411.01,k2,NON_HABITABLE,3.05,873.8713156824865,137.92062442965803,3.577394,0.043700940533267715,0.0,4626.0,0.799,0.87,0.26339697482404834,K,-1.1925856360379479,4
EPIC 248740016.01,k2,NON_HABITABLE,2.55,791.0354172791233,92.60256006057251,14.390721,0.11023812497157938,0.0,5872.0,1.025,0.863,1.1253474436585578,G,-1.1667196901900971,4
EPIC 248740571.01,k2,NON_HABITABLE,2.364,658.2518463379048,44.40252035289968,9.032248,0.08468116720169368,0.0,4967.0,0.762,0.993,0.31840603669047585,K,-1.1031090914354436,4
EPIC 248740571.02,k2,NON_HABITABLE,2.576,542.8924616520209,20.544450201662986,16.100178,0.12449255631330843,0.0,4967.0,0.762,0.993,0.31840603669047585,K,-1.0058695241980882,4
EPIC 248740905.01,k2,NON_HABITABLE,9.774,1837.6746173473055,2697.2036902822465,2.491154,0.041077341036835455,0.0,6362.0,1.756,1.49,4.551121108512046,F,-1.28340529505901,4
EPIC 248775938.01,k2,NON_HABITABLE,5.06,873.0,118.18920238442006,1.754,0.0365,0.0,4663.0,0.608,0.625,0.1574575648766436,K,-1.1831672598002745,2
EPIC 248782482.01,k2,NON_HABITABLE,1.28,417.0,5.028573678549612,16.222,0.0999,0.0,3852.0,0.503,0.518,0.05018521559766192,K,-0.6953272853262056,2
EPIC 248827616.01,k2,NON_HABITABLE,5.97,1758.9747749130172,2264.0067835128443,2.571267,0.042654863209022204,0.0,6216.0,1.75,1.566,4.119218514757886,F,-1.2809774430864382,4
EPIC 248847494 b,k2,NON_HABITABLE,12.44199,183.0,0.19,3650.0,4.5,0.0,4898.0,2.7,0.9,3.7800484102501537,K,1.8800528245493102,1
EPIC 248865761.01,k2,NON_HABITABLE,2.285,898.4584733221147,154.11017502433512,13.071041,0.10619005322848715,0.0,5937.0,1.246,0.935,1.7377967899652362,G,-1.198920956241801,4
EPIC 248869142.01,k2,NON_HABITABLE,3.657,772.8820694713248,84.39023692185305,28.848339,0.16329474154245346,0.0,5344.0,1.75,0.698,2.2502802345771213,G,-1.1599126402605402,4
EPIC 249217834.01,k2,NON_HABITABLE,2.17,868.0502053035142,134.28226398671055,6.695687,0.06634525559553717,0.0,5320.0,0.905,0.869,0.5910692933625094,G,-1.19100636578176,4
EPIC 249217834.02,k2,NON_HABITABLE,2.551,539.3273188396477,20.01008603213829,27.917236,0.1718678804217222,0.0,5320.0,0.905,0.869,0.5910692933625094,G,-1.001836167503818,4
EPIC 249236972.01,k2,NON_HABITABLE,2.77,418.7100293405687,7.269302352443975,17.818211,0.11535483972654836,0.0,3878.0,0.689,0.645,0.09673070946743906,K,-0.7987561781291515,4
EPIC 249239123.01,k2,NON_HABITABLE,31.682,1598.3359145471934,1543.5173332629881,5.116834,0.05927149253112194,0.0,6983.0,1.591,1.061,5.422545911425509,F,-1.2748624847561871,4
EPIC 249373875.01,k2,NON_HABITABLE,2.249,1193.0779680096148,479.19754205539937,7.522109,0.07677522035899673,0.0,6356.0,1.386,1.067,2.8245985056005067,F,-1.2469827460709513,4
EPIC 249401939.01,k2,NON_HABITABLE,2.846,609.2770279334436,32.59106059784614,18.786043,0.1207176039328294,0.0,5450.0,0.773,0.665,0.4749410491341977,G,-1.0685212380508735,4
EPIC 249418609.01,k2,NON_HABITABLE,1.77,803.6487690736006,98.65166367471319,15.320606,0.11440201299136706,0.0,5819.0,1.118,0.851,1.2911352737455917,G,-1.1711802304583403,4
EPIC 249476992.01,k2,NON_HABITABLE,1.992,836.0806834761505,115.56652040500688,7.943604,0.07342772287107335,0.0,5498.0,0.87,0.837,0.623091974580176,G,-1.1817367930900247,4
EPIC 249559552.01,k2,NON_HABITABLE,2.403,675.998231081695,49.38800873410762,7.815366,0.0769192177988046,0.0,4884.0,0.755,0.994,0.2922074165820524,K,-1.1138262222540949,4
EPIC 249559552.02,k2,NON_HABITABLE,2.318,498.22948522976,14.573268964724337,19.520805,0.14160126304732082,0.0,4884.0,0.755,0.994,0.2922074165820524,K,-0.9489095894512658,4
EPIC 249561595.01,k2,NON_HABITABLE,23.661,699.2165791577634,56.530932264280885,39.57057,0.21744833657181972,0.0,5166.0,2.041,0.876,2.6729961122492387,K,-1.1266345961868305,4
EPIC 249599275.01,k2,NON_HABITABLE,2.348,562.6711789064625,23.705982506534298,11.29231,0.09223790508212276,0.0,4660.0,0.689,0.821,0.2016864960296984,K,-1.0268710863290629,4
EPIC 249649721.01,k2,NON_HABITABLE,2.49,461.11735305336265,10.692644867290195,24.481285,0.16505955982503542,0.0,4861.0,0.761,1.001,0.291317455621735,K,-0.8884567833426099,4
EPIC 249703125.01,k2,NON_HABITABLE,2.602,745.3551077183323,72.9948475573669,10.307387,0.08828294644232774,0.0,5359.0,0.875,0.864,0.5689129826627968,G,-1.1486263382650557,4
EPIC 249731291.01,k2,NON_HABITABLE,6.31,1230.54686856972,542.290400356391,10.205377,0.12175547388600846,0.0,6332.0,2.356,2.312,8.039127328007517,F,-1.2507585468058775,4
EPIC 249731291.02,k2,NON_HABITABLE,5.824,934.0306351253564,180.00466546609056,23.336739,0.21133069090367487,0.0,6332.0,2.356,2.312,8.039127328007517,F,-1.2072164090134723,4
EPIC 249822095.01,k2,NON_HABITABLE,5.738,1958.61223069334,3480.431790757824,1.696716,0.028350926744823604,0.0,5289.0,1.992,1.056,2.7974842272072222,G,-1.2865813861501767,4
EPIC 249827330.01,k2,NON_HABITABLE,10.695,759.2812085504304,78.60494802876228,31.396001,0.1914012679965051,0.0,5631.0,1.783,0.949,2.879648675996142,G,-1.1544895557172778,4
EPIC 249828900.01,k2,NON_HABITABLE,1.933,431.0489650777503,8.16480289783655,18.277358,0.12238245368816063,0.0,4280.0,0.636,0.732,0.12228804939530076,K,-0.8276031496050761,4
EPIC 249865296.01,k2,NON_HABITABLE,6.05,719.487351731922,63.377037232216615,28.888589,0.1860814773153085,0.0,6117.0,1.319,1.03,2.194513331012251,F,-1.1368181416036938,4
EPIC 249883770.01,k2,NON_HABITABLE,1.398,912.658061341736,164.08604794632112,2.228112,0.03079789832846743,0.0,4355.0,0.693,0.785,0.15563734618205693,K,-1.2023487653376776,4
EPIC 249893012 b,k2,NON_HABITABLE,1.95,1616.0,1037.0,3.5951,0.047,0.06,5430.0,1.71,1.05,2.2902677065702512,G,-1.2671396969032214,0
EPIC 249893012 c,k2,NON_HABITABLE,3.67,990.0,160.0,15.624,0.13,0.07,5430.0,1.71,1.05,2.2902677065702512,G,-1.1915502269322467,0
EPIC 249893012 d,k2,NON_HABITABLE,3.94,752.0,53.0,35.747,0.22,0.15,5430.0,1.71,1.05,2.2902677065702512,G,-1.1095857414215513,0
EPIC 249901311.01,k2,NON_HABITABLE,1.433,898.3167647798509,154.01297047809476,0.801864,0.012277710885824805,0.0,3594.0,0.393,0.384,0.023216251625971997,M,-1.198885926135884,4
EPIC 249921188.01,k2,NON_HABITABLE,12.272,868.3811887296476,134.487185914553,17.562214,0.14453524150846853,0.0,5873.0,1.619,1.306,2.809495955266658,G,-1.1910970141659876,4
EPIC 250045116.01,k2,HABITABILITY_ZONE,2.45,345.104998482556,3.354627298878895,35.960194,0.18422183580825757,0.0,4090.0,0.672,0.645,0.11384828385246587,K,-0.5574473755555969,4
EPIC 250099723.01,k2,NON_HABITABLE,2.07,407.0,4.5273277586043035,17.92,0.1417,0.0,4176.0,0.576,0.603,0.09090371605896236,K,-0.6621964414587864,2
EPIC 250106132.01,k2,NON_HABITABLE,3.715,585.8596408562923,27.862084331141663,22.122365,0.16026001224643513,0.0,5393.0,0.969,1.122,0.715589477135499,G,-1.0488357616407828,4
EPIC 251304634.01,k2,NON_HABITABLE,1.11,786.9231377571268,90.69190787178627,4.392503,0.04671728552347995,0.0,4707.0,0.669,0.705,0.19793552122969005,K,-1.1652188708232665,4
EPIC 251399501.01,k2,NON_HABITABLE,2.605,895.554568168454,152.12741736886335,11.634988,0.09666007896943979,0.0,6020.0,1.096,0.89,1.4213524539381417,F,-1.1981997913236684,4
EPIC 251578729.01,k2,NON_HABITABLE,21.936,648.509473685247,41.8316097732586,14.223889,0.13523945344499683,0.0,5023.0,1.155,1.631,0.7650880018853765,K,-1.0968479879733712,4
EPIC 251584580.01,k2,NON_HABITABLE,2.67,605.4482908839345,31.77953282157656,10.973135,0.0905649760987457,0.0,4940.0,0.697,0.823,0.2606562015830675,K,-1.065458170356027,4
G 9-40 b,k2,NON_HABITABLE,1.9,440.6,6.27,5.7459982,0.0418,0.0,3395.0,0.3026,0.2952,0.010959523498083585,M,-0.7596341665871902,1
GJ 9827 b,k2,NON_HABITABLE,1.44,1035.01,273.1812543594245,1.208974,0.0189,0.0,4236.0,0.58,0.62,0.09758307586973003,K,-1.2265558858460566,2
GJ 9827 c,k2,NON_HABITABLE,1.13,715.94,62.54323080899217,3.648103,0.0395,0.0,4236.0,0.58,0.62,0.09758307586973003,K,-1.1356679372443876,2
GJ 9827 d,k2,NON_HABITABLE,1.98,675.0,34.9,6.20183,0.053,0.0,4236.0,0.58,0.62,0.09758307586973003,K,-1.076105446655915,1
HAT-P-54 b,k2,NON_HABITABLE,10.581296,818.0,75.15560675610429,3.799847,0.04117,0.074,4390.0,0.617,0.645,0.12738641611222665,K,-1.1509622206115853,1
HAT-P-56 b,k2,NON_HABITABLE,16.92559,1684.2670805349092,1903.1942615839107,2.79083,0.04360385501347683,0.0,6566.0,1.47,1.42,3.618535964190958,F,-1.278350816037713,4
HATS-11 b,k2,NON_HABITABLE,18.03,1596.0,1542.1614771611055,3.619188,0.0507,0.0,6563.0,1.54,1.33,3.964110655427851,F,-1.2748470667255136,2
HATS-12 b,k2,NON_HABITABLE,7.76,1446.0,1035.6144477265639,3.142702,0.0441,0.0,6357.0,1.17,1.16,2.0140733340830987,F,-1.2671154231455006,2
HATS-36 b,k2,NON_HABITABLE,12.92,1203.0,499.51043562615524,4.175186,0.0523,0.0,5950.0,1.1,1.1,1.3663058994638662,G,-1.2482761982540473,2
HATS-9 b,k2,NON_HABITABLE,13.85,1746.0,2213.4850290536124,1.915291,0.0312,0.0,5599.0,1.56,1.1,2.154694866681948,G,-1.2806487412625787,2
HD 106315 b,k2,NON_HABITABLE,2.44,1153.0,294.7687753409619,9.55237,0.0907,0.093,6327.0,1.296,1.091,2.42491238265467,F,-1.2296673967703116,1
HD 106315 c,k2,NON_HABITABLE,4.35,886.0,102.78118483881083,21.05704,0.1536,0.22,6327.0,1.296,1.091,2.42491238265467,F,-1.173996405766064,1
HD 137496 b,k2,NON_HABITABLE,1.31,2130.0,3450.9606238180086,1.62116,0.02732,0.0,5799.0,1.59,1.04,2.5757362727107824,G,-1.2864818426655191,2
HD 224018 b,k2,NON_HABITABLE,0.91,968.0,146.3729367894723,10.6413,0.0952,0.06,5784.0,1.147,1.013,1.3265837810404593,G,-1.1960244316346478,1
HD 224018 c,k2,NON_HABITABLE,2.42,641.0,28.171840154610617,36.57669,0.217,0.02,5784.0,1.147,1.013,1.3265837810404593,G,-1.0502751982512868,1
HD 224018 d,k2,NON_HABITABLE,2.4,411.0,4.722619370026554,138.0731,0.53,0.04,5784.0,1.147,1.013,1.3265837810404593,G,-0.6757307807718784,1
HD 3167 b,k2,NON_HABITABLE,1.67,1774.0,1650.0,0.959641,0.01796,0.0,5261.0,0.88,0.837,0.5344822190016564,G,-1.276085003660831,1
HD 3167 c,k2,NON_HABITABLE,3.0,564.0,16.9,29.8454,0.1776,0.06,5261.0,0.88,0.837,0.5344822190016564,G,-0.9751301022905288,0
HD 73344 b,k2,NON_HABITABLE,2.884,911.0,119.43025661983522,15.611,0.131,0.03,6252.6,1.22,1.2,2.0495426338529925,F,-1.1838276741353018,1
HD 80653 b,k2,NON_HABITABLE,1.613,2463.0,6130.0,0.719573,0.01661,0.0,5959.0,1.22,1.18,1.69086102408983,G,-1.2923381303048087,1
HD 89345 b,k2,NON_HABITABLE,7.39794,1089.0,233.91451474080682,11.8143,0.1066,0.22,5576.0,1.747,1.157,2.6581016231280428,G,-1.219828235765815,1
HIP 116454 b,k2,NON_HABITABLE,2.469,753.2,51.2858,9.1004157,0.0792,0.215,5048.0,0.758,0.8,0.33613250072070344,K,-1.121666810039181,0
HIP 41378 b,k2,NON_HABITABLE,2.595,959.0,140.0,15.57208,0.12823018361319496,0.0,6320.0,1.273,1.16,2.329269986892508,F,-1.1941438734645615,2
HIP 41378 c,k2,NON_HABITABLE,2.727,757.0,54.0,31.70603,0.20599361421308868,0.0,6320.0,1.273,1.16,2.329269986892508,F,-1.123918860396487,2
HIP 41378 d,k2,HABITABILITY_ZONE,3.54,367.0,3.01,278.3618,0.876662179341791,0.0,6320.0,1.273,1.16,2.329269986892508,F,-0.5182651696168745,2
HIP 41378 e,k2,HABITABILITY_ZONE,4.92,335.0,2.1,369.0,1.057897093919521,0.0,6320.0,1.273,1.16,2.329269986892508,F,-0.35459923890329514,2
HIP 41378 f,k2,HABITABILITY_ZONE,9.2,294.0,1.24,542.07975,1.3671032088896873,0.0,6320.0,1.273,1.16,2.329269986892508,F,-0.07536768626988867,2
K2-10 b,k2,NON_HABITABLE,3.773,649.0,42.1,19.30553,0.1349652282805101,0.0,5533.0,0.956,0.88,0.7717083079157326,G,-1.0981942409422691,2
K2-100 b,k2,NON_HABITABLE,3.88,1841.0,1915.0,1.6739035,0.0301,0.0,5945.0,1.24,1.15,1.730396055560571,G,-1.2784063950564966,1
K2-101 b,k2,NON_HABITABLE,2.0,618.0,24.272780105785994,14.6762429,0.1124,0.0,4927.0,0.76,0.82,0.3066564783892749,K,-1.0301956423168346,2
K2-102 b,k2,NON_HABITABLE,1.3,607.4171238362953,32.194923869707885,9.915615,0.08279101287720007,0.1,4695.0,0.71,0.77,0.22067533480322127,K,-1.0670405110520995,3
K2-104 b,k2,NON_HABITABLE,1.79,798.0,67.29430671986412,1.9741954,0.0242,0.0,3712.0,0.48,0.51,0.039410237787421226,K,-1.1419325838696275,2
K2-105 b,k2,NON_HABITABLE,3.4,805.0,100.0,8.26726,0.07838329793122994,0.0,5373.0,0.905,0.94,0.6149775061415045,G,-1.1721842877825155,2
K2-107 b,k2,NON_HABITABLE,15.98,1649.0,1765.39453094494,3.313959,0.0475,0.0,6061.0,1.81,1.3,3.983171410444521,F,-1.277140985975378,2
K2-108 b,k2,NON_HABITABLE,5.33,1360.0,812.4743351271584,4.733999,0.0581,0.0,5599.0,1.76,1.17,2.742596490398587,G,-1.2615905861708718,2
K2-11 b,k2,NON_HABITABLE,7.55,734.0,408.7002189526639,39.93767,0.2257,0.0,5433.0,5.15,1.35,20.819389416555985,G,-1.2417685687904894,2
K2-110 b,k2,NON_HABITABLE,2.592,638.0,27.7,13.86375,0.10207,0.13,5010.0,0.713,0.738,0.28855238846233333,K,-1.0480574763196824,0
K2-111 b,k2,NON_HABITABLE,1.82,1309.0,490.0,5.3518,0.0565,0.1,5775.0,1.25,0.84,1.5657509741942415,G,-1.2477114190256642,0
K2-113 b,k2,NON_HABITABLE,12.14,1098.0,344.93220863741317,5.817685,0.0642,0.0,5660.0,1.24,1.04,1.4216863884083073,G,-1.2357338808090967,2
K2-114 b,k2,NON_HABITABLE,10.59248676,701.4,40.31133046115219,11.390931,0.0944,0.079,4899.0,0.832,0.863,0.35922877781829315,K,-1.0928668948077553,1
K2-115 b,k2,NON_HABITABLE,11.80305668,696.0,39.054084809842585,20.2729914,0.1415,0.063,5870.0,0.855,0.918,0.7819506495838705,G,-1.0894004630413974,1
K2-116 b,k2,NON_HABITABLE,0.69,759.2692594491311,78.6,4.655411,0.048,0.06,4348.35,0.6694,0.694512,0.1443324885223568,K,-1.1358085932898354,1
K2-117 b,k2,NON_HABITABLE,2.03,868.0,133.64701661665853,1.2916,0.0189,0.0,3778.0,0.51,0.54,0.04774005080563659,K,-1.1907240367980207,2
K2-117 c,k2,NON_HABITABLE,2.06,537.0,19.722077965181352,5.444017,0.0492,0.0,3778.0,0.51,0.54,0.04774005080563659,K,-0.9995946253208521,2
K2-118 b,k2,NON_HABITABLE,2.54,367.2039077951289,4.3,50.92092,0.245,0.2,4726.29,0.734626,0.756446,0.24261003691637423,K,-0.6243951095525438,1
K2-119 b,k2,NON_HABITABLE,2.53,666.0,47.05588320262956,7.727283,0.0698,0.0,4740.0,0.71,0.76,0.22925814519853932,K,-1.109025131432517,2
K2-12 b,k2,NON_HABITABLE,2.44,1026.0,185.0,8.28246,0.0792,0.5,5672.0,1.117,0.965,1.1634452349794187,G,-1.2087438319735744,0
K2-121 b,k2,NON_HABITABLE,7.16,716.0,62.5,5.185738,0.052307787072364595,0.0,4526.0,0.675,0.71,0.17225048541290383,K,-1.1362383195209655,2
K2-122 b,k2,NON_HABITABLE,1.16,769.0,58.227118015084876,2.2193023,0.0373,0.0,4009.0,0.59,0.63,0.08101080702320743,K,-1.1293242680760918,2
K2-123 b,k2,HABITABILITY_ZONE,2.76,338.0,3.0572543988424354,30.951524,0.1649,0.0,4035.0,0.59,0.62,0.08313289218586747,K,-0.5216996094568775,2
K2-124 b,k2,NON_HABITABLE,2.9,442.0,9.17569281760145,6.413651,0.049,0.0,3570.0,0.388,0.39,0.022030838455061083,M,-0.8549480842018446,2
K2-125 b,k2,HABITABILITY_ZONE,2.18,303.24781432569387,2.0,21.750264,0.121,0.08,3654.47,0.402049,0.494727,0.025974684853774646,M,-0.27519069420268366,1
K2-126 b,k2,NON_HABITABLE,1.97,601.0,31.35251218927647,7.385655,0.0656,0.0,4339.0,0.65,0.69,0.13492114685484483,K,-1.0637988592426515,2
K2-127 b,k2,NON_HABITABLE,8.37,809.0,101.78020734025105,3.588163,0.0411,0.0,4575.0,0.66,0.72,0.17192814404122547,K,-1.1733295427405095,2
K2-128 b,k2,NON_HABITABLE,1.42,734.4078155902578,68.8,5.675819,0.056,0.23,4469.51,0.777569,0.711248,0.21737632351556851,K,-1.1444013566619675,1
K2-129 b,k2,NON_HABITABLE,1.04,371.4012053561024,4.5,8.239493,0.057,0.13,3459.09,0.36001,0.360031,0.016717498242964868,M,-0.7023464788017365,1
K2-13 b,k2,NON_HABITABLE,1.89,511.0,12.928964094651839,39.91488,0.2114,0.0,5698.0,0.78,0.8,0.5777948882314269,G,-0.9266383873639468,2
K2-130 b,k2,NON_HABITABLE,1.25,871.4526061126604,136.4,2.49412,0.032,0.17,4356.47,0.744261,0.69563,0.17975631039944914,K,-1.205919207744429,1
K2-131 b,k2,NON_HABITABLE,1.69,2223.0,4070.0,0.3693038,0.00936,0.0,5120.0,0.7595,0.803,0.3571331057930221,K,-1.2883566294311635,1
K2-132 b,k2,NON_HABITABLE,14.5717,1414.3126676095394,946.2829241877159,9.1751,0.08800114164647983,0.0,4840.0,3.85,1.08,7.328205102563217,K,-1.2651394714743247,4
K2-133 b,k2,NON_HABITABLE,1.34,609.4519651312639,32.628507240472096,3.07133,0.03194,0.0,3655.0,0.455,0.461,0.033286415409066086,M,-1.0686598138624293,3
K2-133 c,k2,NON_HABITABLE,1.603,522.7716705065027,17.663934967360174,4.86784,0.04341,0.0,3655.0,0.455,0.461,0.033286415409066086,M,-0.9820122741153442,3
K2-133 d,k2,NON_HABITABLE,2.003,398.06410844290417,5.938152716846876,11.02454,0.07487,0.0,3655.0,0.455,0.461,0.033286415409066086,M,-0.7443547675378992,3
K2-133 e,k2,POTENTIALLY_HABITABLE,1.73,296.0,1.8,26.5841,0.1346,0.0,3655.0,0.455,0.461,0.033286415409066086,M,-0.2931378931618413,1
K2-136 b,k2,NON_HABITABLE,1.014,610.0,33.5,7.9752,0.0707,0.14,4500.0,0.677,0.742,0.1693253971014631,K,-1.0731417386482085,0
K2-136 c,k2,NON_HABITABLE,3.0,470.0,11.91,17.30713,0.1185,0.047,4500.0,0.677,0.742,0.1693253971014631,K,-0.913041058220518,0
K2-136 d,k2,NON_HABITABLE,1.565,420.0,7.07,25.575,0.1538,0.071,4500.0,0.677,0.742,0.1693253971014631,K,-0.7948077105406546,0
K2-137 b,k2,NON_HABITABLE,0.64,1330.374861922279,740.8587228207904,0.179719,0.004370957209678466,0.0,3697.0,0.29,0.3449229780314667,0.014154303656050807,M,-1.2593074610523656,5
K2-138 b,k2,NON_HABITABLE,1.51,1194.8264077338906,482.01275320972906,2.35309,0.03385,0.048,5356.3,0.863,0.935,0.5523010579146547,G,-1.2471668771136857,2
K2-138 c,k2,NON_HABITABLE,2.299,1040.8018070694038,277.5309540462055,3.56004,0.04461,0.045,5356.3,0.863,0.935,0.5523010579146547,G,-1.2272119260890164,2
K2-138 d,k2,NON_HABITABLE,2.39,905.5572848735114,159.0387643833714,5.40479,0.05893,0.043,5356.3,0.863,0.935,0.5523010579146547,G,-1.2006547793721702,2
K2-138 e,k2,NON_HABITABLE,3.39,786.1053874940484,90.31551630265608,8.26146,0.0782,0.077,5356.3,0.863,0.935,0.5523010579146547,G,-1.1649176133642354,2
K2-138 f,k2,NON_HABITABLE,2.904,680.1243938505955,50.6049133652648,12.75758,0.10447,0.062,5356.3,0.863,0.935,0.5523010579146547,G,-1.1161986018941552,2
K2-138 g,k2,NON_HABITABLE,3.013,457.29196751260974,10.342215191526545,41.96797,0.23109,0.059,5356.3,0.863,0.935,0.5523010579146547,G,-0.8813755629774607,2
K2-139 b,k2,NON_HABITABLE,9.11,524.0,17.986411814914728,28.380619,0.1796,0.0,5370.0,0.88,0.96,0.5801725773277799,G,-0.9849652944797666,2
K2-14 b,k2,NON_HABITABLE,4.81,488.0,9.56495821881419,8.36802,0.0627,0.0,3789.0,0.45,0.47,0.03760262459604204,K,-0.864302728011832,2
K2-140 b,k2,NON_HABITABLE,13.56286665,962.0,204.0,6.569188,0.068,0.0,5585.0,1.06,0.96,0.9849159047787712,G,-1.2155077887899453,1
K2-141 b,k2,NON_HABITABLE,1.51,2103.0,3260.0,0.2803244,0.00747,0.0,4570.0,0.681,0.708,0.182244207896549,K,-1.2858265512762155,1
K2-141 c,k2,NON_HABITABLE,7.0,695.0,39.1,7.7485,0.0683,0.092,4570.0,0.681,0.708,0.182244207896549,K,-1.0894374956699349,0
K2-146 b,k2,NON_HABITABLE,2.05,533.9102342180842,19.218180188220238,2.6446,0.025889431298485022,0.129,3385.0,0.33,0.331,0.012881228438000127,M,-0.9955523025445697,3
K2-146 c,k2,NON_HABITABLE,2.19,464.93059524575574,11.050750751981298,4.00498,0.03414151190608983,0.075,3385.0,0.33,0.331,0.012881228438000127,M,-0.8953422815875886,3
K2-147 b,k2,NON_HABITABLE,1.47286006,1077.0,224.95452605697355,0.961939,0.01575,0.38,3690.0,0.578,0.563,0.055802782120008006,M,-1.2180511059031656,1
K2-148 b,k2,NON_HABITABLE,1.33,673.977092787925,48.8,4.38395,0.0454,0.0,4079.0,0.632,0.65,0.09961934643134933,K,-1.1116946758238464,2
K2-148 c,k2,NON_HABITABLE,1.73,578.564322231193,26.5,6.9226,0.0616,0.0,4079.0,0.632,0.65,0.09961934643134933,K,-1.0409539513985966,2
K2-148 d,k2,NON_HABITABLE,1.64,516.2588395588101,16.8,9.7579,0.0774,0.0,4079.0,0.632,0.65,0.09961934643134933,K,-0.9719599115270563,2
K2-149 b,k2,NON_HABITABLE,1.64,414.77702323293533,7.0,11.332,0.083,0.0,3745.0,0.568,0.595,0.057174012183568726,K,-0.831528039953695,2
K2-15 b,k2,NON_HABITABLE,2.48,676.0,34.86886488880534,11.8104,0.091,0.0,5131.0,0.68,0.72,0.28874907014419704,K,-1.0765398386048224,2
K2-150 b,k2,NON_HABITABLE,2.0,379.39290108898217,4.9,10.59357,0.0727,0.0,3499.0,0.436,0.457,0.025671039726098594,M,-0.6845705354700673,2
K2-151 b,k2,NON_HABITABLE,1.49,566.0,24.443300401970934,3.835476,0.0373,0.0,3695.0,0.45,0.47,0.03400771941625814,M,-1.0311731320959023,2
K2-152 b,k2,HABITABILITY_ZONE,2.29,337.0,3.0448394719884657,32.6479,0.1716,0.0,4044.0,0.61,0.63,0.08966004820227667,K,-0.5200942647790789,2
K2-153 b,k2,NON_HABITABLE,2.0,497.0,14.672194778782785,7.51574,0.0614,0.0,3845.0,0.53,0.55,0.05531358742821996,K,-0.950128765157902,2
K2-154 b,k2,NON_HABITABLE,1.99,715.0,61.42280119335848,3.67626,0.0405,0.0,4097.0,0.63,0.65,0.10074874965740625,K,-1.1340856182779653,2
K2-154 c,k2,NON_HABITABLE,2.07,552.0,21.9817532072826,7.95486,0.0677,0.0,4097.0,0.63,0.65,0.10074874965740625,K,-1.015978681994975,2
K2-155 b,k2,NON_HABITABLE,1.8,708.0,31.542832860312856,6.342,0.0562,0.0,4258.0,0.58,0.65,0.09962614501932654,K,-1.0645425665007224,2
K2-155 c,k2,NON_HABITABLE,2.6,583.0,11.132457685338794,13.85,0.0946,0.0,4258.0,0.58,0.65,0.09962614501932654,K,-0.8968665708263969,2
K2-155 d,k2,HABITABILITY_ZONE,1.9,381.0,2.6553029894257265,40.718,0.1937,0.0,4258.0,0.58,0.65,0.09962614501932654,K,-0.46414023823979106,2
K2-156 b,k2,NON_HABITABLE,1.1,1290.7781255731607,656.5165309554535,0.813143,0.014447274651671053,0.0,4460.0,0.62,0.6084212598422155,0.1370305889040547,K,-1.2561531305100668,5
K2-157 b,k2,NON_HABITABLE,0.935,2432.0,6660.0,0.3652575,0.00962,0.0,5334.0,0.86,0.89,0.5393909533670158,G,-1.2918903646375273,1
K2-158 b,k2,NON_HABITABLE,2.64,794.0,94.7747685426443,10.06049,0.0887,0.0,5503.0,0.95,0.92,0.7456584987152771,G,-1.1683705255076011,2
K2-158 c,k2,NON_HABITABLE,1.28,948.0,192.7343851684942,5.90279,0.0622,0.0,5503.0,0.95,0.92,0.7456584987152771,G,-1.2106668101727802,2
K2-159 b,k2,NON_HABITABLE,2.26,684.0,52.38789814024825,12.42205,0.1013,0.0,5425.0,0.83,0.9,0.5375883704668041,G,-1.119524124878606,2
K2-16 b,k2,NON_HABITABLE,2.02,658.0,44.5,7.6188,0.0667,0.0,4742.0,0.66,0.68,0.19843979968530245,K,-1.1035775484448576,1
K2-16 c,k2,NON_HABITABLE,2.54,485.0,13.1,19.07863,0.1229,0.0,4742.0,0.66,0.68,0.19843979968530245,K,-0.9296980983481801,1
K2-160 b,k2,NON_HABITABLE,3.17824034,1105.147876493898,352.79372542012374,3.705871,0.04659715156460569,0.0,5649.0,0.913754,0.982829,0.7660190876112215,G,-1.2365653666133136,4
K2-161 b,k2,NON_HABITABLE,6.11721229,1199.8981330352708,490.24908148412993,9.283188,0.08606478269802674,0.0,4972.0,2.568173,0.986876,3.631346925344004,K,-1.2476964425117616,4
K2-162 b,k2,NON_HABITABLE,1.44,631.0,37.304203783840116,9.45889,0.0795,0.0,4842.0,0.69,0.75,0.2357718939648155,K,-1.08428708196973,2
K2-163 b,k2,NON_HABITABLE,2.46610713,746.3784339244659,73.39654341003633,6.673117,0.06508865841609313,0.0,4937.0,0.762201,0.826112,0.3109469115944436,K,-1.1490683842150027,4
K2-164 b,k2,NON_HABITABLE,3.24925008,1018.1456560297494,254.14345452533775,17.355066,0.13866313090298096,0.0,5791.0,2.196069,1.180894,4.886534090144758,G,-1.2234890190737937,4
K2-165 b,k2,NON_HABITABLE,1.27443657,1137.128893201262,395.4376866060181,2.354992,0.03261883440517527,0.0,5185.0,0.803827,0.834847,0.42074109484437194,K,-1.2406347443135548,4
K2-165 c,k2,NON_HABITABLE,1.55409035,924.465636085307,172.74375972342378,4.382745,0.04935217333010805,0.0,5185.0,0.803827,0.834847,0.42074109484437194,K,-1.2050796795830618,4
K2-165 d,k2,NON_HABITABLE,2.64809498,626.2087952052975,36.367707925266735,14.101361,0.10755967990645049,0.0,5185.0,0.803827,0.834847,0.42074109484437194,K,-1.0814001393904726,4
K2-166 b,k2,NON_HABITABLE,2.19,1140.0,400.2735801244637,8.52695,0.0858,0.0,5960.0,1.61,1.16,2.946669998387457,G,-1.241054691643581,2
K2-167 b,k2,NON_HABITABLE,2.36509493,1220.0,369.47374980492367,9.978541,0.0932,0.48,6310.0,1.499,1.084,3.2093376645055205,F,-1.238240833021339,1
K2-168 b,k2,NON_HABITABLE,1.86,766.35,40.72099994045603,15.8523,0.11821372517889275,0.0,5502.7,0.83,0.877,0.5690549955504386,G,-1.093961592958798,3
K2-169 b,k2,NON_HABITABLE,1.27328671,907.6857042834008,160.53926131828112,6.380803,0.06701471682841594,0.0,5548.0,0.919053,0.986144,0.7209773710823868,G,-1.201166717012923,4
K2-17 b,k2,NON_HABITABLE,2.23,487.0,9.652140741014296,17.96753,0.119,0.0,4320.0,0.66,0.71,0.13668396503350344,K,-0.8663199077915528,2
K2-170 b,k2,NON_HABITABLE,1.41817537,921.3407236463868,170.4199166665256,7.576544,0.07456953647975308,0.0,5748.0,0.981614,0.963657,0.9476396762751945,G,-1.2043671406416303,4
K2-170 c,k2,NON_HABITABLE,1.8017647,781.8129750008187,88.35899614490515,12.400047,0.1035609990161127,0.0,5748.0,0.981614,0.963657,0.9476396762751945,G,-1.1633207627228246,4
K2-171 b,k2,NON_HABITABLE,2.68657205,1245.05631487709,568.3230358814227,5.628466,0.05960112501191623,0.0,5250.0,1.717458,0.891587,2.0188505687822196,G,-1.2521299471548502,4
K2-172 b,k2,NON_HABITABLE,1.66608079,682.8120217590861,51.409563150499935,14.316941,0.11280909972585343,0.0,5569.0,0.868889,0.934356,0.6542325988510407,G,-1.1177208043194584,4
K2-172 c,k2,NON_HABITABLE,3.20569097,535.8248991815241,19.495341266900684,29.62682,0.1831895387385136,0.0,5569.0,0.868889,0.934356,0.6542325988510407,G,-0.9977951176370574,4
K2-173 b,k2,NON_HABITABLE,1.60826194,916.1026357364477,166.5772963347493,5.868699,0.0610540886953166,0.0,5580.0,0.843154,0.881538,0.6209338207305981,G,-1.203156362321007,4
K2-174 b,k2,NON_HABITABLE,2.6,455.0,10.214987639428239,19.562307,0.126,0.0,4455.0,0.676,0.7,0.16217314376356273,K,-0.8787149183755987,2
K2-175 b,k2,NON_HABITABLE,2.03803688,1033.2906647036689,269.60584371058155,9.525988,0.09063807028052191,0.0,5909.0,1.420038,1.094693,2.2148820454146043,G,-1.2260047803230705,4
K2-176 b,k2,NON_HABITABLE,1.49090097,921.9580695254796,170.877136542019,5.329439,0.058462746517163294,0.0,5428.0,0.86416,0.938545,0.5840397227665888,G,-1.204508481625678,4
K2-177 b,k2,NON_HABITABLE,2.1162048,844.6216550906962,120.36164823824663,14.155185,0.12205103625380671,0.0,6063.0,1.213565,1.210525,1.792961930945204,F,-1.1843165808188683,4
K2-178 b,k2,NON_HABITABLE,3.55790985,804.3280187843768,98.98561113712167,8.747818,0.08171094150862165,0.0,5525.0,0.887267,0.95109,0.6608950484566323,G,-1.1714145006148546,4
K2-179 b,k2,NON_HABITABLE,2.51267885,828.841339324238,111.61559881690548,5.172191,0.054881489422273555,0.0,5015.0,0.768067,0.824345,0.33618371483420734,K,-1.179487424495736,4
K2-18 b,k2,HABITABILITY_ZONE,2.37,284.0,1.0644160503266333,32.939623,0.1429,0.2,3457.0,0.411,0.359,0.021735812158250486,M,0.025946400443822338,1
K2-180 b,k2,NON_HABITABLE,2.46597575,797.5,67.51306196533426,8.865663,0.0756,0.075,5365.0,0.719,0.735,0.38586145383419285,G,-1.1422049982772293,1
K2-181 b,k2,NON_HABITABLE,2.69,949.0,192.0,6.8941,0.06993297121935878,0.0,5528.0,1.06,0.96,0.9453194166743851,G,-1.2108101958803323,2
K2-182 b,k2,NON_HABITABLE,2.71257333,965.8,144.87316029375452,4.7369696,0.05174,0.071,5128.0,0.789,0.823,0.387829448605605,K,-1.1954362859701837,1
K2-183 b,k2,NON_HABITABLE,1.1,2120.321141112082,4780.197634537605,0.469285,0.011350676437877447,0.0,5482.0,0.87,0.885874774238269,0.6158704125655232,G,-1.2900089617616526,5
K2-183 c,k2,NON_HABITABLE,2.3,745.7048985193575,73.13196826794895,10.787992,0.091767951897525,0.0,5482.0,0.87,0.885874774238269,0.6158704125655232,G,-1.148777642032873,5
K2-183 d,k2,NON_HABITABLE,2.3,582.6138432128658,27.24974711032237,22.620344,0.15033615277070858,0.0,5482.0,0.87,0.885874774238269,0.6158704125655232,G,-1.04591834648747,5
K2-184 b,k2,NON_HABITABLE,1.47,533.0,13.5082595546491,16.9780102,0.1685,0.0,5245.0,0.75,0.84,0.38352988234048596,G,-0.9349473736837051,2
K2-185 b,k2,NON_HABITABLE,1.15,809.0,102.7310735031072,10.616384,0.09325697853088075,0.0,5788.0,0.94,0.96,0.893438179423546,G,-1.173963252926816,3
K2-185 c,k2,NON_HABITABLE,2.39,477.0,12.12760137227971,52.713494,0.27142184412506326,0.0,5788.0,0.94,0.96,0.893438179423546,G,-0.9141770134499686,3
K2-186 b,k2,NON_HABITABLE,3.17207779,521.0041653182562,17.426254802284188,41.474219,0.23593677274851063,0.0,5784.0,0.98083,1.018617,0.9700527008327098,G,-0.9797834892563537,4
K2-187 b,k2,NON_HABITABLE,1.2,1747.9593848447448,2207.824901266414,0.77401,0.01567911481561707,0.0,5438.0,0.83,0.8583253257690002,0.5427598428796956,G,-1.280611214459189,5
K2-187 c,k2,NON_HABITABLE,1.4,1129.1283609920984,384.4258135839666,2.871512,0.037574878327319414,0.0,5438.0,0.83,0.8583253257690002,0.5427598428796956,G,-1.2396490806255727,5
K2-187 d,k2,NON_HABITABLE,2.4,833.0797988128157,113.91625318652366,7.149584,0.06902572993930611,0.0,5438.0,0.83,0.8583253257690002,0.5427598428796956,G,-1.1808114889506867,5
K2-187 e,k2,NON_HABITABLE,1.9,672.2487654605136,48.30135693899276,13.606629,0.10600447225092376,0.0,5438.0,0.83,0.8583253257690002,0.5427598428796956,G,-1.1116324356257026,5
K2-188 b,k2,NON_HABITABLE,1.35,1692.0,1949.5122609776272,1.742169,0.0289,0.0,5977.0,1.19,1.06,1.628252135491124,G,-1.278728372114518,2
K2-188 c,k2,NON_HABITABLE,2.83,1026.0,264.23013274228146,7.810253,0.0785,0.0,5977.0,1.19,1.06,1.628252135491124,G,-1.225155222372378,2
K2-189 b,k2,NON_HABITABLE,1.403,1203.0,497.0,2.58812,0.03494639901881763,0.0,5442.0,0.879,0.85,0.6105294394075639,G,-1.2483015518513885,2
K2-189 c,k2,NON_HABITABLE,2.31,877.0,140.0,6.67932,0.06575079261955738,0.0,5442.0,0.879,0.85,0.6105294394075639,G,-1.1939657986958836,2
K2-19 b,k2,NON_HABITABLE,7.0,779.8840108273782,87.49018692106519,7.9222,0.07453002652165722,0.2,5322.0,0.82,0.88,0.4859839157119594,G,-1.162594553355615,3
K2-19 c,k2,NON_HABITABLE,4.1,680.9859409910267,50.86181596350802,11.8993,0.09774960630596491,0.21,5322.0,0.82,0.88,0.4859839157119594,G,-1.1166885229156847,3
K2-19 d,k2,NON_HABITABLE,1.11,1144.2748021627574,405.4717639532759,2.5081,0.03462028508185894,0.0,5322.0,0.82,0.88,0.4859839157119594,G,-1.2414976955487091,4
K2-190 b,k2,NON_HABITABLE,1.35673729,798.9923909125876,96.38508880407868,10.098858,0.08843138122519024,0.0,5631.0,0.912206,0.904597,0.7537419182918816,G,-1.1695581463299534,4
K2-190 c,k2,NON_HABITABLE,1.09308317,620.3779492173701,35.03198042271632,21.574023,0.1466827317864288,0.0,5631.0,0.912206,0.904597,0.7537419182918816,G,-1.0770838581321496,4
K2-191 b,k2,NON_HABITABLE,1.57889322,1073.8875322489507,314.53898382980753,2.858646,0.038073318784610614,0.0,5176.0,0.839696,0.900994,0.4559486663164354,K,-1.2322311925449512,4
K2-192 b,k2,NON_HABITABLE,1.52,939.0,183.0712125150779,4.162817,0.049,0.0,5222.0,0.81,0.9,0.4395539812487021,G,-1.2080804099868,2
K2-193 b,k2,NON_HABITABLE,3.95,739.0,70.67075191828886,14.786889,0.1184,0.0,5817.0,0.98,1.01,0.9907021760116475,G,-1.1459952392931236,2
K2-194 b,k2,NON_HABITABLE,3.64229858,615.553269155279,33.954852395174164,39.721386,0.23590744920271378,0.0,5979.0,1.281115,1.110086,1.8896664668790553,G,-1.0734192670113802,4
K2-195 b,k2,NON_HABITABLE,3.13,720.0,64.45967732638232,15.852975,0.1208,0.0,5713.0,0.99,0.94,0.9406368657400597,G,-1.1382781706793788,2
K2-195 c,k2,NON_HABITABLE,2.57581891,565.837356690232,24.244081950383915,28.482786,0.18027062560341012,0.0,5712.0,0.906367,0.963364,0.78787201573628,G,-1.0300301200779132,4
K2-196 b,k2,NON_HABITABLE,3.59970536,634.0685885429779,38.22823386403769,48.324222,0.2729796724566829,0.0,6045.0,1.538801,1.162095,2.8486877684495413,F,-1.0870309790263932,4
K2-197 b,k2,NON_HABITABLE,2.56,848.0,123.70959194300654,8.357881,0.0806,0.0,5667.0,0.93,1.0,0.80366204471487,G,-1.1860281546678524,2
K2-198 b,k2,NON_HABITABLE,4.189,715.8,26.35742062904021,17.0428683,0.12026813285891728,0.0,5212.9,0.757,0.799,0.38124490176226616,G,-1.041486282351239,3
K2-198 c,k2,NON_HABITABLE,1.423,1229.9,229.74290765396213,3.3596055,0.0407362423538396,0.0,5212.9,0.757,0.799,0.38124490176226616,G,-1.219013773674173,3
K2-198 d,k2,NON_HABITABLE,2.438,943.2,79.44808226874291,7.4500177,0.06927241255033757,0.0,5212.9,0.757,0.799,0.38124490176226616,G,-1.1553166243322355,3
K2-199 b,k2,NON_HABITABLE,1.73,913.0,116.2,3.2253993,0.0382,0.02,4491.0,0.682,0.711,0.17046517940121605,K,-1.182425266137369,0
K2-199 c,k2,NON_HABITABLE,2.85,694.0,38.6,7.3744897,0.0662,0.03,4491.0,0.682,0.711,0.17046517940121605,K,-1.0889564969512076,0
K2-200 b,k2,NON_HABITABLE,1.3643987,1063.5108888661607,302.5568859597101,2.849883,0.037413272442011945,0.0,5233.0,0.791736,0.860208,0.4235048951233057,G,-1.2307073237116513,4
K2-201 b,k2,NON_HABITABLE,1.40006712,1610.4935764921602,1591.01863391814,1.05979,0.0200407523251319,0.0,5507.0,0.878161,0.956055,0.6390036042010538,G,-1.2753901388193958,4
K2-201 c,k2,NON_HABITABLE,3.28568401,579.2265647255708,26.621539333437894,22.779878,0.15492983981870986,0.0,5507.0,0.878161,0.956055,0.6390036042010538,G,-1.0428213156318413,4
K2-202 b,k2,NON_HABITABLE,2.30165603,1105.2551879413052,352.93077249116277,3.405164,0.04387060893275594,0.0,5491.0,0.910685,0.971461,0.6792612684671252,G,-1.2365796147577381,4
K2-203 b,k2,NON_HABITABLE,1.26549392,738.4,49.55107652931218,9.6952,0.0824,0.23,5026.0,0.765,0.793,0.3364399173756627,K,-1.114149189463263,1
K2-204 b,k2,NON_HABITABLE,3.17214154,1148.0,290.4670659487759,7.055908,0.0738,0.28,5783.0,1.253,1.076,1.582011446666051,G,-1.2290751527423023,1
K2-205 b,k2,NON_HABITABLE,1.99552771,651.6744342872154,42.65422079479974,26.672263,0.17180826116365952,0.0,5890.0,1.077574,0.951027,1.2590706422166926,G,-1.098912824961534,4
K2-206 b,k2,NON_HABITABLE,2.79522879,547.3727398275112,21.231072729252446,18.294549,0.12558416515718748,0.0,5043.0,0.758046,0.789481,0.3348433697099753,K,-1.0108268774983011,4
K2-207 b,k2,NON_HABITABLE,2.60585269,731.4127718137875,67.68453301334849,12.48749,0.10325648896715627,0.0,5522.0,0.928158,0.941851,0.721645892682055,G,-1.142417606041259,4
K2-208 b,k2,NON_HABITABLE,1.67462172,1122.0,263.4479637749775,4.19097,0.04878,0.37,5500.0,0.872,0.881,0.6268713738061791,G,-1.2250294489417806,1
K2-209 b,k2,NON_HABITABLE,0.86850263,1035.0651118383923,271.4625721864874,2.080615,0.028912053976610265,0.0,4720.0,0.712365,0.74479,0.2269174277209919,K,-1.2262923311691032,4
K2-21 b,k2,NON_HABITABLE,1.84,453.4612495599253,10.0,9.325038,0.076,0.1,4222.06,0.646783,0.676023,0.11975937100915537,K,-1.007262364706901,1
K2-21 c,k2,NON_HABITABLE,2.49,383.2063741996262,5.1,15.50192,0.107,0.21,4222.06,0.646783,0.676023,0.11975937100915537,K,-0.8838003746167232,1
K2-210 b,k2,NON_HABITABLE,0.86,2011.3904169364207,3871.0143818963325,0.57023,0.012988241296002831,0.0,5500.0,0.89,0.8989413760622197,0.6530184948550659,G,-1.287791321801016,5
K2-211 b,k2,NON_HABITABLE,1.33162691,1873.0,2052.571028361594,0.669561,0.01419,0.19,5117.0,0.818,0.851,0.41329769724387994,K,-1.2795221100594858,1
K2-212 b,k2,NON_HABITABLE,2.65,572.0562672256325,25.32761348493925,9.795647,0.0764819107456563,0.0,4349.0,0.678,0.622,0.1481534361857019,K,-1.0360829983215298,4
K2-213 b,k2,NON_HABITABLE,1.51398464,987.408012897921,224.81530155731187,8.13087,0.08092905177717549,0.0,5794.0,1.20424,1.069596,1.4724303852894403,G,-1.2180226566057606,4
K2-214 b,k2,NON_HABITABLE,2.51,1001.0,238.0,8.59656,0.08294089630833536,0.0,5875.0,1.236,1.03,1.6396952387636272,G,-1.220671737659181,2
K2-215 b,k2,NON_HABITABLE,2.12381238,879.2861678658928,141.37097180089486,8.269648,0.0800318122133818,0.0,5704.0,0.974398,0.999987,0.9054939343588904,G,-1.19402661877496,4
K2-216 b,k2,NON_HABITABLE,1.75,1103.0,248.0,2.1748,0.028,0.0,4503.0,0.72,0.7,0.1920292965660723,K,-1.2218789244553134,1
K2-217 b,k2,NON_HABITABLE,3.57854073,886.775602307448,146.24944344365326,14.074524,0.11786268551513393,0.0,5967.0,1.333718,1.102661,2.0316406166725773,G,-1.195976345083713,4
K2-218 b,k2,NON_HABITABLE,2.56948149,881.4358002961526,142.75851490685895,8.679885,0.08394577634357443,0.0,5757.0,1.008231,1.047488,1.0060040316265095,G,-1.1945913214271737,4
K2-219 b,k2,NON_HABITABLE,1.34762583,1254.08233285769,584.9833119607176,3.901287,0.04884621890854401,0.0,5753.0,1.189232,1.021545,1.395742747592834,G,-1.2529591545149465,4
K2-219 c,k2,NON_HABITABLE,1.43839723,1048.9078059095802,286.27837801061406,6.66767,0.06982459349128757,0.0,5753.0,1.189232,1.021545,1.395742747592834,G,-1.2284856885953421,4
K2-219 d,k2,NON_HABITABLE,2.57634456,884.0340572033813,144.4492409214094,11.137278,0.09829808517628932,0.0,5753.0,1.189232,1.021545,1.395742747592834,G,-1.1952683854331496,4
K2-22 b,k2,NON_HABITABLE,2.3,1438.7667983291685,1013.4466871589201,0.381073,0.008228382166070991,0.0,3879.0,0.58,0.5118084524886711,0.06861669814359615,K,-1.2666495555011767,5
K2-220 b,k2,NON_HABITABLE,2.37,761.0,79.7,13.68186,0.108488509482007,0.0,5612.0,1.026,0.91,0.9407193586911622,G,-1.155780414828918,2
K2-221 b,k2,NON_HABITABLE,1.67890272,1310.2439064752523,697.0242258125347,2.399094,0.03519917242198334,0.0,5716.0,0.947599,1.010842,0.8636002875565288,G,-1.2577395391409303,4
K2-222 b,k2,NON_HABITABLE,2.35,871.0,96.0,15.38857,0.1206,0.16,5942.0,1.115,0.989,1.3962880943219216,G,-1.1692783492717824,0
K2-223 b,k2,NON_HABITABLE,0.89,2316.812048945447,6814.005673299123,0.50557,0.012482256587182584,0.0,5859.0,1.0,1.0150727650727651,1.0616679388074861,G,-1.293246886308819,5
K2-223 c,k2,NON_HABITABLE,1.5,1112.7958130446068,362.66129665175686,4.562546,0.05410579045032086,0.0,5859.0,1.0,1.0150727650727651,1.0616679388074861,G,-1.237570513964394,5
K2-224 b,k2,NON_HABITABLE,1.56,1002.0,238.17662747504247,4.47904,0.0516,0.0,5620.0,0.84,0.91,0.6341595612499491,G,-1.2206381697276143,2
K2-224 c,k2,NON_HABITABLE,2.41,764.0,80.7850691277343,10.09489,0.0886,0.0,5620.0,0.84,0.91,0.6341595612499491,G,-1.1566014931992183,2
K2-225 b,k2,NON_HABITABLE,3.60929179,923.0,121.76623496267884,15.8723,0.1409,0.23,5520.0,1.7,1.482,2.41740192712942,G,-1.185043241758582,1
K2-226 b,k2,NON_HABITABLE,1.53899305,1187.0,332.013854006365,3.27109,0.04095,0.22,5288.0,0.889,0.856,0.5567548618179086,G,-1.2343039458015572,1
K2-227 b,k2,NON_HABITABLE,1.66551298,713.9261349439753,61.440168876750086,13.621832,0.10976442227918798,0.0,5673.0,0.890666,0.950811,0.7402451874562189,G,-1.1341104754498046,4
K2-228 b,k2,NON_HABITABLE,1.21,914.0,164.67012354646343,2.69828,0.0338,0.0,4715.0,0.65,0.71,0.18812573594442164,K,-1.2025397508304425,2
K2-229 b,k2,NON_HABITABLE,1.0,1845.1762234485673,2741.51532073201,0.584216,0.01279339018288309,0.0,5315.0,0.79,0.8184468698550303,0.4487060945033989,G,-1.2836206387469475,5
K2-229 c,k2,NON_HABITABLE,2.03,750.0,75.876849251709,8.32727,0.0769,0.0,5315.0,0.79,0.87,0.4487060945033989,G,-1.1517196172978095,2
K2-230 b,k2,NON_HABITABLE,1.96,1529.0,1299.8257331962595,2.86041,0.0409,0.0,5945.0,1.39,1.11,2.174361484748035,G,-1.2717151799157345,2
K2-231 b,k2,NON_HABITABLE,2.5,728.8653794444361,66.74651061273784,13.841901,0.1131994023707663,0.0,5695.0,0.95,1.01,0.8552967751576288,G,-1.1412445509715328,4
K2-232 b,k2,NON_HABITABLE,11.209,1030.0,162.40710837992532,11.168454,0.10356,0.258,6154.0,1.161,1.188,1.7417632276945239,F,-1.2017940470950508,1
K2-233 b,k2,NON_HABITABLE,1.315,1127.0,269.0,2.467583,0.03293,0.0,4796.0,0.71,0.79,0.2402857994971899,K,-1.2173555203126258,1
K2-233 c,k2,NON_HABITABLE,1.272,794.0,66.2,7.06024,0.0664,0.0,4796.0,0.71,0.79,0.2402857994971899,K,-1.1232493733828184,1
K2-233 d,k2,NON_HABITABLE,2.363,525.0,12.7,24.3681,0.1516,0.18,4796.0,0.71,0.79,0.2402857994971899,K,-0.8836962297192508,0
K2-237 b,k2,NON_HABITABLE,16.06246934,1759.0,1591.2544748361868,2.18053332,0.03552,0.03,6180.0,1.236,1.256,2.007638669768362,F,-1.2753926994935332,1
K2-238 b,k2,NON_HABITABLE,14.5717,1587.0,1081.4510708209061,3.20466,0.046,0.0,5630.0,1.59,1.19,2.2883504658570373,G,-1.2680328675670307,2
K2-239 b,k2,NON_HABITABLE,1.1,502.0,8.213475331998414,5.24,0.0441,0.0,3420.0,0.36,0.4,0.015973648960423834,M,-0.8290344290259897,2
K2-239 c,k2,NON_HABITABLE,1.0,427.0,4.814588445343797,7.775,0.0576,0.0,3420.0,0.36,0.4,0.015973648960423834,M,-0.6818174054615218,2
K2-239 d,k2,HABITABILITY_ZONE,1.1,399.0,3.4042621259361354,10.115,0.0685,0.0,3420.0,0.36,0.4,0.015973648960423834,M,-0.5629532901390994,2
K2-24 b,k2,NON_HABITABLE,5.4,686.8895962841646,52.648624885440114,20.88977,0.15182975167650561,0.06,5625.0,1.16,1.07,1.2136704999500434,G,-1.1199962075728893,3
K2-24 c,k2,NON_HABITABLE,7.5,542.7722271209532,20.52625630851676,42.3391,0.24316189774869792,0.07,5625.0,1.16,1.07,1.2136704999500434,G,-1.0057347928166853,3
K2-240 b,k2,NON_HABITABLE,2.0,586.0,21.0352366583049,6.034,0.0513,0.0,3810.0,0.54,0.58,0.05535822196129442,K,-1.0094377300251363,2
K2-240 c,k2,NON_HABITABLE,1.8,389.0,4.1211200010492535,20.523,0.1159,0.0,3810.0,0.54,0.58,0.05535822196129442,K,-0.6310232170650402,2
K2-241 b,k2,NON_HABITABLE,2.55,507.0,15.822773786923822,26.8199,0.1567,0.0,5262.0,0.75,0.71,0.3885264698327979,G,-0.9634579059807643,2
K2-242 b,k2,NON_HABITABLE,2.54,416.0,7.235132828432131,6.51389,0.0494,0.0,3459.0,0.37,0.38,0.017656328749192634,M,-0.7975505023584556,2
K2-243 b,k2,NON_HABITABLE,2.17,1035.0,274.4901097743977,11.54182,0.1087,0.0,6570.0,1.39,1.29,3.2432900451602533,F,-1.2267549323270863,2
K2-243 c,k2,NON_HABITABLE,2.01,801.0,98.23719070880604,24.94598,0.1817,0.0,6570.0,1.39,1.29,3.2432900451602533,F,-1.1708878104777145,2
K2-244 b,k2,NON_HABITABLE,1.75,638.0,39.39068019299002,21.06884,0.1418,0.0,5677.0,0.92,0.86,0.7920378604036967,G,-1.0903447598742912,2
K2-245 b,k2,NON_HABITABLE,4.34,923.0,172.38188919277667,11.89307,0.0959,0.0,5793.0,1.25,0.83,1.5853634823470204,G,-1.2049696703868154,2
K2-246 b,k2,NON_HABITABLE,3.49,977.0,217.5749438036251,5.76918,0.0602,0.0,5610.0,0.94,0.87,0.7885002993420894,G,-1.2165057258445098,2
K2-247 b,k2,NON_HABITABLE,2.12,979.0,220.18966367891977,2.25021,0.0304,0.0,4667.0,0.69,0.74,0.2034904795855105,K,-1.217062161834345,2
K2-247 c,k2,NON_HABITABLE,2.19,688.0,53.80143554379285,6.49424,0.0615,0.0,4667.0,0.69,0.74,0.2034904795855105,K,-1.1220422389071636,2
K2-248 b,k2,NON_HABITABLE,2.57,886.0,145.74314970562892,7.17256,0.0699,0.0,5528.0,0.92,0.88,0.7121024868932,G,-1.1957785629992161,2
K2-249 b,k2,NON_HABITABLE,2.79,1061.0,299.96148724477723,12.409,0.1151,0.0,6504.0,1.57,1.32,3.9738927826336807,F,-1.2303652694466771,2
K2-25 b,k2,NON_HABITABLE,3.44,494.0,9.91,3.48456408,0.0287,0.428,3207.0,0.2932,0.2634,0.008192538329926488,M,-0.8729257117388368,0
K2-250 b,k2,NON_HABITABLE,2.71257333,1003.0,168.99953022291183,4.01392,0.04606,0.21,5003.0,0.797,0.809,0.3585364917568206,K,-1.2039244019061937,1
K2-251 b,k2,NON_HABITABLE,2.35,437.0,8.573105612304861,9.30075,0.0694,0.0,3717.0,0.49,0.52,0.04129116294688064,K,-0.8392292315240093,2
K2-252 b,k2,NON_HABITABLE,1.74,639.0,39.38441268270225,13.81513,0.1041,0.0,5152.0,0.82,0.79,0.4268013972040345,K,-1.0903272874566639,2
K2-253 b,k2,NON_HABITABLE,12.67,1238.0,561.8026880357621,4.00167,0.0506,0.0,6027.0,1.1,1.08,1.4384171303392437,F,-1.251795420297825,2
K2-254 b,k2,NON_HABITABLE,1.63,791.0,92.52029542746612,4.09639,0.0448,0.0,4629.0,0.67,0.71,0.1856919337347416,K,-1.1666560305046818,2
K2-254 c,k2,NON_HABITABLE,2.19,551.0,21.79664429016287,12.11839,0.0923,0.0,4629.0,0.67,0.71,0.1856919337347416,K,-1.014733067271452,2
K2-255 b,k2,NON_HABITABLE,2.9,1034.0,273.1428119735865,1.96417,0.0274,0.0,4676.0,0.69,0.71,0.20506469751728984,K,-1.226550018034385,2
K2-257 b,k2,NON_HABITABLE,0.83,789.0,92.94634685573598,1.60588,0.0216,0.0,3725.0,0.5,0.52,0.04336504758901218,K,-1.1669848110216174,2
K2-258 b,k2,NON_HABITABLE,3.0,831.0,113.30086245448096,19.0921,0.149,0.0,6351.0,1.31,1.21,2.515392447351932,F,-1.180461275591179,2
K2-259 b,k2,NON_HABITABLE,2.32,795.0,95.976366918316,15.48043,0.1271,0.0,6059.0,1.13,1.14,1.550441581508913,F,-1.1692595438800246,2
K2-26 b,k2,NON_HABITABLE,2.67,430.0,5.8,14.5665,0.0962,0.0,3785.0,0.52,0.56,0.049999416135999696,K,-0.7169921921738291,1
K2-260 b,k2,NON_HABITABLE,18.41635529,2090.0,3185.816460566243,2.62669762,0.04392,0.053,6860.0,1.755,1.637,6.145332908999208,F,-1.285525042791329,1
K2-261 b,k2,NON_HABITABLE,9.26982704,1036.0,191.91500693873726,11.6334681,0.1086,0.274,5490.0,1.663,1.107,2.26343791523519,G,-1.2104551060053534,1
K2-263 b,k2,NON_HABITABLE,2.41,470.0,8.17,50.818947,0.2573,0.15,5368.0,0.85,0.88,0.5404836868418613,G,-0.8275794442142139,0
K2-264 b,k2,NON_HABITABLE,2.231,496.0,14.335570374208135,5.840002,0.05023,0.0,3660.0,0.473,0.496,0.03616940240579992,M,-0.94592873819815,2
K2-264 c,k2,HABITABILITY_ZONE,2.668,331.0,2.841136876477284,19.660302,0.11283,0.0,3660.0,0.473,0.496,0.03616940240579992,M,-0.4922692494875656,2
K2-265 b,k2,NON_HABITABLE,1.70824866,1366.0,583.240271527099,2.36902,0.03359,0.16,5420.0,0.92,0.901,0.6580630578047947,G,-1.2528740680575108,1
K2-266 b,k2,NON_HABITABLE,3.3,1515.0,879.5,0.658524,0.01306,0.0,4285.0,0.703,0.686,0.15010966833526096,K,-1.2634848734164033,1
K2-266 c,k2,NON_HABITABLE,0.705,664.5,32.4,7.814,0.0679,0.042,4285.0,0.703,0.686,0.15010966833526096,K,-1.0684018642998088,0
K2-266 d,k2,NON_HABITABLE,2.93,538.3,13.95,14.697,0.1035,0.047,4285.0,0.703,0.686,0.15010966833526096,K,-0.9417615447419904,0
K2-266 e,k2,NON_HABITABLE,2.73,490.1,9.581,19.482,0.1249,0.043,4285.0,0.703,0.686,0.15010966833526096,K,-0.865635060513414,0
K2-268 b,k2,NON_HABITABLE,1.5,1136.0,393.3436094534957,2.151676,0.030776379561492914,0.0,5106.0,0.78,0.84,0.3725693786982249,K,-1.240450497062896,3
K2-268 c,k2,NON_HABITABLE,2.69,696.0,55.648386908848934,9.327527,0.08182335612304815,0.0,5106.0,0.78,0.84,0.3725693786982249,K,-1.1251867382046195,3
K2-268 d,k2,NON_HABITABLE,1.49,888.0,145.8331441025897,4.528598,0.050544680916473114,0.0,5106.0,0.78,0.84,0.3725693786982249,K,-1.195813794286375,3
K2-268 e,k2,NON_HABITABLE,1.33,801.0,97.36657524532019,6.131243,0.06185839273408381,0.0,5106.0,0.78,0.84,0.3725693786982249,K,-1.1702675026433313,3
K2-268 f,k2,NON_HABITABLE,2.23,492.0,13.99099512085304,26.27057,0.16318463943491876,0.0,5106.0,0.78,0.84,0.3725693786982249,K,-0.9414734613026884,3
K2-269 b,k2,NON_HABITABLE,1.57,1429.0,998.4545766342883,4.144965,0.0531,0.0,6209.0,1.45,1.16,2.815252508823806,F,-1.2663257313893923,2
K2-27 b,k2,NON_HABITABLE,4.74,836.0,116.0,6.771347,0.0671249725236653,0.0,5246.0,0.876,0.88,0.5236198086795502,G,-1.182092875982829,2
K2-270 b,k2,NON_HABITABLE,1.38,1203.0,495.32845386989504,1.543069,0.0247,0.0,4877.0,0.77,0.85,0.30219493642148426,K,-1.2480164221916377,2
K2-270 c,k2,NON_HABITABLE,2.95,848.0,122.34167031220896,4.400028,0.0497,0.0,4877.0,0.77,0.85,0.30219493642148426,K,-1.1853373225172643,2
K2-271 b,k2,NON_HABITABLE,7.28,893.0,151.12338386742147,8.562421,0.077,0.0,5644.0,0.99,0.83,0.8960105429499419,G,-1.1978292048408348,2
K2-272 b,k2,NON_HABITABLE,3.13,747.0,51.92800359864227,14.4536756,0.1007,0.0,5397.0,0.83,0.86,0.526575401211996,G,-1.1186827702540347,2
K2-273 b,k2,NON_HABITABLE,3.05,849.0,86.8986323514508,11.7195663,0.0729,0.0,5161.0,0.85,0.89,0.4618149607548737,K,-1.162093872124643,2
K2-274 b,k2,NON_HABITABLE,2.08,655.0,30.749427482318186,14.1330314,0.0964,0.0,5044.0,0.7,0.79,0.2857531996160836,K,-1.061396779072812,2
K2-275 b,k2,NON_HABITABLE,2.34,1166.0,307.0249605421653,3.2809626,0.0277,0.0,4841.0,0.69,0.77,0.23557718197439795,K,-1.2312859901431885,2
K2-275 c,k2,NON_HABITABLE,2.21,653.0,30.351587102984816,8.4388385,0.0881,0.0,4841.0,0.69,0.77,0.23557718197439795,K,-1.05977314160115,2
K2-276 b,k2,NON_HABITABLE,3.77,583.0,27.239212513227766,18.718269,0.1291,0.0,5139.0,0.85,0.82,0.4539907795075896,K,-1.0458672963992504,2
K2-277 b,k2,NON_HABITABLE,2.18575124,1049.0,201.36202727568588,6.326768,0.0664,0.52,5680.0,0.973,0.974,0.887797123777408,G,-1.212816916063686,1
K2-278 b,k2,NON_HABITABLE,2.98,1711.0,2032.1214450424109,3.334966,0.0488,0.0,6747.0,1.61,1.4,4.839375294081799,F,-1.2793694260524107,2
K2-279 b,k2,NON_HABITABLE,1.21,879.0,141.64986898392422,7.122605,0.067,0.0,5558.0,0.86,0.79,0.635866261868836,G,-1.1941407903773513,2
K2-28 b,k2,NON_HABITABLE,2.32,568.0,17.41147761546764,2.260455,0.0214,0.0,3214.0,0.288,0.257,0.00797376028877956,M,-0.9796434150003936,2
K2-280 b,k2,NON_HABITABLE,7.5,787.0,63.279782200854946,19.89526,0.1461,0.35,5500.0,1.28,1.03,1.3507202398315112,G,-1.1366851541405234,1
K2-281 b,k2,NON_HABITABLE,8.18,665.0,46.69446261908039,8.687721,0.0773,0.0,4812.0,0.76,0.82,0.27901295554316485,K,-1.1082490649456496,2
K2-282 b,k2,NON_HABITABLE,2.5,1087.669461168073,330.9992561537077,4.169783,0.04988859642869816,0.0,5499.0,1.0,0.9527027027027027,0.8238147984117962,G,-1.2341881073534424,5
K2-283 b,k2,NON_HABITABLE,3.52,1186.0,468.9629191679021,1.921036,0.0291,0.0,5060.0,0.82,0.89,0.39712248958057117,K,-1.246299429360617,2
K2-284 b,k2,NON_HABITABLE,2.78,653.0,42.6,4.795069,0.04771,0.078,4140.0,0.607,0.63,0.09751545622642935,K,-1.099372149178545,0
K2-285 b,k2,NON_HABITABLE,2.59,1088.9,234.31,3.471745,0.03817,0.0,4975.0,0.787,0.83,0.34183499047837496,K,-1.2199645648355233,1
K2-285 c,k2,NON_HABITABLE,3.53,741.4,50.35,7.138048,0.0824,0.0,4975.0,0.787,0.83,0.34183499047837496,K,-1.115700413132215,1
K2-285 d,k2,NON_HABITABLE,2.48,619.9,24.61,10.45582,0.1178,0.0,4975.0,0.787,0.83,0.34183499047837496,K,-1.0322513746900464,1
K2-285 e,k2,NON_HABITABLE,1.95,500.9,10.5,14.76289,0.18041,0.0,4975.0,0.787,0.83,0.34183499047837496,K,-0.8846597278859739,1
K2-286 b,k2,HABITABILITY_ZONE,2.1,347.0,2.632174933741088,27.359,0.1768,0.0,3926.0,0.62,0.64,0.08227715580086305,K,-0.4604324681446168,2
K2-287 b,k2,NON_HABITABLE,9.494023,804.0,74.60064179149192,14.893291,0.1206,0.478,5695.0,1.07,1.056,1.0850185904465035,G,-1.1503719744166092,1
K2-288 B b,k2,POTENTIALLY_HABITABLE,1.9,226.36,0.4273786997218113,31.393463,0.164,0.0,3341.0,0.32,0.33,0.011494777507717838,M,0.7982958833028573,2
K2-289 b,k2,NON_HABITABLE,9.1,753.0,77.26116375758339,13.156969,0.107,0.0,5529.0,1.025,0.953,0.8845630638605722,G,-1.153143498542737,2
K2-29 b,k2,NON_HABITABLE,13.33871,1171.0,308.812767807063,3.2588321,0.04217,0.066,5358.0,0.86,0.94,0.5491644934249336,G,-1.231514005909663,1
K2-290 b,k2,NON_HABITABLE,3.06,1230.0,380.8323496883558,9.21165,0.0923,0.0,6302.0,1.511,1.194,3.2444212283765124,F,-1.2393182172892985,2
K2-290 c,k2,NON_HABITABLE,11.276254,676.0,34.87687426365507,48.36685,0.305,0.0,6302.0,1.511,1.194,3.2444212283765124,F,-1.0765666403720957,2
K2-291 b,k2,NON_HABITABLE,1.589,1279.0605609526299,633.0,2.225177,0.03261,0.0,5520.0,0.899,0.934,0.6760369048124306,G,-1.2552805657396426,2
K2-292 b,k2,NON_HABITABLE,2.63,795.0,67.0,16.9841,0.13,0.04,5725.0,1.09,1.0,1.1498724539284777,G,-1.1428555308031878,0
K2-293 b,k2,NON_HABITABLE,2.45,750.0,65.68172330051917,13.1225,0.10733451731000884,0.0,5532.0,0.947,0.958,0.7566993380793048,G,-1.1398826332673004,3
K2-294 b,k2,NON_HABITABLE,1.66,1425.0,996.8298029044753,2.50387,0.035929685765669794,0.0,5612.0,1.2,0.987,1.286849777628894,G,-1.2662901987723778,3
K2-295 b,k2,NON_HABITABLE,10.054473,852.0,84.65135372968268,4.024867,0.0451,0.0,4444.0,0.7,0.74,0.1721816999997119,K,-1.160144212475545,2
K2-3 b,k2,NON_HABITABLE,2.078,501.3,10.5,10.0546535,0.0747,0.107,3844.0,0.546,0.549,0.05864263978094086,K,-0.8847953354452616,0
K2-3 c,k2,HABITABILITY_ZONE,1.582,371.8,3.17,24.646729,0.1357,0.048,3844.0,0.546,0.549,0.05864263978094086,K,-0.5376195620757298,0
K2-3 d,k2,POTENTIALLY_HABITABLE,1.458,305.2,1.44,44.55603,0.2014,0.091,3844.0,0.546,0.549,0.05864263978094086,K,-0.1636941799383815,0
K2-30 b,k2,NON_HABITABLE,11.646151,1092.0,237.39268331785925,4.098503,0.04839,0.0,5425.0,0.844,0.9,0.5558768318549011,G,-1.2204908345456762,2
K2-308 b,k2,NON_HABITABLE,9.916,1408.1186122519791,929.814327783702,3.38628,0.04541827058110948,0.0,6100.0,1.24,1.09,1.9180389431666214,F,-1.264744436259459,4
K2-31 b,k2,NON_HABITABLE,11.88154,1388.9408192672827,880.1855696792443,1.25785,0.022,0.0,5280.0,0.78,0.91,0.42600981572475416,G,-1.2634876510730888,3
K2-315 b,k2,NON_HABITABLE,0.95,460.0,7.45,3.1443189,0.023449881755096134,0.0,3300.0,0.196,0.174,0.004104522233791753,M,-0.805472979159692,2
K2-316 b,k2,NON_HABITABLE,1.33,841.0,83.47397239629377,1.133,0.0147,0.0,3436.0,0.379,0.408,0.018037890695115123,M,-1.1590914701632098,2
K2-316 c,k2,NON_HABITABLE,1.83,423.0,5.325247309052539,5.26,0.0582,0.0,3436.0,0.379,0.408,0.018037890695115123,M,-0.7126929831535633,2
K2-317 b,k2,NON_HABITABLE,2.93,432.0,5.797427733581782,6.22,0.0542,0.0,3387.0,0.379,0.403,0.017030755607279183,M,-0.7375314637712116,2
K2-318 b,k2,NON_HABITABLE,1.66,456.0,7.274952906526801,7.01,0.0911,0.0,3851.0,0.552,0.561,0.06037636191137629,K,-0.7989547396887046,2
K2-319 b,k2,NON_HABITABLE,2.79,641.0,27.68500331494212,26.68,0.1516,0.0,5440.0,0.898,0.954,0.6362722497858562,G,-1.048002034088407,2
K2-32 b,k2,NON_HABITABLE,5.299,837.0,81.38219895366652,8.992,0.0795,0.03,5271.0,0.86,0.83,0.5143558429369108,G,-1.1571650905901976,1
K2-32 c,k2,NON_HABITABLE,3.134,634.0,26.841281072586952,20.66093,0.13843,0.049,5271.0,0.86,0.83,0.5143558429369108,G,-1.0439169879114811,1
K2-32 d,k2,NON_HABITABLE,3.484,550.0,15.156192816833876,31.71701,0.18422,0.05,5271.0,0.86,0.83,0.5143558429369108,G,-0.9559205409123567,1
K2-32 e,k2,NON_HABITABLE,1.212,1066.0,214.31313968450135,4.34934,0.04899,0.043,5271.0,0.86,0.83,0.5143558429369108,G,-1.21579735959966,1
K2-320 b,k2,NON_HABITABLE,2.62,698.0,39.944671925907606,1.995,0.0142,0.0,3157.0,0.3,0.117,0.008054443647140011,M,-1.0918728807879439,2
K2-321 b,k2,NON_HABITABLE,2.05124347,830.0,78.25695180278339,2.2979749,0.02839,0.44,3750.0,0.595,0.578,0.06307448492312416,K,-1.1541442999083942,1
K2-322 b,k2,NON_HABITABLE,1.92,635.0,27.21045004875506,8.205,0.0594,0.0,4141.0,0.602,0.63,0.09600826353402542,K,-1.045727764112353,2
K2-323 b,k2,HABITABILITY_ZONE,2.1,318.0,3.164569719195816,24.93,0.1275,0.0,3710.0,0.549,0.478,0.05144403649767698,K,-0.5351801474503781,2
K2-324 b,k2,NON_HABITABLE,2.43,707.0,41.559737694184314,3.262,0.0331,0.0,3752.0,0.505,0.517,0.045533264215125276,K,-1.0961521192186294,2
K2-325 b,k2,NON_HABITABLE,2.2,423.0,5.3198331189145165,6.93,0.0419,0.0,3287.0,0.298,0.274,0.009339552221897513,M,-0.7123891385808467,2
K2-326 b,k2,NON_HABITABLE,2.28,1114.0,257.903479286444,1.256,0.0198,0.0,3924.0,0.688,0.507,0.10110848001945752,K,-1.2241215503679674,2
K2-329 b,k2,NON_HABITABLE,8.675766,650.0,45.7,12.4551225,0.1016,0.0697,5282.0,0.822,0.901,0.47384023266249914,G,-1.106518490100331,0
K2-33 b,k2,NON_HABITABLE,5.04,718.093278379874,62.887267486581806,5.424865,0.04980372380122701,0.0,3540.0,1.05,0.56,0.15598626402597038,M,-1.1361452943548134,4
K2-330 b,k2,NON_HABITABLE,2.77,969.0,210.59929536497816,13.774798,0.12049389593173424,0.0,6232.0,1.5,1.23,3.057644617863553,F,-1.2149708715094123,3
K2-331 b,k2,NON_HABITABLE,1.79,909.0,161.40777674491693,9.398977,0.0899755416729195,0.0,5994.0,1.06,1.1,1.306692490634082,G,-1.201459768676864,3
K2-331 c,k2,NON_HABITABLE,2.72,673.0,48.95690521593944,22.996591,0.1633727876321771,0.0,5994.0,1.06,1.1,1.306692490634082,G,-1.11296463303467,3
K2-332 b,k2,HABITABILITY_ZONE,2.2,266.0,1.1551851984702273,17.70632,0.08593036255994214,0.0,3315.0,0.28,0.27,0.008529918937727338,M,-0.02761124086626035,3
K2-333 b,k2,NON_HABITABLE,6.18,826.0,111.19524808791964,14.759287,0.12006563550384172,0.0,5880.0,1.22,1.06,1.6029636569692582,G,-1.1792410761744287,3
K2-334 b,k2,NON_HABITABLE,5.65,1380.0,862.9864725463185,5.113981,0.06436141147751068,0.0,6502.0,1.49,1.36,3.5748276450004632,F,-1.2630270096102796,3
K2-335 b,k2,NON_HABITABLE,2.21,949.0,191.6692138723782,12.283211,0.11163048943296988,0.0,6222.0,1.33,1.23,2.388460257779928,F,-1.2103913354838096,3
K2-336 b,k2,NON_HABITABLE,1.22,569.0,24.56428569543369,21.194733,0.14253602198068438,0.0,5424.0,0.8,0.86,0.4990607417311834,G,-1.0318604863097225,3
K2-337 b,k2,NON_HABITABLE,2.62,850.0,122.882642450735,16.273563,0.12311309077769036,0.0,5869.0,1.32,0.94,1.8625117050731272,G,-1.185611904641475,3
K2-338 b,k2,NON_HABITABLE,1.03,783.0,88.0759739596881,3.850614,0.041860828457735866,0.0,4558.0,0.63,0.66,0.15433807977648714,K,-1.1630853740792602,3
K2-339 b,k2,NON_HABITABLE,1.92,508.0,15.795422724425501,19.507428,0.1282774836266337,0.0,4857.0,0.72,0.74,0.2599154627422635,K,-0.9631580518100978,3
K2-34 b,k2,NON_HABITABLE,13.75,1687.0,1345.873743336968,2.9956348,0.0442,0.0,6168.0,1.42,1.16,2.6293527799328347,F,-1.2723748452588877,2
K2-340 b,k2,NON_HABITABLE,3.36,606.0,32.041675414499935,29.740451,0.18337179370497644,0.0,5532.0,1.13,0.93,1.0774082160119536,G,-1.0664603278256415,3
K2-341 b,k2,NON_HABITABLE,3.21,598.0,30.279795470561258,36.552551,0.21410509554815402,0.0,5817.0,1.16,0.98,1.3880558601012836,G,-1.0594767476528189,3
K2-342 b,k2,NON_HABITABLE,2.03,861.0,130.4399961327077,11.561052,0.10039495234597068,0.0,5920.0,1.09,1.01,1.3147238248133406,G,-1.18926736225735,3
K2-343 b,k2,NON_HABITABLE,1.65,653.0,42.750698017677905,2.787174,0.030557273288108807,0.0,3804.0,0.46,0.49,0.03991833391875653,K,-1.0991510800277093,3
K2-343 c,k2,NON_HABITABLE,2.02,465.0,11.072407071748644,7.676972,0.06004338684532463,0.0,3804.0,0.46,0.49,0.03991833391875653,K,-0.8957479354070554,3
K2-344 b,k2,NON_HABITABLE,1.59,722.0,64.4573005272104,3.35585,0.03504813685061405,0.0,4374.0,0.49,0.51,0.07917753650473079,K,-1.1382750057163302,3
K2-345 b,k2,NON_HABITABLE,2.11,437.0,8.445824253999383,10.367437,0.0766978981468117,0.0,3779.0,0.52,0.56,0.04968313194412591,K,-0.8356955863269285,3
K2-346 b,k2,NON_HABITABLE,2.26,450.0,9.88701822950394,26.201446,0.15401965266333253,0.0,4801.0,0.7,0.71,0.23454037447166376,K,-0.8716209730475412,3
K2-347 b,k2,NON_HABITABLE,2.41,640.0,39.72246800823761,7.187257,0.06345949500785984,0.0,4599.0,0.63,0.66,0.15996664909874098,K,-1.0912637980177455,3
K2-348 b,k2,NON_HABITABLE,3.26,908.0,162.92748502807765,4.688418,0.05152089879741991,0.0,5077.0,0.85,0.83,0.4324752071417689,K,-1.2019668951339861,3
K2-348 c,k2,NON_HABITABLE,2.67,655.0,43.83590013918999,12.550171,0.09932661683733784,0.0,5077.0,0.85,0.83,0.4324752071417689,K,-1.1017766197212295,3
K2-349 b,k2,NON_HABITABLE,1.38,518.0,16.740422078953628,9.032178,0.06911931551935972,0.0,4385.0,0.49,0.54,0.0799770279551224,K,-0.9730882698664716,3
K2-35 b,k2,NON_HABITABLE,1.32,971.8758583213522,211.0,2.399964,0.031,0.13,4402.71,0.619575,0.701968,0.12994596592094762,K,-1.1914192838017272,1
K2-35 c,k2,NON_HABITABLE,1.93,732.2635363116046,68.0,5.608352,0.055,0.12,4402.71,0.619575,0.701968,0.12994596592094762,K,-1.099658698871515,1
K2-350 b,k2,NON_HABITABLE,1.54,1158.0,432.32983091203744,4.163873,0.05031299749861033,0.0,5789.0,1.04,0.98,1.0943987470893382,G,-1.2436578430043235,3
K2-350 c,k2,NON_HABITABLE,2.74,687.0,53.37507120267811,19.991944,0.1431919356615214,0.0,5789.0,1.04,0.98,1.0943987470893382,G,-1.121293247035328,3
K2-351 b,k2,NON_HABITABLE,2.54,934.0,183.06785279345797,7.806164,0.07752319947840655,0.0,5769.0,1.05,1.02,1.1002096865688789,G,-1.2080794752797432,3
K2-352 b,k2,NON_HABITABLE,1.37,1160.0,428.10442376633887,3.665912,0.0462171576091464,0.0,5791.0,0.95,0.98,0.9144420332407439,G,-1.2433315258529831,3
K2-352 c,k2,NON_HABITABLE,1.92,885.0,145.51766302563556,8.234885,0.07927207651317993,0.0,5791.0,0.95,0.98,0.9144420332407439,G,-1.1956901452816704,3
K2-352 d,k2,NON_HABITABLE,2.23,727.0,66.16938969605636,14.871387,0.11755727914684151,0.0,5791.0,0.95,0.98,0.9144420332407439,G,-1.140510463425076,3
K2-354 b,k2,NON_HABITABLE,1.56,543.0,21.260367267444057,3.793306,0.03592867936651253,0.0,3669.0,0.41,0.43,0.027444370316246438,M,-1.0110330239868643,3
K2-355 b,k2,NON_HABITABLE,2.25,1066.0,214.56084127859953,5.7385647,0.0632,0.0,5790.0,0.92,0.96,0.8570074946686335,G,-1.215851719127222,2
K2-356 b,k2,NON_HABITABLE,2.29,624.0,25.049069153443476,21.0267366,0.1599,0.0,5568.0,0.86,0.9,0.6404548506059342,G,-1.0345645514343087,2
K2-357 b,k2,NON_HABITABLE,3.72,735.0,48.29171949166789,16.3488637,0.145,0.0,5794.0,1.0,0.98,1.0153334023123173,G,-1.1116126484252729,2
K2-358 b,k2,NON_HABITABLE,2.68,888.0,102.08212330991297,11.2510285,0.0863,0.0,5650.0,0.91,0.93,0.7602760089540057,G,-1.1735317154509628,2
K2-36 b,k2,NON_HABITABLE,1.43,1328.0,519.0,1.422614,0.02288,0.093,4916.0,0.718,0.79,0.2712633342801626,K,-1.2493971847152734,0
K2-36 c,k2,NON_HABITABLE,3.2,854.0,89.0,5.340888,0.05528,0.089,4916.0,0.718,0.79,0.2712633342801626,K,-1.1636587017725077,0
K2-365 b,k2,NON_HABITABLE,2.906,649.7733320004272,42.15866116412889,23.448172,0.15024929956908661,0.0,5561.0,1.051,0.823,0.9517255371837369,G,-1.0976761550723355,4
K2-366 b,k2,NON_HABITABLE,2.359,703.6584312934249,57.98115487224621,15.937039,0.11624195979469201,0.0,5601.0,0.94,0.825,0.7834525675734194,G,-1.1289415693558047,4
K2-367 b,k2,NON_HABITABLE,2.413,414.5855754876259,6.98708504489599,20.645099,0.13417092955212553,0.0,4348.0,0.625,0.756,0.12578037542425954,K,-0.7885346193493007,4
K2-368 b,k2,NON_HABITABLE,1.332,735.044658380403,69.03895065963896,5.025598,0.05207684000099433,0.0,4663.0,0.663,0.746,0.18723344533214314,K,-1.1440690197996883,4
K2-368 c,k2,NON_HABITABLE,1.361,591.1728470923503,28.88665084213441,9.660186,0.08050875643511998,0.0,4663.0,0.663,0.746,0.18723344533214314,K,-1.053508115196394,4
K2-368 d,k2,NON_HABITABLE,1.948,462.29380741370863,10.802184285208236,20.201085,0.13165456529529468,0.0,4663.0,0.663,0.746,0.18723344533214314,K,-0.8905992684510086,4
K2-369 b,k2,NON_HABITABLE,1.313,988.9413977005277,226.2150560958899,5.761612,0.05676295145237674,0.0,5682.0,0.881,0.735,0.7288722983783525,G,-1.218307487548846,4
K2-37 b,k2,NON_HABITABLE,1.39,949.0,193.0,4.4434,0.04990873390612065,0.0,5352.0,0.809,0.84,0.48378920393774394,G,-1.2110482669852514,2
K2-37 c,k2,NON_HABITABLE,2.41,839.0,118.0,6.42966,0.06384961520978381,0.0,5352.0,0.809,0.84,0.48378920393774394,G,-1.1834241454746457,2
K2-37 d,k2,NON_HABITABLE,2.31,646.0,41.3,14.09229,0.10773429982208892,0.0,5352.0,0.809,0.84,0.48378920393774394,G,-1.0964658080654908,2
K2-370 b,k2,NON_HABITABLE,3.207,1301.766220024264,679.1587010763377,2.14084,0.032334118342428865,0.0,5377.0,0.971,0.984,0.7100571681138816,G,-1.257057375438543,4
K2-371 b,k2,NON_HABITABLE,13.024,920.1950401424072,169.57383052160517,3.114905,0.04114889941226985,0.0,4925.0,0.736,0.958,0.28712782311762874,K,-1.2041040828320562,4
K2-372 b,k2,NON_HABITABLE,2.945,796.9635484909145,95.40982749848114,9.844077,0.08505195911735386,0.0,5479.0,0.922,0.847,0.6901790210312261,G,-1.1688424748596096,4
K2-373 b,k2,NON_HABITABLE,2.061,1036.1586583966862,272.6115926055567,11.02066,0.10177656116398488,0.0,6138.0,1.486,1.158,2.823838568123429,F,-1.2264688061450482,4
K2-374 b,k2,NON_HABITABLE,1.593,1109.3183962560895,358.1493264571745,4.521953,0.048209171944776856,0.0,5789.0,0.907,0.731,0.8323835381788989,G,-1.2371160636374512,4
K2-374 c,k2,NON_HABITABLE,2.213,721.5168950691568,64.09516919296874,16.43445,0.11395912138485921,0.0,5789.0,0.907,0.731,0.8323835381788989,G,-1.137790734170539,4
K2-375 b,k2,NON_HABITABLE,2.243,920.1651567268092,169.55180389382437,14.453895,0.1205608985321466,0.0,5822.0,1.543,1.119,2.4644236441855822,G,-1.2040972082165156,4
K2-376 b,k2,NON_HABITABLE,1.736,1138.2449234281348,396.9923759185426,5.776475,0.06101131681165671,0.0,5937.0,1.149,0.908,1.4777567895653858,G,-1.2407705895999002,4
K2-377 b,k2,NON_HABITABLE,1.693,486.67714609691023,13.267927474585203,12.832235,0.10044363908686949,0.0,4200.0,0.691,0.821,0.13385912032737654,K,-0.9315663217307208,4
K2-378 b,k2,NON_HABITABLE,2.88,1037.8388763630176,274.3841483391663,2.060438,0.030854140381455605,0.0,4823.0,0.732,0.923,0.2612076669173603,K,-1.2267388710572729,4
K2-379 b,k2,NON_HABITABLE,2.181,626.719405403666,36.48646989512003,8.777247,0.07906846696595754,0.0,4603.0,0.751,0.856,0.22810693228096757,K,-1.081772392000857,4
K2-38 b,k2,NON_HABITABLE,1.655,1310.0,490.0,4.01593,0.0503,0.11,5705.0,1.141,1.054,1.2424776754338145,G,-1.2477491534031149,0
K2-38 c,k2,NON_HABITABLE,2.49,949.0,135.3,10.56103,0.0959,0.086,5705.0,1.141,1.054,1.2424776754338145,G,-1.1913663224177031,0
K2-380 b,k2,NON_HABITABLE,2.729,1017.3510269657113,253.35098058214874,9.401312,0.08697249126093953,0.0,5911.0,1.32,0.993,1.9164010940580496,G,-1.2233539113874514,4
K2-381 b,k2,NON_HABITABLE,1.075,609.7878595398106,32.70049845650086,7.9389334,0.0708878391307232,0.0,4473.0,0.675,0.754,0.16432280837423446,K,-1.0689255570236023,4
K2-381 c,k2,NON_HABITABLE,2.0,482.4062702700825,12.808287123678106,16.034656,0.11326699977266719,0.0,4473.0,0.675,0.754,0.16432280837423446,K,-0.9248369114660768,4
K2-381 d,k2,NON_HABITABLE,1.689,406.4791123199996,6.4564265119267725,26.803023,0.15953383977898541,0.0,4473.0,0.675,0.754,0.16432280837423446,K,-0.7675302019948406,4
K2-382 b,k2,NON_HABITABLE,2.072,563.4656360729667,23.84015189952175,21.700156,0.148192216769763,0.0,5452.0,0.811,0.922,0.5235519812247291,G,-1.0276687579221093,4
K2-383 b,k2,NON_HABITABLE,1.564,1168.1120228421105,440.32896460489854,1.865962,0.03025381695881623,0.0,5129.0,0.804,1.061,0.40303021299917074,K,-1.2442626828414751,4
K2-384 b,k2,NON_HABITABLE,1.076,621.3202623423983,35.245310917067826,2.231527,0.023094714305167817,0.0,3623.0,0.348,0.33,0.01879864446991103,M,-1.077789646098936,4
K2-384 c,k2,NON_HABITABLE,1.191,503.4391504006156,15.192429216108886,4.194766,0.035176259492805895,0.0,3623.0,0.348,0.33,0.01879864446991103,M,-0.9563429938050703,4
K2-384 d,k2,NON_HABITABLE,1.392,431.1216211498,8.170309209738365,6.679582,0.04796716163674663,0.0,3623.0,0.348,0.33,0.01879864446991103,M,-0.8277657115887609,4
K2-384 e,k2,NON_HABITABLE,1.345,380.51167793847,4.958053830353113,9.715043,0.06157545764912129,0.0,3623.0,0.348,0.33,0.01879864446991103,M,-0.690971785939424,4
K2-384 f,k2,HABITABILITY_ZONE,2.222,339.92069672272277,3.1575461819599497,13.62749,0.07715932355004237,0.0,3623.0,0.348,0.33,0.01879864446991103,M,-0.5343189477412167,4
K2-385 b,k2,NON_HABITABLE,1.539,1012.0812867222996,248.14233109539833,2.380867,0.03402435115827632,0.0,4844.0,0.761,0.927,0.28726357550565934,K,-1.2224498497779546,4
K2-386 b,k2,NON_HABITABLE,2.32,928.8945153215845,176.07790918608572,7.473223,0.07251891043938972,0.0,5749.0,0.97,0.911,0.9259923811669365,G,-1.2060772556261987,4
K2-387 b,k2,HABITABILITY_ZONE,7.322,309.3490540286371,2.16588028187693,28.735327,0.15223303223910248,0.0,3572.0,0.585,0.57,0.05019405050774135,M,-0.3734405111829515,4
K2-388 b,k2,NON_HABITABLE,3.9,874.0,138.0,6.33932,0.06543286699947456,0.0,5310.0,0.91,0.93,0.5931377689587526,G,-1.192846716753451,2
K2-389 b,k2,NON_HABITABLE,2.33,932.0,179.0,8.58289,0.0817662247268452,0.0,5773.0,1.094,0.99,1.1976656237449699,G,-1.206968210050832,2
K2-389 c,k2,NON_HABITABLE,2.04,716.5771644085836,62.357850257626886,20.851337,0.13774861618185652,0.0,5782.0,1.084,0.802,1.1832203326983033,G,-1.1354090820992355,4
K2-39 b,k2,NON_HABITABLE,6.27704,1711.1322662676107,2027.5594693643945,4.60543,0.04716660520385823,0.0,4881.0,2.97,0.66,4.51068853151059,K,-1.2793350499377978,4
K2-390 b,k2,NON_HABITABLE,4.662,1203.8530620789006,496.7446578639518,3.312792,0.040187867694485395,0.0,5558.0,0.966,0.789,0.8022747667123791,G,-1.2481047611308136,4
K2-391 b,k2,NON_HABITABLE,1.371,828.1021605541962,111.2179662442645,4.622654,0.04949554024226477,0.0,5543.0,0.566,0.757,0.27246271948873185,G,-1.1792544259368616,4
K2-392 b,k2,NON_HABITABLE,1.85,769.5033984574438,82.92422991273384,15.398723,0.11433915720201333,0.0,5726.0,1.058,0.841,1.0841051822752337,G,-1.1585922631844559,4
K2-393 b,k2,NON_HABITABLE,2.352,867.914477207453,134.19829832817896,10.413181,0.08946519192164978,0.0,5678.0,1.071,0.881,1.0741259396842666,G,-1.1909691631398351,4
K2-394 b,k2,NON_HABITABLE,1.692,814.0853669576834,103.87692189797433,5.095717,0.04531263831361343,0.0,4938.0,0.631,0.478,0.21328375156748292,K,-1.1747153192709323,4
K2-395 b,k2,NON_HABITABLE,2.597,836.0805285806342,115.56643476384221,4.803352,0.054808566360372235,0.0,5007.0,0.783,0.952,0.3471591369502586,K,-1.1817367455859256,4
K2-395 c,k2,NON_HABITABLE,3.395,691.4675849931864,54.06629149477334,8.491282,0.08013108241209146,0.0,5007.0,0.783,0.952,0.3471591369502586,K,-1.122503042027161,4
K2-396 b,k2,NON_HABITABLE,1.579,1823.290068843206,2613.739758121228,0.673862,0.014808234603627023,0.0,5236.0,0.92,0.954,0.5731508179355735,G,-1.2829849076484487,4
K2-396 c,k2,NON_HABITABLE,3.124,541.2458794335381,20.29633817470683,25.76051,0.16804500697208585,0.0,5236.0,0.92,0.954,0.5731508179355735,G,-1.004016598564116,4
K2-397 b,k2,NON_HABITABLE,2.417,1105.704757760456,353.50535059704,3.572326,0.04475282311703829,0.0,5387.0,0.966,0.937,0.7080058813069855,G,-1.2366392607455545,4
K2-398 b,k2,NON_HABITABLE,2.274,1136.8340037732444,395.027653790079,6.393025,0.06615378867602505,0.0,5946.0,1.239,0.945,1.7287689056343825,G,-1.2405987829814422,4
K2-398 c,k2,NON_HABITABLE,5.098,793.6705145119172,93.84264998529696,18.787839,0.13572765310940973,0.0,5946.0,1.239,0.945,1.7287689056343825,G,-1.1676691567463968,4
K2-4 b,k2,NON_HABITABLE,2.1,506.782173763048,15.6,10.003417,0.078,0.08,4014.73,0.569359,0.635026,0.07587390972368123,K,-0.9196648041508703,1
K2-400 b,k2,NON_HABITABLE,1.163,524.2666102073906,17.86685341163588,3.865053,0.03472700690488277,0.0,3578.0,0.382,0.374,0.021546800027714124,M,-0.9838797905895834,4
K2-401 b,k2,NON_HABITABLE,2.262,605.9626855817522,31.887671325682422,6.293099,0.0636828723748665,0.0,4213.0,0.675,0.87,0.12932071362163358,K,-1.0658730754841823,4
K2-402 b,k2,NON_HABITABLE,2.678,797.6431359214353,95.73567578378804,17.27474,0.12829356145864218,0.0,5716.0,1.28,0.944,1.5757362643668027,G,-1.1690828067655294,4
K2-403 b,k2,NON_HABITABLE,5.333,528.7316201420326,18.483338313122843,33.589979,0.18786751581713287,0.0,5511.0,0.886,0.784,0.6523547037697784,G,-0.9893635930100896,4
K2-404 b,k2,NON_HABITABLE,2.53,411.7147382739643,6.795555028820252,13.115365,0.08928389550233365,0.0,3748.0,0.552,0.552,0.05417154157881851,K,-0.7812378272087068,4
K2-405 b,k2,NON_HABITABLE,4.569,896.8951880636445,153.04038663614352,3.435471,0.04505789387145895,0.0,4927.0,0.765,1.034,0.31070470492618313,K,-1.198533595564071,4
K2-406 b,k2,NON_HABITABLE,4.602,658.0947008168437,44.360134394073924,22.549406,0.1448874886400736,0.0,5784.0,0.961,0.798,0.9312249916580579,G,-1.1030103002993337,4
K2-407 b,k2,NON_HABITABLE,1.283,1014.219646552377,250.24612109843872,4.941907,0.054432907428790034,0.0,5563.0,0.927,0.881,0.7414645951825284,G,-1.2228183999322508,4
K2-407 c,k2,NON_HABITABLE,1.36,823.7247704285593,108.88493146070158,9.22453,0.0825203987999903,0.0,5563.0,0.927,0.881,0.7414645951825284,G,-1.1778617361129124,4
K2-408 b,k2,NON_HABITABLE,1.677,559.877892278218,23.23873878040533,20.978959,0.1389395820951156,0.0,5335.0,0.784,0.813,0.4486054348223429,G,-1.0240394886223714,4
K2-409 b,k2,NON_HABITABLE,2.482,1653.1091162394007,1766.2222914173526,1.908084,0.02891674581419447,0.0,5742.0,1.228,0.886,1.4768765560951842,G,-1.2771486734848498,4
K2-411 b,k2,NON_HABITABLE,0.9898,1271.9484421694349,619.038,3.2141,0.0511,0.0,5711.0,1.375,1.018,1.8119605888862491,G,-1.2576227554172867,2
K2-412 b,k2,NON_HABITABLE,2.116,1007.3327354149974,243.518,5.9382,0.0586,0.0,5590.0,0.977,0.893,0.8397133722747685,G,-1.2218063422530276,2
K2-413 b,k2,NON_HABITABLE,0.7599,1405.0573656091522,921.755,0.8094,0.0117,0.0,4116.0,0.7,0.808,0.12670456280487521,K,-1.2646415092022492,2
K2-413 c,k2,NON_HABITABLE,1.2327,736.3455663895231,69.529,5.3301,0.0426,0.0,4116.0,0.7,0.808,0.12670456280487521,K,-1.1449981261978925,2
K2-414 b,k2,NON_HABITABLE,1.219,743.0936861197015,72.113,4.3696,0.0487,0.0,4343.0,0.732,0.814,0.1717418709904707,K,-1.1479798556969336,2
K2-414 c,k2,NON_HABITABLE,1.9287,697.9735111475713,56.13,6.669,0.0552,0.0,4343.0,0.732,0.814,0.1717418709904707,K,-1.126362548503414,2
K2-415 b,k2,NON_HABITABLE,1.015,412.4,4.82,4.0179694,0.027,0.0,3173.0,0.1965,0.1635,0.003526144521073496,M,-0.6832717306795182,1
K2-416 b,k2,NON_HABITABLE,2.66,447.0,7.03104678275781,13.102,0.088,0.0,3746.0,0.554,0.548,0.05444842628567647,K,-0.7901672338231764,2
K2-417 b,k2,NON_HABITABLE,3.31,558.0,16.829343973552078,6.535,0.063,0.0,3861.0,0.5776,0.569,0.0667956662310282,K,-0.9739793760763518,2
K2-419 A b,k2,HABITABILITY_ZONE,10.55,377.0,3.3,20.35847252,0.1208,0.042,3711.0,0.541,0.562,0.05000956281185833,K,-0.5654398829288424,0
K2-42 b,k2,NON_HABITABLE,2.15,657.1277807170708,44.1,6.68796,0.0617,0.0,4613.0,0.643,0.702,0.16867490514325348,K,-1.1028881167406956,2
K2-43 b,k2,NON_HABITABLE,4.51,939.3,41.56120645914745,3.471149,0.037222087341905775,0.0,3840.6,0.542,0.571,0.057582377679423855,K,-1.0961558969226892,3
K2-43 c,k2,NON_HABITABLE,2.42,1093.7,76.39226650773836,2.198884,0.027454914725153906,0.0,3840.6,0.542,0.571,0.057582377679423855,K,-1.1522542871000716,3
K2-44 b,k2,NON_HABITABLE,2.433,1340.2974819910855,763.2100578218033,5.657,0.06,0.0,5912.0,1.58,1.15,2.7475562081584917,G,-1.2600544311242214,3
K2-45 b,k2,NON_HABITABLE,6.71,806.3808033429368,100.0,1.7292684,0.0224,0.0,4103.0,0.445,0.503,0.05056159902095199,K,-1.1726454549488683,2
K2-46 b,k2,NON_HABITABLE,2.05,842.222657765859,119.0,19.1541,0.13821,0.0,6256.0,1.29,0.96,2.296471664324984,F,-1.184243379563827,2
K2-47 b,k2,NON_HABITABLE,1.89,461.1966296228959,10.7,31.6372,0.1779,0.0,5054.0,0.76,0.75,0.33951803227357774,K,-0.889148094434435,2
K2-48 b,k2,NON_HABITABLE,2.24,504.3279506818766,15.3,20.5065,0.1344,0.0,4899.0,0.73,0.77,0.27654778756496223,K,-0.957701884747215,2
K2-49 b,k2,NON_HABITABLE,1.93,706.7294406313891,59.0,2.77065,0.0309,0.0,4175.0,0.45,0.51,0.055430099368322515,K,-1.1290544453809757,2
K2-5 b,k2,NON_HABITABLE,1.91,565.0,24.1,5.73594,0.0532,0.0,3930.0,0.57,0.61,0.06982559147066843,K,-1.0324640324562444,1
K2-5 c,k2,NON_HABITABLE,2.26,456.0,10.2,10.93241,0.0818,0.0,3930.0,0.57,0.61,0.06982559147066843,K,-0.8832928082060364,1
K2-50 b,k2,NON_HABITABLE,1.59,530.9818089819723,18.8,8.7529,0.0705,0.0,4326.0,0.546,0.611,0.09406456601533772,K,-0.9931307903756837,2
K2-52 b,k2,NON_HABITABLE,18.0,2004.0,3873.3203599130065,3.535055,0.054,0.0,7147.0,2.192,1.691,11.294602169506327,F,-1.2877979168851779,2
K2-53 b,k2,NON_HABITABLE,2.6,665.0,46.87303863860932,12.20772,0.098,0.0,5263.0,0.807,0.851,0.45016866308520403,G,-1.10863363716603,2
K2-54 b,k2,NON_HABITABLE,2.6116925,560.0,16.30192629928568,9.7833,0.0761,0.24,3990.0,0.643,0.615,0.09440787860368621,K,-0.9685879001233167,1
K2-55 b,k2,NON_HABITABLE,4.43,900.0,141.3,2.849271,0.0347236338630652,0.0,4300.0,0.715,0.688,0.15746375952852598,K,-1.189339516922344,2
K2-57 b,k2,NON_HABITABLE,2.30905002,635.8,27.20443929976533,9.0073,0.0752,0.25,4413.0,0.671,0.699,0.15384219241774494,K,-1.0456985768541467,1
K2-58 b,k2,NON_HABITABLE,2.68,840.4476791807411,118.0,7.05254,0.0692,0.0,5413.0,0.86,0.89,0.5720628180558761,G,-1.1838446851429871,2
K2-58 c,k2,NON_HABITABLE,1.62,1182.226457386574,462.0,2.53726,0.035,0.0,5413.0,0.86,0.89,0.5720628180558761,G,-1.2461651347588978,2
K2-58 d,k2,NON_HABITABLE,1.71,567.9027310431292,24.6,22.8827,0.1517,0.0,5413.0,0.86,0.89,0.5720628180558761,G,-1.0335102672098697,2
K2-59 b,k2,NON_HABITABLE,2.41,518.5482918990285,17.1,20.6921,0.1354,0.0,5055.0,0.731,0.774,0.3143504627020361,K,-0.9771015091836904,2
K2-59 c,k2,NON_HABITABLE,2.3,634.365964645313,38.3,11.2954,0.0905,0.0,5055.0,0.731,0.774,0.3143504627020361,K,-1.0874752142836286,2
K2-6 b,k2,NON_HABITABLE,2.5,615.0,26.99406097448269,30.94191,0.1898,0.0,5850.0,0.96,0.97,0.9724351323072034,G,-1.0446708788583337,2
K2-60 b,k2,NON_HABITABLE,7.655747,1400.0,510.68897956592645,3.00265,0.045,0.0,5500.0,1.12,0.97,1.034145183621001,G,-1.248954853387057,2
K2-61 b,k2,NON_HABITABLE,1.92,1325.0,730.0,2.57336,0.03638011987167325,0.0,5748.0,0.995,0.97,0.9736613025921271,G,-1.2591290076060435,2
K2-62 b,k2,NON_HABITABLE,2.02,666.0,46.7,6.67199,0.06069250213951223,0.0,4455.0,0.696,0.67,0.1719111410869936,K,-1.1081953145352648,2
K2-62 c,k2,NON_HABITABLE,1.99,495.0,14.3,16.19697,0.10962778423359003,0.0,4455.0,0.696,0.67,0.1719111410869936,K,-0.9455294532060056,2
K2-63 b,k2,NON_HABITABLE,3.22,944.2340180178619,188.0,20.257,0.1627,0.0,6771.0,1.63,1.4,5.031311129153939,F,-1.2099725425739811,2
K2-63 c,k2,NON_HABITABLE,3.9,875.5760638681927,139.0,25.4556,0.189,0.0,6771.0,1.63,1.4,5.031311129153939,F,-1.1938125374632058,2
K2-64 b,k2,NON_HABITABLE,2.07,802.318302329676,98.0,6.53044,0.0619,0.0,5312.0,0.726,0.741,0.3780943757365003,G,-1.1711985222988068,2
K2-65 b,k2,NON_HABITABLE,1.58,660.4551163483945,45.0,12.6475,0.1014,0.0,5213.0,0.84,0.87,0.46946604020004734,G,-1.1059752980317368,2
K2-66 b,k2,NON_HABITABLE,2.49,1372.0,840.0,5.06963,0.05983,0.0,5887.0,1.67,1.11,3.0178927091390615,G,-1.262476192004489,1
K2-68 b,k2,NON_HABITABLE,1.58,645.262081280987,41.0,8.05428,0.0708,0.0,4746.0,0.675,0.73,0.2082635138067246,K,-1.0961210738375797,2
K2-69 b,k2,NON_HABITABLE,2.32,524.5095960952353,17.9,7.06599,0.0591,0.0,4127.0,0.491,0.551,0.0630079819535959,K,-0.9854423810254933,2
K2-7 b,k2,NON_HABITABLE,4.03523305,786.0,64.11945271392663,28.6781,0.1867,0.24,5700.0,1.533,1.056,2.2350047101095423,G,-1.1378233363521966,1
K2-70 b,k2,NON_HABITABLE,2.89,715.5468971406542,62.0,13.97896,0.1112,0.0,5622.0,0.93,0.94,0.7784379002312756,G,-1.1362356472894124,2
K2-71 b,k2,NON_HABITABLE,2.15,487.88378007112436,13.4,6.98541,0.0559,0.0,4006.0,0.426,0.477,0.04210732848783641,K,-0.9344871589824267,2
K2-72 b,k2,NON_HABITABLE,1.08,435.4065037194068,8.5,5.577212,0.04,0.11,3360.47,0.330989,0.271365,0.0125869910259147,M,-0.8185544494292634,1
K2-72 c,k2,HABITABILITY_ZONE,1.16,310.5602378358812,2.2,15.189034,0.078,0.11,3360.47,0.330989,0.271365,0.0125869910259147,M,-0.3517349723506412,1
K2-72 d,k2,NON_HABITABLE,1.01,388.7215523382803,5.4,7.760178,0.05,0.11,3360.47,0.330989,0.271365,0.0125869910259147,M,-0.6957072186190996,1
K2-72 e,k2,POTENTIALLY_HABITABLE,1.29,266.89196054498694,1.2,24.158868,0.106,0.11,3360.47,0.330989,0.271365,0.0125869910259147,M,-0.007762726082182894,1
K2-73 b,k2,NON_HABITABLE,2.58,968.0,209.0,7.49556,0.07545290482612851,0.0,5867.0,1.058,1.02,1.1948968014087789,G,-1.214809079171436,2
K2-74 b,k2,NON_HABITABLE,2.31,707.0287121109612,59.1,19.5666,0.1402,0.0,6060.0,0.98,0.96,1.1669099912896264,F,-1.1310658931099011,2
K2-75 b,k2,NON_HABITABLE,2.67,1161.2007143470655,430.0,7.8142,0.081,0.0,5995.0,1.56,1.16,2.83204830573071,G,-1.243605579040007,2
K2-75 c,k2,NON_HABITABLE,2.77,873.9970203574547,138.0,18.311,0.1429,0.0,5995.0,1.56,1.16,2.83204830573071,G,-1.1929104009450502,2
K2-77 b,k2,NON_HABITABLE,2.4996027,806.0,70.65679397511603,8.2000844,0.0753,0.29,5160.0,0.792,0.847,0.40063038095036574,K,-1.1459790464714812,1
K2-79 b,k2,NON_HABITABLE,4.09,1022.0,181.0,10.9947,0.0988,0.23,5897.0,1.265,1.066,1.7434129695331313,G,-1.2068138183756374,0
K2-8 b,k2,NON_HABITABLE,3.58,631.0,37.7,10.35239,0.0856,0.0,4870.0,0.74,0.78,0.27750703331533505,K,-1.0859871675822632,1
K2-8 c,k2,NON_HABITABLE,2.41,801.0,97.8,5.06416,0.0532,0.0,4870.0,0.74,0.78,0.27750703331533505,K,-1.1707556377322632,1
K2-80 b,k2,NON_HABITABLE,2.01,608.850995798937,32.5,19.0918,0.135,0.0,5441.0,0.87,0.9,0.5976516449500907,G,-1.0692655680446854,2
K2-80 c,k2,NON_HABITABLE,1.47,915.3078824664963,166.0,5.605,0.0596,0.0,5441.0,0.87,0.9,0.5976516449500907,G,-1.20368857892426,2
K2-80 d,k2,NON_HABITABLE,2.55211506,515.518722627193,16.7038679766759,28.867253,0.178669880722034,0.0,5377.0,0.841458,0.913111,0.5332363459639385,G,-0.9727198909168653,4
K2-81 b,k2,NON_HABITABLE,1.97,718.1296229316447,62.9,6.102325,0.059,0.06,4674.13,0.634663,0.745273,0.17321448993229105,K,-1.1145606152581136,1
K2-83 b,k2,NON_HABITABLE,1.244,647.2204105655588,41.5,2.74697,0.03014,0.0,3910.0,0.424,0.484,0.037855889310293,K,-1.0964409271669147,2
K2-83 c,k2,NON_HABITABLE,1.483,420.8633974661499,7.42,9.99767,0.07131,0.0,3910.0,0.424,0.484,0.037855889310293,K,-0.8048053703866013,2
K2-84 b,k2,NON_HABITABLE,2.41,931.4191890710729,178.0,6.4215,0.0665,0.0,5652.0,0.93,0.95,0.795186906036647,G,-1.2071622475019386,2
K2-84 c,k2,NON_HABITABLE,2.03,571.9002820442923,25.3,27.86,0.1768,0.0,5652.0,0.93,0.95,0.795186906036647,G,-1.0366846819977567,2
K2-85 b,k2,NON_HABITABLE,1.4,1355.0,800.0,0.68453862616,0.01349701828377671,0.0,4232.0,0.71,0.7,0.1456780246285361,K,-1.2612054351658986,2
K2-86 b,k2,NON_HABITABLE,1.96,757.8161058812145,78.0,8.77683,0.077,0.0,5482.0,0.76,0.79,0.4699785312430258,G,-1.1551408449766842,2
K2-87 b,k2,NON_HABITABLE,7.6,979.0,218.31323353622636,9.726618,0.094,0.0,5747.0,1.401,1.164,1.929015731526096,G,-1.216663852943385,2
K2-88 b,k2,NON_HABITABLE,1.23,426.15131323183215,7.8,4.6122,0.0345,0.0,3537.0,0.256,0.258,0.009240912971610081,M,-0.8153047918698738,2
K2-89 b,k2,NON_HABITABLE,0.615,757.8161058812145,78.0,1.096026,0.01462,0.0,3691.0,0.318,0.347,0.016909280599859463,M,-1.1549863941551617,2
K2-9 b,k2,HABITABILITY_ZONE,2.25,314.0,1.36,18.4498,0.091,0.0,3390.0,0.31,0.3,0.011434492416469266,M,-0.13704798250581585,1
K2-90 b,k2,NON_HABITABLE,2.6,502.0,15.142443363426482,13.733314,0.096,0.0,4484.0,0.619,0.629,0.13955275803733846,K,-0.9557598496733037,2
K2-90 c,k2,NON_HABITABLE,1.3,764.5273399041348,80.8,2.900706,0.035,0.19,4421.98,0.634754,0.704613,0.138794641334477,K,-1.1804617816123177,1
K2-91 b,k2,NON_HABITABLE,1.1,664.0941252207556,46.0,1.419549,0.0164,0.0,3622.0,0.284,0.292,0.012506194374684348,M,-1.1078241620883287,2
K2-95 b,k2,NON_HABITABLE,3.31,474.0,8.457099525420261,10.1346454,0.0525,0.0,3566.0,0.4,0.41,0.02330988056693959,M,-0.8360118328114836,2
K2-97 b,k2,NON_HABITABLE,13.45077684,1566.0,1009.6312289146558,8.407115,0.0854,0.207,4673.0,4.14,1.17,7.363402093471212,K,-1.2665678276488004,1
K2-98 b,k2,NON_HABITABLE,5.06645928,1185.0,327.93045861752495,10.1367349,0.0986,0.119,6260.0,1.518,1.246,3.188126801461232,F,-1.233834471071804,1
K2-99 b,k2,NON_HABITABLE,11.88151954,1184.0,339.5164017395351,18.24783,0.153,0.22,6069.0,2.55,1.44,7.947739448320778,F,-1.2351443449491586,1
Qatar-2 b,k2,NON_HABITABLE,14.056,1344.0,544.8449959068399,1.33711647,0.02153,0.0,4645.0,0.776,0.743,0.2525579397631529,K,-1.2508974587297306,2
TRAPPIST-1 b,k2,NON_HABITABLE,1.116,364.02454122817693,4.153,1.510826,0.01154,0.0,2566.0,0.1192,0.0898,0.0005549755231768158,M,-0.6348012160899453,2
TRAPPIST-1 c,k2,HABITABILITY_ZONE,1.097,311.0531362611112,2.214,2.421937,0.0158,0.0,2566.0,0.1192,0.0898,0.0005549755231768158,M,-0.38557196244777175,2
TRAPPIST-1 d,k2,HABITABILITY_ZONE,0.788,262.0347546727662,1.115,4.049219,0.02227,0.0,2566.0,0.1192,0.0898,0.0005549755231768158,M,-0.007047720413766451,2
TRAPPIST-1 e,k2,HABITABILITY_ZONE,0.92,228.61162460505747,0.646,6.101013,0.02925,0.0,2566.0,0.1192,0.0898,0.0005549755231768158,M,0.4013138266337385,2
TRAPPIST-1 f,k2,HABITABILITY_ZONE,1.045,199.28168579036816,0.373,9.20754,0.03849,0.0,2566.0,0.1192,0.0898,0.0005549755231768158,M,0.941895588054791,2
TRAPPIST-1 g,k2,POTENTIALLY_HABITABLE,1.129,180.67177680873945,0.252,12.352446,0.04683,0.0,2566.0,0.1192,0.0898,0.0005549755231768158,M,1.4298232818049612,2
TRAPPIST-1 h,k2,NON_HABITABLE,0.755,157.08358470029216,0.144,18.772866,0.06189,0.0,2566.0,0.1192,0.0898,0.0005549755231768158,M,2.310901347497716,2
V1298 Tau b,k2,NON_HABITABLE,10.27,677.0,35.0,24.1396,0.1688,0.29,5772.0,1.345,1.101,1.8090249999999999,G,-1.1369711004822094,1
V1298 Tau c,k2,NON_HABITABLE,5.59,968.0,146.0,8.24958,0.0825,0.43,5772.0,1.345,1.101,1.8090249999999999,G,-1.2254041993554279,1
V1298 Tau d,k2,NON_HABITABLE,6.41,845.0,85.0,12.4032,0.1083,0.21,5772.0,1.345,1.101,1.8090249999999999,G,-1.198966494246169,1
V1298 Tau e,k2,NON_HABITABLE,9.97599282,476.4826820339263,12.190675212900624,53.5,0.3001229592397578,0.0,4941.0,1.43,1.26,1.098060327165353,K,-0.915202177202722,4
WASP-118 b,k2,NON_HABITABLE,16.14096,1729.0,1471.3213225396526,4.0460435,0.05453,0.0,6410.0,1.696,1.32,4.375004703187298,F,-1.2740121026450906,2
WASP-55 b,k2,NON_HABITABLE,14.90797,1160.8990383782293,429.5533239954996,4.46563,0.054950207199609864,0.0,5900.0,1.09,1.11,1.2970471171667606,G,-1.243443962934228,4
WASP-75 b,k2,NON_HABITABLE,14.235,1710.0,1408.2916527558461,2.484193,0.0375,0.0,6100.0,1.26,1.14,1.9804101366879086,F,-1.2732168314512784,2
Wolf 503 b,k2,NON_HABITABLE,2.043,789.0,64.7,6.00127,0.05712,0.409,4716.0,0.689,0.688,0.21155745788945357,K,-1.138784127980787,0
